{"type":"FeatureCollection","features":[{"type":"Feature","geometry":{"type":"Polygon","coordinates":[[[-77.19781,39.34038],[-77.19749,39.34052],[-77.19652,39.34095],[-77.1962,39.3411],[-77.1961,39.34114],[-77.19578,39.34129],[-77.19567,39.34133],[-77.19522,39.34154],[-77.19386,39.34217],[-77.19341,39.34238],[-77.19311,39.34249],[-77.19224,39.34282],[-77.19195,39.34293],[-77.19188,39.34296],[-77.19168,39.34303],[-77.19161,39.34306],[-77.19157,39.34308],[-77.19143,39.34315],[-77.19138,39.34317],[-77.19133,39.3432],[-77.19116,39.34328],[-77.19111,39.34331],[-77.18772,39.34501],[-77.18688,39.34538],[-77.18606,39.34575],[-77.18501,39.34622],[-77.18449,39.34645],[-77.18188,39.34767],[-77.18083,39.34816],[-77.17928,39.34885],[-77.17529,39.35061],[-77.17466,39.35095],[-77.17351,39.35149],[-77.17146,39.35249],[-77.17136,39.35262],[-77.1688,39.3535],[-77.16875,39.35354],[-77.16861,39.35367],[-77.16856,39.35372],[-77.16846,39.35377],[-77.16817,39.35391],[-77.16808,39.35396],[-77.16832,39.35409],[-77.16902,39.35448],[-77.16915,39.35455],[-77.16926,39.35462],[-77.16928,39.35463],[-77.16933,39.35468],[-77.16935,39.35469],[-77.16939,39.35474],[-77.16953,39.35489],[-77.16958,39.35494],[-77.16959,39.35496],[-77.16961,39.35498],[-77.1697,39.35507],[-77.16973,39.3551],[-77.16971,39.35513],[-77.16964,39.35523],[-77.16962,39.35526],[-77.1696,39.35528],[-77.16956,39.35534],[-77.16955,39.35536],[-77.16934,39.35563],[-77.16871,39.35645],[-77.1685,39.35672],[-77.16848,39.35676],[-77.1684,39.35685],[-77.16838,39.35689],[-77.16817,39.35716],[-77.16756,39.35798],[-77.16736,39.35826],[-77.1673,39.35833],[-77.16715,39.35854],[-77.1671,39.3586],[-77.16713,39.35869],[-77.16724,39.35898],[-77.16728,39.35906],[-77.16728,39.35908],[-77.1673,39.35913],[-77.16736,39.35926],[-77.16737,39.35931],[-77.16738,39.35933],[-77.1674,39.35948],[-77.16745,39.35974],[-77.16746,39.35976],[-77.16741,39.35992],[-77.16733,39.36014],[-77.1673,39.36022],[-77.1673,39.36028],[-77.16723,39.36058],[-77.16721,39.36068],[-77.16716,39.36089],[-77.16714,39.36097],[-77.16711,39.36106],[-77.16707,39.3612],[-77.16703,39.36135],[-77.16696,39.36161],[-77.16693,39.36173],[-77.16693,39.36174],[-77.16686,39.36199],[-77.16681,39.36218],[-77.16673,39.36244],[-77.16664,39.36273],[-77.16657,39.36298],[-77.16656,39.36301],[-77.16653,39.3631],[-77.16652,39.36313],[-77.16647,39.36327],[-77.16645,39.36337],[-77.16642,39.36349],[-77.16636,39.36363],[-77.16632,39.3637],[-77.16627,39.36379],[-77.16624,39.3638],[-77.16628,39.36386],[-77.16628,39.36401],[-77.16624,39.36413],[-77.16601,39.36496],[-77.16595,39.36513],[-77.16592,39.3652],[-77.1658,39.36544],[-77.16565,39.36561],[-77.16546,39.36592],[-77.16534,39.36619],[-77.16527,39.36634],[-77.16525,39.36639],[-77.16515,39.36663],[-77.16485,39.36735],[-77.16476,39.36759],[-77.16472,39.36767],[-77.16463,39.36784],[-77.16458,39.36792],[-77.16438,39.36814],[-77.16405,39.36842],[-77.16385,39.3686],[-77.16367,39.36874],[-77.16315,39.36916],[-77.16298,39.3693],[-77.1629,39.36937],[-77.16264,39.36959],[-77.16256,39.36967],[-77.16241,39.36979],[-77.16197,39.37018],[-77.16182,39.37031],[-77.1618,39.37033],[-77.16165,39.37046],[-77.16114,39.3709],[-77.16097,39.37104],[-77.16067,39.3713],[-77.16031,39.37161],[-77.16016,39.37174],[-77.15999,39.37189],[-77.15978,39.37207],[-77.15948,39.37233],[-77.1593,39.37249],[-77.15922,39.37256],[-77.15843,39.37323],[-77.15818,39.37345],[-77.15836,39.37357],[-77.15891,39.37391],[-77.15909,39.37403],[-77.15911,39.37404],[-77.15913,39.37406],[-77.15919,39.37409],[-77.15859,39.3748],[-77.15836,39.3751],[-77.15818,39.37535],[-77.158,39.37561],[-77.15792,39.37572],[-77.15762,39.3761],[-77.15729,39.37659],[-77.15712,39.37681],[-77.1569,39.37712],[-77.15685,39.37718],[-77.15684,39.3772],[-77.1564,39.37797],[-77.15632,39.37855],[-77.15612,39.37894],[-77.1559,39.37973],[-77.15581,39.3802],[-77.15582,39.38038],[-77.15583,39.38051],[-77.15591,39.3819],[-77.1562,39.3829],[-77.15605,39.3833],[-77.15582,39.38382],[-77.15514,39.38538],[-77.15491,39.3859],[-77.15485,39.38603],[-77.15468,39.38643],[-77.15467,39.38644],[-77.15462,39.38658],[-77.15451,39.38679],[-77.1542,39.38744],[-77.1541,39.38766],[-77.15403,39.3878],[-77.15392,39.38807],[-77.15388,39.38818],[-77.15386,39.38826],[-77.15384,39.38841],[-77.15384,39.38842],[-77.15383,39.38849],[-77.15382,39.38857],[-77.15381,39.38861],[-77.1538,39.38869],[-77.1538,39.38882],[-77.1538,39.38903],[-77.1538,39.38918],[-77.1538,39.38946],[-77.1538,39.38953],[-77.15381,39.38968],[-77.15385,39.38987],[-77.15389,39.38999],[-77.15398,39.39027],[-77.1541,39.39053],[-77.15415,39.39065],[-77.15423,39.39086],[-77.15426,39.39095],[-77.15431,39.39108],[-77.15435,39.39121],[-77.15438,39.3913],[-77.15433,39.39149],[-77.15425,39.39174],[-77.15411,39.39204],[-77.15403,39.39224],[-77.15327,39.3939],[-77.15312,39.39423],[-77.15297,39.39455],[-77.15285,39.39483],[-77.1528,39.39494],[-77.15278,39.39499],[-77.15271,39.39512],[-77.15269,39.39517],[-77.15265,39.39525],[-77.15254,39.3955],[-77.1525,39.39559],[-77.1525,39.3956],[-77.1525,39.39561],[-77.1525,39.39564],[-77.15247,39.39569],[-77.15242,39.3958],[-77.1522,39.39626],[-77.15213,39.39642],[-77.15211,39.39646],[-77.15206,39.3966],[-77.15204,39.39664],[-77.15185,39.39706],[-77.15154,39.39775],[-77.15122,39.39848],[-77.15095,39.39909],[-77.15009,39.40108],[-77.15004,39.4012],[-77.14961,39.4022],[-77.1496,39.40223],[-77.14956,39.40232],[-77.14955,39.40235],[-77.14953,39.40238],[-77.14949,39.40248],[-77.14947,39.40252],[-77.14947,39.40255],[-77.14946,39.40257],[-77.14946,39.40259],[-77.14939,39.40273],[-77.14937,39.40278],[-77.149,39.40368],[-77.14876,39.40428],[-77.14854,39.40478],[-77.14835,39.40529],[-77.14827,39.40567],[-77.14819,39.40605],[-77.14812,39.40643],[-77.1481,39.40655],[-77.14799,39.40706],[-77.1479,39.40737],[-77.14772,39.40788],[-77.14757,39.40841],[-77.14755,39.40848],[-77.1474,39.40914],[-77.14728,39.40987],[-77.14722,39.41039],[-77.14716,39.41091],[-77.14711,39.4113],[-77.1471,39.41136],[-77.14704,39.4118],[-77.14703,39.41191],[-77.14698,39.41237],[-77.147,39.41254],[-77.1472,39.41304],[-77.14733,39.41334],[-77.1475,39.41373],[-77.14761,39.41401],[-77.14766,39.41428],[-77.14772,39.41458],[-77.14772,39.41461],[-77.1478,39.41503],[-77.14781,39.41508],[-77.14797,39.41573],[-77.14815,39.41643],[-77.14815,39.41648],[-77.14815,39.41664],[-77.14814,39.41696],[-77.14811,39.41745],[-77.14808,39.41763],[-77.14807,39.41766],[-77.14804,39.41776],[-77.14796,39.41786],[-77.14782,39.41811],[-77.14766,39.41832],[-77.14734,39.41876],[-77.14717,39.419],[-77.14699,39.41918],[-77.14683,39.4193],[-77.1468,39.41931],[-77.14663,39.4194],[-77.14642,39.4195],[-77.14621,39.41961],[-77.14618,39.41963],[-77.14599,39.41975],[-77.14566,39.41997],[-77.14549,39.42013],[-77.14547,39.42016],[-77.14538,39.42035],[-77.14517,39.42034],[-77.14503,39.42036],[-77.14488,39.4204],[-77.14481,39.42045],[-77.14475,39.42054],[-77.14438,39.42092],[-77.14337,39.42197],[-77.14323,39.4221],[-77.14283,39.42239],[-77.14248,39.4226],[-77.14187,39.42298],[-77.14157,39.42323],[-77.1415,39.42329],[-77.1411,39.42358],[-77.14062,39.42399],[-77.14045,39.42414],[-77.14033,39.42429],[-77.14026,39.42438],[-77.13965,39.4252],[-77.13957,39.42529],[-77.13929,39.4256],[-77.13926,39.42564],[-77.13916,39.42575],[-77.13913,39.42579],[-77.13911,39.42582],[-77.13907,39.42586],[-77.13897,39.42597],[-77.13894,39.426],[-77.1389,39.42604],[-77.13884,39.42611],[-77.13866,39.4263],[-77.13864,39.42632],[-77.13859,39.42637],[-77.13824,39.42674],[-77.13822,39.42675],[-77.13785,39.42718],[-77.13738,39.42784],[-77.13731,39.42796],[-77.13705,39.42841],[-77.13693,39.42862],[-77.13673,39.42897],[-77.13655,39.42925],[-77.13644,39.42944],[-77.13643,39.42945],[-77.13635,39.42957],[-77.13612,39.42992],[-77.13605,39.43004],[-77.13594,39.43022],[-77.13584,39.43032],[-77.13577,39.4304],[-77.13538,39.43073],[-77.13504,39.431],[-77.13478,39.43121],[-77.13477,39.43122],[-77.13468,39.43129],[-77.13442,39.4315],[-77.13434,39.43156],[-77.13431,39.43159],[-77.13422,39.43167],[-77.13419,39.43169],[-77.13409,39.43178],[-77.13378,39.43206],[-77.13368,39.43214],[-77.13366,39.43216],[-77.1336,39.43223],[-77.13345,39.4324],[-77.13339,39.43251],[-77.13333,39.43261],[-77.13329,39.43268],[-77.13315,39.43297],[-77.13262,39.43407],[-77.13262,39.43409],[-77.13245,39.43444],[-77.13214,39.43512],[-77.13207,39.43527],[-77.13186,39.43556],[-77.1317,39.43585],[-77.13157,39.43614],[-77.13125,39.43682],[-77.13112,39.43713],[-77.13083,39.43782],[-77.13082,39.43785],[-77.13073,39.43805],[-77.13057,39.43845],[-77.13043,39.43874],[-77.13032,39.43897],[-77.13023,39.43915],[-77.13021,39.43918],[-77.12988,39.43964],[-77.12977,39.43979],[-77.12976,39.43981],[-77.12961,39.44],[-77.12916,39.4406],[-77.12902,39.44079],[-77.12901,39.4408],[-77.12883,39.44104],[-77.12874,39.44115],[-77.12829,39.44177],[-77.12826,39.44182],[-77.12811,39.44202],[-77.12809,39.44201],[-77.12801,39.44212],[-77.12777,39.44244],[-77.12771,39.44252],[-77.12769,39.44254],[-77.12757,39.44268],[-77.12748,39.44279],[-77.12722,39.44309],[-77.12692,39.44346],[-77.12686,39.44355],[-77.12682,39.44361],[-77.12674,39.44375],[-77.12671,39.44383],[-77.12673,39.44385],[-77.12672,39.44388],[-77.12669,39.44397],[-77.12669,39.44399],[-77.12668,39.444],[-77.12667,39.44404],[-77.12664,39.44421],[-77.12663,39.44424],[-77.1266,39.44458],[-77.12657,39.44482],[-77.12653,39.44507],[-77.12647,39.44534],[-77.1264,39.44551],[-77.12632,39.44563],[-77.12626,39.4458],[-77.125,39.44817],[-77.12487,39.44855],[-77.12436,39.45034],[-77.12424,39.45069],[-77.12406,39.45114],[-77.12396,39.4513],[-77.12383,39.45146],[-77.12132,39.45391],[-77.12098,39.45429],[-77.12065,39.45468],[-77.11974,39.45581],[-77.11955,39.45604],[-77.11933,39.45625],[-77.11781,39.45748],[-77.11756,39.45771],[-77.1174,39.4579],[-77.11719,39.45818],[-77.11695,39.45853],[-77.11683,39.45873],[-77.11614,39.4597],[-77.11602,39.45984],[-77.11597,39.45996],[-77.11594,39.46007],[-77.11595,39.46016],[-77.11599,39.46026],[-77.11605,39.46034],[-77.11619,39.4605],[-77.11656,39.46085],[-77.11676,39.46103],[-77.11689,39.46115],[-77.11695,39.46121],[-77.1172,39.46143],[-77.1175,39.46167],[-77.11794,39.46204],[-77.11855,39.46261],[-77.11874,39.46281],[-77.11874,39.46284],[-77.11875,39.46286],[-77.11889,39.46304],[-77.11894,39.46311],[-77.11898,39.46319],[-77.11911,39.46345],[-77.11915,39.46351],[-77.11916,39.46353],[-77.11938,39.46396],[-77.11966,39.46451],[-77.11981,39.4648],[-77.1199,39.46502],[-77.11997,39.46526],[-77.11998,39.46536],[-77.11998,39.46542],[-77.11995,39.46559],[-77.1199,39.46573],[-77.11957,39.46667],[-77.1195,39.46688],[-77.11946,39.46713],[-77.11943,39.46747],[-77.11941,39.46763],[-77.1194,39.46768],[-77.11934,39.46798],[-77.11925,39.46869],[-77.11925,39.46871],[-77.11926,39.46874],[-77.11926,39.4688],[-77.11926,39.46883],[-77.11929,39.46908],[-77.11929,39.46912],[-77.11929,39.46972],[-77.11929,39.46974],[-77.11928,39.47001],[-77.11927,39.47031],[-77.11926,39.47071],[-77.11926,39.47077],[-77.11921,39.47121],[-77.11918,39.47162],[-77.11916,39.47178],[-77.11908,39.47214],[-77.11899,39.47259],[-77.119,39.4726],[-77.11899,39.47266],[-77.11891,39.47304],[-77.11884,39.47328],[-77.1188,39.47337],[-77.11868,39.47369],[-77.11855,39.47387],[-77.11847,39.47398],[-77.11836,39.47413],[-77.11817,39.47439],[-77.11797,39.4746],[-77.11775,39.47484],[-77.11761,39.47495],[-77.11737,39.47516],[-77.11713,39.47538],[-77.11709,39.47543],[-77.11709,39.47545],[-77.11707,39.47547],[-77.11707,39.4756],[-77.11711,39.47602],[-77.11712,39.47623],[-77.11718,39.47633],[-77.11733,39.4766],[-77.11742,39.47683],[-77.11748,39.47713],[-77.11752,39.47736],[-77.11759,39.47788],[-77.11761,39.47799],[-77.11762,39.47811],[-77.11764,39.47823],[-77.11766,39.47837],[-77.11766,39.47842],[-77.11769,39.47862],[-77.11742,39.47897],[-77.11715,39.47924],[-77.11696,39.4794],[-77.11651,39.47973],[-77.11598,39.48019],[-77.1153,39.48087],[-77.11471,39.48145],[-77.11469,39.48146],[-77.11438,39.48176],[-77.11338,39.48269],[-77.11305,39.483],[-77.11296,39.48305],[-77.11254,39.4835],[-77.11233,39.48372],[-77.11135,39.4848],[-77.11108,39.48506],[-77.11065,39.48548],[-77.11036,39.4858],[-77.1102,39.486],[-77.11007,39.48622],[-77.10977,39.48673],[-77.10967,39.48689],[-77.1093,39.48754],[-77.10926,39.4876],[-77.10913,39.48779],[-77.10906,39.48791],[-77.10902,39.48798],[-77.10892,39.48813],[-77.10874,39.48845],[-77.10872,39.48851],[-77.10863,39.48871],[-77.10859,39.4889],[-77.10858,39.48913],[-77.10855,39.48928],[-77.10852,39.4894],[-77.10849,39.48948],[-77.108,39.49016],[-77.10778,39.49047],[-77.10764,39.49065],[-77.10711,39.49129],[-77.10696,39.49148],[-77.10684,39.49166],[-77.10675,39.49186],[-77.10672,39.49201],[-77.10673,39.49209],[-77.10677,39.49219],[-77.10683,39.49229],[-77.10694,39.49246],[-77.10711,39.49267],[-77.10746,39.49323],[-77.10748,39.49335],[-77.10749,39.49343],[-77.1075,39.49348],[-77.10748,39.49384],[-77.10744,39.49412],[-77.10739,39.4942],[-77.1074,39.49421],[-77.10742,39.49423],[-77.10746,39.49431],[-77.10753,39.49439],[-77.10755,39.49441],[-77.10758,39.49444],[-77.10771,39.49456],[-77.10815,39.49485],[-77.10823,39.49489],[-77.10847,39.49502],[-77.10862,39.4951],[-77.1088,39.49522],[-77.10893,39.49535],[-77.10896,39.49541],[-77.10901,39.49549],[-77.10903,39.49554],[-77.10903,39.49556],[-77.10913,39.49583],[-77.1093,39.49631],[-77.10947,39.49666],[-77.10959,39.49692],[-77.1096,39.49693],[-77.10965,39.49704],[-77.10966,39.49705],[-77.10975,39.49716],[-77.10988,39.49726],[-77.10994,39.49736],[-77.10997,39.4974],[-77.11,39.49748],[-77.11005,39.49747],[-77.1102,39.49748],[-77.1103,39.49753],[-77.11042,39.49756],[-77.11118,39.49755],[-77.1112,39.49756],[-77.11142,39.49765],[-77.11166,39.49769],[-77.11191,39.49768],[-77.11203,39.49764],[-77.11223,39.49754],[-77.11243,39.49749],[-77.11282,39.49764],[-77.11296,39.49766],[-77.11306,39.49765],[-77.11315,39.49769],[-77.11327,39.49776],[-77.11329,39.4978],[-77.11333,39.49794],[-77.1134,39.49804],[-77.1135,39.49811],[-77.1136,39.49816],[-77.11394,39.49824],[-77.11404,39.4983],[-77.11433,39.49862],[-77.11436,39.49863],[-77.11452,39.49873],[-77.11478,39.49884],[-77.1149,39.49891],[-77.1151,39.49907],[-77.11529,39.49937],[-77.1153,39.49939],[-77.11546,39.49952],[-77.11563,39.49957],[-77.1157,39.49962],[-77.11595,39.49972],[-77.11642,39.50011],[-77.11667,39.50028],[-77.117,39.50051],[-77.11816,39.50128],[-77.11839,39.50177],[-77.11876,39.50214],[-77.1191,39.50266],[-77.11919,39.50269],[-77.11935,39.50269],[-77.11954,39.50274],[-77.1196,39.5028],[-77.11964,39.50292],[-77.11956,39.50305],[-77.1196,39.50316],[-77.11982,39.50323],[-77.11991,39.50334],[-77.11992,39.50346],[-77.12001,39.50357],[-77.12024,39.50365],[-77.12035,39.50373],[-77.12041,39.50396],[-77.12042,39.50402],[-77.12067,39.50407],[-77.12079,39.50418],[-77.12084,39.50418],[-77.12091,39.50415],[-77.12099,39.50407],[-77.12106,39.50406],[-77.12115,39.50407],[-77.12121,39.50412],[-77.12121,39.50414],[-77.12128,39.50439],[-77.12134,39.50446],[-77.12148,39.50447],[-77.12165,39.50439],[-77.1218,39.50437],[-77.12195,39.50442],[-77.12208,39.50457],[-77.12223,39.50465],[-77.12293,39.50466],[-77.12296,39.50467],[-77.12326,39.50477],[-77.12338,39.50489],[-77.12342,39.50494],[-77.12362,39.50505],[-77.12402,39.50506],[-77.12417,39.50512],[-77.12429,39.50531],[-77.12432,39.50541],[-77.12442,39.50544],[-77.12459,39.50539],[-77.12471,39.50536],[-77.1249,39.50537],[-77.12506,39.50542],[-77.12509,39.50543],[-77.12533,39.50555],[-77.12543,39.50562],[-77.12555,39.50575],[-77.12559,39.50585],[-77.12554,39.50598],[-77.12559,39.5061],[-77.12571,39.50622],[-77.12574,39.50625],[-77.12615,39.50658],[-77.12645,39.50692],[-77.12655,39.50705],[-77.12659,39.50724],[-77.12667,39.50733],[-77.12683,39.50771],[-77.12694,39.50782],[-77.12715,39.50795],[-77.12737,39.50814],[-77.1275,39.50836],[-77.1276,39.50847],[-77.12773,39.50855],[-77.12782,39.50858],[-77.12798,39.50854],[-77.128,39.50853],[-77.12815,39.50845],[-77.1283,39.50841],[-77.12847,39.50852],[-77.12887,39.509],[-77.12891,39.50904],[-77.12892,39.50905],[-77.12904,39.50914],[-77.12908,39.50917],[-77.12914,39.50921],[-77.1293,39.50932],[-77.12935,39.50936],[-77.12948,39.50944],[-77.12975,39.50956],[-77.13001,39.50956],[-77.13023,39.50951],[-77.13051,39.50935],[-77.13072,39.50929],[-77.13089,39.5091],[-77.13097,39.50898],[-77.13121,39.50873],[-77.13126,39.50873],[-77.13134,39.50869],[-77.13142,39.50868],[-77.13156,39.5086],[-77.13204,39.50841],[-77.13215,39.50834],[-77.13239,39.5084],[-77.13252,39.50841],[-77.13263,39.50842],[-77.13319,39.50846],[-77.13354,39.50854],[-77.13355,39.50855],[-77.1336,39.5086],[-77.13361,39.50863],[-77.13361,39.50868],[-77.1335,39.50887],[-77.1335,39.50893],[-77.1335,39.50903],[-77.13353,39.50907],[-77.13353,39.50908],[-77.13359,39.50913],[-77.1338,39.50917],[-77.13396,39.50931],[-77.1342,39.50944],[-77.13427,39.50949],[-77.13431,39.50955],[-77.13439,39.50977],[-77.13443,39.50982],[-77.13459,39.51001],[-77.13467,39.51018],[-77.1347,39.51044],[-77.13467,39.51085],[-77.1346,39.51105],[-77.13442,39.51136],[-77.13447,39.51153],[-77.13468,39.5119],[-77.1348,39.51197],[-77.13492,39.51198],[-77.13513,39.51204],[-77.13528,39.51217],[-77.13547,39.51237],[-77.13568,39.51255],[-77.13578,39.5126],[-77.13605,39.51264],[-77.1361,39.51264],[-77.13617,39.51269],[-77.13623,39.51274],[-77.13627,39.51281],[-77.13623,39.51305],[-77.13624,39.51311],[-77.13632,39.51319],[-77.13645,39.51326],[-77.13666,39.51334],[-77.13671,39.51338],[-77.13679,39.5135],[-77.13684,39.51358],[-77.13709,39.5138],[-77.13747,39.51437],[-77.13751,39.51443],[-77.13755,39.51472],[-77.13769,39.51499],[-77.13782,39.51516],[-77.13785,39.5153],[-77.13776,39.51546],[-77.13778,39.51559],[-77.13799,39.51577],[-77.13804,39.51592],[-77.13806,39.51604],[-77.13795,39.5166],[-77.13787,39.51689],[-77.13769,39.51737],[-77.13768,39.51738],[-77.13755,39.5175],[-77.1375,39.51753],[-77.1374,39.51751],[-77.13734,39.51745],[-77.13733,39.51734],[-77.13729,39.51729],[-77.13723,39.51724],[-77.13717,39.51723],[-77.13702,39.51726],[-77.13696,39.51731],[-77.13695,39.5174],[-77.13697,39.51745],[-77.13698,39.51749],[-77.13702,39.51761],[-77.13703,39.51762],[-77.13703,39.51765],[-77.13705,39.51794],[-77.13711,39.51801],[-77.13733,39.5182],[-77.13737,39.51847],[-77.1374,39.51852],[-77.1375,39.51862],[-77.13766,39.51877],[-77.13769,39.51883],[-77.13771,39.51888],[-77.13773,39.51891],[-77.13775,39.51904],[-77.13775,39.51905],[-77.13774,39.51909],[-77.13772,39.51917],[-77.13761,39.51945],[-77.13762,39.51962],[-77.13772,39.51972],[-77.13793,39.51986],[-77.13826,39.51999],[-77.13839,39.52006],[-77.13849,39.52016],[-77.13852,39.52024],[-77.13851,39.5203],[-77.1384,39.52042],[-77.1384,39.52049],[-77.13849,39.52052],[-77.13883,39.52055],[-77.13891,39.5206],[-77.13905,39.5208],[-77.13926,39.52093],[-77.13959,39.52096],[-77.13986,39.52096],[-77.14007,39.521],[-77.14029,39.52109],[-77.14053,39.52127],[-77.14067,39.52133],[-77.14122,39.52144],[-77.14178,39.52149],[-77.14194,39.52147],[-77.14205,39.52144],[-77.14223,39.52142],[-77.14305,39.52161],[-77.14382,39.52179],[-77.14402,39.52179],[-77.14413,39.52177],[-77.14425,39.52173],[-77.1446,39.52163],[-77.14477,39.52165],[-77.14492,39.52169],[-77.14514,39.52184],[-77.14525,39.52187],[-77.14558,39.52182],[-77.14565,39.52182],[-77.14588,39.52187],[-77.146,39.52186],[-77.14622,39.52175],[-77.14635,39.52162],[-77.1464,39.5216],[-77.14645,39.52161],[-77.14656,39.52167],[-77.14663,39.52173],[-77.14666,39.52179],[-77.14663,39.52188],[-77.14666,39.52198],[-77.14672,39.52204],[-77.14701,39.52213],[-77.14734,39.5222],[-77.14743,39.5222],[-77.14752,39.52219],[-77.14761,39.52215],[-77.14767,39.52195],[-77.14773,39.52191],[-77.14784,39.52192],[-77.14813,39.52204],[-77.14824,39.52205],[-77.14845,39.52206],[-77.14874,39.52204],[-77.14904,39.52216],[-77.14935,39.52209],[-77.14969,39.52211],[-77.14979,39.52208],[-77.14991,39.52194],[-77.15003,39.52199],[-77.15023,39.52218],[-77.1504,39.52243],[-77.15061,39.52262],[-77.15069,39.52275],[-77.15069,39.52282],[-77.15065,39.52285],[-77.15053,39.5228],[-77.15037,39.52267],[-77.1503,39.52265],[-77.15022,39.52265],[-77.15015,39.52271],[-77.15009,39.52284],[-77.15013,39.52298],[-77.15026,39.52307],[-77.15047,39.52309],[-77.15075,39.52315],[-77.15086,39.5232],[-77.15093,39.52328],[-77.15091,39.52338],[-77.15082,39.52355],[-77.15082,39.52369],[-77.15078,39.52381],[-77.15076,39.52402],[-77.15082,39.52421],[-77.15095,39.52435],[-77.15097,39.52445],[-77.15087,39.52448],[-77.15076,39.52444],[-77.15044,39.52427],[-77.15034,39.52428],[-77.15031,39.5243],[-77.15027,39.52433],[-77.15026,39.52441],[-77.1503,39.52456],[-77.15047,39.52465],[-77.15054,39.52474],[-77.15054,39.52482],[-77.15045,39.52498],[-77.15044,39.52511],[-77.15047,39.52516],[-77.15057,39.52527],[-77.15059,39.52536],[-77.15056,39.52544],[-77.15047,39.52546],[-77.15031,39.52556],[-77.15027,39.52561],[-77.1502,39.52575],[-77.15023,39.52592],[-77.15025,39.52608],[-77.15032,39.52627],[-77.15053,39.52658],[-77.1507,39.52678],[-77.15094,39.52697],[-77.15108,39.52713],[-77.15115,39.52728],[-77.15119,39.52752],[-77.15125,39.52763],[-77.1513,39.52786],[-77.15128,39.5279],[-77.15127,39.52813],[-77.15124,39.52823],[-77.1511,39.52853],[-77.1511,39.52859],[-77.15117,39.52873],[-77.15121,39.52876],[-77.15132,39.52877],[-77.15139,39.52883],[-77.1514,39.52888],[-77.15136,39.52918],[-77.15139,39.52921],[-77.15151,39.52923],[-77.15156,39.52925],[-77.15164,39.52932],[-77.15167,39.52942],[-77.15167,39.52959],[-77.15151,39.53001],[-77.15134,39.53034],[-77.15114,39.53065],[-77.15114,39.53077],[-77.15132,39.53106],[-77.15136,39.53111],[-77.15136,39.53116],[-77.15152,39.53141],[-77.15164,39.53183],[-77.15185,39.53211],[-77.15197,39.53221],[-77.15211,39.53229],[-77.15234,39.5325],[-77.15257,39.53261],[-77.15283,39.53272],[-77.15388,39.53332],[-77.15469,39.53356],[-77.15494,39.53361],[-77.15523,39.5336],[-77.15596,39.53369],[-77.15627,39.53366],[-77.15655,39.53354],[-77.15669,39.53346],[-77.15682,39.53336],[-77.15696,39.5332],[-77.15698,39.53315],[-77.15698,39.53314],[-77.15703,39.53309],[-77.1571,39.53306],[-77.15724,39.53304],[-77.15733,39.53306],[-77.1575,39.53311],[-77.1577,39.53317],[-77.15806,39.53319],[-77.1582,39.53317],[-77.15848,39.53311],[-77.15866,39.53308],[-77.15872,39.53308],[-77.15886,39.53304],[-77.15912,39.53299],[-77.15956,39.53282],[-77.16001,39.53268],[-77.16048,39.5326],[-77.16089,39.53259],[-77.16134,39.53253],[-77.1615,39.53249],[-77.16191,39.53245],[-77.16202,39.53245],[-77.16209,39.53245],[-77.16226,39.53247],[-77.16237,39.5325],[-77.16264,39.5326],[-77.16281,39.53263],[-77.16295,39.53262],[-77.16307,39.53255],[-77.16321,39.53254],[-77.16364,39.53263],[-77.1637,39.53266],[-77.16381,39.53268],[-77.16405,39.53276],[-77.16456,39.53289],[-77.16476,39.53291],[-77.16502,39.53285],[-77.16518,39.53288],[-77.16524,39.53295],[-77.16525,39.53301],[-77.1652,39.53312],[-77.165,39.53331],[-77.16502,39.53341],[-77.1651,39.53352],[-77.16518,39.53354],[-77.16531,39.5335],[-77.16553,39.53334],[-77.16568,39.53328],[-77.16579,39.53326],[-77.16586,39.53329],[-77.16593,39.53336],[-77.16596,39.53342],[-77.16601,39.53358],[-77.166,39.53363],[-77.16598,39.53367],[-77.16589,39.53373],[-77.16548,39.53382],[-77.16534,39.53393],[-77.16532,39.534],[-77.16537,39.5341],[-77.16546,39.53417],[-77.16559,39.53418],[-77.16569,39.53415],[-77.16597,39.53395],[-77.16607,39.53392],[-77.16625,39.53394],[-77.16642,39.53405],[-77.16646,39.53406],[-77.16656,39.53405],[-77.16663,39.53397],[-77.16668,39.53388],[-77.16687,39.53371],[-77.1671,39.53366],[-77.16717,39.53367],[-77.16736,39.53377],[-77.16745,39.53387],[-77.16761,39.53398],[-77.16772,39.53401],[-77.1679,39.53401],[-77.16812,39.53394],[-77.16826,39.53392],[-77.16835,39.53394],[-77.16844,39.534],[-77.16853,39.53407],[-77.16863,39.53407],[-77.16868,39.53402],[-77.1687,39.53394],[-77.16866,39.53383],[-77.16867,39.53374],[-77.1687,39.53371],[-77.1688,39.53371],[-77.1689,39.53378],[-77.16896,39.53386],[-77.16902,39.534],[-77.16915,39.5341],[-77.16923,39.53411],[-77.16951,39.53404],[-77.16966,39.53403],[-77.16967,39.53404],[-77.16973,39.53405],[-77.1698,39.53412],[-77.16987,39.53422],[-77.16992,39.53423],[-77.17007,39.53418],[-77.17021,39.53423],[-77.17031,39.5343],[-77.17045,39.5343],[-77.17058,39.5344],[-77.17067,39.53458],[-77.17069,39.53468],[-77.17075,39.53475],[-77.1707,39.53485],[-77.1707,39.53488],[-77.1707,39.53495],[-77.17072,39.53511],[-77.17083,39.53527],[-77.17094,39.53536],[-77.17114,39.53554],[-77.17128,39.5357],[-77.17131,39.53576],[-77.17133,39.53584],[-77.1713,39.53588],[-77.17127,39.53593],[-77.17115,39.53602],[-77.17101,39.53604],[-77.17081,39.53616],[-77.17074,39.53629],[-77.1707,39.53632],[-77.17066,39.53633],[-77.17055,39.53641],[-77.17041,39.53659],[-77.17041,39.53666],[-77.17049,39.53672],[-77.17082,39.53687],[-77.17096,39.53704],[-77.17093,39.53712],[-77.17092,39.53717],[-77.17081,39.53725],[-77.17079,39.53732],[-77.17082,39.53741],[-77.17093,39.53751],[-77.17095,39.53754],[-77.17093,39.53768],[-77.17092,39.53777],[-77.17097,39.53793],[-77.17107,39.53806],[-77.17107,39.53812],[-77.17101,39.53817],[-77.17075,39.53819],[-77.17065,39.53826],[-77.17065,39.53832],[-77.1707,39.53845],[-77.17081,39.53855],[-77.17106,39.53868],[-77.17111,39.53874],[-77.17117,39.53885],[-77.17113,39.53895],[-77.17113,39.539],[-77.17121,39.53903],[-77.17127,39.539],[-77.17134,39.53899],[-77.17144,39.5391],[-77.17146,39.53915],[-77.17146,39.53923],[-77.17124,39.53945],[-77.17125,39.53957],[-77.17122,39.5396],[-77.17106,39.53963],[-77.17089,39.53968],[-77.17076,39.5398],[-77.17075,39.53989],[-77.17089,39.54001],[-77.17092,39.54006],[-77.17093,39.54011],[-77.17089,39.54017],[-77.17084,39.54022],[-77.17071,39.54025],[-77.17058,39.54027],[-77.17048,39.54033],[-77.17041,39.54039],[-77.17036,39.54048],[-77.17034,39.54063],[-77.17029,39.54074],[-77.17024,39.5408],[-77.17005,39.54099],[-77.16993,39.54106],[-77.1697,39.54107],[-77.16959,39.54115],[-77.1695,39.54121],[-77.16944,39.54128],[-77.16943,39.54137],[-77.16945,39.54144],[-77.16953,39.54151],[-77.16953,39.54156],[-77.16943,39.54163],[-77.1693,39.54168],[-77.16919,39.54179],[-77.16915,39.54186],[-77.16911,39.54207],[-77.16901,39.5422],[-77.169,39.54229],[-77.16904,39.54251],[-77.16919,39.54288],[-77.16937,39.5431],[-77.16943,39.54321],[-77.16947,39.54338],[-77.16962,39.54353],[-77.16972,39.54357],[-77.16986,39.54357],[-77.17006,39.54348],[-77.17018,39.54344],[-77.17024,39.54345],[-77.17031,39.54351],[-77.17035,39.54363],[-77.17042,39.54368],[-77.17083,39.54378],[-77.17097,39.54379],[-77.17109,39.54377],[-77.17131,39.54369],[-77.17146,39.54369],[-77.1716,39.54382],[-77.17175,39.54665],[-77.17167,39.54681],[-77.16962,39.54985],[-77.16947,39.55049],[-77.16915,39.55175],[-77.16956,39.55365],[-77.16939,39.55394],[-77.16939,39.55401],[-77.16945,39.55412],[-77.16988,39.55453],[-77.16998,39.55457],[-77.17002,39.5546],[-77.17004,39.55461],[-77.17015,39.55475],[-77.17024,39.5548],[-77.17033,39.55481],[-77.17055,39.5548],[-77.17062,39.55475],[-77.17055,39.55461],[-77.17054,39.5545],[-77.17056,39.55445],[-77.17062,39.55441],[-77.17068,39.5544],[-77.17109,39.55439],[-77.17113,39.5544],[-77.17129,39.55453],[-77.17141,39.55458],[-77.17149,39.55464],[-77.1715,39.5547],[-77.1714,39.55483],[-77.1714,39.55492],[-77.17145,39.55498],[-77.17162,39.5551],[-77.17174,39.55524],[-77.17175,39.55533],[-77.17169,39.55542],[-77.17168,39.55552],[-77.17178,39.55561],[-77.1719,39.55568],[-77.17203,39.55569],[-77.17208,39.55572],[-77.17226,39.55571],[-77.17236,39.55577],[-77.17263,39.55603],[-77.1727,39.55615],[-77.1727,39.55625],[-77.17275,39.55636],[-77.17284,39.55642],[-77.17317,39.55647],[-77.17327,39.55655],[-77.17343,39.55691],[-77.17346,39.55697],[-77.17355,39.55712],[-77.17359,39.55719],[-77.17361,39.5573],[-77.17351,39.55738],[-77.17331,39.55744],[-77.17314,39.5575],[-77.17312,39.55763],[-77.17313,39.55774],[-77.17317,39.55781],[-77.1733,39.55789],[-77.17366,39.558],[-77.17379,39.55808],[-77.1739,39.55821],[-77.17409,39.55853],[-77.17424,39.55891],[-77.17432,39.55911],[-77.17453,39.55942],[-77.17461,39.55951],[-77.17508,39.55988],[-77.17524,39.55998],[-77.17535,39.56003],[-77.17543,39.56003],[-77.17546,39.56004],[-77.17548,39.56005],[-77.17553,39.56006],[-77.17556,39.56006],[-77.17562,39.56007],[-77.17565,39.56009],[-77.17569,39.56011],[-77.17574,39.56013],[-77.17581,39.56016],[-77.17588,39.5602],[-77.17591,39.56022],[-77.17593,39.56026],[-77.17598,39.56027],[-77.17602,39.56028],[-77.17613,39.56029],[-77.17631,39.56033],[-77.17753,39.56067],[-77.17764,39.5607],[-77.17769,39.56073],[-77.17773,39.56079],[-77.17778,39.56083],[-77.17783,39.56087],[-77.17786,39.56088],[-77.17791,39.56089],[-77.17797,39.5609],[-77.17801,39.56089],[-77.17805,39.56089],[-77.17812,39.56088],[-77.17818,39.56085],[-77.1782,39.56084],[-77.17824,39.56082],[-77.17826,39.5608],[-77.17831,39.56078],[-77.17838,39.56076],[-77.1784,39.56076],[-77.1785,39.56076],[-77.17859,39.56076],[-77.17865,39.56076],[-77.17869,39.56075],[-77.17873,39.56074],[-77.17876,39.56074],[-77.17884,39.56071],[-77.17888,39.5607],[-77.17892,39.56067],[-77.17896,39.56066],[-77.17899,39.56065],[-77.17905,39.56063],[-77.17909,39.56062],[-77.17912,39.5606],[-77.17915,39.56057],[-77.17919,39.56053],[-77.17921,39.56053],[-77.17929,39.56054],[-77.17932,39.56054],[-77.17935,39.56053],[-77.17944,39.56049],[-77.17947,39.56049],[-77.17949,39.56048],[-77.17952,39.56046],[-77.17955,39.56045],[-77.17961,39.56044],[-77.17963,39.56043],[-77.17966,39.56041],[-77.17969,39.56038],[-77.17969,39.56036],[-77.1797,39.56028],[-77.17971,39.56025],[-77.17972,39.56022],[-77.17974,39.56019],[-77.17976,39.56017],[-77.17979,39.56016],[-77.17986,39.56014],[-77.18008,39.56014],[-77.18045,39.56014],[-77.18049,39.56015],[-77.18059,39.56018],[-77.18063,39.56019],[-77.18065,39.5602],[-77.18067,39.5602],[-77.18073,39.56019],[-77.18078,39.56017],[-77.18083,39.56018],[-77.18088,39.56017],[-77.18092,39.56016],[-77.18097,39.56015],[-77.18098,39.56014],[-77.18129,39.56014],[-77.18147,39.56002],[-77.18153,39.55998],[-77.1817,39.55986],[-77.18191,39.55973],[-77.182,39.5596],[-77.18206,39.55947],[-77.18207,39.55945],[-77.18211,39.55944],[-77.18219,39.55943],[-77.18237,39.55945],[-77.18246,39.55944],[-77.18253,39.5594],[-77.18253,39.55932],[-77.18259,39.55931],[-77.18273,39.55934],[-77.18277,39.55941],[-77.18277,39.55955],[-77.18287,39.55966],[-77.1829,39.55972],[-77.18301,39.55977],[-77.18312,39.55978],[-77.18321,39.55979],[-77.18333,39.55976],[-77.18344,39.55977],[-77.1835,39.5598],[-77.18354,39.55991],[-77.1835,39.56008],[-77.18335,39.5602],[-77.18332,39.56043],[-77.18338,39.56057],[-77.18347,39.5607],[-77.18362,39.56076],[-77.18378,39.56079],[-77.18385,39.56083],[-77.18396,39.56094],[-77.18403,39.56098],[-77.18411,39.56105],[-77.18417,39.56113],[-77.18417,39.56119],[-77.18421,39.56124],[-77.18481,39.56161],[-77.18533,39.56188],[-77.18545,39.56205],[-77.18554,39.56217],[-77.18583,39.5622],[-77.18608,39.56234],[-77.18624,39.56237],[-77.18647,39.56232],[-77.18701,39.56248],[-77.1871,39.56256],[-77.18727,39.56286],[-77.18723,39.56304],[-77.1873,39.5632],[-77.18761,39.56343],[-77.18769,39.5636],[-77.1877,39.56375],[-77.18759,39.56385],[-77.1875,39.56384],[-77.18722,39.56374],[-77.18709,39.56369],[-77.18698,39.56368],[-77.18687,39.56372],[-77.18682,39.56377],[-77.18674,39.56389],[-77.18665,39.56406],[-77.18663,39.56425],[-77.18666,39.56434],[-77.1866,39.56441],[-77.18649,39.56447],[-77.18646,39.56459],[-77.18648,39.56474],[-77.18662,39.56479],[-77.18678,39.56478],[-77.18689,39.56469],[-77.18696,39.56451],[-77.18699,39.56449],[-77.18705,39.56447],[-77.18713,39.56448],[-77.18715,39.56449],[-77.18715,39.56452],[-77.18713,39.56461],[-77.18709,39.56475],[-77.18702,39.56489],[-77.18701,39.56506],[-77.18704,39.56514],[-77.1871,39.56518],[-77.1872,39.56521],[-77.18724,39.56522],[-77.18727,39.56525],[-77.18726,39.5653],[-77.18723,39.56533],[-77.18719,39.56534],[-77.18716,39.56546],[-77.18711,39.56572],[-77.18717,39.5658],[-77.18722,39.5659],[-77.18723,39.56593],[-77.18724,39.56596],[-77.18728,39.56599],[-77.1873,39.56603],[-77.18731,39.56609],[-77.18727,39.56615],[-77.18726,39.56619],[-77.18719,39.56624],[-77.18719,39.5663],[-77.18713,39.56643],[-77.18704,39.56657],[-77.18697,39.56667],[-77.18725,39.56692],[-77.18735,39.56701],[-77.18813,39.56758],[-77.18842,39.56783],[-77.18849,39.5679],[-77.18881,39.56814],[-77.18893,39.56824],[-77.18923,39.56847],[-77.18928,39.56852],[-77.18936,39.5686],[-77.18938,39.56862],[-77.18951,39.5688],[-77.1897,39.56915],[-77.18976,39.56921],[-77.18987,39.56931],[-77.19014,39.56949],[-77.19033,39.5697],[-77.19057,39.56988],[-77.19075,39.57017],[-77.19078,39.57037],[-77.19075,39.57052],[-77.19082,39.57065],[-77.19095,39.57079],[-77.19113,39.57099],[-77.19139,39.57118],[-77.19148,39.57123],[-77.19172,39.57138],[-77.19216,39.57175],[-77.19233,39.57187],[-77.19252,39.57197],[-77.19274,39.57203],[-77.19292,39.57204],[-77.19298,39.57201],[-77.19311,39.57197],[-77.19335,39.57192],[-77.19353,39.57194],[-77.19404,39.57207],[-77.19433,39.57216],[-77.19447,39.57224],[-77.19495,39.5726],[-77.19511,39.57275],[-77.19546,39.57307],[-77.19606,39.57367],[-77.19652,39.57403],[-77.19683,39.57431],[-77.19696,39.57445],[-77.19709,39.57466],[-77.19712,39.57478],[-77.19717,39.575],[-77.19721,39.57508],[-77.19732,39.57523],[-77.19743,39.5753],[-77.19751,39.57533],[-77.19771,39.57534],[-77.1978,39.57534],[-77.19799,39.5754],[-77.19802,39.57543],[-77.19813,39.57552],[-77.19822,39.57564],[-77.19838,39.57578],[-77.19854,39.57586],[-77.19894,39.57606],[-77.19901,39.57612],[-77.19915,39.57623],[-77.19937,39.5764],[-77.19959,39.57667],[-77.19981,39.57717],[-77.19987,39.57738],[-77.19991,39.57759],[-77.19989,39.57781],[-77.19982,39.57797],[-77.19976,39.57806],[-77.19973,39.57815],[-77.19975,39.57823],[-77.19981,39.57834],[-77.19993,39.57847],[-77.20013,39.57859],[-77.20035,39.57865],[-77.20103,39.57871],[-77.20134,39.57879],[-77.20156,39.5789],[-77.20171,39.57894],[-77.20176,39.57896],[-77.20242,39.57906],[-77.20254,39.57909],[-77.20292,39.57914],[-77.20344,39.5792],[-77.2039,39.57921],[-77.20477,39.5792],[-77.20503,39.57922],[-77.20584,39.57938],[-77.20665,39.57942],[-77.20694,39.57944],[-77.20699,39.57946],[-77.20823,39.57929],[-77.20903,39.57921],[-77.20941,39.57915],[-77.21004,39.5791],[-77.21009,39.57908],[-77.2106,39.57901],[-77.21078,39.57897],[-77.21109,39.57887],[-77.21136,39.57873],[-77.21165,39.57856],[-77.21214,39.57825],[-77.21235,39.5781],[-77.21257,39.57788],[-77.21259,39.57783],[-77.21283,39.57755],[-77.21307,39.5772],[-77.21316,39.57711],[-77.2134,39.57674],[-77.21349,39.57665],[-77.21353,39.57656],[-77.21379,39.57619],[-77.21382,39.57615],[-77.21395,39.57602],[-77.21449,39.57534],[-77.2149,39.57497],[-77.21511,39.5748],[-77.21564,39.57451],[-77.21587,39.57443],[-77.21603,39.5744],[-77.21621,39.57439],[-77.21645,39.5744],[-77.21724,39.57451],[-77.21748,39.57455],[-77.21753,39.57455],[-77.21766,39.57461],[-77.21788,39.57467],[-77.21822,39.5748],[-77.21841,39.57486],[-77.21956,39.57529],[-77.22024,39.57543],[-77.22071,39.57562],[-77.22078,39.57566],[-77.22147,39.57608],[-77.22163,39.57615],[-77.22206,39.57639],[-77.2221,39.5764],[-77.22237,39.57662],[-77.2226,39.57686],[-77.22283,39.57722],[-77.22288,39.57731],[-77.22292,39.57746],[-77.22289,39.57777],[-77.22281,39.57785],[-77.2226,39.57793],[-77.22212,39.57796],[-77.22175,39.57795],[-77.22136,39.57797],[-77.22094,39.57806],[-77.22078,39.57813],[-77.2205,39.57832],[-77.2204,39.57841],[-77.22031,39.57852],[-77.22021,39.57873],[-77.22008,39.57888],[-77.21941,39.57943],[-77.21918,39.57969],[-77.21911,39.57996],[-77.21913,39.5801],[-77.21916,39.58022],[-77.21937,39.58075],[-77.21966,39.58131],[-77.22003,39.58187],[-77.22022,39.58207],[-77.22026,39.58211],[-77.22066,39.58237],[-77.22081,39.58243],[-77.22088,39.58245],[-77.22115,39.58256],[-77.22146,39.58264],[-77.22182,39.58276],[-77.22221,39.58302],[-77.22251,39.5831],[-77.22288,39.58314],[-77.22331,39.58316],[-77.22341,39.58318],[-77.22349,39.5832],[-77.22351,39.5832],[-77.22373,39.58323],[-77.22382,39.58324],[-77.22421,39.58324],[-77.22439,39.58321],[-77.22483,39.58319],[-77.22501,39.58317],[-77.22516,39.58315],[-77.22554,39.58314],[-77.22598,39.58318],[-77.22608,39.5832],[-77.22648,39.58329],[-77.22691,39.58331],[-77.22714,39.58334],[-77.22805,39.58331],[-77.22862,39.58332],[-77.22891,39.58331],[-77.22896,39.5833],[-77.22943,39.58332],[-77.22999,39.58343],[-77.23053,39.58372],[-77.23104,39.5839],[-77.23144,39.58398],[-77.23167,39.58405],[-77.23208,39.58424],[-77.23226,39.58435],[-77.23252,39.58463],[-77.23258,39.58476],[-77.23266,39.585],[-77.23265,39.58535],[-77.23263,39.58553],[-77.23254,39.5857],[-77.23246,39.58581],[-77.23212,39.58615],[-77.23195,39.58623],[-77.23145,39.58637],[-77.23091,39.58658],[-77.23049,39.58677],[-77.23026,39.58684],[-77.22995,39.5869],[-77.22934,39.58696],[-77.22838,39.58695],[-77.22813,39.58693],[-77.22785,39.58695],[-77.22776,39.58697],[-77.22748,39.58711],[-77.22731,39.58726],[-77.22726,39.58734],[-77.22725,39.58753],[-77.22725,39.58767],[-77.22727,39.5878],[-77.22744,39.58807],[-77.22759,39.5882],[-77.22772,39.58828],[-77.22784,39.58832],[-77.22841,39.58843],[-77.22869,39.58851],[-77.22874,39.58851],[-77.22881,39.58854],[-77.22918,39.58862],[-77.22925,39.58866],[-77.2294,39.58867],[-77.22968,39.58875],[-77.22972,39.58878],[-77.2299,39.5888],[-77.23051,39.58897],[-77.23073,39.58902],[-77.23101,39.589],[-77.23119,39.58898],[-77.23128,39.58894],[-77.2317,39.58885],[-77.23216,39.58878],[-77.23253,39.58868],[-77.23277,39.58857],[-77.23297,39.58851],[-77.23331,39.58845],[-77.23349,39.58838],[-77.23394,39.58824],[-77.23443,39.58806],[-77.23489,39.58781],[-77.23507,39.58769],[-77.23526,39.58751],[-77.23553,39.58719],[-77.23577,39.58695],[-77.23592,39.58678],[-77.23616,39.58644],[-77.23651,39.5859],[-77.23678,39.58561],[-77.23729,39.58496],[-77.23762,39.58465],[-77.23779,39.58453],[-77.23801,39.5844],[-77.23818,39.58435],[-77.23834,39.58434],[-77.23854,39.58436],[-77.23864,39.58438],[-77.23871,39.58441],[-77.23884,39.58452],[-77.23894,39.58461],[-77.23901,39.58477],[-77.23905,39.58492],[-77.23906,39.58561],[-77.23899,39.58604],[-77.23907,39.58666],[-77.23906,39.58682],[-77.23909,39.58689],[-77.23853,39.58811],[-77.23849,39.58829],[-77.23849,39.58848],[-77.23856,39.58869],[-77.2387,39.58888],[-77.23878,39.58897],[-77.23957,39.58963],[-77.24013,39.58996],[-77.24043,39.59016],[-77.24052,39.5902],[-77.2406,39.59022],[-77.24063,39.59022],[-77.24099,39.59023],[-77.24115,39.59026],[-77.24136,39.59032],[-77.2416,39.59047],[-77.24192,39.59072],[-77.24217,39.59088],[-77.24253,39.59116],[-77.24255,39.59117],[-77.24327,39.59159],[-77.24456,39.59222],[-77.24512,39.59245],[-77.24521,39.59249],[-77.2457,39.59273],[-77.24589,39.59285],[-77.24625,39.59304],[-77.24678,39.59341],[-77.24716,39.59371],[-77.24768,39.59422],[-77.24792,39.59453],[-77.24805,39.59465],[-77.2484,39.59507],[-77.24856,39.59532],[-77.24883,39.59583],[-77.24886,39.59587],[-77.24913,39.59635],[-77.24929,39.59676],[-77.24953,39.5972],[-77.24971,39.5976],[-77.2498,39.59778],[-77.25003,39.59809],[-77.2502,39.59852],[-77.25023,39.59878],[-77.2502,39.59889],[-77.25015,39.599],[-77.25013,39.59908],[-77.24993,39.59941],[-77.2499,39.59955],[-77.2499,39.59971],[-77.25,39.60027],[-77.25025,39.60077],[-77.25038,39.60095],[-77.25068,39.60128],[-77.25083,39.60156],[-77.25085,39.60159],[-77.25095,39.60168],[-77.25132,39.60192],[-77.25135,39.60193],[-77.25149,39.602],[-77.25166,39.6021],[-77.25176,39.60213],[-77.252,39.60225],[-77.25233,39.60237],[-77.25288,39.60257],[-77.25348,39.60283],[-77.25353,39.60284],[-77.25366,39.60292],[-77.25381,39.60296],[-77.2541,39.60308],[-77.25426,39.60312],[-77.25468,39.60328],[-77.25489,39.60333],[-77.25511,39.60338],[-77.25539,39.60348],[-77.25559,39.60351],[-77.25564,39.60354],[-77.25577,39.60358],[-77.25651,39.60377],[-77.25677,39.60379],[-77.25697,39.60381],[-77.25706,39.60379],[-77.25748,39.60379],[-77.25801,39.60374],[-77.25826,39.6037],[-77.25846,39.60364],[-77.25871,39.60351],[-77.2589,39.6034],[-77.25897,39.60335],[-77.25904,39.6033],[-77.25927,39.60313],[-77.25963,39.60289],[-77.25972,39.60283],[-77.25983,39.60276],[-77.25996,39.60266],[-77.26016,39.60251],[-77.26028,39.6024],[-77.26042,39.60225],[-77.26046,39.60221],[-77.26054,39.60208],[-77.26058,39.60202],[-77.26061,39.60199],[-77.26061,39.60196],[-77.26064,39.60193],[-77.26066,39.6019],[-77.26067,39.60187],[-77.26076,39.60175],[-77.26076,39.60171],[-77.26079,39.60169],[-77.26082,39.60162],[-77.26085,39.6016],[-77.26089,39.60154],[-77.26092,39.60151],[-77.26098,39.60142],[-77.2611,39.60127],[-77.26124,39.60105],[-77.26126,39.60102],[-77.26149,39.60073],[-77.26156,39.60063],[-77.26157,39.6006],[-77.26166,39.60048],[-77.26171,39.60039],[-77.26171,39.60035],[-77.26175,39.60026],[-77.26177,39.60023],[-77.26177,39.6002],[-77.26181,39.60013],[-77.26181,39.6001],[-77.26184,39.6],[-77.26191,39.59983],[-77.26194,39.59977],[-77.262,39.5996],[-77.26203,39.59943],[-77.26204,39.59936],[-77.26201,39.59919],[-77.262,39.59916],[-77.26197,39.59914],[-77.26193,39.59901],[-77.26189,39.59891],[-77.26187,39.59887],[-77.26185,39.59881],[-77.26183,39.59875],[-77.2618,39.59869],[-77.26178,39.59862],[-77.26176,39.59855],[-77.26173,39.59849],[-77.2617,39.59832],[-77.26169,39.59828],[-77.26166,39.59811],[-77.26162,39.59801],[-77.26159,39.59795],[-77.26147,39.59765],[-77.26135,39.59713],[-77.26128,39.59694],[-77.26119,39.59678],[-77.26117,39.59675],[-77.26113,39.59673],[-77.26103,39.59662],[-77.26097,39.59656],[-77.26095,39.59653],[-77.26077,39.59637],[-77.26073,39.59635],[-77.26049,39.59614],[-77.2604,39.59606],[-77.26035,39.596],[-77.26032,39.59597],[-77.26028,39.59591],[-77.26025,39.59589],[-77.26017,39.59576],[-77.26014,39.59574],[-77.26012,39.59571],[-77.26011,39.59567],[-77.26008,39.59565],[-77.26003,39.59555],[-77.26001,39.59552],[-77.25991,39.5954],[-77.25988,39.59538],[-77.25982,39.59529],[-77.2598,39.59525],[-77.25975,39.5952],[-77.25969,39.5951],[-77.25964,39.59504],[-77.2596,39.59498],[-77.25956,39.59488],[-77.25955,39.59481],[-77.25955,39.59478],[-77.25954,39.59471],[-77.25954,39.5946],[-77.25955,39.59457],[-77.25955,39.5945],[-77.25956,39.59447],[-77.25961,39.59441],[-77.25969,39.59428],[-77.25976,39.59419],[-77.25986,39.59412],[-77.25997,39.59406],[-77.26001,39.59404],[-77.26009,39.59401],[-77.26027,39.59398],[-77.26036,39.59397],[-77.26059,39.59396],[-77.26074,39.59397],[-77.26083,39.59398],[-77.2612,39.59401],[-77.26143,39.59404],[-77.26174,39.59406],[-77.26202,39.59406],[-77.26225,39.59404],[-77.26235,39.59403],[-77.26253,39.59403],[-77.26263,39.59404],[-77.26276,39.59406],[-77.26292,39.59413],[-77.26308,39.5942],[-77.26315,39.59424],[-77.26325,39.59431],[-77.26349,39.59453],[-77.2637,39.59477],[-77.26376,39.59486],[-77.26381,39.59496],[-77.26387,39.59509],[-77.26391,39.59516],[-77.26394,39.59522],[-77.26395,39.59525],[-77.26403,39.59542],[-77.26406,39.59548],[-77.26418,39.59563],[-77.26431,39.59577],[-77.26436,39.59583],[-77.26445,39.59598],[-77.26453,39.59614],[-77.26456,39.59617],[-77.26462,39.59629],[-77.26467,39.59635],[-77.26468,39.59638],[-77.2647,39.5964],[-77.26478,39.5965],[-77.26479,39.59653],[-77.26484,39.59659],[-77.26491,39.59672],[-77.265,39.59683],[-77.265,39.59687],[-77.26503,39.59689],[-77.26506,39.59696],[-77.26508,39.59699],[-77.26509,39.59702],[-77.26515,39.59711],[-77.26519,39.59717],[-77.26525,39.59727],[-77.2653,39.59736],[-77.26531,39.5974],[-77.26534,39.59743],[-77.26538,39.59752],[-77.26538,39.59756],[-77.26542,39.59762],[-77.26547,39.59775],[-77.2655,39.59777],[-77.26551,39.59781],[-77.26555,39.59787],[-77.26555,39.5979],[-77.26565,39.59801],[-77.26566,39.59805],[-77.26569,39.59807],[-77.26571,39.5981],[-77.26573,39.59813],[-77.26576,39.59815],[-77.26584,39.59827],[-77.26588,39.59829],[-77.2659,39.59832],[-77.26598,39.5984],[-77.26602,39.59842],[-77.26607,39.59847],[-77.26611,39.59849],[-77.26616,39.59854],[-77.2662,39.59856],[-77.26629,39.59864],[-77.26632,39.59866],[-77.26642,39.59873],[-77.26683,39.59896],[-77.26687,39.59898],[-77.26722,39.59915],[-77.26724,39.59916],[-77.26739,39.59923],[-77.26749,39.59928],[-77.26761,39.59933],[-77.26766,39.59934],[-77.26781,39.59941],[-77.26785,39.59942],[-77.26786,39.59942],[-77.2679,39.59944],[-77.26793,39.59946],[-77.268,39.59949],[-77.26804,39.59949],[-77.26807,39.59952],[-77.26812,39.59952],[-77.26815,39.59954],[-77.26819,39.59956],[-77.26823,39.59956],[-77.26827,39.59959],[-77.26835,39.59961],[-77.26839,39.59963],[-77.26843,39.59963],[-77.26844,39.59963],[-77.26847,39.59965],[-77.26855,39.59966],[-77.26858,39.59968],[-77.26863,39.59969],[-77.26866,39.5997],[-77.26874,39.59972],[-77.26878,39.59974],[-77.26883,39.59974],[-77.26886,39.59976],[-77.2689,39.59976],[-77.26898,39.59979],[-77.26903,39.59979],[-77.26911,39.59981],[-77.26916,39.59982],[-77.2692,39.59983],[-77.26929,39.59985],[-77.26933,39.59986],[-77.26937,39.59986],[-77.26946,39.59988],[-77.26951,39.59988],[-77.26964,39.59992],[-77.26967,39.59994],[-77.26976,39.59996],[-77.2698,39.59998],[-77.26982,39.59998],[-77.26988,39.6],[-77.26992,39.60002],[-77.26997,39.60003],[-77.27001,39.60004],[-77.27015,39.60013],[-77.27022,39.60018],[-77.27025,39.6002],[-77.27028,39.60023],[-77.2703,39.60026],[-77.27033,39.60029],[-77.27036,39.60032],[-77.27039,39.60038],[-77.2704,39.60039],[-77.27041,39.60041],[-77.27042,39.60044],[-77.2705,39.60061],[-77.27056,39.6007],[-77.27059,39.60073],[-77.2706,39.60076],[-77.27065,39.60082],[-77.27069,39.60089],[-77.27073,39.60095],[-77.27077,39.60101],[-77.27078,39.60102],[-77.27079,39.60104],[-77.27082,39.60107],[-77.27087,39.60113],[-77.27092,39.60122],[-77.27092,39.60124],[-77.27093,39.60126],[-77.27091,39.6013],[-77.2709,39.60132],[-77.27092,39.60135],[-77.27093,39.60138],[-77.27092,39.60142],[-77.27086,39.60155],[-77.27066,39.60179],[-77.27039,39.60208],[-77.27032,39.60217],[-77.27028,39.60224],[-77.27019,39.60236],[-77.27013,39.60246],[-77.27012,39.60253],[-77.27009,39.6026],[-77.27006,39.60266],[-77.27002,39.6028],[-77.27,39.60287],[-77.26998,39.60294],[-77.26991,39.60311],[-77.26988,39.60317],[-77.26985,39.60325],[-77.26979,39.60352],[-77.26978,39.60362],[-77.26978,39.60366],[-77.26978,39.60373],[-77.26978,39.60375],[-77.26979,39.60381],[-77.26979,39.60387],[-77.26981,39.60396],[-77.26985,39.60406],[-77.26986,39.6041],[-77.26993,39.6043],[-77.26998,39.60466],[-77.27003,39.60487],[-77.27007,39.60497],[-77.2702,39.60524],[-77.27035,39.60546],[-77.27058,39.60573],[-77.27069,39.60584],[-77.27072,39.60587],[-77.27098,39.60602],[-77.2711,39.60608],[-77.2713,39.60616],[-77.27135,39.60618],[-77.27157,39.60622],[-77.27199,39.60626],[-77.27302,39.60629],[-77.2733,39.60627],[-77.27391,39.60624],[-77.27405,39.60624],[-77.27409,39.60624],[-77.27442,39.60622],[-77.27461,39.60621],[-77.2747,39.60621],[-77.27493,39.60619],[-77.27554,39.6062],[-77.27563,39.6062],[-77.27605,39.60623],[-77.27624,39.60625],[-77.27651,39.60631],[-77.2766,39.60633],[-77.27695,39.60643],[-77.27747,39.60659],[-77.27764,39.60664],[-77.278,39.60672],[-77.2784,39.60682],[-77.27863,39.60687],[-77.27904,39.60693],[-77.27918,39.60696],[-77.2795,39.60701],[-77.27968,39.60704],[-77.27986,39.60706],[-77.28014,39.60707],[-77.28029,39.60707],[-77.28056,39.60709],[-77.28104,39.6071],[-77.28164,39.60709],[-77.28192,39.60711],[-77.28243,39.60716],[-77.28299,39.60721],[-77.28321,39.60724],[-77.28366,39.60734],[-77.28397,39.60742],[-77.28415,39.60747],[-77.28423,39.6075],[-77.28445,39.60757],[-77.28472,39.60762],[-77.28486,39.60764],[-77.28531,39.60774],[-77.28549,39.60776],[-77.28568,39.60776],[-77.28582,39.60774],[-77.28608,39.60766],[-77.2862,39.60761],[-77.28628,39.60757],[-77.28631,39.60755],[-77.28675,39.60728],[-77.28683,39.60724],[-77.28695,39.60719],[-77.28699,39.60717],[-77.28708,39.60709],[-77.2872,39.60694],[-77.28722,39.6069],[-77.28724,39.60683],[-77.2873,39.60666],[-77.28735,39.60649],[-77.28735,39.60638],[-77.28735,39.60633],[-77.28737,39.6062],[-77.28738,39.60606],[-77.28738,39.60596],[-77.28737,39.60589],[-77.28733,39.60578],[-77.28731,39.60575],[-77.28724,39.60551],[-77.28719,39.60523],[-77.28726,39.60502],[-77.28732,39.60489],[-77.28735,39.60486],[-77.28745,39.60474],[-77.28772,39.60454],[-77.28775,39.60452],[-77.28786,39.60445],[-77.28794,39.60442],[-77.28802,39.60438],[-77.28811,39.60436],[-77.28819,39.60433],[-77.28833,39.60429],[-77.28846,39.60425],[-77.28872,39.60418],[-77.28886,39.60415],[-77.28904,39.60413],[-77.28913,39.60412],[-77.28927,39.60411],[-77.28941,39.60411],[-77.2895,39.60412],[-77.2896,39.60413],[-77.28964,39.60413],[-77.29,39.60422],[-77.29012,39.60427],[-77.29028,39.60434],[-77.29042,39.60444],[-77.29048,39.60449],[-77.29051,39.60451],[-77.29053,39.60455],[-77.29057,39.60462],[-77.29065,39.60472],[-77.29059,39.60476],[-77.29056,39.60479],[-77.29048,39.60487],[-77.29037,39.60503],[-77.29032,39.60513],[-77.29028,39.60531],[-77.29022,39.60544],[-77.29018,39.60563],[-77.29015,39.6058],[-77.29015,39.60593],[-77.29016,39.60595],[-77.29018,39.6061],[-77.29023,39.6064],[-77.29024,39.60647],[-77.29027,39.60654],[-77.2903,39.60664],[-77.29033,39.60667],[-77.29033,39.60668],[-77.29035,39.60671],[-77.29036,39.60672],[-77.29047,39.60686],[-77.29061,39.60701],[-77.29063,39.60703],[-77.29108,39.6074],[-77.29141,39.60769],[-77.29147,39.60775],[-77.29151,39.60781],[-77.29157,39.60787],[-77.2916,39.60792],[-77.29163,39.60797],[-77.29168,39.60806],[-77.29171,39.6081],[-77.29174,39.60812],[-77.29178,39.60817],[-77.29181,39.60819],[-77.29185,39.60824],[-77.2919,39.6083],[-77.29191,39.60833],[-77.29197,39.60843],[-77.29199,39.60846],[-77.29207,39.60855],[-77.29235,39.60879],[-77.29287,39.60925],[-77.29318,39.60956],[-77.29322,39.60959],[-77.29354,39.60988],[-77.29371,39.61005],[-77.29377,39.61011],[-77.29401,39.61033],[-77.29465,39.61085],[-77.29487,39.61098],[-77.29509,39.61112],[-77.29529,39.61121],[-77.29538,39.61123],[-77.2955,39.61128],[-77.29573,39.6114],[-77.29578,39.61142],[-77.29592,39.61143],[-77.29623,39.6115],[-77.29728,39.61169],[-77.29783,39.61178],[-77.29797,39.61181],[-77.29815,39.61184],[-77.29846,39.6119],[-77.29856,39.61191],[-77.29887,39.61198],[-77.29905,39.61203],[-77.29956,39.61221],[-77.29977,39.61228],[-77.29993,39.61236],[-77.30015,39.61249],[-77.30026,39.61256],[-77.30033,39.6126],[-77.3004,39.61264],[-77.30045,39.61269],[-77.30073,39.61288],[-77.30105,39.61308],[-77.3013,39.61325],[-77.30143,39.61335],[-77.30163,39.61355],[-77.30191,39.61388],[-77.30202,39.61404],[-77.30207,39.6141],[-77.30217,39.61421],[-77.30219,39.61425],[-77.30244,39.61455],[-77.30277,39.61495],[-77.30282,39.615],[-77.30325,39.61551],[-77.30335,39.61563],[-77.3035,39.61581],[-77.30355,39.61587],[-77.30373,39.61603],[-77.30403,39.61626],[-77.30418,39.61635],[-77.3043,39.61641],[-77.30438,39.61644],[-77.30459,39.61651],[-77.30472,39.61656],[-77.30479,39.6166],[-77.30498,39.61671],[-77.30518,39.61685],[-77.30531,39.61696],[-77.30553,39.61714],[-77.30556,39.61717],[-77.30562,39.61722],[-77.30586,39.61744],[-77.30598,39.61755],[-77.30611,39.61764],[-77.30627,39.61778],[-77.30633,39.61783],[-77.30648,39.61797],[-77.30661,39.61812],[-77.30665,39.61818],[-77.30683,39.61839],[-77.30723,39.61878],[-77.30731,39.61887],[-77.30738,39.61896],[-77.30741,39.61903],[-77.30742,39.61907],[-77.30742,39.6191],[-77.30731,39.61941],[-77.30728,39.61952],[-77.30723,39.61961],[-77.30712,39.61977],[-77.30709,39.6198],[-77.30696,39.61999],[-77.30693,39.62002],[-77.30679,39.62011],[-77.30667,39.62017],[-77.3066,39.6202],[-77.30626,39.62033],[-77.30609,39.62038],[-77.30568,39.62047],[-77.30564,39.62048],[-77.30545,39.62051],[-77.30518,39.62054],[-77.30485,39.62057],[-77.30476,39.62058],[-77.30449,39.62064],[-77.3044,39.62067],[-77.30431,39.62069],[-77.30423,39.62073],[-77.30393,39.62083],[-77.30348,39.62093],[-77.30321,39.62098],[-77.30279,39.62102],[-77.30255,39.62102],[-77.30241,39.62104],[-77.30223,39.62107],[-77.3021,39.6211],[-77.30179,39.6212],[-77.30168,39.62126],[-77.3015,39.62138],[-77.30147,39.6214],[-77.30129,39.62162],[-77.30117,39.62177],[-77.30109,39.62189],[-77.30101,39.62198],[-77.30096,39.62204],[-77.30076,39.62224],[-77.30061,39.62238],[-77.30044,39.62259],[-77.30038,39.62264],[-77.29995,39.62297],[-77.29977,39.62313],[-77.29974,39.62316],[-77.29956,39.62337],[-77.29954,39.62341],[-77.29951,39.62347],[-77.29949,39.62358],[-77.29948,39.62361],[-77.29952,39.62386],[-77.29954,39.62393],[-77.29964,39.62413],[-77.29979,39.62439],[-77.29992,39.62454],[-77.3,39.62463],[-77.30018,39.62483],[-77.30032,39.62498],[-77.30055,39.62516],[-77.30067,39.62522],[-77.30117,39.62547],[-77.30141,39.62559],[-77.30154,39.62564],[-77.30178,39.62574],[-77.30191,39.62578],[-77.30205,39.62582],[-77.3024,39.6259],[-77.30286,39.62599],[-77.30295,39.626],[-77.303,39.626],[-77.3031,39.62602],[-77.30329,39.62604],[-77.3039,39.62606],[-77.30432,39.62609],[-77.30441,39.6261],[-77.30477,39.6262],[-77.30502,39.62628],[-77.3051,39.62632],[-77.30535,39.62642],[-77.30562,39.62656],[-77.30572,39.62664],[-77.3059,39.6268],[-77.30606,39.62702],[-77.30618,39.62717],[-77.30629,39.62728],[-77.3064,39.62736],[-77.30651,39.62742],[-77.30655,39.62744],[-77.30659,39.62746],[-77.30672,39.6275],[-77.30688,39.62757],[-77.307,39.62762],[-77.30726,39.62778],[-77.30733,39.62782],[-77.30753,39.62797],[-77.30778,39.62818],[-77.30791,39.62833],[-77.30802,39.62848],[-77.30807,39.62854],[-77.30816,39.62871],[-77.30822,39.6288],[-77.30846,39.62915],[-77.30871,39.62957],[-77.30898,39.6299],[-77.30921,39.63022],[-77.30931,39.63038],[-77.30953,39.6307],[-77.30956,39.63076],[-77.30967,39.63111],[-77.30969,39.63121],[-77.30971,39.63139],[-77.30971,39.63142],[-77.3097,39.63153],[-77.30969,39.63171],[-77.30964,39.63196],[-77.30963,39.63207],[-77.30963,39.63214],[-77.30961,39.63228],[-77.3096,39.63238],[-77.30959,39.6326],[-77.30961,39.63292],[-77.3096,39.63342],[-77.30961,39.63352],[-77.30964,39.63367],[-77.30966,39.63381],[-77.30976,39.63441],[-77.30976,39.63444],[-77.30979,39.63476],[-77.30981,39.63494],[-77.30981,39.63522],[-77.30981,39.63533],[-77.30977,39.63575],[-77.30977,39.63584],[-77.30977,39.63586],[-77.30977,39.63597],[-77.30977,39.63614],[-77.30987,39.63652],[-77.3099,39.63663],[-77.30999,39.63683],[-77.31002,39.6369],[-77.31019,39.63711],[-77.31022,39.63714],[-77.31032,39.63721],[-77.31056,39.63738],[-77.31074,39.63749],[-77.31085,39.63756],[-77.31107,39.63775],[-77.31125,39.63791],[-77.31135,39.63803],[-77.31147,39.63822],[-77.31148,39.63826],[-77.31151,39.63832],[-77.31153,39.63839],[-77.31155,39.63861],[-77.31156,39.63875],[-77.31154,39.639],[-77.31151,39.63914],[-77.31148,39.63924],[-77.31144,39.63938],[-77.31138,39.63952],[-77.31129,39.63964],[-77.31123,39.63969],[-77.31116,39.63973],[-77.311,39.63981],[-77.31077,39.63993],[-77.31059,39.64004],[-77.31034,39.6402],[-77.31007,39.64035],[-77.30972,39.64052],[-77.3097,39.64053],[-77.30968,39.64054],[-77.30954,39.64058],[-77.30927,39.64063],[-77.30918,39.64064],[-77.309,39.64068],[-77.30857,39.64082],[-77.30835,39.64088],[-77.30825,39.64089],[-77.30803,39.64093],[-77.30784,39.64095],[-77.3077,39.64097],[-77.30753,39.64102],[-77.30744,39.64105],[-77.30717,39.64111],[-77.30708,39.64112],[-77.30685,39.64111],[-77.30666,39.64109],[-77.30628,39.64108],[-77.30601,39.64104],[-77.30575,39.64096],[-77.30535,39.64085],[-77.30508,39.6408],[-77.30499,39.64077],[-77.3049,39.64074],[-77.30482,39.64072],[-77.30477,39.64071],[-77.30472,39.6407],[-77.30468,39.64068],[-77.30438,39.64058],[-77.30434,39.64057],[-77.30421,39.64054],[-77.30411,39.64052],[-77.3039,39.64049],[-77.30381,39.64049],[-77.30358,39.64047],[-77.3033,39.64042],[-77.30308,39.64036],[-77.30273,39.64025],[-77.3026,39.64021],[-77.30253,39.64019],[-77.30245,39.64016],[-77.30236,39.64013],[-77.30228,39.64009],[-77.30215,39.64004],[-77.30147,39.63981],[-77.30138,39.63978],[-77.30126,39.63973],[-77.30109,39.63968],[-77.30095,39.63964],[-77.30078,39.63958],[-77.30061,39.63953],[-77.30052,39.63951],[-77.30039,39.63945],[-77.30023,39.63939],[-77.30006,39.63933],[-77.29998,39.63929],[-77.29975,39.63917],[-77.29964,39.6391],[-77.2996,39.63908],[-77.29927,39.63889],[-77.29913,39.6388],[-77.2989,39.63862],[-77.2988,39.63854],[-77.29878,39.63851],[-77.29866,39.6384],[-77.29843,39.63814],[-77.2984,39.63807],[-77.29836,39.63801],[-77.29825,39.63781],[-77.29824,39.63778],[-77.29821,39.63763],[-77.29821,39.63749],[-77.29821,39.63742],[-77.29833,39.63693],[-77.29836,39.63661],[-77.29837,39.63654],[-77.29836,39.63636],[-77.29833,39.63619],[-77.29826,39.63602],[-77.2982,39.63588],[-77.29808,39.63565],[-77.29804,39.63559],[-77.29769,39.63512],[-77.29754,39.63494],[-77.29745,39.63486],[-77.29729,39.63473],[-77.29708,39.63458],[-77.29687,39.63445],[-77.29661,39.63432],[-77.29659,39.63431],[-77.29617,39.63409],[-77.29583,39.63389],[-77.29566,39.63377],[-77.29554,39.63366],[-77.29548,39.6336],[-77.2952,39.63323],[-77.29518,39.6332],[-77.29512,39.63307],[-77.29494,39.63278],[-77.29497,39.63261],[-77.29497,39.63257],[-77.29493,39.63236],[-77.29486,39.63219],[-77.29481,39.63209],[-77.29472,39.63197],[-77.29468,39.63191],[-77.29465,39.63188],[-77.29447,39.63172],[-77.29444,39.6317],[-77.29431,39.6316],[-77.29427,39.63158],[-77.2942,39.63154],[-77.294,39.6314],[-77.29378,39.63128],[-77.29362,39.63121],[-77.29359,39.63118],[-77.29354,39.63117],[-77.29347,39.63113],[-77.29344,39.63112],[-77.2934,39.6311],[-77.29323,39.63103],[-77.29292,39.63095],[-77.29279,39.63093],[-77.29274,39.63092],[-77.29265,39.6309],[-77.2923,39.63085],[-77.29225,39.63084],[-77.29216,39.63082],[-77.29212,39.63082],[-77.29203,39.6308],[-77.29186,39.63074],[-77.29174,39.63068],[-77.29167,39.63065],[-77.29163,39.63063],[-77.29159,39.63061],[-77.2915,39.63058],[-77.29146,39.63058],[-77.29132,39.63061],[-77.29123,39.63063],[-77.29111,39.63061],[-77.29107,39.6306],[-77.29093,39.63059],[-77.29061,39.63057],[-77.29047,39.63059],[-77.29038,39.63059],[-77.29028,39.63059],[-77.28991,39.63062],[-77.28986,39.63063],[-77.28982,39.63062],[-77.28963,39.63062],[-77.2896,39.63062],[-77.28944,39.63063],[-77.28916,39.63065],[-77.28869,39.63067],[-77.28841,39.63068],[-77.28838,39.63068],[-77.28827,39.6307],[-77.28809,39.63071],[-77.28795,39.63072],[-77.2879,39.63073],[-77.28767,39.63075],[-77.28749,39.63077],[-77.28734,39.63077],[-77.2873,39.63077],[-77.28721,39.63078],[-77.28707,39.6308],[-77.28679,39.6308],[-77.28627,39.63084],[-77.28576,39.63086],[-77.28557,39.63085],[-77.28501,39.63088],[-77.28431,39.63091],[-77.28422,39.63092],[-77.2842,39.63092],[-77.28384,39.63092],[-77.28315,39.63085],[-77.2831,39.63085],[-77.28277,39.63083],[-77.28258,39.63084],[-77.28235,39.63084],[-77.28216,39.63085],[-77.28198,39.63086],[-77.28188,39.63085],[-77.28142,39.63084],[-77.28132,39.63083],[-77.2809,39.63081],[-77.28067,39.63079],[-77.28058,39.63079],[-77.28039,39.63078],[-77.2802,39.63078],[-77.27997,39.63078],[-77.27969,39.63081],[-77.27957,39.63082],[-77.27909,39.63088],[-77.27854,39.63097],[-77.2784,39.631],[-77.27827,39.63102],[-77.27817,39.63104],[-77.27782,39.63114],[-77.27764,39.63117],[-77.2772,39.63129],[-77.27704,39.63136],[-77.27696,39.6314],[-77.27692,39.63142],[-77.27674,39.63152],[-77.27629,39.63172],[-77.27617,39.63178],[-77.27607,39.63185],[-77.27597,39.63193],[-77.27589,39.63202],[-77.27583,39.63211],[-77.27575,39.63228],[-77.27575,39.63232],[-77.27574,39.63239],[-77.27576,39.63246],[-77.27585,39.63266],[-77.27587,39.63269],[-77.27596,39.63281],[-77.27605,39.63294],[-77.2762,39.63312],[-77.27625,39.63318],[-77.2763,39.63322],[-77.27657,39.63347],[-77.27667,39.63354],[-77.27689,39.63373],[-77.27736,39.63417],[-77.27743,39.63426],[-77.27745,39.63429],[-77.27748,39.63432],[-77.2775,39.63434],[-77.27763,39.6345],[-77.27767,39.63457],[-77.27774,39.63466],[-77.27795,39.63489],[-77.27816,39.63509],[-77.27871,39.63552],[-77.27884,39.63562],[-77.27905,39.63581],[-77.27908,39.63584],[-77.27918,39.636],[-77.27919,39.63603],[-77.27922,39.63617],[-77.27922,39.63628],[-77.27917,39.63642],[-77.2791,39.63659],[-77.27894,39.63688],[-77.27888,39.63698],[-77.27884,39.63704],[-77.27874,39.63716],[-77.27867,39.63722],[-77.27862,39.63727],[-77.27854,39.63736],[-77.27842,39.63751],[-77.27831,39.63767],[-77.27806,39.63801],[-77.27795,39.63813],[-77.2778,39.63831],[-77.27746,39.63869],[-77.27726,39.63889],[-77.27703,39.63906],[-77.277,39.63909],[-77.27693,39.63914],[-77.27687,39.63919],[-77.27673,39.63929],[-77.27638,39.63947],[-77.2763,39.6395],[-77.27614,39.63958],[-77.27608,39.63963],[-77.27595,39.63966],[-77.27574,39.63972],[-77.27549,39.63981],[-77.27544,39.63983],[-77.27531,39.63986],[-77.27499,39.63993],[-77.2749,39.63994],[-77.2744,39.64002],[-77.27422,39.64006],[-77.27401,39.64014],[-77.27385,39.64021],[-77.27365,39.64031],[-77.27351,39.64037],[-77.27341,39.64042],[-77.27296,39.64059],[-77.27289,39.64063],[-77.27248,39.64077],[-77.27241,39.6408],[-77.27232,39.64082],[-77.27203,39.64094],[-77.27191,39.641],[-77.27178,39.6411],[-77.27166,39.64121],[-77.27156,39.64133],[-77.2715,39.64143],[-77.27146,39.64149],[-77.27138,39.64166],[-77.27133,39.64179],[-77.2713,39.64186],[-77.27129,39.64189],[-77.27127,39.642],[-77.27127,39.64211],[-77.27129,39.64218],[-77.27143,39.64245],[-77.27153,39.6426],[-77.27167,39.64278],[-77.27192,39.64305],[-77.27199,39.64314],[-77.27237,39.64354],[-77.27265,39.64379],[-77.27271,39.64384],[-77.273,39.64407],[-77.27309,39.64415],[-77.27311,39.64418],[-77.27315,39.64421],[-77.2732,39.64427],[-77.27334,39.64441],[-77.27344,39.64453],[-77.2737,39.64478],[-77.27405,39.64511],[-77.27416,39.64523],[-77.2744,39.64545],[-77.27463,39.64563],[-77.27494,39.64585],[-77.27501,39.6459],[-77.27511,39.64597],[-77.2753,39.64613],[-77.27541,39.64626],[-77.27545,39.6463],[-77.27547,39.64634],[-77.27558,39.64661],[-77.27559,39.64668],[-77.2756,39.64675],[-77.27562,39.64688],[-77.27562,39.64713],[-77.27561,39.6472],[-77.27556,39.64733],[-77.27546,39.64749],[-77.27514,39.64789],[-77.27497,39.64814],[-77.27479,39.64839],[-77.27453,39.64869],[-77.27444,39.64877],[-77.27432,39.64892],[-77.27418,39.64907],[-77.27399,39.64927],[-77.27395,39.64934],[-77.27374,39.64966],[-77.27369,39.64976],[-77.2736,39.64988],[-77.27328,39.65027],[-77.27309,39.65056],[-77.273,39.65072],[-77.27298,39.65079],[-77.27278,39.65115],[-77.27262,39.65137],[-77.27255,39.65146],[-77.27249,39.65151],[-77.27247,39.65155],[-77.27241,39.6516],[-77.27229,39.6517],[-77.27181,39.65205],[-77.27154,39.65224],[-77.27123,39.65251],[-77.27107,39.65264],[-77.27092,39.65278],[-77.27073,39.65294],[-77.27046,39.65313],[-77.27035,39.6532],[-77.27014,39.65335],[-77.26988,39.65354],[-77.26981,39.65359],[-77.26964,39.65366],[-77.2693,39.65378],[-77.26899,39.65385],[-77.26869,39.65394],[-77.26864,39.65395],[-77.26855,39.65398],[-77.26819,39.65406],[-77.26802,39.65412],[-77.26794,39.65414],[-77.26785,39.65416],[-77.26772,39.6542],[-77.2673,39.65436],[-77.26724,39.65439],[-77.26717,39.65441],[-77.26705,39.65446],[-77.26698,39.6545],[-77.26694,39.65452],[-77.26692,39.65453],[-77.26689,39.65454],[-77.26677,39.6546],[-77.26673,39.65463],[-77.26656,39.65474],[-77.26643,39.65483],[-77.26639,39.65486],[-77.26623,39.65499],[-77.26615,39.65507],[-77.26583,39.65543],[-77.26572,39.65554],[-77.26571,39.65558],[-77.26556,39.65579],[-77.26547,39.65592],[-77.26541,39.65606],[-77.26536,39.65615],[-77.26534,39.65618],[-77.26532,39.65622],[-77.26531,39.65626],[-77.2653,39.6563],[-77.26528,39.65633],[-77.26524,39.65647],[-77.26517,39.65674],[-77.26513,39.65695],[-77.26511,39.65713],[-77.26511,39.65731],[-77.26512,39.65745],[-77.26514,39.65773],[-77.26522,39.65815],[-77.26525,39.65829],[-77.26533,39.65855],[-77.26542,39.65884],[-77.26549,39.65901],[-77.26552,39.65908],[-77.2656,39.65928],[-77.26562,39.65935],[-77.26573,39.65966],[-77.26588,39.66004],[-77.26599,39.66027],[-77.26603,39.66034],[-77.26614,39.66049],[-77.26622,39.66058],[-77.26629,39.66067],[-77.26642,39.66086],[-77.26654,39.6611],[-77.26658,39.66123],[-77.2666,39.66141],[-77.2666,39.66148],[-77.26658,39.66155],[-77.26659,39.66159],[-77.26657,39.66165],[-77.26654,39.66176],[-77.26652,39.66182],[-77.26642,39.66202],[-77.26636,39.66212],[-77.26624,39.66227],[-77.26613,39.66238],[-77.26594,39.66253],[-77.26565,39.66276],[-77.26562,39.66279],[-77.26542,39.66297],[-77.26536,39.66303],[-77.26531,39.66308],[-77.26521,39.6632],[-77.26509,39.66339],[-77.26498,39.66354],[-77.26488,39.66362],[-77.26469,39.66376],[-77.26461,39.6638],[-77.26446,39.66388],[-77.26438,39.66392],[-77.26413,39.66402],[-77.26376,39.66416],[-77.26361,39.66424],[-77.26339,39.66436],[-77.26329,39.66442],[-77.26327,39.66445],[-77.26323,39.66447],[-77.26317,39.66452],[-77.26313,39.66454],[-77.26307,39.66459],[-77.26301,39.66464],[-77.26277,39.6648],[-77.26267,39.66487],[-77.26245,39.665],[-77.26215,39.66517],[-77.2621,39.66518],[-77.26201,39.66519],[-77.26187,39.66518],[-77.2617,39.66514],[-77.26162,39.66511],[-77.26139,39.66499],[-77.26133,39.66495],[-77.26122,39.66489],[-77.26117,39.66487],[-77.2611,39.66483],[-77.26104,39.66479],[-77.2608,39.66468],[-77.26046,39.66457],[-77.26042,39.66456],[-77.26033,39.66453],[-77.25991,39.66438],[-77.25986,39.66437],[-77.25973,39.66433],[-77.25952,39.66427],[-77.25943,39.66426],[-77.2593,39.66422],[-77.25917,39.66418],[-77.25909,39.66415],[-77.25892,39.66409],[-77.2588,39.66404],[-77.25851,39.66393],[-77.25828,39.66382],[-77.25806,39.66373],[-77.25782,39.66364],[-77.25769,39.66359],[-77.2576,39.66358],[-77.25739,39.66351],[-77.25735,39.66349],[-77.25726,39.66348],[-77.25713,39.66344],[-77.25696,39.66339],[-77.25678,39.66335],[-77.2567,39.66333],[-77.25661,39.66331],[-77.25656,39.6633],[-77.25639,39.66326],[-77.25634,39.66324],[-77.25625,39.66322],[-77.25612,39.6632],[-77.25602,39.66319],[-77.25593,39.66319],[-77.25584,39.66321],[-77.25576,39.66325],[-77.25561,39.66334],[-77.25545,39.66347],[-77.25529,39.66365],[-77.25524,39.66371],[-77.2552,39.66381],[-77.2552,39.66384],[-77.25514,39.66402],[-77.25512,39.66412],[-77.25508,39.66437],[-77.25507,39.66458],[-77.25514,39.66529],[-77.25513,39.66543],[-77.25507,39.66582],[-77.25506,39.66596],[-77.25506,39.66599],[-77.25505,39.66617],[-77.25506,39.66645],[-77.25505,39.66663],[-77.25504,39.66677],[-77.25504,39.66684],[-77.25499,39.66708],[-77.25495,39.66719],[-77.25491,39.66728],[-77.25488,39.66731],[-77.25478,39.66744],[-77.25467,39.66755],[-77.25461,39.6676],[-77.25435,39.66776],[-77.25423,39.66782],[-77.25407,39.66788],[-77.25393,39.66791],[-77.25375,39.66794],[-77.25329,39.668],[-77.25319,39.668],[-77.25292,39.66798],[-77.25273,39.66795],[-77.25241,39.66793],[-77.25208,39.66789],[-77.25199,39.66789],[-77.25172,39.66782],[-77.25152,39.66775],[-77.25139,39.6677],[-77.25102,39.66756],[-77.25076,39.66749],[-77.25058,39.66745],[-77.25049,39.66744],[-77.25012,39.66741],[-77.2497,39.66742],[-77.24928,39.66748],[-77.24915,39.66752],[-77.24911,39.66754],[-77.24891,39.66768],[-77.24887,39.6677],[-77.24883,39.66772],[-77.24871,39.66778],[-77.24838,39.66798],[-77.24823,39.66806],[-77.24807,39.66813],[-77.24799,39.66817],[-77.2478,39.66827],[-77.24771,39.66829],[-77.24757,39.66832],[-77.24753,39.66832],[-77.24729,39.66832],[-77.24724,39.66832],[-77.24706,39.66836],[-77.24698,39.66839],[-77.24691,39.66844],[-77.24682,39.66852],[-77.24672,39.6686],[-77.24668,39.66862],[-77.24665,39.66865],[-77.24658,39.66869],[-77.24655,39.66872],[-77.24652,39.66875],[-77.24646,39.6688],[-77.24638,39.66884],[-77.24634,39.66886],[-77.24622,39.66891],[-77.24599,39.66895],[-77.2459,39.66897],[-77.24585,39.66898],[-77.24581,39.669],[-77.24574,39.66904],[-77.24564,39.66911],[-77.24561,39.66914],[-77.24558,39.66917],[-77.24553,39.66923],[-77.24542,39.6693],[-77.24536,39.66935],[-77.24533,39.66937],[-77.2452,39.66948],[-77.24516,39.6695],[-77.24507,39.66958],[-77.24503,39.6696],[-77.24498,39.66961],[-77.24487,39.66959],[-77.24476,39.66959],[-77.24468,39.66959],[-77.24449,39.66961],[-77.24441,39.66964],[-77.24437,39.66966],[-77.24428,39.66969],[-77.24424,39.6697],[-77.2441,39.66974],[-77.24402,39.66976],[-77.24388,39.66978],[-77.24377,39.6698],[-77.24372,39.6698],[-77.24363,39.66981],[-77.24345,39.66986],[-77.24319,39.66993],[-77.24306,39.66998],[-77.24302,39.67],[-77.24296,39.67005],[-77.24276,39.67023],[-77.2426,39.67036],[-77.24233,39.6706],[-77.24187,39.67096],[-77.24177,39.67108],[-77.24167,39.6712],[-77.24156,39.67131],[-77.24154,39.67134],[-77.24146,39.67142],[-77.24143,39.67145],[-77.24134,39.67153],[-77.24125,39.67161],[-77.24098,39.67185],[-77.24087,39.67197],[-77.24072,39.6721],[-77.24061,39.67216],[-77.24056,39.67218],[-77.24048,39.67222],[-77.24041,39.67226],[-77.24032,39.67234],[-77.23973,39.67285],[-77.23952,39.673],[-77.23941,39.67306],[-77.23929,39.67311],[-77.23909,39.6732],[-77.23901,39.67323],[-77.23891,39.67325],[-77.23887,39.67326],[-77.23883,39.67327],[-77.23846,39.67333],[-77.23842,39.67334],[-77.23834,39.67338],[-77.23827,39.67343],[-77.23819,39.67351],[-77.2381,39.67364],[-77.23807,39.67371],[-77.23797,39.67382],[-77.23787,39.6739],[-77.23748,39.67415],[-77.23728,39.67426],[-77.23712,39.67432],[-77.23704,39.67436],[-77.23693,39.67443],[-77.23684,39.67451],[-77.23679,39.67457],[-77.2367,39.67469],[-77.23667,39.67476],[-77.23663,39.67493],[-77.23656,39.6751],[-77.23649,39.67519],[-77.23644,39.67525],[-77.23633,39.67541],[-77.2363,39.67547],[-77.23628,39.6755],[-77.23624,39.67556],[-77.23622,39.6756],[-77.23612,39.67579],[-77.23605,39.67592],[-77.23601,39.67598],[-77.23594,39.67607],[-77.23582,39.67618],[-77.23574,39.67627],[-77.23563,39.67639],[-77.23556,39.67644],[-77.23531,39.67664],[-77.23525,39.67671],[-77.2352,39.67676],[-77.23499,39.67695],[-77.23487,39.67705],[-77.23469,39.67722],[-77.23464,39.67728],[-77.23459,39.67734],[-77.23456,39.6774],[-77.23454,39.67743],[-77.23447,39.6776],[-77.23435,39.67802],[-77.23431,39.6782],[-77.23432,39.67834],[-77.23435,39.67859],[-77.23435,39.67866],[-77.23435,39.6788],[-77.23437,39.67891],[-77.23438,39.67901],[-77.23441,39.67905],[-77.23443,39.67909],[-77.23445,39.67916],[-77.23446,39.67918],[-77.23447,39.67921],[-77.23447,39.67923],[-77.23455,39.67936],[-77.2347,39.67954],[-77.23476,39.67959],[-77.23489,39.67969],[-77.23507,39.67981],[-77.23549,39.68003],[-77.23559,39.6801],[-77.23591,39.68032],[-77.23612,39.68051],[-77.23625,39.68066],[-77.23635,39.6809],[-77.23637,39.681],[-77.23637,39.68107],[-77.23637,39.68111],[-77.23637,39.68118],[-77.23636,39.68122],[-77.2363,39.68135],[-77.23628,39.68142],[-77.23625,39.68148],[-77.23622,39.68155],[-77.23612,39.68182],[-77.2361,39.68189],[-77.23603,39.68214],[-77.23602,39.68224],[-77.23603,39.68242],[-77.23608,39.68267],[-77.23607,39.68281],[-77.23594,39.68319],[-77.23591,39.68329],[-77.23586,39.68354],[-77.23585,39.68386],[-77.23585,39.68404],[-77.23589,39.68432],[-77.23591,39.6845],[-77.2359,39.68468],[-77.23594,39.685],[-77.23594,39.68507],[-77.23596,39.68521],[-77.23601,39.68538],[-77.23604,39.68545],[-77.23615,39.68565],[-77.23618,39.68568],[-77.23636,39.68584],[-77.23641,39.6859],[-77.23652,39.68602],[-77.23681,39.68625],[-77.23696,39.68633],[-77.23717,39.68641],[-77.23735,39.68646],[-77.23782,39.68663],[-77.23825,39.68676],[-77.23842,39.68682],[-77.23854,39.68688],[-77.23866,39.68693],[-77.23906,39.68718],[-77.23916,39.68726],[-77.23941,39.68747],[-77.23943,39.6875],[-77.23969,39.68775],[-77.23983,39.68789],[-77.23999,39.68807],[-77.24024,39.68833],[-77.2404,39.68858],[-77.2405,39.68874],[-77.24053,39.68881],[-77.24077,39.6892],[-77.24096,39.6894],[-77.24118,39.68958],[-77.24178,39.68999],[-77.24203,39.69014],[-77.24238,39.69038],[-77.24242,39.6904],[-77.24283,39.69058],[-77.24291,39.69061],[-77.24308,39.69067],[-77.24321,39.69071],[-77.24326,39.69071],[-77.2434,39.69071],[-77.2435,39.6907],[-77.24363,39.69071],[-77.24373,39.69073],[-77.24377,39.69074],[-77.24389,39.6908],[-77.244,39.69087],[-77.24405,39.69092],[-77.24415,39.69104],[-77.24421,39.69114],[-77.24434,39.69137],[-77.24435,39.6914],[-77.24439,39.69158],[-77.24443,39.69168],[-77.24444,39.69175],[-77.24446,39.692],[-77.24446,39.69214],[-77.24445,39.69225],[-77.24444,39.69228],[-77.24422,39.69267],[-77.24415,39.69284],[-77.24404,39.69308],[-77.24393,39.69326],[-77.24392,39.69327],[-77.24378,39.69346],[-77.2437,39.69358],[-77.24367,39.69365],[-77.24366,39.69372],[-77.24359,39.69396],[-77.24357,39.69411],[-77.24355,39.69417],[-77.24352,39.69424],[-77.2435,39.69431],[-77.24344,39.69448],[-77.24338,39.69457],[-77.24327,39.69473],[-77.24306,39.69496],[-77.24299,39.69501],[-77.24295,39.69503],[-77.24277,39.69514],[-77.24261,39.69521],[-77.24257,39.69523],[-77.2425,39.69526],[-77.24246,39.69528],[-77.24238,39.69531],[-77.24225,39.69534],[-77.24216,39.69536],[-77.24206,39.69536],[-77.24193,39.69539],[-77.24158,39.69549],[-77.24145,39.69553],[-77.24136,39.69555],[-77.24123,39.69558],[-77.24105,39.69561],[-77.24069,39.69569],[-77.24055,39.6957],[-77.24017,39.6957],[-77.24003,39.6957],[-77.2398,39.69569],[-77.23966,39.69567],[-77.23939,39.69561],[-77.23904,39.69551],[-77.23896,39.69548],[-77.23857,39.69529],[-77.23844,39.69524],[-77.23835,39.69522],[-77.2381,39.69513],[-77.23789,39.69505],[-77.23782,39.69501],[-77.23762,39.69492],[-77.23749,39.69487],[-77.23724,39.69478],[-77.23702,39.69472],[-77.23688,39.6947],[-77.23665,39.69468],[-77.23651,39.69468],[-77.23637,39.69468],[-77.23594,39.69468],[-77.23557,39.69465],[-77.23524,39.69463],[-77.23501,39.69463],[-77.23473,39.69463],[-77.23459,39.69463],[-77.2345,39.69463],[-77.23415,39.69464],[-77.23354,39.69464],[-77.23335,39.69463],[-77.23321,39.69462],[-77.23312,39.69461],[-77.23265,39.6946],[-77.23261,39.6946],[-77.23247,39.69459],[-77.23223,39.69457],[-77.232,39.69456],[-77.23186,39.69453],[-77.23178,39.69451],[-77.23169,39.69449],[-77.23142,39.69444],[-77.23128,39.69443],[-77.23118,39.69443],[-77.23086,39.69441],[-77.23067,39.6944],[-77.23006,39.69439],[-77.22936,39.69432],[-77.22927,39.69431],[-77.22923,39.69429],[-77.22916,39.69425],[-77.22906,39.69421],[-77.22899,39.69419],[-77.22887,39.69413],[-77.22853,39.69401],[-77.22836,39.69395],[-77.22823,39.69392],[-77.22791,39.69387],[-77.22768,39.69382],[-77.22736,39.69381],[-77.22731,39.69381],[-77.22722,39.69381],[-77.22712,39.69382],[-77.22685,39.69387],[-77.22671,39.69389],[-77.22653,39.69391],[-77.22648,39.6939],[-77.2263,39.69386],[-77.22615,39.69386],[-77.2261,39.69386],[-77.22606,39.69385],[-77.22597,39.69384],[-77.22583,39.69386],[-77.22574,39.69389],[-77.22562,39.69394],[-77.22505,39.69418],[-77.22501,39.6942],[-77.22489,39.69425],[-77.22484,39.69426],[-77.22466,39.6943],[-77.22439,39.69433],[-77.2243,39.69434],[-77.22423,39.69436],[-77.22412,39.69439],[-77.22408,39.69441],[-77.22393,39.69448],[-77.22385,39.69453],[-77.22374,39.69459],[-77.22366,39.69462],[-77.22358,39.69466],[-77.22318,39.69476],[-77.22305,39.69479],[-77.22268,39.69485],[-77.22246,39.6949],[-77.22219,39.69497],[-77.22211,39.695],[-77.22207,39.69501],[-77.22181,39.69509],[-77.22139,39.69525],[-77.22102,39.69539],[-77.22075,39.69545],[-77.22062,39.69548],[-77.22057,39.69549],[-77.2204,39.69553],[-77.22018,39.69559],[-77.21988,39.69568],[-77.21953,39.69578],[-77.21936,39.69584],[-77.21923,39.69587],[-77.21919,39.69588],[-77.21914,39.6959],[-77.21902,39.69595],[-77.21886,39.69602],[-77.21873,39.69607],[-77.2183,39.69619],[-77.21804,39.69627],[-77.21796,39.6963],[-77.21778,39.69634],[-77.2177,39.69637],[-77.21746,39.69647],[-77.21738,39.69651],[-77.21723,39.69657],[-77.21715,39.69661],[-77.21711,39.69663],[-77.21675,39.69691],[-77.2166,39.69704],[-77.21644,39.69721],[-77.21642,39.69724],[-77.21637,39.6973],[-77.21634,39.69733],[-77.21629,39.69739],[-77.21626,39.69741],[-77.21622,39.69749],[-77.21621,39.69752],[-77.21618,39.69755],[-77.2161,39.69771],[-77.21609,39.69774],[-77.21607,39.69778],[-77.21605,39.69781],[-77.21605,39.69782],[-77.21603,39.69788],[-77.21601,39.69791],[-77.21599,39.69798],[-77.21597,39.69801],[-77.21595,39.69808],[-77.21594,39.6981],[-77.21593,39.69811],[-77.21592,39.69815],[-77.21589,39.69821],[-77.21587,39.69825],[-77.21583,39.69835],[-77.21571,39.6985],[-77.21555,39.69863],[-77.21552,39.69866],[-77.21549,39.6987],[-77.21544,39.6988],[-77.21542,39.69882],[-77.21536,39.69889],[-77.21527,39.69902],[-77.21525,39.69905],[-77.21525,39.69907],[-77.21519,39.69922],[-77.21517,39.69931],[-77.21517,39.69936],[-77.21517,39.69954],[-77.21519,39.69964],[-77.21522,39.69978],[-77.21531,39.70002],[-77.21536,39.70023],[-77.21539,39.7003],[-77.21542,39.70037],[-77.21556,39.70063],[-77.21573,39.70089],[-77.21586,39.70103],[-77.21605,39.70124],[-77.21616,39.70135],[-77.21628,39.70146],[-77.21648,39.70161],[-77.21659,39.70168],[-77.21693,39.70189],[-77.21696,39.70191],[-77.217,39.70197],[-77.21705,39.70203],[-77.2172,39.70217],[-77.21735,39.70225],[-77.21781,39.7025],[-77.21788,39.70254],[-77.2184,39.70283],[-77.21864,39.70296],[-77.21884,39.70306],[-77.21906,39.70313],[-77.21956,39.70324],[-77.21965,39.70325],[-77.21993,39.70325],[-77.21999,39.70324],[-77.22015,39.7033],[-77.22064,39.70343],[-77.22087,39.70347],[-77.221,39.70349],[-77.22183,39.70374],[-77.22209,39.70382],[-77.22236,39.70387],[-77.22241,39.70387],[-77.22259,39.70391],[-77.22273,39.70394],[-77.22295,39.70399],[-77.22326,39.70407],[-77.22339,39.70411],[-77.22373,39.70424],[-77.22405,39.70438],[-77.22432,39.70453],[-77.22442,39.7046],[-77.22451,39.70468],[-77.22465,39.70483],[-77.22469,39.70489],[-77.22479,39.70505],[-77.2249,39.70517],[-77.22514,39.70539],[-77.22522,39.70548],[-77.22541,39.70568],[-77.22555,39.70582],[-77.22562,39.70587],[-77.22579,39.70599],[-77.22596,39.70611],[-77.2261,39.70613],[-77.22615,39.70614],[-77.22619,39.70616],[-77.22627,39.7062],[-77.22634,39.70624],[-77.22637,39.70626],[-77.22648,39.70638],[-77.22653,39.70644],[-77.22659,39.70654],[-77.22664,39.70664],[-77.2267,39.70685],[-77.22675,39.70709],[-77.22677,39.70731],[-77.22671,39.70777],[-77.22666,39.70798],[-77.22665,39.70805],[-77.22656,39.70847],[-77.22648,39.70864],[-77.22631,39.70901],[-77.22608,39.70944],[-77.22583,39.70976],[-77.22574,39.70985],[-77.22544,39.71007],[-77.2252,39.71024],[-77.22504,39.71033],[-77.22497,39.71036],[-77.22485,39.71042],[-77.22473,39.71047],[-77.22443,39.71058],[-77.22425,39.71061],[-77.22402,39.71067],[-77.22397,39.71067],[-77.22393,39.71068],[-77.2237,39.71073],[-77.22329,39.71078],[-77.22273,39.71086],[-77.22227,39.71091],[-77.22203,39.71093],[-77.22175,39.71096],[-77.22139,39.71101],[-77.22121,39.71106],[-77.22035,39.71124],[-77.22007,39.71128],[-77.21979,39.7113],[-77.21933,39.71135],[-77.21923,39.71135],[-77.21853,39.7114],[-77.2184,39.71142],[-77.21814,39.7115],[-77.21767,39.71167],[-77.21752,39.71175],[-77.21744,39.71177],[-77.2172,39.71187],[-77.21692,39.712],[-77.21664,39.7121],[-77.21663,39.71211],[-77.21659,39.71213],[-77.21638,39.71221],[-77.21592,39.71245],[-77.21585,39.7125],[-77.21578,39.71255],[-77.21565,39.71265],[-77.2156,39.71271],[-77.21555,39.71277],[-77.21552,39.71284],[-77.21544,39.71301],[-77.21544,39.71318],[-77.21545,39.71325],[-77.21546,39.71329],[-77.21551,39.71349],[-77.21552,39.7136],[-77.21552,39.71364],[-77.21553,39.71371],[-77.21553,39.71378],[-77.21553,39.71395],[-77.21553,39.71402],[-77.21551,39.71416],[-77.21547,39.71434],[-77.21546,39.71437],[-77.21546,39.71447],[-77.21546,39.7145],[-77.21546,39.71454],[-77.21544,39.71467],[-77.21537,39.71488],[-77.21532,39.71501],[-77.21526,39.71511],[-77.21524,39.71516],[-77.21519,39.7152],[-77.21516,39.71523],[-77.21508,39.71527],[-77.215,39.7153],[-77.21497,39.71532],[-77.21496,39.71536],[-77.21485,39.71567],[-77.21468,39.7163],[-77.21461,39.71672],[-77.21459,39.71686],[-77.21461,39.71722],[-77.21463,39.71729],[-77.21466,39.71743],[-77.21469,39.7175],[-77.21472,39.7176],[-77.21476,39.71767],[-77.21491,39.718],[-77.21508,39.71842],[-77.21517,39.71861],[-77.21521,39.71868],[-77.21537,39.71889],[-77.21562,39.71915],[-77.21571,39.71924],[-77.21584,39.71933],[-77.21588,39.71936],[-77.21606,39.71948],[-77.21617,39.71954],[-77.21641,39.71965],[-77.2167,39.71977],[-77.21677,39.71979],[-77.21702,39.71986],[-77.21706,39.71986],[-77.21711,39.71986],[-77.21726,39.71986],[-77.21731,39.71986],[-77.21766,39.71986],[-77.21783,39.71986],[-77.21834,39.71986],[-77.2187,39.71986],[-77.21905,39.71986],[-77.21915,39.71986],[-77.21945,39.71986],[-77.21956,39.71986],[-77.2224,39.71987],[-77.23094,39.71987],[-77.23379,39.71988],[-77.23397,39.71988],[-77.2345,39.71988],[-77.23468,39.71988],[-77.2347,39.71988],[-77.23476,39.71988],[-77.23478,39.71988],[-77.23482,39.71988],[-77.23525,39.71988],[-77.23651,39.71988],[-77.23694,39.71988],[-77.23712,39.71988],[-77.23721,39.71988],[-77.23769,39.71988],[-77.23788,39.71988],[-77.23808,39.71988],[-77.23868,39.71988],[-77.23888,39.71988],[-77.23899,39.71988],[-77.23901,39.71988],[-77.23943,39.71988],[-77.23958,39.71989],[-77.24055,39.71989],[-77.24106,39.71988],[-77.2411,39.71988],[-77.2416,39.71987],[-77.24191,39.71989],[-77.24222,39.71992],[-77.24257,39.71992],[-77.24279,39.71987],[-77.24281,39.71987],[-77.24297,39.71986],[-77.24312,39.71988],[-77.24394,39.71988],[-77.24413,39.71988],[-77.24641,39.71988],[-77.24724,39.71988],[-77.24755,39.71988],[-77.24847,39.71988],[-77.24878,39.71988],[-77.25154,39.71989],[-77.25638,39.71989],[-77.25983,39.71989],[-77.26259,39.71989],[-77.26287,39.71989],[-77.26371,39.71989],[-77.264,39.7199],[-77.26489,39.71989],[-77.26757,39.71989],[-77.26847,39.71989],[-77.26903,39.71989],[-77.27072,39.71989],[-77.27075,39.71989],[-77.27083,39.71989],[-77.2709,39.71989],[-77.27128,39.71989],[-77.27129,39.71989],[-77.27133,39.71989],[-77.27135,39.71989],[-77.27137,39.71989],[-77.27144,39.71989],[-77.27147,39.71989],[-77.27577,39.7199],[-77.2887,39.7199],[-77.29301,39.7199],[-77.29536,39.7199],[-77.30242,39.7199],[-77.30478,39.71991],[-77.30495,39.71991],[-77.30547,39.71991],[-77.30565,39.71991],[-77.30584,39.71991],[-77.30642,39.71991],[-77.30662,39.71991],[-77.30668,39.71991],[-77.30688,39.71991],[-77.30694,39.71991],[-77.30699,39.71991],[-77.3096,39.71991],[-77.3176,39.71991],[-77.32026,39.71991],[-77.32052,39.71991],[-77.32128,39.71991],[-77.32154,39.71991],[-77.32177,39.71991],[-77.32245,39.7199],[-77.32268,39.7199],[-77.32338,39.7199],[-77.3255,39.7199],[-77.3262,39.71991],[-77.32629,39.7199],[-77.32655,39.7199],[-77.32663,39.7199],[-77.32668,39.7199],[-77.32684,39.7199],[-77.32689,39.71991],[-77.32797,39.71991],[-77.3312,39.71991],[-77.33228,39.71991],[-77.33289,39.71991],[-77.33472,39.71991],[-77.33533,39.71991],[-77.33615,39.7199],[-77.3386,39.7199],[-77.33941,39.7199],[-77.34871,39.71991],[-77.34893,39.71991],[-77.34956,39.71991],[-77.35053,39.71991],[-77.35058,39.71991],[-77.3517,39.7199],[-77.3552,39.7199],[-77.35637,39.7199],[-77.3577,39.7199],[-77.36169,39.7199],[-77.36302,39.7199],[-77.3634,39.7199],[-77.36453,39.7199],[-77.36491,39.7199],[-77.36498,39.7199],[-77.36521,39.7199],[-77.36528,39.7199],[-77.36613,39.7199],[-77.36867,39.7199],[-77.36952,39.7199],[-77.36963,39.7199],[-77.36996,39.7199],[-77.37007,39.7199],[-77.37091,39.7199],[-77.37343,39.71989],[-77.37428,39.71989],[-77.37448,39.71989],[-77.3751,39.71989],[-77.37531,39.71989],[-77.37545,39.71989],[-77.37571,39.71989],[-77.37597,39.71988],[-77.37691,39.71988],[-77.37732,39.71988],[-77.37772,39.71987],[-77.37814,39.71987],[-77.37894,39.71987],[-77.37934,39.71987],[-77.37936,39.71987],[-77.37939,39.71987],[-77.37941,39.71987],[-77.38039,39.71987],[-77.38928,39.71983],[-77.3899,39.71982],[-77.39011,39.71982],[-77.39076,39.71983],[-77.39097,39.71983],[-77.39118,39.71982],[-77.39159,39.71982],[-77.39181,39.71982],[-77.39201,39.71982],[-77.39218,39.71982],[-77.39267,39.71982],[-77.39284,39.71982],[-77.39292,39.71982],[-77.39576,39.71983],[-77.4045,39.71985],[-77.4059,39.71985],[-77.40645,39.71986],[-77.40742,39.71986],[-77.40767,39.71986],[-77.40843,39.71986],[-77.40868,39.71986],[-77.40948,39.71986],[-77.41187,39.71987],[-77.41266,39.71987],[-77.41372,39.71987],[-77.41688,39.71988],[-77.41788,39.71988],[-77.41793,39.71988],[-77.41832,39.71988],[-77.4205,39.71989],[-77.42821,39.7199],[-77.43079,39.71991],[-77.43097,39.71991],[-77.43153,39.71991],[-77.43172,39.71991],[-77.43495,39.71992],[-77.4358,39.71992],[-77.44242,39.71994],[-77.44575,39.71994],[-77.44681,39.71995],[-77.44801,39.71995],[-77.44864,39.71995],[-77.45005,39.71995],[-77.45187,39.71996],[-77.45695,39.71996],[-77.45732,39.71997],[-77.45913,39.71998],[-77.45943,39.71999],[-77.4601,39.72],[-77.463,39.72003],[-77.46397,39.72004],[-77.4643,39.72005],[-77.46462,39.72004],[-77.46526,39.72004],[-77.46658,39.72003],[-77.46724,39.72003],[-77.46745,39.72003],[-77.46754,39.72002],[-77.46894,39.72002],[-77.46915,39.72002],[-77.46913,39.71999],[-77.46911,39.71993],[-77.46909,39.71989],[-77.46908,39.71986],[-77.46908,39.71982],[-77.46907,39.71969],[-77.46907,39.71965],[-77.46923,39.71957],[-77.46943,39.71948],[-77.46957,39.71942],[-77.46966,39.71936],[-77.46978,39.71918],[-77.46978,39.71913],[-77.46977,39.7189],[-77.46978,39.71888],[-77.46986,39.7187],[-77.46992,39.71855],[-77.47019,39.7182],[-77.47033,39.71806],[-77.47035,39.71805],[-77.47036,39.71803],[-77.47053,39.71785],[-77.47078,39.71765],[-77.47097,39.71751],[-77.47115,39.71715],[-77.47192,39.71626],[-77.47232,39.71581],[-77.47237,39.71575],[-77.4724,39.71572],[-77.47259,39.71567],[-77.47267,39.71564],[-77.4727,39.71563],[-77.47276,39.71555],[-77.47288,39.71538],[-77.473,39.71523],[-77.47308,39.71513],[-77.47313,39.71508],[-77.47319,39.715],[-77.47336,39.71476],[-77.47363,39.71436],[-77.47399,39.71368],[-77.47408,39.71357],[-77.47427,39.71331],[-77.47439,39.71323],[-77.4747,39.71301],[-77.47521,39.71273],[-77.47578,39.71245],[-77.47639,39.71219],[-77.47682,39.71201],[-77.47717,39.71175],[-77.47745,39.71146],[-77.47765,39.71115],[-77.47796,39.71088],[-77.47826,39.7107],[-77.4787,39.7105],[-77.47897,39.71014],[-77.47924,39.70971],[-77.47929,39.70951],[-77.47977,39.70892],[-77.48037,39.70841],[-77.4813,39.70783],[-77.48134,39.70781],[-77.48332,39.70674],[-77.48356,39.70661],[-77.48435,39.70595],[-77.48465,39.70573],[-77.48532,39.70545],[-77.4857,39.70511],[-77.4859,39.70481],[-77.48624,39.70462],[-77.48624,39.70453],[-77.48624,39.70417],[-77.48648,39.70363],[-77.48666,39.70321],[-77.48674,39.70303],[-77.4876,39.70124],[-77.48772,39.70106],[-77.48822,39.70025],[-77.48885,39.69945],[-77.48934,39.69912],[-77.48966,39.69879],[-77.48995,39.69766],[-77.48999,39.6976],[-77.49016,39.6973],[-77.49025,39.69687],[-77.49026,39.69629],[-77.49036,39.69584],[-77.49054,39.69557],[-77.49113,39.69526],[-77.49167,39.69492],[-77.49177,39.69472],[-77.49189,39.69445],[-77.49263,39.69353],[-77.49352,39.69259],[-77.49406,39.69219],[-77.49452,39.69199],[-77.49523,39.6918],[-77.49553,39.69167],[-77.4958,39.6915],[-77.49645,39.69084],[-77.49689,39.6904],[-77.49721,39.69018],[-77.49755,39.69006],[-77.49818,39.69002],[-77.49864,39.68996],[-77.49941,39.68962],[-77.49946,39.68959],[-77.49961,39.68953],[-77.49966,39.68951],[-77.49978,39.68954],[-77.50015,39.68966],[-77.50026,39.68969],[-77.50027,39.68969],[-77.50144,39.68949],[-77.50213,39.68937],[-77.50316,39.68923],[-77.50426,39.68854],[-77.50468,39.68822],[-77.50529,39.68773],[-77.50559,39.68746],[-77.50593,39.68691],[-77.50607,39.68672],[-77.50669,39.68588],[-77.5074,39.68501],[-77.50772,39.68467],[-77.50806,39.68431],[-77.50836,39.68407],[-77.50712,39.68407],[-77.50341,39.68406],[-77.50218,39.68406],[-77.50214,39.68406],[-77.50205,39.68406],[-77.50202,39.68406],[-77.50156,39.68406],[-77.50017,39.68406],[-77.49971,39.68406],[-77.49886,39.68388],[-77.49776,39.68365],[-77.49743,39.68352],[-77.49708,39.68313],[-77.49675,39.68261],[-77.49639,39.68204],[-77.4962,39.68201],[-77.49586,39.68151],[-77.49483,39.68],[-77.49449,39.6795],[-77.49445,39.67945],[-77.49445,39.67944],[-77.49433,39.67926],[-77.49429,39.6792],[-77.49407,39.67891],[-77.49342,39.67803],[-77.4932,39.67775],[-77.49306,39.67755],[-77.49295,39.67727],[-77.49285,39.677],[-77.49284,39.67699],[-77.49287,39.67642],[-77.49326,39.67576],[-77.49335,39.6756],[-77.49357,39.67532],[-77.49376,39.67509],[-77.49413,39.67492],[-77.49418,39.67489],[-77.49443,39.67475],[-77.49466,39.67463],[-77.49506,39.67402],[-77.49578,39.6733],[-77.49588,39.6732],[-77.4962,39.67266],[-77.49624,39.6726],[-77.49635,39.6724],[-77.4964,39.67233],[-77.49641,39.6723],[-77.49647,39.6722],[-77.49649,39.67217],[-77.49678,39.67169],[-77.49689,39.67113],[-77.49689,39.67089],[-77.4969,39.67028],[-77.49705,39.66947],[-77.49737,39.66868],[-77.49781,39.66813],[-77.49844,39.66754],[-77.49864,39.66741],[-77.49918,39.66704],[-77.49975,39.66661],[-77.50075,39.66623],[-77.50222,39.66567],[-77.50364,39.66485],[-77.5045,39.66435],[-77.50457,39.66431],[-77.50458,39.66426],[-77.50462,39.66405],[-77.50479,39.66324],[-77.50478,39.66298],[-77.50478,39.66283],[-77.50477,39.66281],[-77.5047,39.66259],[-77.50466,39.66244],[-77.50463,39.66231],[-77.5046,39.66215],[-77.50458,39.66206],[-77.50453,39.66178],[-77.50451,39.66169],[-77.50479,39.66149],[-77.50563,39.66088],[-77.50591,39.66067],[-77.50751,39.65948],[-77.50826,39.65887],[-77.51045,39.65651],[-77.51079,39.65609],[-77.51097,39.65586],[-77.51156,39.65493],[-77.51208,39.6542],[-77.51278,39.65288],[-77.51298,39.65228],[-77.51323,39.65134],[-77.51319,39.65074],[-77.51324,39.64992],[-77.51336,39.64954],[-77.51356,39.64932],[-77.51404,39.64884],[-77.51532,39.64773],[-77.51611,39.647],[-77.51634,39.64661],[-77.51679,39.6457],[-77.51723,39.64471],[-77.51768,39.64398],[-77.51814,39.64335],[-77.51868,39.64267],[-77.51973,39.64151],[-77.51988,39.6412],[-77.52,39.64082],[-77.52016,39.64068],[-77.52108,39.64023],[-77.52151,39.63998],[-77.52161,39.63994],[-77.52186,39.63982],[-77.52217,39.63962],[-77.52289,39.63924],[-77.52338,39.63889],[-77.52367,39.63853],[-77.52399,39.63832],[-77.52438,39.63811],[-77.52576,39.63753],[-77.52633,39.63703],[-77.52655,39.6367],[-77.5266,39.63639],[-77.52652,39.63599],[-77.52624,39.6355],[-77.52614,39.63523],[-77.52622,39.63507],[-77.52626,39.635],[-77.52659,39.6347],[-77.52701,39.63437],[-77.52754,39.63404],[-77.52852,39.63299],[-77.52856,39.63295],[-77.5291,39.63246],[-77.5293,39.63232],[-77.5298,39.63198],[-77.53036,39.63169],[-77.53062,39.6316],[-77.53097,39.63148],[-77.53201,39.63128],[-77.53276,39.63118],[-77.53367,39.63121],[-77.53445,39.63136],[-77.53504,39.63153],[-77.53547,39.63165],[-77.53627,39.63197],[-77.53644,39.63208],[-77.53659,39.63217],[-77.53705,39.63244],[-77.5372,39.63253],[-77.53741,39.63265],[-77.53756,39.63274],[-77.53807,39.63293],[-77.53829,39.63302],[-77.53835,39.63307],[-77.53892,39.63322],[-77.53945,39.63332],[-77.54068,39.63356],[-77.54238,39.63365],[-77.54302,39.63365],[-77.54359,39.63364],[-77.54417,39.63344],[-77.54419,39.63343],[-77.54541,39.63335],[-77.546,39.63312],[-77.54638,39.63294],[-77.54682,39.63274],[-77.54751,39.63231],[-77.54783,39.63197],[-77.54845,39.63122],[-77.54845,39.63101],[-77.54858,39.63068],[-77.54878,39.63029],[-77.54901,39.62979],[-77.54933,39.62885],[-77.54961,39.62784],[-77.54978,39.62735],[-77.55002,39.62663],[-77.55041,39.62581],[-77.55076,39.62531],[-77.55183,39.62491],[-77.55242,39.62482],[-77.55263,39.62479],[-77.5534,39.6246],[-77.55441,39.62428],[-77.55514,39.62421],[-77.5562,39.62402],[-77.55739,39.6236],[-77.55746,39.62358],[-77.55811,39.62343],[-77.55871,39.62316],[-77.5591,39.62303],[-77.55997,39.6227],[-77.56267,39.62198],[-77.57018,39.62],[-77.57156,39.61743],[-77.57175,39.61695],[-77.57188,39.6166],[-77.57231,39.61557],[-77.57341,39.61361],[-77.57347,39.6135],[-77.57366,39.61315],[-77.57372,39.61304],[-77.57392,39.61275],[-77.57446,39.61199],[-77.57453,39.61189],[-77.57475,39.61161],[-77.57503,39.61127],[-77.57531,39.6106],[-77.5757,39.60973],[-77.57571,39.60971],[-77.5762,39.60797],[-77.57652,39.60673],[-77.5769,39.60586],[-77.57724,39.6049],[-77.57726,39.60421],[-77.57737,39.60365],[-77.57738,39.60358],[-77.57764,39.60305],[-77.57775,39.60161],[-77.57779,39.60095],[-77.57791,39.59896],[-77.57792,39.59879],[-77.57807,39.59832],[-77.57818,39.59801],[-77.57854,39.59717],[-77.57887,39.59659],[-77.57903,39.5963],[-77.57981,39.59418],[-77.58018,39.59338],[-77.58105,39.59174],[-77.5811,39.59133],[-77.58113,39.59105],[-77.58144,39.59045],[-77.58176,39.58956],[-77.58189,39.58908],[-77.58198,39.58876],[-77.58225,39.5882],[-77.58226,39.58819],[-77.58259,39.58744],[-77.58359,39.58617],[-77.58454,39.5847],[-77.58461,39.58457],[-77.5853,39.5833],[-77.5853,39.58328],[-77.5853,39.58323],[-77.5853,39.58321],[-77.58524,39.5828],[-77.58485,39.58211],[-77.58451,39.58161],[-77.58472,39.58073],[-77.58571,39.57536],[-77.58599,39.57469],[-77.58624,39.5741],[-77.58646,39.57322],[-77.58667,39.57177],[-77.58676,39.57136],[-77.58713,39.57107],[-77.58782,39.57038],[-77.58836,39.56917],[-77.58888,39.56784],[-77.58931,39.56709],[-77.59016,39.56647],[-77.59141,39.56521],[-77.59216,39.56472],[-77.59327,39.56431],[-77.59397,39.56392],[-77.59444,39.56345],[-77.59457,39.56282],[-77.59447,39.56229],[-77.59403,39.56174],[-77.59383,39.5613],[-77.59391,39.56066],[-77.59452,39.55905],[-77.59441,39.55768],[-77.59434,39.5557],[-77.59445,39.5545],[-77.59486,39.55299],[-77.5953,39.5521],[-77.59545,39.5518],[-77.59591,39.55111],[-77.59736,39.55028],[-77.59767,39.55025],[-77.59833,39.5507],[-77.59873,39.55072],[-77.59913,39.55052],[-77.59937,39.55019],[-77.59942,39.54971],[-77.59923,39.54907],[-77.59899,39.54846],[-77.59863,39.54788],[-77.59842,39.5475],[-77.59845,39.54723],[-77.59866,39.54677],[-77.59859,39.54661],[-77.59843,39.54628],[-77.59838,39.5461],[-77.59833,39.54592],[-77.59822,39.54537],[-77.59824,39.54506],[-77.59827,39.5447],[-77.59826,39.54442],[-77.59821,39.54404],[-77.59775,39.54362],[-77.5975,39.54319],[-77.59722,39.54282],[-77.59715,39.54272],[-77.59707,39.54198],[-77.5977,39.54078],[-77.59817,39.54058],[-77.59978,39.53989],[-77.60073,39.53974],[-77.60155,39.53977],[-77.60265,39.53932],[-77.60333,39.53877],[-77.60373,39.53845],[-77.60468,39.53748],[-77.60495,39.53732],[-77.60578,39.53685],[-77.60596,39.53677],[-77.60603,39.53674],[-77.60607,39.53672],[-77.60619,39.53657],[-77.60624,39.53639],[-77.60636,39.53596],[-77.6064,39.53566],[-77.60647,39.53556],[-77.60656,39.53556],[-77.6066,39.53555],[-77.60663,39.53555],[-77.60668,39.53555],[-77.60705,39.53551],[-77.60739,39.53535],[-77.6078,39.5348],[-77.60829,39.53457],[-77.60841,39.53447],[-77.60879,39.53416],[-77.60925,39.53336],[-77.60961,39.53277],[-77.60969,39.53265],[-77.60997,39.53216],[-77.61035,39.53157],[-77.61035,39.53114],[-77.61037,39.53098],[-77.61039,39.53079],[-77.61046,39.53048],[-77.61067,39.53026],[-77.61107,39.5301],[-77.61168,39.53001],[-77.61253,39.52993],[-77.6129,39.52967],[-77.61326,39.52915],[-77.6133,39.52906],[-77.61348,39.52867],[-77.6134,39.5284],[-77.61328,39.52818],[-77.61315,39.52794],[-77.61314,39.52789],[-77.61307,39.52766],[-77.61317,39.5274],[-77.61351,39.52711],[-77.61402,39.52671],[-77.6148,39.52599],[-77.61483,39.52547],[-77.61483,39.52541],[-77.61468,39.5249],[-77.61435,39.52425],[-77.61432,39.52353],[-77.61444,39.5228],[-77.61482,39.52215],[-77.61565,39.52138],[-77.61623,39.52077],[-77.61648,39.52034],[-77.61668,39.52007],[-77.61727,39.51972],[-77.61771,39.51927],[-77.61812,39.51858],[-77.61831,39.51789],[-77.61839,39.51748],[-77.61845,39.51714],[-77.61903,39.51618],[-77.61943,39.51528],[-77.61967,39.51458],[-77.6202,39.5138],[-77.62038,39.51312],[-77.62021,39.51254],[-77.62017,39.51247],[-77.61997,39.51209],[-77.61978,39.51179],[-77.6205,39.51118],[-77.62126,39.51045],[-77.6219,39.50947],[-77.62249,39.50816],[-77.6226,39.50781],[-77.6226,39.5076],[-77.62245,39.50741],[-77.62179,39.507],[-77.62162,39.5069],[-77.62117,39.50655],[-77.62086,39.50581],[-77.62099,39.50506],[-77.62107,39.50475],[-77.62118,39.5044],[-77.62122,39.50428],[-77.6215,39.50374],[-77.6217,39.50337],[-77.62223,39.50267],[-77.62264,39.50212],[-77.62283,39.50187],[-77.62285,39.50182],[-77.62316,39.50115],[-77.62312,39.50079],[-77.62308,39.50042],[-77.62311,39.50019],[-77.62312,39.50014],[-77.62301,39.4999],[-77.62273,39.49962],[-77.62256,39.49946],[-77.62232,39.49923],[-77.62213,39.49905],[-77.62086,39.49783],[-77.62044,39.49742],[-77.62033,39.49732],[-77.62001,39.497],[-77.6199,39.49689],[-77.61973,39.49673],[-77.61923,39.49626],[-77.61906,39.4961],[-77.6175,39.4946],[-77.6168,39.49396],[-77.61562,39.49289],[-77.61441,39.49155],[-77.615,39.49024],[-77.61576,39.48931],[-77.61736,39.48742],[-77.61789,39.48677],[-77.61854,39.486],[-77.61951,39.48506],[-77.62017,39.4847],[-77.62028,39.48463],[-77.62047,39.48451],[-77.62062,39.48447],[-77.62074,39.48443],[-77.62108,39.48432],[-77.62116,39.4842],[-77.62154,39.48362],[-77.62183,39.48287],[-77.62189,39.48272],[-77.62194,39.48238],[-77.62202,39.48175],[-77.62174,39.48095],[-77.62067,39.47789],[-77.61978,39.47706],[-77.61869,39.47604],[-77.61834,39.47549],[-77.61827,39.47538],[-77.61801,39.47482],[-77.61797,39.47422],[-77.61784,39.47362],[-77.61782,39.47353],[-77.61767,39.47332],[-77.61765,39.47302],[-77.61746,39.47256],[-77.61691,39.47118],[-77.61673,39.47072],[-77.61645,39.46971],[-77.61605,39.46916],[-77.61598,39.46877],[-77.61603,39.46863],[-77.61616,39.46837],[-77.61845,39.4662],[-77.61908,39.4659],[-77.61954,39.46575],[-77.61982,39.46566],[-77.62057,39.46544],[-77.62099,39.46504],[-77.62103,39.46498],[-77.62173,39.46396],[-77.62195,39.46332],[-77.62196,39.46272],[-77.62183,39.46224],[-77.62173,39.46148],[-77.62174,39.46088],[-77.62183,39.46007],[-77.62186,39.45967],[-77.62218,39.45939],[-77.62286,39.4592],[-77.62355,39.45893],[-77.62443,39.45844],[-77.62453,39.45821],[-77.62482,39.45789],[-77.62524,39.45771],[-77.6259,39.45758],[-77.62607,39.45761],[-77.62681,39.45711],[-77.6271,39.45654],[-77.6271,39.45566],[-77.62744,39.45484],[-77.62802,39.45357],[-77.62833,39.45272],[-77.62855,39.45155],[-77.62831,39.45084],[-77.62768,39.4502],[-77.62702,39.44931],[-77.62693,39.44913],[-77.62693,39.44912],[-77.62662,39.44862],[-77.62652,39.44846],[-77.62659,39.44846],[-77.62683,39.44846],[-77.62691,39.44846],[-77.62705,39.44846],[-77.62748,39.44846],[-77.62762,39.44846],[-77.6277,39.44846],[-77.62791,39.44847],[-77.62798,39.44847],[-77.6284,39.4485],[-77.62926,39.4486],[-77.63016,39.44837],[-77.63085,39.44813],[-77.63162,39.44757],[-77.63171,39.44751],[-77.6322,39.44738],[-77.63301,39.44714],[-77.63384,39.44682],[-77.63429,39.44611],[-77.63469,39.44555],[-77.63481,39.44487],[-77.63483,39.44392],[-77.63469,39.44347],[-77.63463,39.44302],[-77.63554,39.44152],[-77.63597,39.44036],[-77.63624,39.4396],[-77.63701,39.43853],[-77.63703,39.43842],[-77.63719,39.43767],[-77.6377,39.43638],[-77.63792,39.43533],[-77.63797,39.43466],[-77.63786,39.43365],[-77.63772,39.43209],[-77.63781,39.43145],[-77.63831,39.43032],[-77.63822,39.42896],[-77.63817,39.42832],[-77.63793,39.42792],[-77.63776,39.42684],[-77.63791,39.42585],[-77.63774,39.42482],[-77.63854,39.42371],[-77.63839,39.4236],[-77.63808,39.42278],[-77.63872,39.42114],[-77.63882,39.4201],[-77.6391,39.41872],[-77.63979,39.41688],[-77.64,39.41681],[-77.6404,39.41679],[-77.64056,39.4166],[-77.64078,39.41582],[-77.64088,39.41539],[-77.64092,39.41473],[-77.64077,39.41338],[-77.64074,39.4129],[-77.64069,39.41214],[-77.64042,39.41091],[-77.64004,39.40843],[-77.63932,39.40736],[-77.6395,39.40706],[-77.63961,39.40688],[-77.63993,39.40609],[-77.64,39.40591],[-77.64007,39.40577],[-77.64009,39.40568],[-77.64017,39.4054],[-77.6402,39.40531],[-77.64016,39.4052],[-77.64004,39.40488],[-77.64,39.40477],[-77.64013,39.40442],[-77.64015,39.4037],[-77.64015,39.40359],[-77.64041,39.40254],[-77.64069,39.40199],[-77.64131,39.40089],[-77.64138,39.4007],[-77.64162,39.40007],[-77.64155,39.39965],[-77.64169,39.39933],[-77.64211,39.39837],[-77.64222,39.39812],[-77.6423,39.39814],[-77.64304,39.39682],[-77.64312,39.3966],[-77.6438,39.39469],[-77.64424,39.39391],[-77.6449,39.39255],[-77.64518,39.39179],[-77.64533,39.39139],[-77.64564,39.39088],[-77.64609,39.39031],[-77.6461,39.39026],[-77.64614,39.39008],[-77.64616,39.39002],[-77.64623,39.38973],[-77.64645,39.38886],[-77.64649,39.38868],[-77.64654,39.38857],[-77.64693,39.38759],[-77.64708,39.38723],[-77.64699,39.38657],[-77.64734,39.38521],[-77.64761,39.38455],[-77.6478,39.38406],[-77.64784,39.38353],[-77.64785,39.38337],[-77.64786,39.38325],[-77.64809,39.383],[-77.6482,39.38288],[-77.64822,39.3828],[-77.64829,39.38255],[-77.64832,39.38247],[-77.64937,39.38112],[-77.64969,39.38063],[-77.6501,39.37974],[-77.65028,39.37934],[-77.65073,39.37735],[-77.65103,39.37669],[-77.65155,39.37511],[-77.65199,39.37441],[-77.65233,39.37382],[-77.65279,39.37309],[-77.65327,39.37265],[-77.65383,39.37204],[-77.65433,39.37142],[-77.6545,39.37116],[-77.6547,39.37083],[-77.65531,39.36936],[-77.65572,39.36883],[-77.65618,39.3684],[-77.65638,39.36818],[-77.65693,39.36759],[-77.65701,39.36752],[-77.65725,39.36734],[-77.65763,39.36701],[-77.6577,39.36695],[-77.65834,39.3662],[-77.65857,39.36585],[-77.65884,39.36544],[-77.65954,39.36456],[-77.66035,39.36368],[-77.66067,39.36312],[-77.66092,39.36239],[-77.6612,39.36166],[-77.66157,39.36089],[-77.66166,39.36064],[-77.66187,39.36012],[-77.66226,39.35941],[-77.6628,39.35856],[-77.66324,39.35779],[-77.6637,39.35718],[-77.66418,39.35637],[-77.66459,39.35562],[-77.66505,39.3546],[-77.66524,39.35382],[-77.66614,39.35195],[-77.66643,39.35141],[-77.66689,39.35073],[-77.66741,39.3502],[-77.66785,39.34972],[-77.66849,39.34915],[-77.67014,39.34727],[-77.6707,39.34673],[-77.67078,39.34662],[-77.67114,39.34616],[-77.67152,39.34561],[-77.67199,39.34528],[-77.67253,39.34513],[-77.67303,39.34467],[-77.67344,39.34423],[-77.67396,39.34306],[-77.674,39.34237],[-77.67457,39.34038],[-77.67468,39.34002],[-77.67512,39.33861],[-77.67525,39.33802],[-77.67601,39.33282],[-77.67636,39.3304],[-77.67636,39.33039],[-77.67637,39.33036],[-77.67637,39.33035],[-77.67637,39.33033],[-77.67637,39.33031],[-77.67639,39.33019],[-77.6764,39.33017],[-77.6764,39.33015],[-77.6764,39.33014],[-77.6764,39.33012],[-77.6764,39.33004],[-77.67641,39.33001],[-77.67641,39.32999],[-77.67647,39.32954],[-77.67649,39.32948],[-77.67654,39.32923],[-77.67674,39.32833],[-77.67675,39.3283],[-77.67678,39.32803],[-77.67685,39.32733],[-77.67686,39.32725],[-77.67695,39.32646],[-77.67705,39.3255],[-77.67708,39.32523],[-77.67716,39.32453],[-77.67703,39.32454],[-77.67681,39.32456],[-77.67646,39.32451],[-77.67644,39.32452],[-77.67619,39.3245],[-77.67606,39.32449],[-77.67587,39.32445],[-77.67547,39.32436],[-77.67519,39.32423],[-77.67511,39.32418],[-77.67506,39.32415],[-77.67474,39.32391],[-77.67427,39.32346],[-77.67335,39.32281],[-77.6728,39.32254],[-77.67257,39.32244],[-77.67194,39.32218],[-77.67159,39.32196],[-77.67156,39.32196],[-77.6714,39.32188],[-77.671,39.32169],[-77.67039,39.32128],[-77.67034,39.32118],[-77.67011,39.3209],[-77.6698,39.32052],[-77.6695,39.32023],[-77.66919,39.31987],[-77.66875,39.31947],[-77.66851,39.31923],[-77.66836,39.31907],[-77.6676,39.31839],[-77.66725,39.31812],[-77.66654,39.31764],[-77.66646,39.31759],[-77.66508,39.3168],[-77.66502,39.31678],[-77.66446,39.31656],[-77.66385,39.31627],[-77.66299,39.31594],[-77.66289,39.3159],[-77.66201,39.31566],[-77.6611,39.31537],[-77.66001,39.31495],[-77.65966,39.31484],[-77.65936,39.31472],[-77.6588,39.31455],[-77.65864,39.31449],[-77.65669,39.31394],[-77.65649,39.31389],[-77.65631,39.31382],[-77.65552,39.31351],[-77.65468,39.31306],[-77.65444,39.31293],[-77.65439,39.3129],[-77.65396,39.31263],[-77.65352,39.3124],[-77.65335,39.31231],[-77.65323,39.31224],[-77.65231,39.31169],[-77.6509,39.31085],[-77.65019,39.3106],[-77.6494,39.3104],[-77.64936,39.31039],[-77.64867,39.31024],[-77.64835,39.31019],[-77.6483,39.31018],[-77.64794,39.31009],[-77.64792,39.31008],[-77.64749,39.3099],[-77.64711,39.30969],[-77.64692,39.30962],[-77.64657,39.3095],[-77.64621,39.30937],[-77.64615,39.30936],[-77.64571,39.30925],[-77.64561,39.30921],[-77.64536,39.30914],[-77.64486,39.30909],[-77.64477,39.30908],[-77.64462,39.30903],[-77.64446,39.30893],[-77.64441,39.30891],[-77.64435,39.30888],[-77.64426,39.30885],[-77.64423,39.30884],[-77.64421,39.30883],[-77.64418,39.30881],[-77.64411,39.30877],[-77.64408,39.30875],[-77.64406,39.30875],[-77.64397,39.30876],[-77.64395,39.30877],[-77.64392,39.30877],[-77.64383,39.30878],[-77.6438,39.30879],[-77.64379,39.30876],[-77.64378,39.30872],[-77.64378,39.30871],[-77.64352,39.30876],[-77.6431,39.30877],[-77.64272,39.30879],[-77.64222,39.30876],[-77.64183,39.30871],[-77.6416,39.30866],[-77.64107,39.30857],[-77.64075,39.30852],[-77.64041,39.30844],[-77.64023,39.3084],[-77.63969,39.30827],[-77.63952,39.30825],[-77.63932,39.30821],[-77.63836,39.30809],[-77.63815,39.30808],[-77.63758,39.30804],[-77.63675,39.30797],[-77.63566,39.30779],[-77.63531,39.30778],[-77.63515,39.3078],[-77.6348,39.30798],[-77.6346,39.30804],[-77.63454,39.30804],[-77.63446,39.30802],[-77.63433,39.30794],[-77.63429,39.30789],[-77.63426,39.30776],[-77.63416,39.30767],[-77.63392,39.30763],[-77.63386,39.30762],[-77.63348,39.30761],[-77.63324,39.30765],[-77.63302,39.30771],[-77.63282,39.30785],[-77.63272,39.30789],[-77.63228,39.30793],[-77.63194,39.30792],[-77.63142,39.30777],[-77.63138,39.30777],[-77.63111,39.30772],[-77.63092,39.30772],[-77.63087,39.30769],[-77.63077,39.30764],[-77.63042,39.30736],[-77.63025,39.30721],[-77.63009,39.30712],[-77.62948,39.30682],[-77.62906,39.30667],[-77.62873,39.30644],[-77.62864,39.30629],[-77.62854,39.30621],[-77.62827,39.30609],[-77.62783,39.30597],[-77.62732,39.30592],[-77.62662,39.3058],[-77.62548,39.30539],[-77.62535,39.30536],[-77.62482,39.30514],[-77.62472,39.30512],[-77.62463,39.30513],[-77.62444,39.30508],[-77.62335,39.30502],[-77.62299,39.30494],[-77.62263,39.30486],[-77.62253,39.30483],[-77.62228,39.30475],[-77.62164,39.30438],[-77.62128,39.30429],[-77.62058,39.30412],[-77.62043,39.30408],[-77.62024,39.30403],[-77.61965,39.30385],[-77.61884,39.30353],[-77.61837,39.3033],[-77.61811,39.30318],[-77.61795,39.30312],[-77.61723,39.30298],[-77.6171,39.30294],[-77.61683,39.30278],[-77.61662,39.3027],[-77.61639,39.30263],[-77.61591,39.30255],[-77.61564,39.30256],[-77.61506,39.30271],[-77.61491,39.30273],[-77.61454,39.30276],[-77.61399,39.30269],[-77.61369,39.3027],[-77.61321,39.30282],[-77.61281,39.30287],[-77.61269,39.30293],[-77.61257,39.30303],[-77.61245,39.30319],[-77.61226,39.30332],[-77.61196,39.30337],[-77.6114,39.30341],[-77.6113,39.30341],[-77.61111,39.30331],[-77.61072,39.30325],[-77.61038,39.3031],[-77.61003,39.30286],[-77.61002,39.30278],[-77.61006,39.30274],[-77.61032,39.30272],[-77.61048,39.3027],[-77.61061,39.30267],[-77.61069,39.30263],[-77.61067,39.30259],[-77.61036,39.30262],[-77.61009,39.30261],[-77.60973,39.30258],[-77.60925,39.30247],[-77.60873,39.30245],[-77.60862,39.30248],[-77.60853,39.30257],[-77.6085,39.30288],[-77.6084,39.30297],[-77.60836,39.30301],[-77.60829,39.30303],[-77.60807,39.30289],[-77.60794,39.30289],[-77.60792,39.30292],[-77.60794,39.30308],[-77.60795,39.30313],[-77.60786,39.30318],[-77.60766,39.30316],[-77.60738,39.30318],[-77.60734,39.30321],[-77.60732,39.30342],[-77.60717,39.30356],[-77.60696,39.30368],[-77.60676,39.30374],[-77.60627,39.30376],[-77.60618,39.30375],[-77.60593,39.30371],[-77.60564,39.30359],[-77.60551,39.30352],[-77.60548,39.3035],[-77.60541,39.30346],[-77.60538,39.30345],[-77.60515,39.30333],[-77.60484,39.30319],[-77.60443,39.30303],[-77.6044,39.30302],[-77.60418,39.30297],[-77.60415,39.30296],[-77.60405,39.30295],[-77.60401,39.30293],[-77.60398,39.30292],[-77.60387,39.30288],[-77.60383,39.30286],[-77.60378,39.30284],[-77.60361,39.30277],[-77.60357,39.30275],[-77.60355,39.30275],[-77.60332,39.30269],[-77.6028,39.30257],[-77.60263,39.30257],[-77.60239,39.30256],[-77.60238,39.30256],[-77.60234,39.30255],[-77.60233,39.30255],[-77.60229,39.30255],[-77.60186,39.30251],[-77.60124,39.30235],[-77.6006,39.30215],[-77.60054,39.30214],[-77.5998,39.30204],[-77.59919,39.30188],[-77.59851,39.30182],[-77.5976,39.30168],[-77.59724,39.30164],[-77.59621,39.30167],[-77.59573,39.30164],[-77.59508,39.3015],[-77.59398,39.30127],[-77.59327,39.3012],[-77.59323,39.3012],[-77.59262,39.3012],[-77.59242,39.30123],[-77.59148,39.30132],[-77.59115,39.30137],[-77.59077,39.30143],[-77.58964,39.30148],[-77.58917,39.30153],[-77.58878,39.30159],[-77.58817,39.30175],[-77.58752,39.30196],[-77.58633,39.30248],[-77.58585,39.30266],[-77.58555,39.30274],[-77.585,39.30287],[-77.58439,39.30301],[-77.58378,39.30331],[-77.58346,39.30333],[-77.5831,39.30345],[-77.58299,39.30352],[-77.58251,39.30377],[-77.582,39.30414],[-77.58193,39.30417],[-77.58139,39.30433],[-77.5803,39.30479],[-77.57979,39.30493],[-77.57922,39.30508],[-77.57865,39.30517],[-77.5773,39.30522],[-77.57564,39.3054],[-77.57459,39.30543],[-77.57421,39.30546],[-77.5736,39.30558],[-77.57237,39.30592],[-77.57194,39.30601],[-77.57123,39.30611],[-77.56964,39.30629],[-77.56933,39.30635],[-77.56875,39.30645],[-77.56873,39.30644],[-77.56834,39.30648],[-77.56784,39.30644],[-77.56709,39.30623],[-77.5666,39.30605],[-77.56596,39.30573],[-77.56593,39.30571],[-77.56584,39.30567],[-77.56581,39.30565],[-77.5656,39.30555],[-77.56498,39.30517],[-77.56442,39.30479],[-77.56433,39.30472],[-77.56325,39.30377],[-77.56282,39.30329],[-77.56261,39.30304],[-77.56226,39.30252],[-77.56203,39.30205],[-77.56183,39.30147],[-77.56172,39.30106],[-77.5617,39.30088],[-77.56168,39.30049],[-77.56171,39.3003],[-77.56206,39.29938],[-77.56208,39.29931],[-77.56208,39.29931],[-77.56209,39.29927],[-77.56225,39.2987],[-77.56229,39.29851],[-77.56231,39.29836],[-77.56241,39.29763],[-77.56264,39.29657],[-77.56279,39.29557],[-77.5628,39.29546],[-77.56278,39.29463],[-77.56277,39.29447],[-77.56277,39.29443],[-77.56275,39.29422],[-77.56264,39.29394],[-77.56259,39.29386],[-77.56251,39.29373],[-77.56247,39.2937],[-77.56244,39.29368],[-77.56236,39.29361],[-77.56234,39.29359],[-77.56203,39.29334],[-77.56203,39.29333],[-77.56181,39.29306],[-77.56169,39.29287],[-77.56167,39.29256],[-77.56174,39.29224],[-77.56183,39.29188],[-77.56186,39.29186],[-77.56186,39.29184],[-77.56185,39.29179],[-77.56185,39.29177],[-77.56187,39.29167],[-77.56193,39.29138],[-77.56193,39.29131],[-77.56195,39.29124],[-77.56197,39.29111],[-77.56198,39.29107],[-77.56201,39.29085],[-77.56201,39.29076],[-77.562,39.29066],[-77.56195,39.29016],[-77.56185,39.28984],[-77.56178,39.28959],[-77.56179,39.28954],[-77.56176,39.28952],[-77.56176,39.28949],[-77.56175,39.2893],[-77.56174,39.28924],[-77.5617,39.28858],[-77.56166,39.28828],[-77.56159,39.288],[-77.5614,39.28784],[-77.56135,39.2876],[-77.56108,39.2869],[-77.56086,39.28635],[-77.56069,39.28596],[-77.56055,39.28574],[-77.55959,39.28497],[-77.55875,39.28411],[-77.55809,39.28355],[-77.55768,39.28311],[-77.55721,39.28273],[-77.55662,39.28239],[-77.55633,39.28219],[-77.55603,39.28206],[-77.55568,39.28204],[-77.55564,39.28204],[-77.55506,39.2819],[-77.55479,39.2818],[-77.55444,39.28163],[-77.55416,39.28143],[-77.55387,39.28111],[-77.55368,39.28076],[-77.55362,39.28071],[-77.5533,39.28016],[-77.55328,39.27997],[-77.55325,39.2796],[-77.55322,39.27953],[-77.55296,39.27916],[-77.55255,39.27834],[-77.55209,39.27757],[-77.55198,39.27738],[-77.55156,39.27684],[-77.55138,39.27662],[-77.5511,39.27632],[-77.55107,39.27625],[-77.55106,39.27624],[-77.55106,39.27618],[-77.55106,39.27617],[-77.55095,39.27594],[-77.55083,39.27569],[-77.5507,39.27562],[-77.55068,39.2756],[-77.55005,39.27519],[-77.54952,39.27491],[-77.54944,39.27485],[-77.54941,39.27485],[-77.549,39.27454],[-77.54882,39.27438],[-77.54834,39.27381],[-77.54798,39.27348],[-77.54753,39.27313],[-77.54709,39.27273],[-77.54647,39.27223],[-77.54633,39.27211],[-77.54576,39.27148],[-77.54566,39.27139],[-77.5456,39.27133],[-77.5455,39.27129],[-77.54521,39.27096],[-77.54463,39.27016],[-77.54418,39.26964],[-77.5441,39.26944],[-77.54401,39.26857],[-77.54387,39.26802],[-77.5435,39.26729],[-77.54309,39.26692],[-77.54084,39.26527],[-77.54023,39.26491],[-77.54018,39.26489],[-77.54013,39.26487],[-77.53982,39.26476],[-77.53972,39.26473],[-77.53965,39.26477],[-77.53943,39.26492],[-77.53934,39.26493],[-77.53931,39.26491],[-77.53921,39.26486],[-77.53917,39.26484],[-77.53886,39.26477],[-77.53868,39.26471],[-77.53844,39.26453],[-77.53786,39.26409],[-77.53773,39.26405],[-77.53739,39.26382],[-77.53697,39.26359],[-77.53643,39.26333],[-77.53636,39.2633],[-77.53579,39.26303],[-77.53562,39.26297],[-77.53561,39.26296],[-77.53556,39.26294],[-77.53555,39.26294],[-77.53543,39.26289],[-77.53531,39.26284],[-77.53479,39.26264],[-77.53461,39.26258],[-77.53459,39.26257],[-77.53437,39.26252],[-77.53391,39.26241],[-77.53388,39.26241],[-77.53384,39.2624],[-77.53377,39.26239],[-77.53373,39.26237],[-77.53368,39.26237],[-77.53367,39.26239],[-77.53365,39.26243],[-77.53363,39.26243],[-77.53359,39.26242],[-77.53339,39.26234],[-77.53323,39.26225],[-77.5331,39.26218],[-77.53286,39.26208],[-77.53272,39.26201],[-77.53261,39.26195],[-77.53255,39.2619],[-77.53235,39.26174],[-77.53215,39.26165],[-77.5321,39.26162],[-77.532,39.26157],[-77.5319,39.26149],[-77.53186,39.26146],[-77.53174,39.26143],[-77.53146,39.26132],[-77.53139,39.26128],[-77.53126,39.26123],[-77.53121,39.26121],[-77.53109,39.26116],[-77.53097,39.2611],[-77.53087,39.26107],[-77.53084,39.26107],[-77.53079,39.26105],[-77.53044,39.26097],[-77.53038,39.26095],[-77.53029,39.26091],[-77.53018,39.26089],[-77.53015,39.26088],[-77.53008,39.26085],[-77.53002,39.26082],[-77.52995,39.26081],[-77.52981,39.26076],[-77.52973,39.26075],[-77.52963,39.26073],[-77.52935,39.26065],[-77.52917,39.26062],[-77.52898,39.26055],[-77.52879,39.26052],[-77.52875,39.26051],[-77.52869,39.2605],[-77.52712,39.2604],[-77.52603,39.26011],[-77.52471,39.25984],[-77.52109,39.25851],[-77.521,39.25849],[-77.52072,39.25843],[-77.52062,39.25841],[-77.52062,39.2584],[-77.52051,39.25821],[-77.5204,39.25801],[-77.52009,39.25767],[-77.52006,39.25764],[-77.51989,39.25755],[-77.51987,39.25754],[-77.51978,39.2575],[-77.51976,39.25748],[-77.51971,39.25746],[-77.51955,39.25738],[-77.5195,39.25735],[-77.51929,39.25724],[-77.51903,39.25713],[-77.51901,39.25712],[-77.51871,39.25701],[-77.51845,39.25691],[-77.51803,39.25676],[-77.51753,39.25657],[-77.51674,39.25628],[-77.51649,39.25619],[-77.51647,39.25618],[-77.51644,39.25617],[-77.51637,39.25614],[-77.51636,39.25614],[-77.51591,39.25597],[-77.5154,39.25578],[-77.51488,39.25542],[-77.5135,39.25479],[-77.51296,39.25453],[-77.51227,39.25419],[-77.5118,39.25391],[-77.51142,39.25369],[-77.51124,39.25358],[-77.51114,39.25351],[-77.51106,39.25346],[-77.51093,39.2534],[-77.51067,39.25326],[-77.51045,39.2532],[-77.51006,39.25308],[-77.50965,39.25298],[-77.50908,39.25284],[-77.50876,39.25285],[-77.50847,39.25281],[-77.50799,39.2527],[-77.50679,39.25248],[-77.50557,39.25225],[-77.50501,39.25228],[-77.50457,39.25229],[-77.50421,39.25231],[-77.50384,39.25226],[-77.50253,39.25204],[-77.50155,39.25188],[-77.50105,39.25182],[-77.50015,39.25172],[-77.49963,39.25171],[-77.49857,39.25161],[-77.49756,39.25136],[-77.49727,39.25133],[-77.49657,39.25113],[-77.49624,39.25105],[-77.49621,39.25104],[-77.49547,39.25077],[-77.49479,39.2506],[-77.49451,39.25048],[-77.4939,39.25029],[-77.49322,39.25],[-77.49228,39.24971],[-77.49097,39.24926],[-77.49067,39.24916],[-77.49054,39.24911],[-77.49013,39.24891],[-77.4898,39.24874],[-77.4896,39.24863],[-77.48952,39.24858],[-77.4894,39.2485],[-77.48905,39.24828],[-77.48893,39.2482],[-77.48862,39.248],[-77.48861,39.24799],[-77.48829,39.24779],[-77.48777,39.24743],[-77.48775,39.24738],[-77.48774,39.24737],[-77.48757,39.2472],[-77.48744,39.24719],[-77.48741,39.24724],[-77.48753,39.24751],[-77.48751,39.24758],[-77.48749,39.2476],[-77.48739,39.2476],[-77.48733,39.24757],[-77.48706,39.24747],[-77.48665,39.24728],[-77.48622,39.24703],[-77.48571,39.24669],[-77.48519,39.24635],[-77.48514,39.24632],[-77.48498,39.24621],[-77.48492,39.24618],[-77.48477,39.24608],[-77.48473,39.24605],[-77.48453,39.24582],[-77.48447,39.2457],[-77.48445,39.24565],[-77.48438,39.24549],[-77.48437,39.24546],[-77.48432,39.2454],[-77.48431,39.24538],[-77.48402,39.245],[-77.48391,39.24491],[-77.48359,39.24465],[-77.48309,39.24427],[-77.48266,39.24403],[-77.48245,39.24381],[-77.48243,39.24378],[-77.48207,39.24327],[-77.482,39.24317],[-77.48191,39.24301],[-77.48176,39.24281],[-77.48167,39.24267],[-77.48164,39.2426],[-77.48138,39.24223],[-77.48132,39.24211],[-77.48124,39.24202],[-77.48114,39.24185],[-77.48075,39.24153],[-77.48033,39.24117],[-77.48004,39.24092],[-77.48002,39.24091],[-77.47901,39.24025],[-77.47868,39.24003],[-77.47834,39.23981],[-77.47808,39.23958],[-77.47728,39.23888],[-77.47725,39.23888],[-77.47685,39.2385],[-77.47681,39.23849],[-77.47681,39.23848],[-77.47659,39.23832],[-77.47656,39.23832],[-77.47635,39.23817],[-77.47623,39.23808],[-77.4762,39.23807],[-77.47583,39.2378],[-77.47572,39.23776],[-77.47541,39.23763],[-77.47529,39.2376],[-77.47489,39.23733],[-77.47463,39.23711],[-77.47408,39.23664],[-77.47186,39.23494],[-77.4716,39.23469],[-77.47159,39.23468],[-77.47111,39.2343],[-77.47077,39.23416],[-77.47054,39.2341],[-77.47051,39.23406],[-77.47042,39.23406],[-77.47027,39.23401],[-77.46974,39.23384],[-77.46958,39.23372],[-77.46938,39.23358],[-77.46934,39.23355],[-77.46923,39.23347],[-77.46919,39.23344],[-77.4687,39.23309],[-77.46801,39.23262],[-77.4676,39.2324],[-77.46711,39.23216],[-77.46708,39.23215],[-77.46686,39.232],[-77.46683,39.232],[-77.46525,39.23118],[-77.46484,39.23095],[-77.46444,39.23075],[-77.46428,39.23068],[-77.46387,39.23047],[-77.46327,39.23018],[-77.46265,39.2299],[-77.46211,39.2296],[-77.46208,39.22959],[-77.46073,39.2288],[-77.46065,39.22873],[-77.4595,39.22772],[-77.45917,39.22737],[-77.4589,39.22703],[-77.45875,39.22685],[-77.45822,39.22602],[-77.4581,39.22581],[-77.45791,39.22545],[-77.45771,39.22498],[-77.45764,39.2246],[-77.45763,39.22431],[-77.45769,39.22353],[-77.4578,39.22304],[-77.4578,39.22293],[-77.45787,39.22263],[-77.45789,39.22243],[-77.45795,39.22226],[-77.45795,39.22219],[-77.45814,39.22163],[-77.45816,39.22158],[-77.4585,39.22082],[-77.45864,39.22055],[-77.45866,39.22053],[-77.45866,39.2205],[-77.45881,39.22027],[-77.45841,39.22041],[-77.45785,39.2206],[-77.45722,39.22082],[-77.45688,39.22094],[-77.45683,39.22095],[-77.45641,39.22109],[-77.45518,39.2215],[-77.45493,39.22158],[-77.45475,39.22166],[-77.45329,39.22233],[-77.4516,39.22311],[-77.45155,39.22313],[-77.45117,39.2233],[-77.45115,39.22331],[-77.45081,39.22346],[-77.44955,39.22403],[-77.44474,39.2262],[-77.4443,39.2264],[-77.4427,39.22712],[-77.44042,39.22814],[-77.43871,39.22893],[-77.43869,39.22894],[-77.43314,39.23142],[-77.43151,39.23217],[-77.42615,39.23458],[-77.42599,39.23465],[-77.42448,39.23533],[-77.40944,39.24211],[-77.40172,39.24559],[-77.39901,39.24681],[-77.39804,39.24725],[-77.39643,39.24799],[-77.3932,39.24957],[-77.39214,39.2501],[-77.38958,39.25126],[-77.38635,39.25272],[-77.38263,39.25441],[-77.3826,39.25442],[-77.38248,39.25447],[-77.38244,39.25449],[-77.38242,39.25449],[-77.38236,39.25452],[-77.38234,39.25453],[-77.38168,39.2548],[-77.38154,39.25488],[-77.38127,39.25502],[-77.37838,39.25632],[-77.37826,39.25638],[-77.36854,39.26091],[-77.36407,39.26301],[-77.36353,39.26326],[-77.36231,39.26384],[-77.35899,39.26539],[-77.35747,39.26611],[-77.35566,39.26695],[-77.35352,39.26795],[-77.35272,39.26832],[-77.34483,39.272],[-77.33935,39.27458],[-77.33911,39.27469],[-77.33903,39.27473],[-77.33893,39.2748],[-77.33889,39.27483],[-77.33869,39.27492],[-77.33863,39.27495],[-77.33815,39.27517],[-77.33718,39.27562],[-77.33702,39.2757],[-77.33571,39.2763],[-77.33434,39.27693],[-77.33424,39.27698],[-77.334,39.27709],[-77.33119,39.27839],[-77.32931,39.27928],[-77.32917,39.27934],[-77.32888,39.27947],[-77.32878,39.27951],[-77.32874,39.27953],[-77.32868,39.27956],[-77.3286,39.2796],[-77.32858,39.27961],[-77.32851,39.27964],[-77.32849,39.27965],[-77.32841,39.27968],[-77.32817,39.27979],[-77.3281,39.27982],[-77.32806,39.27984],[-77.32794,39.27989],[-77.3279,39.27991],[-77.32736,39.28014],[-77.32575,39.28085],[-77.32521,39.28108],[-77.32518,39.28109],[-77.32516,39.2811],[-77.325,39.28117],[-77.32498,39.28117],[-77.32495,39.28119],[-77.32334,39.28195],[-77.32273,39.28224],[-77.31606,39.28541],[-77.3139,39.28644],[-77.31384,39.28646],[-77.3134,39.28664],[-77.31209,39.28717],[-77.31165,39.28734],[-77.31126,39.28756],[-77.31009,39.28821],[-77.3097,39.28843],[-77.30946,39.28857],[-77.30847,39.28899],[-77.30475,39.29061],[-77.30358,39.29112],[-77.3035,39.29114],[-77.30307,39.29128],[-77.30177,39.2917],[-77.30134,39.29184],[-77.30103,39.29198],[-77.30008,39.29241],[-77.29977,39.29256],[-77.29868,39.29309],[-77.29543,39.29468],[-77.29434,39.29521],[-77.29267,39.29602],[-77.29217,39.29626],[-77.28764,39.29841],[-77.28596,39.29921],[-77.28591,39.29925],[-77.28574,39.29936],[-77.28572,39.29938],[-77.28568,39.2994],[-77.28547,39.29953],[-77.2853,39.29962],[-77.28446,39.30011],[-77.28414,39.30023],[-77.28377,39.30036],[-77.28373,39.30038],[-77.28319,39.30065],[-77.28157,39.30145],[-77.28103,39.30171],[-77.28031,39.30207],[-77.27817,39.30313],[-77.27745,39.30348],[-77.27715,39.30363],[-77.27575,39.30432],[-77.2735,39.30544],[-77.27061,39.30679],[-77.26889,39.3076],[-77.2686,39.30774],[-77.26771,39.30816],[-77.26763,39.30819],[-77.26741,39.3083],[-77.26368,39.30983],[-77.26253,39.31028],[-77.26207,39.31048],[-77.26169,39.31061],[-77.26118,39.31084],[-77.25729,39.31272],[-77.25629,39.31321],[-77.25565,39.31349],[-77.25386,39.31432],[-77.25356,39.31448],[-77.25343,39.31456],[-77.253,39.31477],[-77.25276,39.31488],[-77.25253,39.31499],[-77.25088,39.3157],[-77.25086,39.31572],[-77.25083,39.31573],[-77.24935,39.31647],[-77.24834,39.31691],[-77.24805,39.31701],[-77.24707,39.31743],[-77.24454,39.31871],[-77.2441,39.31889],[-77.24309,39.31932],[-77.24262,39.31953],[-77.24076,39.32044],[-77.23972,39.32098],[-77.2364,39.32258],[-77.23576,39.32285],[-77.23473,39.32326],[-77.23451,39.32337],[-77.23433,39.32346],[-77.23362,39.32378],[-77.22911,39.32616],[-77.22906,39.32618],[-77.22904,39.32619],[-77.22891,39.32625],[-77.22882,39.32629],[-77.22875,39.32632],[-77.22866,39.32636],[-77.2284,39.32648],[-77.22831,39.32652],[-77.22823,39.32655],[-77.22817,39.32658],[-77.22802,39.32666],[-77.22794,39.3267],[-77.22688,39.32729],[-77.22638,39.3275],[-77.22532,39.32794],[-77.22505,39.32805],[-77.22426,39.32839],[-77.22399,39.3285],[-77.22396,39.32852],[-77.22387,39.32856],[-77.22384,39.32858],[-77.22322,39.32886],[-77.22137,39.32972],[-77.22076,39.33001],[-77.22062,39.33008],[-77.21965,39.33052],[-77.21941,39.33063],[-77.21935,39.33065],[-77.21915,39.33073],[-77.21908,39.33076],[-77.21749,39.33141],[-77.21627,39.33196],[-77.21617,39.33201],[-77.21588,39.33214],[-77.21578,39.33218],[-77.21576,39.33219],[-77.2157,39.33222],[-77.21568,39.33223],[-77.21554,39.33229],[-77.21511,39.33249],[-77.21497,39.33255],[-77.21491,39.33258],[-77.21471,39.33267],[-77.21465,39.3327],[-77.2146,39.33272],[-77.21447,39.33278],[-77.21442,39.3328],[-77.21413,39.33294],[-77.21326,39.33337],[-77.21296,39.33351],[-77.21292,39.33353],[-77.21277,39.3336],[-77.21272,39.33362],[-77.21209,39.33392],[-77.20509,39.33714],[-77.20426,39.33755],[-77.20317,39.33803],[-77.2026,39.33829],[-77.20247,39.33836],[-77.20111,39.33896],[-77.20097,39.33902],[-77.20095,39.33903],[-77.2007,39.33914],[-77.20001,39.33947],[-77.19836,39.34015],[-77.19781,39.34038]]]},"properties":{"name":"Frederick County","geoid":"24021","source":"U.S. Census Bureau TIGERweb","source_url":"https://tigerweb.geo.census.gov/arcgis/rest/services/TIGERweb/State_County/MapServer/9/query?where=STATE%3D%2724%27%20AND%20COUNTY%3D%27021%27&outFields=NAME%2CGEOID&outSR=4326&geometryPrecision=5&f=geojson","vintage":"2025"}}]}
