{"type":"FeatureCollection","features":[{"type":"Feature","properties":{"name":"Thurmont Community Park","Location":"Community Park"},"geometry":{"type":"Polygon","coordinates":[[[-77.4162,39.6238],[-77.4163,39.6238],[-77.4164,39.6238],[-77.4165,39.6238],[-77.4165,39.6239],[-77.4166,39.6239],[-77.4167,39.6239],[-77.4167,39.624],[-77.4168,39.624],[-77.4169,39.6241],[-77.4169,39.6242],[-77.417,39.6242],[-77.417,39.6243],[-77.4171,39.6243],[-77.4172,39.6244],[-77.4173,39.6245],[-77.4174,39.6245],[-77.4174,39.6246],[-77.4175,39.6247],[-77.4176,39.6247],[-77.4177,39.6247],[-77.4178,39.6248],[-77.4179,39.6248],[-77.4179,39.6247],[-77.4179,39.6246],[-77.4179,39.6245],[-77.4179,39.6244],[-77.4179,39.6243],[-77.4179,39.6242],[-77.4179,39.6241],[-77.4179,39.624],[-77.4179,39.6239],[-77.4178,39.6239],[-77.4178,39.6238],[-77.4178,39.6237],[-77.4178,39.6236],[-77.4178,39.6235],[-77.4177,39.6235],[-77.4177,39.6234],[-77.4177,39.6233],[-77.4177,39.6232],[-77.4176,39.6231],[-77.4173,39.6223],[-77.417,39.6226],[-77.416,39.6214],[-77.4152,39.6204],[-77.4151,39.6203],[-77.415,39.6203],[-77.4149,39.6202],[-77.4148,39.6201],[-77.4146,39.6203],[-77.4143,39.6207],[-77.4139,39.6204],[-77.4138,39.6204],[-77.4138,39.6205],[-77.4137,39.6205],[-77.4133,39.6209],[-77.4133,39.621],[-77.4132,39.621],[-77.4131,39.6211],[-77.413,39.6211],[-77.413,39.6212],[-77.4129,39.6212],[-77.4128,39.6213],[-77.4126,39.6215],[-77.4125,39.6214],[-77.4125,39.6215],[-77.4126,39.6216],[-77.4126,39.6217],[-77.4127,39.6217],[-77.4127,39.6218],[-77.4129,39.6221],[-77.4132,39.6226],[-77.4133,39.6227],[-77.4133,39.6228],[-77.4134,39.6228],[-77.4134,39.6229],[-77.4135,39.6229],[-77.4136,39.6229],[-77.4136,39.623],[-77.4137,39.623],[-77.4138,39.6228],[-77.4138,39.6229],[-77.4139,39.6229],[-77.414,39.6229],[-77.4141,39.623],[-77.4142,39.623],[-77.4143,39.623],[-77.4143,39.6231],[-77.4144,39.6231],[-77.4144,39.6232],[-77.4145,39.6232],[-77.4146,39.6232],[-77.4147,39.6232],[-77.4148,39.6232],[-77.4148,39.6233],[-77.4149,39.6233],[-77.415,39.6233],[-77.415,39.6234],[-77.415,39.6235],[-77.4151,39.6236],[-77.4152,39.6236],[-77.4152,39.6237],[-77.4153,39.6237],[-77.4154,39.6238],[-77.4155,39.6238],[-77.4156,39.6238],[-77.4157,39.6238],[-77.4158,39.6238],[-77.4159,39.6238],[-77.416,39.6238],[-77.4161,39.6238],[-77.4162,39.6238]]]}},{"type":"Feature","properties":{"name":"City Hall Park","Location":"Neighborhood Park"},"geometry":{"type":"Polygon","coordinates":[[[-77.4121,39.416],[-77.4129,39.416],[-77.413,39.4156],[-77.4122,39.4155],[-77.4121,39.416]]]}},{"type":"Feature","properties":{"name":"Riverwalk Park at Fredericktowne Village","Location":"Neighborhood Park"},"geometry":{"type":"Polygon","coordinates":[[[-77.3883,39.4346],[-77.3884,39.4346],[-77.3884,39.4344],[-77.3886,39.4344],[-77.3888,39.4344],[-77.389,39.4344],[-77.3892,39.4343],[-77.3894,39.4343],[-77.3897,39.4343],[-77.3898,39.4342],[-77.3901,39.4344],[-77.3901,39.4342],[-77.39,39.4342],[-77.39,39.4341],[-77.3899,39.4341],[-77.3899,39.434],[-77.3898,39.434],[-77.3898,39.4339],[-77.3897,39.4339],[-77.3897,39.4338],[-77.3896,39.4338],[-77.3896,39.4337],[-77.3896,39.4336],[-77.3895,39.4336],[-77.3895,39.4335],[-77.3894,39.4334],[-77.3894,39.4333],[-77.3893,39.4333],[-77.3893,39.4332],[-77.3893,39.4331],[-77.3893,39.433],[-77.3892,39.433],[-77.3892,39.4329],[-77.3892,39.4328],[-77.3892,39.4327],[-77.3892,39.4326],[-77.3891,39.4319],[-77.3891,39.4318],[-77.389,39.4318],[-77.389,39.4317],[-77.389,39.4316],[-77.389,39.4315],[-77.3889,39.4314],[-77.3889,39.4313],[-77.3889,39.4312],[-77.3888,39.4312],[-77.3868,39.4328],[-77.3864,39.4332],[-77.3866,39.4333],[-77.3872,39.4332],[-77.3876,39.4333],[-77.3878,39.4336],[-77.3878,39.4337],[-77.3877,39.4339],[-77.3879,39.4341],[-77.388,39.4342],[-77.3877,39.4344],[-77.388,39.4343],[-77.3881,39.4344],[-77.3883,39.4344],[-77.3883,39.4346]]]}},{"type":"Feature","properties":{"name":"Clerestory Park","Location":"Neighborhood Park"},"geometry":{"type":"Polygon","coordinates":[[[-77.3928,39.4599],[-77.3945,39.4617],[-77.3946,39.4617],[-77.3955,39.4601],[-77.3954,39.4601],[-77.3954,39.46],[-77.3948,39.4598],[-77.3943,39.4596],[-77.394,39.4594],[-77.3938,39.4593],[-77.3937,39.4593],[-77.3931,39.4597],[-77.393,39.4598],[-77.3928,39.4599]]]}},{"type":"Feature","properties":{"name":"Riverside Park","Location":"Community Park"},"geometry":{"type":"Polygon","coordinates":[[[-77.3847,39.4435],[-77.3824,39.4439],[-77.3825,39.4449],[-77.3825,39.445],[-77.3825,39.4451],[-77.3826,39.4451],[-77.3826,39.4452],[-77.3826,39.4453],[-77.3827,39.4453],[-77.3827,39.4454],[-77.3827,39.4455],[-77.3828,39.4455],[-77.3828,39.4456],[-77.3829,39.4456],[-77.383,39.4457],[-77.3831,39.4457],[-77.3834,39.446],[-77.3835,39.4461],[-77.3836,39.446],[-77.3837,39.446],[-77.3837,39.4459],[-77.3838,39.4459],[-77.3839,39.4459],[-77.384,39.4459],[-77.3857,39.4454],[-77.3858,39.4454],[-77.3859,39.4454],[-77.386,39.4454],[-77.3861,39.4454],[-77.3861,39.4453],[-77.3862,39.4453],[-77.3863,39.4453],[-77.3869,39.4452],[-77.3874,39.4451],[-77.3883,39.445],[-77.3898,39.4448],[-77.3887,39.4434],[-77.3886,39.4433],[-77.3876,39.4434],[-77.3857,39.4434],[-77.3847,39.4435]]]}},{"type":"Feature","properties":{"name":"Remsberg Park","Location":"Community Park"},"geometry":{"type":"Polygon","coordinates":[[[-77.5391,39.435],[-77.5412,39.4362],[-77.5413,39.4361],[-77.5422,39.4357],[-77.5422,39.4356],[-77.5431,39.4352],[-77.5433,39.4352],[-77.5433,39.4351],[-77.5431,39.4349],[-77.5424,39.435],[-77.5431,39.4338],[-77.543,39.4337],[-77.5427,39.4334],[-77.5429,39.4329],[-77.5442,39.4305],[-77.5442,39.4304],[-77.5407,39.4291],[-77.54,39.4289],[-77.538,39.4286],[-77.538,39.43],[-77.5371,39.43],[-77.5367,39.4301],[-77.5372,39.431],[-77.5371,39.431],[-77.5353,39.4315],[-77.5353,39.4316],[-77.5352,39.4316],[-77.5351,39.4316],[-77.535,39.4316],[-77.5349,39.4317],[-77.5348,39.4317],[-77.5347,39.4317],[-77.5347,39.4318],[-77.5346,39.4318],[-77.5345,39.4318],[-77.5345,39.4319],[-77.5344,39.4319],[-77.5343,39.4319],[-77.5341,39.4321],[-77.5347,39.4327],[-77.5354,39.4334],[-77.5355,39.4334],[-77.5355,39.4335],[-77.5356,39.4335],[-77.5356,39.4336],[-77.5357,39.4336],[-77.5357,39.4337],[-77.5358,39.4337],[-77.5358,39.4338],[-77.5359,39.4338],[-77.536,39.4339],[-77.5361,39.4339],[-77.5361,39.434],[-77.5362,39.434],[-77.5363,39.434],[-77.5363,39.4341],[-77.5364,39.4341],[-77.5365,39.4341],[-77.5365,39.4342],[-77.5366,39.4342],[-77.5367,39.4342],[-77.5368,39.4342],[-77.5368,39.4343],[-77.5369,39.4343],[-77.537,39.4343],[-77.5373,39.4344],[-77.5377,39.4345],[-77.5378,39.4345],[-77.5379,39.4345],[-77.538,39.4345],[-77.538,39.4346],[-77.5381,39.4346],[-77.5382,39.4346],[-77.5385,39.4347],[-77.5387,39.4348],[-77.5388,39.4348],[-77.5389,39.4348],[-77.5389,39.4349],[-77.5388,39.4347],[-77.5391,39.4335],[-77.5397,39.4322],[-77.5403,39.4309],[-77.5394,39.4307],[-77.5392,39.4305],[-77.5394,39.43],[-77.5403,39.43],[-77.5404,39.4305],[-77.5403,39.4308],[-77.5404,39.4308],[-77.5397,39.4322],[-77.5391,39.4335],[-77.5389,39.4347],[-77.539,39.4349],[-77.5391,39.435]]]}},{"type":"Feature","properties":{"name":"Middletown Park","Location":"Community Park"},"geometry":{"type":"Polygon","coordinates":[[[-77.5295,39.4441],[-77.5289,39.4441],[-77.5283,39.4442],[-77.5279,39.4442],[-77.5274,39.4442],[-77.5266,39.4442],[-77.5249,39.4471],[-77.5249,39.4472],[-77.5249,39.4473],[-77.5248,39.4473],[-77.5248,39.4474],[-77.5248,39.4475],[-77.5248,39.4476],[-77.5247,39.4479],[-77.5325,39.4494],[-77.5326,39.4491],[-77.5328,39.4486],[-77.5333,39.4451],[-77.5327,39.445],[-77.5321,39.4448],[-77.5314,39.4446],[-77.5308,39.4444],[-77.5298,39.4441],[-77.5297,39.4441],[-77.5295,39.4441]]]}},{"type":"Feature","properties":{"name":"Fountaindale Park","Location":"Neighborhood Park"},"geometry":{"type":"Polygon","coordinates":[[[-77.5127,39.4293],[-77.5124,39.4307],[-77.5128,39.4308],[-77.5131,39.431],[-77.5135,39.4311],[-77.5142,39.4314],[-77.5139,39.4318],[-77.5145,39.432],[-77.515,39.4313],[-77.515,39.4312],[-77.5151,39.4312],[-77.5151,39.4311],[-77.5147,39.4309],[-77.5144,39.4308],[-77.5141,39.4307],[-77.514,39.4304],[-77.5138,39.43],[-77.5139,39.4294],[-77.5128,39.4293],[-77.5127,39.4293]]]}},{"type":"Feature","properties":{"name":"Loys Station Park","Location":"Community Park"},"geometry":{"type":"Polygon","coordinates":[[[-77.353,39.609],[-77.3533,39.6089],[-77.3537,39.6086],[-77.3539,39.6084],[-77.3527,39.6082],[-77.3519,39.608],[-77.3518,39.608],[-77.3516,39.6085],[-77.3515,39.6085],[-77.3514,39.6085],[-77.3511,39.6085],[-77.3509,39.6085],[-77.351,39.6085],[-77.3511,39.6089],[-77.3512,39.609],[-77.3512,39.6091],[-77.3513,39.6092],[-77.3516,39.6096],[-77.3517,39.6096],[-77.3521,39.6101],[-77.3522,39.6103],[-77.3526,39.6109],[-77.3527,39.6109],[-77.3528,39.6108],[-77.3525,39.6103],[-77.3525,39.6102],[-77.3524,39.61],[-77.3523,39.6097],[-77.3521,39.6094],[-77.3529,39.6091],[-77.353,39.609]]]}},{"type":"Feature","properties":{"name":"Rocky Ridge River Access","Location":"Community Park"},"geometry":{"type":"Polygon","coordinates":[[[-77.2939,39.6035],[-77.2938,39.6035],[-77.2936,39.6035],[-77.2956,39.6057],[-77.2955,39.6055],[-77.2953,39.605],[-77.2944,39.6035],[-77.2939,39.6035]]]}},{"type":"Feature","properties":{"name":"Pinecliff Park","Location":"District Park"},"geometry":{"type":"Polygon","coordinates":[[[-77.373,39.395],[-77.3731,39.3949],[-77.3735,39.3949],[-77.374,39.3949],[-77.3744,39.3947],[-77.3747,39.3946],[-77.3748,39.3946],[-77.3748,39.3945],[-77.3749,39.3945],[-77.375,39.3945],[-77.375,39.3944],[-77.3751,39.3944],[-77.3752,39.3944],[-77.3752,39.3943],[-77.3753,39.3943],[-77.3754,39.3943],[-77.3754,39.3942],[-77.3755,39.3942],[-77.3755,39.3941],[-77.3756,39.3941],[-77.3757,39.394],[-77.3764,39.3932],[-77.3769,39.3926],[-77.3773,39.3918],[-77.3776,39.3911],[-77.378,39.3902],[-77.3784,39.3896],[-77.3784,39.3894],[-77.3786,39.3892],[-77.3788,39.3888],[-77.3791,39.3885],[-77.3794,39.3879],[-77.3794,39.3878],[-77.3781,39.3873],[-77.378,39.3873],[-77.3779,39.3873],[-77.3779,39.3872],[-77.3778,39.3872],[-77.3778,39.3871],[-77.3777,39.3871],[-77.3777,39.387],[-77.3776,39.387],[-77.3776,39.3869],[-77.3772,39.3863],[-77.3766,39.3866],[-77.3758,39.3871],[-77.3753,39.3871],[-77.3749,39.3875],[-77.3738,39.3874],[-77.3731,39.3882],[-77.3724,39.3892],[-77.3736,39.3904],[-77.372,39.3918],[-77.3719,39.3918],[-77.3716,39.3926],[-77.3711,39.3934],[-77.3707,39.3938],[-77.3709,39.3939],[-77.3709,39.3941],[-77.3713,39.3943],[-77.3715,39.3941],[-77.3722,39.395],[-77.3725,39.3951],[-77.373,39.395]]]}},{"type":"Feature","properties":{"name":"Fahrney Branch Stream Valley Park","Location":"Community Park"},"geometry":{"type":"Polygon","coordinates":[[[-77.2645,39.3391],[-77.2643,39.3394],[-77.2643,39.3395],[-77.2641,39.3399],[-77.2638,39.3405],[-77.2639,39.3406],[-77.2643,39.3402],[-77.265,39.3396],[-77.2658,39.339],[-77.2662,39.3392],[-77.2671,39.3397],[-77.2676,39.3388],[-77.2669,39.3385],[-77.2662,39.3381],[-77.2658,39.3378],[-77.2656,39.3373],[-77.2654,39.3372],[-77.2647,39.338],[-77.2633,39.3372],[-77.2627,39.3371],[-77.2624,39.3367],[-77.2621,39.3365],[-77.2617,39.3366],[-77.2614,39.3363],[-77.2608,39.3361],[-77.2607,39.3364],[-77.261,39.3369],[-77.2612,39.3372],[-77.2613,39.3372],[-77.262,39.3367],[-77.2623,39.3368],[-77.2626,39.3372],[-77.2629,39.3373],[-77.2632,39.3374],[-77.2636,39.3376],[-77.2644,39.338],[-77.2646,39.3385],[-77.2647,39.3387],[-77.2645,39.3391]]]}},{"type":"Feature","properties":{"name":"Heritage Farm Park","Location":"Community Park"},"geometry":{"type":"Polygon","coordinates":[[[-77.3451,39.5043],[-77.3455,39.5045],[-77.3487,39.5061],[-77.3491,39.5052],[-77.3494,39.5046],[-77.3497,39.5038],[-77.3498,39.5029],[-77.3504,39.5034],[-77.3521,39.4992],[-77.352,39.4992],[-77.352,39.499],[-77.3519,39.499],[-77.3515,39.4988],[-77.3515,39.4984],[-77.3514,39.4984],[-77.3514,39.4983],[-77.3514,39.4982],[-77.3513,39.4982],[-77.3513,39.4981],[-77.3512,39.4981],[-77.3512,39.498],[-77.3511,39.498],[-77.351,39.498],[-77.351,39.4979],[-77.3509,39.4979],[-77.3508,39.4979],[-77.3508,39.4978],[-77.3507,39.4978],[-77.3506,39.4978],[-77.3467,39.4964],[-77.3467,39.4963],[-77.3466,39.4963],[-77.3465,39.4963],[-77.3464,39.4963],[-77.3463,39.4962],[-77.3462,39.4962],[-77.3461,39.4962],[-77.346,39.4961],[-77.3459,39.4961],[-77.3458,39.4961],[-77.3457,39.4961],[-77.3457,39.496],[-77.3456,39.496],[-77.3456,39.4961],[-77.3455,39.4961],[-77.3455,39.4962],[-77.3454,39.4963],[-77.3454,39.4964],[-77.3453,39.4964],[-77.3453,39.4965],[-77.3452,39.4966],[-77.3452,39.4967],[-77.3451,39.4967],[-77.3451,39.4968],[-77.345,39.4969],[-77.345,39.497],[-77.3449,39.497],[-77.3449,39.4971],[-77.3446,39.4976],[-77.3436,39.4993],[-77.3436,39.4994],[-77.3435,39.4994],[-77.3435,39.4995],[-77.3434,39.4996],[-77.3434,39.4997],[-77.3433,39.4997],[-77.3433,39.4998],[-77.3432,39.4999],[-77.3432,39.5],[-77.3431,39.5],[-77.3431,39.5001],[-77.343,39.5002],[-77.343,39.5003],[-77.3429,39.5003],[-77.3429,39.5004],[-77.3428,39.5004],[-77.3428,39.5005],[-77.3416,39.5021],[-77.3415,39.5022],[-77.3415,39.5023],[-77.3414,39.5023],[-77.3414,39.5024],[-77.3413,39.5024],[-77.3413,39.5025],[-77.3414,39.5025],[-77.3415,39.5026],[-77.3451,39.5043]]]}},{"type":"Feature","properties":{"name":"Monocacy River Park","Location":"Community Park"},"geometry":{"type":"Polygon","coordinates":[[[-77.4067,39.364],[-77.4055,39.3643],[-77.4041,39.3645],[-77.403,39.3646],[-77.4022,39.3647],[-77.4014,39.3648],[-77.4008,39.3649],[-77.4005,39.365],[-77.4006,39.3651],[-77.4023,39.3681],[-77.4026,39.3687],[-77.4027,39.3686],[-77.4028,39.3686],[-77.4029,39.3686],[-77.4029,39.3685],[-77.403,39.3685],[-77.4031,39.3685],[-77.4032,39.3684],[-77.4092,39.3655],[-77.4093,39.3655],[-77.4094,39.3655],[-77.4094,39.3654],[-77.4095,39.3654],[-77.4096,39.3654],[-77.4096,39.3653],[-77.4097,39.3653],[-77.4072,39.3639],[-77.4067,39.364]]]}},{"type":"Feature","properties":{"name":"Eyler Road Park","Location":"Community Park"},"geometry":{"type":"Polygon","coordinates":[[[-77.3993,39.635],[-77.3989,39.6356],[-77.4015,39.6367],[-77.402,39.6362],[-77.4025,39.6357],[-77.4034,39.6348],[-77.405,39.6352],[-77.4057,39.6353],[-77.4058,39.6351],[-77.4057,39.6351],[-77.4056,39.635],[-77.4057,39.6348],[-77.4057,39.6346],[-77.4058,39.6344],[-77.4059,39.6341],[-77.4055,39.6334],[-77.4055,39.6333],[-77.405,39.6329],[-77.4049,39.6328],[-77.4048,39.6328],[-77.404,39.6323],[-77.4034,39.6328],[-77.4032,39.6329],[-77.4025,39.6334],[-77.4025,39.6335],[-77.4007,39.6348],[-77.3997,39.6345],[-77.3993,39.635]]]}},{"type":"Feature","properties":{"name":"Thurmont Memorial Park","Location":"Neighborhood Park"},"geometry":{"type":"Polygon","coordinates":[[[-77.409,39.622],[-77.4087,39.6229],[-77.4092,39.623],[-77.4094,39.6224],[-77.4095,39.622],[-77.409,39.622]]]}},{"type":"Feature","properties":{"name":"Rocky Ridge River Access","Location":"Community Park"},"geometry":{"type":"Polygon","coordinates":[[[-77.2953,39.605],[-77.2955,39.6055],[-77.2962,39.6062],[-77.2962,39.6063],[-77.2963,39.6063],[-77.2963,39.6064],[-77.2964,39.6064],[-77.2964,39.6065],[-77.2965,39.6065],[-77.2966,39.6065],[-77.2966,39.6066],[-77.2967,39.6066],[-77.2968,39.6066],[-77.2968,39.6067],[-77.2969,39.6067],[-77.297,39.6067],[-77.2971,39.6067],[-77.2971,39.6068],[-77.2972,39.6068],[-77.2973,39.6068],[-77.2976,39.6068],[-77.2976,39.6067],[-77.2975,39.6054],[-77.2984,39.6053],[-77.2983,39.604],[-77.2983,39.6036],[-77.2974,39.6036],[-77.2961,39.6036],[-77.296,39.6034],[-77.2954,39.6034],[-77.2944,39.6035],[-77.2953,39.605]]]}},{"type":"Feature","properties":{"name":"Dudrow Park","Location":"Community Park"},"geometry":{"type":"Polygon","coordinates":[[[-77.4089,39.3491],[-77.4082,39.3499],[-77.4083,39.3507],[-77.4085,39.3511],[-77.4094,39.3521],[-77.41,39.3528],[-77.4105,39.3532],[-77.411,39.3536],[-77.4118,39.3547],[-77.4122,39.3555],[-77.4128,39.3555],[-77.4129,39.3555],[-77.4119,39.3546],[-77.4111,39.3536],[-77.4106,39.3527],[-77.4106,39.3519],[-77.4095,39.3507],[-77.4098,39.3501],[-77.4101,39.3497],[-77.4103,39.3495],[-77.4107,39.3492],[-77.4117,39.3486],[-77.4123,39.3484],[-77.4124,39.3483],[-77.4128,39.3483],[-77.4131,39.3482],[-77.4136,39.3492],[-77.4142,39.3495],[-77.415,39.3486],[-77.4115,39.3472],[-77.4108,39.3476],[-77.4101,39.3481],[-77.4089,39.3491]]]}},{"type":"Feature","properties":{"name":"Point of Rocks Park","Location":"Community Park"},"geometry":{"type":"Polygon","coordinates":[[[-77.5351,39.2795],[-77.5351,39.2796],[-77.5352,39.2796],[-77.5359,39.2796],[-77.5358,39.2799],[-77.5356,39.2802],[-77.5354,39.2804],[-77.5353,39.2805],[-77.5355,39.2808],[-77.5356,39.2808],[-77.5356,39.2807],[-77.5357,39.2807],[-77.5358,39.2806],[-77.5359,39.2806],[-77.5357,39.2804],[-77.5358,39.2801],[-77.536,39.2799],[-77.5361,39.2797],[-77.5363,39.2794],[-77.5364,39.2793],[-77.5367,39.279],[-77.5371,39.2787],[-77.5372,39.2786],[-77.5374,39.2782],[-77.5378,39.2782],[-77.5384,39.2783],[-77.5385,39.2782],[-77.5387,39.2775],[-77.5387,39.2774],[-77.5388,39.2774],[-77.5384,39.2774],[-77.538,39.2773],[-77.5377,39.2773],[-77.5375,39.2772],[-77.5372,39.2772],[-77.5369,39.2771],[-77.5369,39.2766],[-77.5364,39.2767],[-77.5363,39.2765],[-77.5363,39.2762],[-77.5361,39.2763],[-77.5363,39.276],[-77.5367,39.276],[-77.5368,39.276],[-77.5367,39.2758],[-77.5361,39.2757],[-77.5362,39.275],[-77.536,39.275],[-77.5359,39.2753],[-77.5359,39.2757],[-77.5357,39.2756],[-77.5356,39.2758],[-77.5355,39.2762],[-77.5351,39.2761],[-77.5355,39.2763],[-77.5355,39.2768],[-77.5353,39.2768],[-77.535,39.2768],[-77.5346,39.2779],[-77.5347,39.2779],[-77.5349,39.2773],[-77.5353,39.2775],[-77.5354,39.2779],[-77.5354,39.2782],[-77.5354,39.2784],[-77.5355,39.2787],[-77.5355,39.2789],[-77.5355,39.2791],[-77.5355,39.2793],[-77.5356,39.2795],[-77.5351,39.2795]]]}},{"type":"Feature","properties":{"name":"Devilbiss Bridge River Access","Location":"Neighborhood Park"},"geometry":{"type":"Polygon","coordinates":[[[-77.3777,39.508],[-77.378,39.508],[-77.378,39.5079],[-77.3781,39.5079],[-77.3781,39.5078],[-77.3782,39.5078],[-77.3783,39.5078],[-77.3784,39.5078],[-77.3785,39.5079],[-77.3787,39.5072],[-77.3786,39.5071],[-77.3784,39.5071],[-77.3782,39.5071],[-77.3781,39.507],[-77.3774,39.5069],[-77.3774,39.507],[-77.3769,39.5068],[-77.3769,39.5067],[-77.3767,39.5067],[-77.3766,39.5067],[-77.3764,39.5066],[-77.3762,39.5066],[-77.3761,39.5072],[-77.3762,39.5073],[-77.3764,39.5073],[-77.3766,39.5074],[-77.3767,39.5071],[-77.3769,39.5072],[-77.3776,39.5074],[-77.3777,39.508]]]}},{"type":"Feature","properties":{"name":"Rose Hill Manor Park","Location":"Community Park"},"geometry":{"type":"Polygon","coordinates":[[[-77.4022,39.4408],[-77.4023,39.4409],[-77.404,39.4411],[-77.404,39.441],[-77.4041,39.441],[-77.4041,39.4409],[-77.4041,39.4408],[-77.4042,39.4408],[-77.4042,39.4407],[-77.4043,39.4406],[-77.4043,39.4405],[-77.4044,39.4405],[-77.4044,39.4404],[-77.4045,39.4403],[-77.4045,39.4402],[-77.4046,39.4402],[-77.4046,39.4401],[-77.4047,39.44],[-77.4048,39.4399],[-77.4048,39.4398],[-77.4049,39.4398],[-77.4049,39.4397],[-77.405,39.4397],[-77.405,39.4396],[-77.4051,39.4396],[-77.4051,39.4395],[-77.4052,39.4395],[-77.4052,39.4394],[-77.4053,39.4393],[-77.4054,39.4392],[-77.4055,39.4391],[-77.4056,39.439],[-77.4057,39.439],[-77.4057,39.4389],[-77.4058,39.4389],[-77.4058,39.4388],[-77.4059,39.4388],[-77.4059,39.4387],[-77.406,39.4387],[-77.406,39.4386],[-77.4077,39.4373],[-77.4079,39.4372],[-77.4079,39.4371],[-77.408,39.4371],[-77.408,39.437],[-77.4081,39.437],[-77.4081,39.4369],[-77.4082,39.4368],[-77.4082,39.4367],[-77.4083,39.4367],[-77.4083,39.4366],[-77.4083,39.4365],[-77.4084,39.4365],[-77.4084,39.4364],[-77.4076,39.4362],[-77.4062,39.4361],[-77.4059,39.4358],[-77.4056,39.4358],[-77.4041,39.4354],[-77.404,39.4354],[-77.4039,39.4354],[-77.4039,39.4353],[-77.4038,39.4353],[-77.4037,39.4353],[-77.4036,39.4352],[-77.4031,39.4356],[-77.4038,39.4361],[-77.4036,39.4367],[-77.4032,39.4381],[-77.4025,39.438],[-77.4022,39.4408]]]}},{"type":"Feature","properties":{"name":"McCurdy Field","Location":"Neighborhood Park"},"geometry":{"type":"Polygon","coordinates":[[[-77.4228,39.4108],[-77.4242,39.41],[-77.4243,39.41],[-77.4239,39.4098],[-77.4234,39.4095],[-77.4233,39.4095],[-77.4232,39.4095],[-77.4232,39.4094],[-77.4231,39.4094],[-77.423,39.4094],[-77.4229,39.4094],[-77.4228,39.4094],[-77.4228,39.4093],[-77.4227,39.4093],[-77.4226,39.4093],[-77.4225,39.4093],[-77.4224,39.4093],[-77.4224,39.4092],[-77.4223,39.4092],[-77.4222,39.4092],[-77.4215,39.4104],[-77.4221,39.4106],[-77.4228,39.4108]]]}},{"type":"Feature","properties":{"name":"Laboring Sons Memorial Grounds","Location":"Neighborhood Park"},"geometry":{"type":"Polygon","coordinates":[[[-77.4068,39.4213],[-77.4072,39.4213],[-77.4073,39.4208],[-77.4073,39.4202],[-77.4069,39.4202],[-77.4068,39.4213]]]}},{"type":"Feature","properties":{"name":"Maryvale Park","Location":"Neighborhood Park"},"geometry":{"type":"MultiPolygon","coordinates":[[[[-77.4272,39.412],[-77.4272,39.4121],[-77.4271,39.4123],[-77.4269,39.4124],[-77.4268,39.4127],[-77.4267,39.4128],[-77.4269,39.4129],[-77.4268,39.4131],[-77.4278,39.4133],[-77.4279,39.4131],[-77.428,39.413],[-77.4282,39.4128],[-77.4283,39.4127],[-77.4284,39.4125],[-77.4285,39.4124],[-77.4286,39.4122],[-77.4287,39.4121],[-77.4288,39.412],[-77.4287,39.412],[-77.4286,39.412],[-77.4286,39.4119],[-77.4285,39.4119],[-77.4284,39.4119],[-77.4283,39.412],[-77.4279,39.4118],[-77.4278,39.4118],[-77.4275,39.4116],[-77.4274,39.4118],[-77.4273,39.4119],[-77.4272,39.412]]],[[[-77.4287,39.4118],[-77.4287,39.4119],[-77.4288,39.4119],[-77.4289,39.4119],[-77.4292,39.4115],[-77.4291,39.4115],[-77.429,39.4115],[-77.4287,39.4118]]]]}},{"type":"Feature","properties":{"name":"Mullinix Park","Location":"Neighborhood Park"},"geometry":{"type":"Polygon","coordinates":[[[-77.4145,39.413],[-77.4146,39.413],[-77.4146,39.4131],[-77.4147,39.4131],[-77.4147,39.4132],[-77.4148,39.4133],[-77.4148,39.4134],[-77.4147,39.4132],[-77.415,39.4131],[-77.4151,39.413],[-77.4153,39.413],[-77.4156,39.4131],[-77.4157,39.4129],[-77.4157,39.4128],[-77.4155,39.4128],[-77.4154,39.4128],[-77.4155,39.4125],[-77.4132,39.4124],[-77.4132,39.4125],[-77.4133,39.4125],[-77.4134,39.4125],[-77.4134,39.4126],[-77.4135,39.4126],[-77.4136,39.4126],[-77.4137,39.4126],[-77.4138,39.4126],[-77.4138,39.4127],[-77.4139,39.4127],[-77.414,39.4127],[-77.4141,39.4127],[-77.4141,39.4128],[-77.4142,39.4128],[-77.4143,39.4128],[-77.4143,39.4129],[-77.4144,39.4129],[-77.4145,39.4129],[-77.4145,39.413]]]}},{"type":"Feature","properties":{"name":"Staley Park","Location":"Neighborhood Park"},"geometry":{"type":"Polygon","coordinates":[[[-77.4096,39.4293],[-77.4097,39.4291],[-77.41,39.4292],[-77.4098,39.4277],[-77.4098,39.4276],[-77.4098,39.4275],[-77.4098,39.4274],[-77.4098,39.4273],[-77.4098,39.4272],[-77.4088,39.4272],[-77.4081,39.4288],[-77.4096,39.4293]]]}},{"type":"Feature","properties":{"name":"Dog Park","Location":"Neighborhood Park"},"geometry":{"type":"Polygon","coordinates":[[[-77.4151,39.4146],[-77.415,39.4149],[-77.4155,39.415],[-77.4156,39.415],[-77.4156,39.4145],[-77.4152,39.4144],[-77.4151,39.4146]]]}},{"type":"Feature","properties":{"name":"Harp Park","Location":"Community Park"},"geometry":{"type":"Polygon","coordinates":[[[-77.5663,39.5126],[-77.5662,39.5126],[-77.5661,39.5132],[-77.5659,39.5135],[-77.5665,39.5139],[-77.5669,39.5134],[-77.5673,39.513],[-77.5671,39.5129],[-77.5663,39.5126]]]}},{"type":"Feature","properties":{"name":"Woodsboro Community Park","Location":"Community Park"},"geometry":{"type":"Polygon","coordinates":[[[-77.3046,39.5333],[-77.3055,39.5335],[-77.3065,39.5338],[-77.3067,39.5338],[-77.3093,39.5341],[-77.3097,39.5341],[-77.3101,39.5341],[-77.3104,39.5342],[-77.3109,39.5342],[-77.3109,39.5341],[-77.3109,39.534],[-77.3109,39.5339],[-77.3109,39.5338],[-77.3109,39.5337],[-77.3109,39.5336],[-77.3109,39.5335],[-77.3109,39.5334],[-77.3109,39.5333],[-77.3109,39.5332],[-77.311,39.5329],[-77.3081,39.5315],[-77.3058,39.5298],[-77.3008,39.5293],[-77.299,39.5331],[-77.2991,39.5331],[-77.2992,39.5328],[-77.2995,39.5329],[-77.3,39.533],[-77.3005,39.5331],[-77.301,39.5331],[-77.3014,39.5332],[-77.3019,39.5333],[-77.3021,39.5332],[-77.3027,39.5332],[-77.3033,39.5331],[-77.3036,39.5331],[-77.3046,39.5333]]]}},{"type":"Feature","properties":{"name":"Walkersville Watershed","Location":"Natural Resource"},"geometry":{"type":"Polygon","coordinates":[[[-77.2734,39.4845],[-77.2734,39.4849],[-77.2732,39.4861],[-77.2732,39.4862],[-77.2733,39.4862],[-77.2734,39.4862],[-77.2735,39.4862],[-77.2736,39.4862],[-77.2738,39.4857],[-77.2744,39.4845],[-77.2769,39.484],[-77.2772,39.484],[-77.2809,39.485],[-77.2808,39.4848],[-77.2808,39.4847],[-77.2809,39.4847],[-77.2809,39.4846],[-77.2811,39.4842],[-77.2811,39.4841],[-77.2814,39.4832],[-77.2822,39.4819],[-77.2828,39.481],[-77.2829,39.4809],[-77.2829,39.4808],[-77.283,39.4808],[-77.2831,39.4807],[-77.2831,39.4806],[-77.2832,39.4806],[-77.2833,39.4804],[-77.2836,39.4801],[-77.2836,39.48],[-77.2837,39.48],[-77.2838,39.4799],[-77.2839,39.4799],[-77.2839,39.4798],[-77.284,39.4798],[-77.284,39.4797],[-77.2841,39.4797],[-77.2842,39.4797],[-77.2842,39.4796],[-77.2843,39.4796],[-77.2844,39.4796],[-77.2844,39.4795],[-77.2845,39.4795],[-77.2846,39.4795],[-77.2851,39.4793],[-77.2851,39.4792],[-77.2852,39.4792],[-77.2853,39.4792],[-77.2853,39.4791],[-77.2854,39.4791],[-77.2855,39.4791],[-77.2855,39.479],[-77.2856,39.479],[-77.2857,39.4789],[-77.2858,39.4789],[-77.2858,39.4788],[-77.2859,39.4788],[-77.286,39.4787],[-77.2861,39.4787],[-77.2861,39.4786],[-77.2861,39.4785],[-77.2861,39.4784],[-77.286,39.4784],[-77.286,39.4783],[-77.286,39.4782],[-77.2859,39.4782],[-77.2859,39.4781],[-77.2859,39.478],[-77.2856,39.4775],[-77.2855,39.4774],[-77.2855,39.4773],[-77.2855,39.4772],[-77.2855,39.4771],[-77.2856,39.4771],[-77.2856,39.477],[-77.2859,39.4768],[-77.2863,39.4761],[-77.286,39.4758],[-77.2843,39.4751],[-77.286,39.4738],[-77.2851,39.4731],[-77.2844,39.4739],[-77.2843,39.4739],[-77.2827,39.474],[-77.2806,39.4737],[-77.279,39.474],[-77.2789,39.474],[-77.2783,39.4741],[-77.2782,39.4741],[-77.2773,39.4743],[-77.2755,39.4746],[-77.276,39.4761],[-77.277,39.4764],[-77.2772,39.4784],[-77.2748,39.4786],[-77.2748,39.4781],[-77.2739,39.4783],[-77.273,39.4806],[-77.2741,39.482],[-77.2741,39.4828],[-77.2737,39.4828],[-77.2734,39.4845]]]}},{"type":"Feature","properties":{"name":"New Market Park","Location":"Neighborhood Park"},"geometry":{"type":"Polygon","coordinates":[[[-77.267,39.3822],[-77.2672,39.3831],[-77.2673,39.3831],[-77.2674,39.3831],[-77.2676,39.3831],[-77.2677,39.3831],[-77.2677,39.3827],[-77.2677,39.3826],[-77.2677,39.3825],[-77.2676,39.3824],[-77.2676,39.3822],[-77.267,39.3822]]]}},{"type":"Feature","properties":{"name":"Emmitsburg Watershed","Location":"Natural Resource"},"geometry":{"type":"Polygon","coordinates":[[[-77.3724,39.7007],[-77.3721,39.7021],[-77.3778,39.7024],[-77.3777,39.7052],[-77.3849,39.7041],[-77.3862,39.704],[-77.387,39.7018],[-77.3979,39.6992],[-77.3998,39.6988],[-77.4001,39.6977],[-77.397,39.6959],[-77.3994,39.6952],[-77.4004,39.6935],[-77.3995,39.6923],[-77.3983,39.6926],[-77.396,39.6943],[-77.3943,39.6943],[-77.394,39.6945],[-77.3931,39.6934],[-77.393,39.6933],[-77.3931,39.6931],[-77.3929,39.6904],[-77.3909,39.6915],[-77.3876,39.6933],[-77.3869,39.6937],[-77.3867,39.6939],[-77.3859,39.6939],[-77.384,39.6938],[-77.3822,39.6938],[-77.3808,39.6937],[-77.3774,39.6935],[-77.3765,39.6954],[-77.3744,39.695],[-77.3734,39.697],[-77.3715,39.696],[-77.3721,39.6946],[-77.3726,39.6947],[-77.3764,39.6906],[-77.3764,39.6898],[-77.3756,39.6898],[-77.3731,39.6899],[-77.371,39.6907],[-77.3673,39.6921],[-77.3699,39.6926],[-77.37,39.6942],[-77.3711,39.6944],[-77.3706,39.696],[-77.3697,39.696],[-77.3686,39.697],[-77.371,39.6972],[-77.3703,39.6998],[-77.3709,39.6998],[-77.3711,39.6998],[-77.3712,39.6998],[-77.3714,39.6998],[-77.3716,39.6998],[-77.3718,39.6998],[-77.3719,39.6998],[-77.3716,39.7009],[-77.3717,39.7008],[-77.3718,39.7008],[-77.372,39.7008],[-77.3721,39.7008],[-77.3722,39.7008],[-77.3724,39.7007]]]}},{"type":"Feature","properties":{"name":"Emmitsburg Community Park","Location":"Community Park"},"geometry":{"type":"Polygon","coordinates":[[[-77.3387,39.6972],[-77.3378,39.6969],[-77.3363,39.6962],[-77.3362,39.6958],[-77.3333,39.6994],[-77.3318,39.7012],[-77.3316,39.7015],[-77.3315,39.7016],[-77.3291,39.7046],[-77.3304,39.7049],[-77.331,39.7033],[-77.3325,39.7037],[-77.3332,39.7034],[-77.3387,39.6972]]]}},{"type":"Feature","properties":{"name":"Thurmont Watershed","Location":"Natural Resource"},"geometry":{"type":"Polygon","coordinates":[[[-77.4544,39.6153],[-77.4564,39.6136],[-77.4618,39.6138],[-77.4625,39.6077],[-77.4333,39.6048],[-77.4321,39.6078],[-77.432,39.6082],[-77.4337,39.6086],[-77.434,39.6097],[-77.4334,39.6097],[-77.4335,39.6099],[-77.433,39.6108],[-77.4335,39.6109],[-77.4332,39.6113],[-77.4493,39.6141],[-77.45,39.6138],[-77.4544,39.6153]]]}},{"type":"Feature","properties":{"name":"Doub's Meadow Park","Location":"Community Park"},"geometry":{"type":"Polygon","coordinates":[[[-77.5591,39.5091],[-77.5596,39.5094],[-77.5598,39.5094],[-77.5606,39.5091],[-77.5607,39.5091],[-77.5608,39.5091],[-77.5608,39.509],[-77.5609,39.509],[-77.561,39.509],[-77.5611,39.509],[-77.5612,39.509],[-77.5612,39.5089],[-77.5613,39.5089],[-77.5614,39.5089],[-77.5616,39.5088],[-77.5617,39.5088],[-77.5617,39.5087],[-77.5619,39.5087],[-77.562,39.5087],[-77.5621,39.5087],[-77.5622,39.5087],[-77.5627,39.5085],[-77.5628,39.5085],[-77.5629,39.5085],[-77.563,39.5085],[-77.563,39.5084],[-77.5631,39.5084],[-77.5632,39.5084],[-77.5636,39.5082],[-77.5639,39.5081],[-77.564,39.5081],[-77.5641,39.508],[-77.5642,39.508],[-77.5644,39.5079],[-77.5643,39.5078],[-77.5645,39.5078],[-77.5647,39.5077],[-77.5648,39.5076],[-77.565,39.5075],[-77.5651,39.5075],[-77.5652,39.5074],[-77.565,39.5071],[-77.5648,39.5068],[-77.5639,39.5072],[-77.5634,39.5063],[-77.563,39.5059],[-77.563,39.5061],[-77.5621,39.5066],[-77.5617,39.5068],[-77.5604,39.5071],[-77.5601,39.5072],[-77.5596,39.5074],[-77.5593,39.508],[-77.5581,39.5084],[-77.5591,39.5091]]]}},{"type":"Feature","properties":{"name":"Woodsboro Community Park","Location":"Neighborhood Park"},"geometry":{"type":"Polygon","coordinates":[[[-77.3089,39.5376],[-77.3093,39.5376],[-77.3094,39.5376],[-77.3095,39.5376],[-77.3096,39.5376],[-77.3097,39.5376],[-77.3098,39.5376],[-77.3099,39.5376],[-77.31,39.5376],[-77.3102,39.5376],[-77.3103,39.5376],[-77.3104,39.5376],[-77.3105,39.5376],[-77.3106,39.5376],[-77.3107,39.5376],[-77.3108,39.5376],[-77.3109,39.5375],[-77.3109,39.5373],[-77.311,39.5373],[-77.311,39.5372],[-77.311,39.5371],[-77.311,39.537],[-77.311,39.5369],[-77.311,39.5367],[-77.311,39.5366],[-77.311,39.5365],[-77.311,39.5364],[-77.3109,39.5364],[-77.3109,39.5363],[-77.3108,39.536],[-77.3102,39.5361],[-77.3102,39.5359],[-77.3101,39.5357],[-77.31,39.5356],[-77.3097,39.5356],[-77.3093,39.5354],[-77.3092,39.5351],[-77.3089,39.5348],[-77.3089,39.5344],[-77.3094,39.5346],[-77.3094,39.5345],[-77.3089,39.5344],[-77.309,39.5342],[-77.3093,39.5341],[-77.3067,39.5338],[-77.3067,39.5339],[-77.3058,39.5343],[-77.3067,39.534],[-77.3073,39.5351],[-77.3073,39.5355],[-77.308,39.5354],[-77.3089,39.5376]]]}},{"type":"Feature","properties":{"name":"Twin Ridge Park","Location":"Community Park"},"geometry":{"type":"Polygon","coordinates":[[[-77.1748,39.3701],[-77.1756,39.3695],[-77.1757,39.3695],[-77.1758,39.3695],[-77.1766,39.3693],[-77.1774,39.3692],[-77.1775,39.3691],[-77.1772,39.3688],[-77.1769,39.3686],[-77.1764,39.3682],[-77.1754,39.3689],[-77.1753,39.3689],[-77.1752,39.369],[-77.1736,39.3699],[-77.1744,39.3698],[-77.1748,39.3701]]]}},{"type":"Feature","properties":{"name":"Urbana Lake Fish Management Area","Location":"Natural Resource"},"geometry":{"type":"Polygon","coordinates":[[[-77.3381,39.2989],[-77.3385,39.2995],[-77.3388,39.3001],[-77.3391,39.3007],[-77.3393,39.301],[-77.3394,39.3014],[-77.3395,39.3018],[-77.3395,39.3019],[-77.3397,39.3022],[-77.3403,39.3031],[-77.3406,39.3037],[-77.3425,39.3048],[-77.3432,39.2986],[-77.3433,39.2984],[-77.3433,39.2981],[-77.3433,39.2979],[-77.3433,39.2977],[-77.3434,39.2977],[-77.3434,39.2976],[-77.3435,39.2976],[-77.3435,39.2975],[-77.3436,39.2975],[-77.3436,39.2974],[-77.3443,39.2971],[-77.3445,39.2971],[-77.3446,39.297],[-77.3448,39.2969],[-77.3449,39.2968],[-77.345,39.2967],[-77.3451,39.2966],[-77.3455,39.2962],[-77.3455,39.2961],[-77.3456,39.296],[-77.3457,39.2959],[-77.346,39.2956],[-77.3461,39.2955],[-77.3462,39.2954],[-77.3463,39.2953],[-77.3464,39.2952],[-77.3465,39.2951],[-77.3466,39.295],[-77.3467,39.2949],[-77.3467,39.2948],[-77.3467,39.2946],[-77.3469,39.2938],[-77.3469,39.2937],[-77.347,39.2935],[-77.347,39.2934],[-77.347,39.2932],[-77.347,39.2931],[-77.347,39.293],[-77.3474,39.2927],[-77.3474,39.2926],[-77.3476,39.2924],[-77.3472,39.2925],[-77.3471,39.2926],[-77.3469,39.2927],[-77.3468,39.2928],[-77.3468,39.2929],[-77.3467,39.293],[-77.3467,39.2931],[-77.3467,39.2932],[-77.3467,39.2934],[-77.3467,39.2935],[-77.3467,39.2936],[-77.3467,39.2938],[-77.3465,39.2946],[-77.3465,39.2947],[-77.3464,39.2948],[-77.3464,39.2949],[-77.3463,39.295],[-77.3462,39.2951],[-77.3461,39.2951],[-77.346,39.2953],[-77.3459,39.2954],[-77.3458,39.2955],[-77.3455,39.2958],[-77.3454,39.2959],[-77.3453,39.296],[-77.3452,39.2961],[-77.3449,39.2965],[-77.3448,39.2966],[-77.3447,39.2967],[-77.3446,39.2968],[-77.3445,39.2968],[-77.3443,39.2969],[-77.3442,39.297],[-77.3435,39.2973],[-77.3434,39.2973],[-77.3433,39.2974],[-77.3432,39.2974],[-77.3432,39.2975],[-77.3432,39.2976],[-77.3431,39.2976],[-77.3431,39.2977],[-77.3431,39.2978],[-77.3431,39.2979],[-77.3414,39.2966],[-77.3398,39.2977],[-77.3381,39.2989]]]}},{"type":"Feature","properties":{"name":"Sugarloaf Mountain","Location":"Regional Park"},"geometry":{"type":"MultiPolygon","coordinates":[[[[-77.3778,39.2967],[-77.378,39.2968],[-77.3785,39.2971],[-77.3789,39.2973],[-77.379,39.2973],[-77.3791,39.2973],[-77.3795,39.2975],[-77.38,39.2964],[-77.382,39.2955],[-77.3824,39.2955],[-77.3827,39.2957],[-77.3828,39.2956],[-77.3829,39.2955],[-77.383,39.2955],[-77.383,39.2954],[-77.3831,39.2953],[-77.3831,39.2952],[-77.3832,39.2952],[-77.3833,39.2952],[-77.3834,39.2951],[-77.3835,39.295],[-77.3836,39.2949],[-77.3789,39.2915],[-77.3799,39.2913],[-77.3808,39.2911],[-77.3817,39.2909],[-77.3833,39.2906],[-77.3843,39.29],[-77.3851,39.2896],[-77.386,39.2891],[-77.3886,39.293],[-77.3887,39.2929],[-77.3887,39.2928],[-77.3888,39.2928],[-77.3894,39.2921],[-77.3895,39.292],[-77.3896,39.292],[-77.3897,39.2919],[-77.3898,39.2919],[-77.3899,39.2918],[-77.3899,39.2917],[-77.39,39.2917],[-77.39,39.2916],[-77.3901,39.2915],[-77.3901,39.2914],[-77.3902,39.2914],[-77.3902,39.2913],[-77.3903,39.2913],[-77.3903,39.2912],[-77.3904,39.2912],[-77.391,39.2909],[-77.3911,39.2909],[-77.3912,39.2909],[-77.3913,39.2908],[-77.3915,39.2908],[-77.3917,39.2907],[-77.3918,39.2906],[-77.3919,39.2905],[-77.3921,39.2904],[-77.3922,39.2903],[-77.3923,39.2902],[-77.3932,39.2898],[-77.3933,39.2897],[-77.3935,39.2897],[-77.3936,39.2896],[-77.3939,39.2895],[-77.3945,39.2893],[-77.3946,39.2892],[-77.3947,39.2892],[-77.3948,39.2892],[-77.3935,39.2866],[-77.3941,39.2855],[-77.395,39.2856],[-77.3969,39.2884],[-77.3974,39.2882],[-77.3975,39.2882],[-77.3978,39.288],[-77.3978,39.2879],[-77.3979,39.2879],[-77.398,39.2878],[-77.3981,39.2878],[-77.3988,39.2874],[-77.3989,39.2873],[-77.3994,39.287],[-77.4017,39.2879],[-77.403,39.2866],[-77.4034,39.2861],[-77.4032,39.2861],[-77.402,39.2858],[-77.4014,39.2857],[-77.4009,39.2856],[-77.4001,39.2854],[-77.3994,39.2853],[-77.3987,39.2851],[-77.399,39.2847],[-77.3994,39.2841],[-77.4,39.2832],[-77.4005,39.2825],[-77.4024,39.2818],[-77.4019,39.2815],[-77.4019,39.2814],[-77.4018,39.2814],[-77.4017,39.2813],[-77.4013,39.2811],[-77.4013,39.281],[-77.4012,39.281],[-77.4012,39.2809],[-77.4011,39.2809],[-77.401,39.2806],[-77.4009,39.2805],[-77.4008,39.2805],[-77.4008,39.2804],[-77.4007,39.2804],[-77.4007,39.2803],[-77.4006,39.2803],[-77.4006,39.2802],[-77.4006,39.2801],[-77.4007,39.2799],[-77.4006,39.2798],[-77.4005,39.2796],[-77.4005,39.2795],[-77.4006,39.2789],[-77.4006,39.2788],[-77.4005,39.2788],[-77.4005,39.2787],[-77.4003,39.2784],[-77.4002,39.2783],[-77.4002,39.2782],[-77.4002,39.2781],[-77.4,39.2776],[-77.3999,39.2775],[-77.3999,39.2774],[-77.3998,39.2773],[-77.3995,39.277],[-77.3994,39.2769],[-77.3994,39.2768],[-77.3993,39.2768],[-77.3993,39.2767],[-77.3989,39.2763],[-77.3988,39.2762],[-77.3987,39.2761],[-77.3987,39.276],[-77.3984,39.2757],[-77.3984,39.2756],[-77.3984,39.2755],[-77.3985,39.2755],[-77.3986,39.2754],[-77.3986,39.2753],[-77.3987,39.275],[-77.3988,39.275],[-77.3988,39.2749],[-77.3989,39.2748],[-77.399,39.2747],[-77.3991,39.2746],[-77.3992,39.2746],[-77.3993,39.2745],[-77.3994,39.2745],[-77.3995,39.2745],[-77.3996,39.2744],[-77.3997,39.2744],[-77.3998,39.2744],[-77.3999,39.2743],[-77.4002,39.2742],[-77.4003,39.2741],[-77.4004,39.2741],[-77.4004,39.274],[-77.4005,39.274],[-77.4005,39.2739],[-77.4006,39.2739],[-77.4006,39.2738],[-77.4006,39.2737],[-77.4007,39.2736],[-77.4007,39.2734],[-77.4007,39.2733],[-77.4008,39.2732],[-77.401,39.2729],[-77.401,39.2728],[-77.4011,39.2727],[-77.4016,39.2722],[-77.4019,39.2718],[-77.402,39.2718],[-77.402,39.2717],[-77.4021,39.2716],[-77.4021,39.2715],[-77.4032,39.2691],[-77.4032,39.269],[-77.4038,39.2676],[-77.4038,39.2675],[-77.4039,39.2674],[-77.4039,39.2673],[-77.4039,39.2672],[-77.404,39.2657],[-77.404,39.2656],[-77.404,39.2655],[-77.4041,39.2653],[-77.4042,39.2649],[-77.4042,39.2648],[-77.4042,39.2647],[-77.4044,39.2644],[-77.4044,39.2643],[-77.4046,39.2639],[-77.4046,39.2638],[-77.4047,39.2638],[-77.4047,39.2637],[-77.4047,39.2636],[-77.4048,39.2636],[-77.4049,39.2632],[-77.4049,39.2631],[-77.405,39.263],[-77.405,39.2629],[-77.4052,39.2627],[-77.4055,39.2621],[-77.4056,39.262],[-77.4057,39.2618],[-77.4057,39.2617],[-77.4058,39.2615],[-77.4058,39.2613],[-77.4059,39.2613],[-77.4059,39.2612],[-77.4059,39.2611],[-77.4058,39.2598],[-77.4058,39.2597],[-77.4057,39.2596],[-77.4057,39.2595],[-77.4056,39.2594],[-77.4054,39.2587],[-77.4053,39.2586],[-77.4052,39.2584],[-77.405,39.2582],[-77.4049,39.258],[-77.4045,39.2576],[-77.404,39.2575],[-77.4024,39.2569],[-77.4031,39.2561],[-77.4024,39.2553],[-77.4023,39.2552],[-77.4023,39.2551],[-77.4022,39.255],[-77.4022,39.2549],[-77.4021,39.2549],[-77.4021,39.2548],[-77.4021,39.2547],[-77.4022,39.2543],[-77.4022,39.254],[-77.4022,39.2539],[-77.4022,39.2538],[-77.4021,39.2537],[-77.4021,39.2536],[-77.402,39.2535],[-77.402,39.2534],[-77.402,39.2532],[-77.402,39.2528],[-77.402,39.2526],[-77.402,39.2524],[-77.4019,39.2523],[-77.4019,39.2521],[-77.4018,39.252],[-77.4018,39.2518],[-77.4017,39.2517],[-77.4017,39.2515],[-77.4017,39.2514],[-77.4017,39.2513],[-77.4016,39.2513],[-77.4016,39.2512],[-77.4015,39.2512],[-77.4015,39.2511],[-77.4012,39.2511],[-77.4008,39.2511],[-77.4005,39.2511],[-77.3974,39.2511],[-77.3974,39.2512],[-77.3974,39.2513],[-77.3973,39.2514],[-77.3972,39.2515],[-77.3971,39.2515],[-77.3971,39.2516],[-77.3971,39.2517],[-77.3971,39.2518],[-77.397,39.2519],[-77.397,39.252],[-77.397,39.2521],[-77.397,39.2522],[-77.397,39.2523],[-77.3969,39.2523],[-77.3969,39.2524],[-77.3968,39.2524],[-77.3967,39.2524],[-77.3967,39.2525],[-77.3968,39.2525],[-77.397,39.2528],[-77.3971,39.2529],[-77.3971,39.253],[-77.3972,39.253],[-77.3972,39.2531],[-77.3972,39.2533],[-77.3972,39.2535],[-77.3972,39.2537],[-77.3972,39.2539],[-77.3971,39.254],[-77.3971,39.2541],[-77.397,39.2542],[-77.397,39.2543],[-77.397,39.2544],[-77.3969,39.2544],[-77.3969,39.2545],[-77.3968,39.2545],[-77.3967,39.2546],[-77.3966,39.2547],[-77.3965,39.2548],[-77.3964,39.2549],[-77.3963,39.2551],[-77.3962,39.2552],[-77.3962,39.2553],[-77.3962,39.2554],[-77.3962,39.2555],[-77.3961,39.2555],[-77.3961,39.2557],[-77.3961,39.2558],[-77.3961,39.2559],[-77.3962,39.256],[-77.3962,39.2561],[-77.3961,39.2561],[-77.3961,39.2562],[-77.3961,39.2563],[-77.396,39.2563],[-77.3959,39.2564],[-77.3958,39.2564],[-77.3958,39.2563],[-77.3957,39.2563],[-77.3956,39.2563],[-77.3956,39.2562],[-77.3955,39.2562],[-77.3954,39.2562],[-77.3953,39.2562],[-77.3952,39.2561],[-77.3951,39.2561],[-77.3951,39.256],[-77.395,39.256],[-77.395,39.2561],[-77.3949,39.2561],[-77.3949,39.2562],[-77.3951,39.2564],[-77.3951,39.2565],[-77.3952,39.2566],[-77.3954,39.2567],[-77.3955,39.2568],[-77.3956,39.2569],[-77.3957,39.2569],[-77.3959,39.257],[-77.3959,39.2571],[-77.396,39.2571],[-77.396,39.2572],[-77.396,39.2573],[-77.3959,39.2573],[-77.3959,39.2574],[-77.3959,39.2575],[-77.3961,39.2576],[-77.3961,39.2577],[-77.3961,39.2578],[-77.396,39.2578],[-77.3959,39.2578],[-77.3958,39.2578],[-77.3956,39.2575],[-77.3955,39.2575],[-77.3954,39.2574],[-77.3953,39.2574],[-77.3952,39.2574],[-77.3951,39.2574],[-77.395,39.2574],[-77.3947,39.2574],[-77.3945,39.2574],[-77.3946,39.2574],[-77.3946,39.2573],[-77.3947,39.2573],[-77.395,39.2573],[-77.3951,39.2573],[-77.3952,39.2573],[-77.3953,39.2573],[-77.3954,39.2573],[-77.3954,39.2574],[-77.3955,39.2574],[-77.3956,39.2574],[-77.3957,39.2575],[-77.3959,39.2577],[-77.396,39.2577],[-77.396,39.2576],[-77.3958,39.2575],[-77.3958,39.2574],[-77.3958,39.2573],[-77.3959,39.2573],[-77.3959,39.2572],[-77.3959,39.2571],[-77.3958,39.2571],[-77.3957,39.257],[-77.3955,39.2569],[-77.3954,39.2569],[-77.3953,39.2568],[-77.3951,39.2567],[-77.3951,39.2566],[-77.395,39.2566],[-77.395,39.2565],[-77.395,39.2564],[-77.3948,39.2562],[-77.3948,39.2561],[-77.3948,39.256],[-77.3949,39.256],[-77.395,39.256],[-77.395,39.2559],[-77.3951,39.256],[-77.3952,39.256],[-77.3953,39.2561],[-77.3954,39.2561],[-77.3955,39.2561],[-77.3956,39.2561],[-77.3956,39.2562],[-77.3957,39.2562],[-77.3958,39.2562],[-77.3958,39.2563],[-77.3959,39.2563],[-77.396,39.2563],[-77.396,39.2562],[-77.396,39.2561],[-77.396,39.256],[-77.396,39.2559],[-77.396,39.2558],[-77.396,39.2556],[-77.396,39.2555],[-77.3961,39.2553],[-77.3961,39.2552],[-77.3962,39.255],[-77.3963,39.2549],[-77.3964,39.2548],[-77.3965,39.2546],[-77.3967,39.2545],[-77.3968,39.2544],[-77.3969,39.2543],[-77.3969,39.2542],[-77.397,39.2541],[-77.397,39.254],[-77.3971,39.2539],[-77.3971,39.2537],[-77.3971,39.2535],[-77.3971,39.2533],[-77.3971,39.2531],[-77.3971,39.253],[-77.397,39.253],[-77.397,39.2529],[-77.3969,39.2529],[-77.3967,39.2526],[-77.3966,39.2526],[-77.3966,39.2525],[-77.3966,39.2524],[-77.3967,39.2524],[-77.3967,39.2523],[-77.3968,39.2523],[-77.3969,39.2523],[-77.3969,39.2522],[-77.3969,39.2521],[-77.3969,39.252],[-77.397,39.2518],[-77.397,39.2516],[-77.397,39.2515],[-77.3971,39.2514],[-77.3972,39.2514],[-77.3972,39.2513],[-77.3973,39.2513],[-77.3973,39.2512],[-77.3973,39.2511],[-77.396,39.2512],[-77.3959,39.2512],[-77.3957,39.2512],[-77.3955,39.2512],[-77.3951,39.2513],[-77.3947,39.2513],[-77.3943,39.2514],[-77.394,39.2514],[-77.3937,39.2515],[-77.3934,39.2516],[-77.393,39.2522],[-77.3926,39.2529],[-77.3925,39.253],[-77.3924,39.2531],[-77.3923,39.2532],[-77.3922,39.2533],[-77.3921,39.2534],[-77.392,39.2535],[-77.3918,39.2537],[-77.3917,39.2538],[-77.3915,39.2539],[-77.3913,39.2539],[-77.3911,39.254],[-77.3909,39.2541],[-77.3899,39.2544],[-77.3898,39.2544],[-77.3897,39.2545],[-77.3896,39.2545],[-77.3896,39.2546],[-77.3895,39.2547],[-77.3893,39.2548],[-77.3892,39.2549],[-77.3891,39.2549],[-77.3892,39.256],[-77.3883,39.2558],[-77.3882,39.2561],[-77.3882,39.2562],[-77.3881,39.2563],[-77.3881,39.2564],[-77.388,39.2565],[-77.3879,39.2566],[-77.3878,39.2567],[-77.3876,39.2568],[-77.3871,39.2571],[-77.387,39.2572],[-77.3869,39.2573],[-77.3868,39.2573],[-77.3867,39.2574],[-77.3865,39.2575],[-77.3865,39.2576],[-77.3864,39.2576],[-77.386,39.2579],[-77.3858,39.258],[-77.3856,39.2582],[-77.3854,39.2583],[-77.3851,39.2585],[-77.385,39.2585],[-77.3849,39.2586],[-77.3848,39.2587],[-77.3835,39.2598],[-77.3835,39.2599],[-77.3834,39.2599],[-77.3834,39.26],[-77.3832,39.2601],[-77.3831,39.2602],[-77.383,39.2603],[-77.3828,39.2604],[-77.3827,39.2605],[-77.3826,39.2606],[-77.3825,39.2606],[-77.3824,39.2607],[-77.3823,39.2608],[-77.3823,39.2609],[-77.3821,39.2613],[-77.382,39.2613],[-77.382,39.2614],[-77.3818,39.2617],[-77.3814,39.2623],[-77.3813,39.2624],[-77.3812,39.2625],[-77.3812,39.2626],[-77.3811,39.2627],[-77.3808,39.263],[-77.3807,39.2631],[-77.3806,39.2632],[-77.3804,39.2633],[-77.3802,39.2635],[-77.3801,39.2636],[-77.3799,39.2637],[-77.3799,39.2638],[-77.3798,39.2638],[-77.3797,39.2639],[-77.3796,39.2639],[-77.3795,39.2639],[-77.3794,39.2639],[-77.3794,39.264],[-77.3794,39.2641],[-77.3779,39.2654],[-77.3754,39.2645],[-77.3752,39.2645],[-77.3691,39.2655],[-77.3693,39.266],[-77.3689,39.2662],[-77.3682,39.2667],[-77.3672,39.2673],[-77.3667,39.2676],[-77.3655,39.2688],[-77.364,39.2703],[-77.3649,39.2706],[-77.3658,39.2708],[-77.3658,39.2709],[-77.3673,39.271],[-77.3693,39.2714],[-77.3694,39.2714],[-77.3695,39.2714],[-77.3703,39.2719],[-77.3704,39.272],[-77.3745,39.2704],[-77.3747,39.2704],[-77.3743,39.2723],[-77.3736,39.2731],[-77.3726,39.274],[-77.3726,39.2741],[-77.3722,39.2746],[-77.3718,39.275],[-77.3718,39.2751],[-77.3714,39.2755],[-77.371,39.2761],[-77.3702,39.278],[-77.3706,39.2783],[-77.3685,39.2834],[-77.3674,39.2834],[-77.3671,39.2842],[-77.3682,39.2864],[-77.3689,39.2858],[-77.3705,39.2847],[-77.3721,39.2834],[-77.3738,39.2822],[-77.3755,39.2809],[-77.3774,39.2825],[-77.3792,39.284],[-77.3788,39.2843],[-77.3774,39.2853],[-77.3757,39.2865],[-77.3741,39.2877],[-77.3724,39.2889],[-77.3707,39.2901],[-77.372,39.2904],[-77.3725,39.2907],[-77.3743,39.2913],[-77.3756,39.2913],[-77.3781,39.2921],[-77.3798,39.2934],[-77.379,39.2944],[-77.3801,39.295],[-77.3778,39.2967]]],[[[-77.4006,39.2796],[-77.4007,39.2798],[-77.4008,39.2798],[-77.4008,39.2799],[-77.4007,39.2801],[-77.4007,39.2802],[-77.4007,39.2803],[-77.4008,39.2803],[-77.4008,39.2804],[-77.4009,39.2804],[-77.401,39.2805],[-77.4011,39.2805],[-77.4011,39.2806],[-77.4012,39.2808],[-77.4012,39.2809],[-77.4013,39.2809],[-77.4013,39.281],[-77.4014,39.281],[-77.4017,39.2812],[-77.4018,39.2812],[-77.4018,39.2813],[-77.4019,39.2813],[-77.4019,39.2814],[-77.402,39.2814],[-77.4025,39.2817],[-77.4025,39.2818],[-77.4032,39.2816],[-77.4046,39.2796],[-77.4066,39.2801],[-77.4071,39.2796],[-77.4088,39.2783],[-77.4093,39.2779],[-77.408,39.2774],[-77.4059,39.2766],[-77.4022,39.2751],[-77.405,39.273],[-77.4065,39.2706],[-77.4115,39.2715],[-77.4119,39.2704],[-77.4125,39.2688],[-77.4125,39.2687],[-77.4127,39.2683],[-77.4129,39.2674],[-77.4062,39.2668],[-77.4061,39.266],[-77.4061,39.2655],[-77.406,39.2647],[-77.406,39.2636],[-77.4062,39.2636],[-77.4098,39.2639],[-77.4104,39.2627],[-77.4139,39.2632],[-77.4138,39.2621],[-77.4126,39.262],[-77.4126,39.2592],[-77.4155,39.2559],[-77.4076,39.2547],[-77.4071,39.2557],[-77.4067,39.2562],[-77.4064,39.2567],[-77.4056,39.258],[-77.4047,39.2577],[-77.405,39.258],[-77.4052,39.2582],[-77.4053,39.2585],[-77.4055,39.2587],[-77.4056,39.259],[-77.4058,39.2595],[-77.4058,39.2596],[-77.4059,39.2597],[-77.4059,39.2598],[-77.406,39.2611],[-77.406,39.2612],[-77.406,39.2613],[-77.4059,39.2613],[-77.4059,39.2614],[-77.4058,39.2617],[-77.4058,39.2619],[-77.4057,39.262],[-77.4056,39.2621],[-77.4051,39.2629],[-77.4051,39.263],[-77.405,39.2631],[-77.405,39.2633],[-77.4049,39.2636],[-77.4048,39.2636],[-77.4048,39.2637],[-77.4048,39.2638],[-77.4047,39.2639],[-77.4045,39.2644],[-77.4043,39.2648],[-77.4043,39.2649],[-77.4041,39.2655],[-77.4041,39.2656],[-77.4041,39.2657],[-77.404,39.2672],[-77.404,39.2673],[-77.404,39.2674],[-77.4039,39.2675],[-77.4039,39.2676],[-77.4034,39.2688],[-77.4033,39.269],[-77.4022,39.2715],[-77.4022,39.2716],[-77.4021,39.2717],[-77.4021,39.2718],[-77.402,39.2718],[-77.4017,39.2722],[-77.4017,39.2723],[-77.4012,39.2727],[-77.4012,39.2728],[-77.4011,39.2728],[-77.4011,39.2729],[-77.4009,39.2733],[-77.4008,39.2733],[-77.4008,39.2734],[-77.4008,39.2736],[-77.4007,39.2737],[-77.4007,39.2738],[-77.4007,39.2739],[-77.4006,39.274],[-77.4005,39.2741],[-77.4004,39.2741],[-77.4004,39.2742],[-77.4003,39.2742],[-77.4002,39.2743],[-77.3999,39.2744],[-77.3998,39.2745],[-77.3996,39.2745],[-77.3995,39.2745],[-77.3994,39.2746],[-77.3993,39.2746],[-77.3992,39.2747],[-77.3991,39.2747],[-77.3991,39.2748],[-77.399,39.2748],[-77.399,39.2749],[-77.3989,39.2749],[-77.3989,39.275],[-77.3989,39.2751],[-77.3988,39.2753],[-77.3987,39.2754],[-77.3987,39.2755],[-77.3986,39.2755],[-77.3986,39.2756],[-77.3985,39.2756],[-77.3985,39.2757],[-77.3988,39.276],[-77.3988,39.2761],[-77.3989,39.2761],[-77.3989,39.2762],[-77.399,39.2763],[-77.3991,39.2764],[-77.3993,39.2767],[-77.3994,39.2767],[-77.3994,39.2768],[-77.3995,39.2768],[-77.3996,39.277],[-77.3999,39.2773],[-77.3999,39.2774],[-77.4,39.2775],[-77.4001,39.2776],[-77.4003,39.278],[-77.4003,39.2781],[-77.4003,39.2782],[-77.4003,39.2783],[-77.4004,39.2783],[-77.4006,39.2786],[-77.4006,39.2787],[-77.4006,39.2788],[-77.4007,39.2788],[-77.4007,39.2789],[-77.4006,39.2795],[-77.4006,39.2796]]],[[[-77.4012,39.2503],[-77.4013,39.2504],[-77.4013,39.2505],[-77.4016,39.251],[-77.4016,39.2511],[-77.4017,39.2511],[-77.4017,39.2512],[-77.4017,39.2513],[-77.4018,39.2513],[-77.4018,39.2514],[-77.4018,39.2516],[-77.4019,39.2518],[-77.4019,39.252],[-77.402,39.2521],[-77.4028,39.2522],[-77.4029,39.2522],[-77.4031,39.2523],[-77.4032,39.2523],[-77.4037,39.2524],[-77.4051,39.2505],[-77.4061,39.2473],[-77.4061,39.2472],[-77.4061,39.2471],[-77.4062,39.2467],[-77.406,39.2464],[-77.406,39.2463],[-77.4052,39.2464],[-77.4051,39.2462],[-77.4042,39.2464],[-77.4042,39.2472],[-77.4033,39.2481],[-77.401,39.2461],[-77.4003,39.2464],[-77.3994,39.2474],[-77.4012,39.2503]]],[[[-77.3936,39.2513],[-77.3936,39.2514],[-77.3937,39.2514],[-77.3939,39.2514],[-77.3941,39.2513],[-77.3943,39.2513],[-77.3947,39.2513],[-77.3951,39.2512],[-77.3955,39.2511],[-77.3956,39.2511],[-77.3958,39.2511],[-77.396,39.2511],[-77.3974,39.251],[-77.4005,39.251],[-77.4008,39.251],[-77.4011,39.251],[-77.4015,39.251],[-77.4012,39.2505],[-77.4012,39.2504],[-77.4011,39.2504],[-77.4011,39.2503],[-77.3992,39.2471],[-77.3991,39.247],[-77.3962,39.2483],[-77.3947,39.2498],[-77.3945,39.2501],[-77.3943,39.2503],[-77.3942,39.2505],[-77.394,39.2507],[-77.3936,39.2513]]],[[[-77.3924,39.25],[-77.3865,39.2527],[-77.3869,39.2528],[-77.387,39.2528],[-77.3872,39.2528],[-77.3873,39.2528],[-77.3874,39.2528],[-77.3876,39.2527],[-77.3877,39.2527],[-77.388,39.2526],[-77.3881,39.2526],[-77.3883,39.2526],[-77.3884,39.2525],[-77.3902,39.2522],[-77.3904,39.2521],[-77.3905,39.2521],[-77.3907,39.2521],[-77.3934,39.2515],[-77.3939,39.2506],[-77.3941,39.2504],[-77.3943,39.2502],[-77.3944,39.25],[-77.3947,39.2498],[-77.3958,39.2485],[-77.3924,39.25]]],[[[-77.4021,39.2528],[-77.4021,39.2534],[-77.4021,39.2535],[-77.4022,39.2536],[-77.4022,39.2537],[-77.4023,39.2537],[-77.4023,39.2538],[-77.4023,39.2539],[-77.4023,39.254],[-77.4022,39.2547],[-77.4022,39.2548],[-77.4022,39.2549],[-77.4023,39.2549],[-77.4023,39.255],[-77.4024,39.2551],[-77.4024,39.2552],[-77.4025,39.2552],[-77.4025,39.2553],[-77.4031,39.256],[-77.4034,39.2558],[-77.4036,39.2555],[-77.404,39.255],[-77.4052,39.2536],[-77.4063,39.2522],[-77.4062,39.2522],[-77.4062,39.2523],[-77.406,39.2524],[-77.4058,39.2525],[-77.4056,39.2525],[-77.4054,39.2526],[-77.4053,39.2526],[-77.4051,39.2527],[-77.405,39.2527],[-77.4048,39.2527],[-77.4047,39.2527],[-77.4045,39.2527],[-77.4044,39.2526],[-77.4032,39.2524],[-77.4031,39.2523],[-77.4029,39.2523],[-77.4028,39.2523],[-77.402,39.2522],[-77.4021,39.2524],[-77.4021,39.2526],[-77.4021,39.2528]]],[[[-77.3907,39.2521],[-77.3906,39.2522],[-77.3904,39.2522],[-77.3903,39.2522],[-77.3889,39.2525],[-77.3889,39.2526],[-77.389,39.253],[-77.389,39.2533],[-77.3891,39.2548],[-77.3893,39.2547],[-77.3894,39.2546],[-77.3895,39.2545],[-77.3895,39.2544],[-77.3896,39.2544],[-77.3897,39.2543],[-77.3898,39.2543],[-77.3899,39.2543],[-77.3909,39.254],[-77.3911,39.2539],[-77.3913,39.2539],[-77.3914,39.2538],[-77.3916,39.2537],[-77.3917,39.2536],[-77.3919,39.2535],[-77.392,39.2533],[-77.3921,39.2532],[-77.3922,39.2531],[-77.3923,39.253],[-77.3924,39.2529],[-77.3924,39.2528],[-77.3932,39.2516],[-77.3907,39.2521]]]]}},{"type":"Feature","properties":{"name":"Monocacy Natural Resource Management Area","Location":"Natural Resource"},"geometry":{"type":"Polygon","coordinates":[[[-77.4354,39.2638],[-77.4357,39.2638],[-77.4358,39.2636],[-77.4359,39.2635],[-77.4361,39.2631],[-77.4362,39.2628],[-77.4364,39.2628],[-77.4365,39.2627],[-77.4366,39.2626],[-77.4367,39.2623],[-77.437,39.2621],[-77.4376,39.2616],[-77.4378,39.2614],[-77.4404,39.2576],[-77.4404,39.2575],[-77.4393,39.2569],[-77.4393,39.2568],[-77.4394,39.2562],[-77.4395,39.2561],[-77.4405,39.2538],[-77.4416,39.2508],[-77.4417,39.2508],[-77.4424,39.249],[-77.4423,39.2486],[-77.4422,39.2486],[-77.4422,39.2485],[-77.4421,39.2484],[-77.4421,39.2483],[-77.4406,39.2457],[-77.4401,39.2449],[-77.4402,39.2448],[-77.4407,39.2447],[-77.4414,39.2445],[-77.4417,39.2443],[-77.4419,39.2446],[-77.4436,39.244],[-77.4474,39.2465],[-77.4467,39.2473],[-77.453,39.2492],[-77.4543,39.2464],[-77.4571,39.2401],[-77.4561,39.2393],[-77.4514,39.2358],[-77.4512,39.2357],[-77.4498,39.235],[-77.4497,39.2355],[-77.4495,39.2362],[-77.4493,39.2366],[-77.4493,39.2369],[-77.4489,39.2374],[-77.4486,39.2373],[-77.4481,39.2375],[-77.448,39.2376],[-77.4454,39.2365],[-77.4439,39.236],[-77.4385,39.24],[-77.4379,39.2404],[-77.4378,39.2405],[-77.4366,39.2393],[-77.4361,39.2388],[-77.4357,39.2383],[-77.4353,39.2378],[-77.4316,39.2324],[-77.4314,39.233],[-77.4314,39.2331],[-77.4314,39.2333],[-77.4313,39.2335],[-77.4306,39.235],[-77.4305,39.235],[-77.4293,39.235],[-77.4291,39.2338],[-77.4268,39.2344],[-77.4261,39.2347],[-77.426,39.236],[-77.425,39.2359],[-77.425,39.2367],[-77.4227,39.2366],[-77.4221,39.2366],[-77.4187,39.2381],[-77.4186,39.2383],[-77.4185,39.2383],[-77.4184,39.2382],[-77.4032,39.2451],[-77.4041,39.2463],[-77.4032,39.2469],[-77.4018,39.2457],[-77.401,39.2461],[-77.4033,39.2481],[-77.4042,39.2472],[-77.4042,39.2464],[-77.4051,39.2462],[-77.4052,39.2464],[-77.406,39.2463],[-77.406,39.2464],[-77.4062,39.2467],[-77.4061,39.2471],[-77.4061,39.2472],[-77.4061,39.2473],[-77.4094,39.247],[-77.4099,39.2469],[-77.4111,39.2454],[-77.4113,39.2452],[-77.4128,39.246],[-77.4128,39.2461],[-77.4145,39.2465],[-77.415,39.2476],[-77.4156,39.2492],[-77.4135,39.2509],[-77.4113,39.2508],[-77.4112,39.251],[-77.4076,39.2547],[-77.4155,39.2559],[-77.4126,39.2592],[-77.4126,39.262],[-77.4138,39.2621],[-77.4138,39.2619],[-77.414,39.262],[-77.4141,39.262],[-77.4142,39.262],[-77.4143,39.2619],[-77.4144,39.2619],[-77.4145,39.2619],[-77.4148,39.2617],[-77.4161,39.2613],[-77.4162,39.2612],[-77.4163,39.2612],[-77.4165,39.2612],[-77.4174,39.2609],[-77.4177,39.2609],[-77.4179,39.2609],[-77.4182,39.2608],[-77.4193,39.2608],[-77.4196,39.2608],[-77.4199,39.2608],[-77.4202,39.2608],[-77.4209,39.2609],[-77.4212,39.2609],[-77.4216,39.261],[-77.4219,39.261],[-77.422,39.261],[-77.4222,39.261],[-77.4223,39.261],[-77.4224,39.261],[-77.4224,39.2611],[-77.4225,39.2611],[-77.4226,39.2611],[-77.4227,39.2612],[-77.4228,39.2612],[-77.4229,39.2613],[-77.4229,39.2614],[-77.4229,39.2615],[-77.4218,39.2634],[-77.4234,39.2631],[-77.4238,39.2631],[-77.4239,39.2631],[-77.424,39.2631],[-77.4241,39.2631],[-77.4244,39.2631],[-77.4254,39.263],[-77.4255,39.263],[-77.4256,39.263],[-77.4257,39.2631],[-77.426,39.2632],[-77.4261,39.2632],[-77.4261,39.2633],[-77.4262,39.2633],[-77.4263,39.2633],[-77.4264,39.2633],[-77.4263,39.2633],[-77.4269,39.2635],[-77.4275,39.263],[-77.4278,39.2623],[-77.43,39.262],[-77.431,39.2619],[-77.4313,39.2618],[-77.4314,39.2619],[-77.4315,39.2619],[-77.4316,39.2619],[-77.4317,39.262],[-77.4318,39.262],[-77.4319,39.262],[-77.432,39.2621],[-77.4326,39.2624],[-77.4327,39.2625],[-77.4328,39.2625],[-77.4329,39.2625],[-77.433,39.2626],[-77.4333,39.2628],[-77.4334,39.2628],[-77.4335,39.2629],[-77.4337,39.263],[-77.4339,39.2631],[-77.4354,39.2638]],[[-77.4097,39.2539],[-77.4094,39.2544],[-77.409,39.2548],[-77.4083,39.2546],[-77.4087,39.2541],[-77.409,39.2537],[-77.4097,39.2539]],[[-77.4245,39.2623],[-77.4252,39.2622],[-77.4252,39.262],[-77.4256,39.262],[-77.4257,39.2628],[-77.4252,39.2629],[-77.4245,39.263],[-77.4245,39.2623]]]}},{"type":"Feature","properties":{"name":"Islands of the Potomac Wildlife Managment Area","Location":"Natural Resource"},"geometry":{"type":"MultiPolygon","coordinates":[[[[-77.5379,39.2701],[-77.538,39.2701],[-77.5381,39.2701],[-77.5382,39.2701],[-77.5383,39.2701],[-77.5384,39.2701],[-77.5385,39.2701],[-77.5386,39.2701],[-77.5387,39.2701],[-77.5388,39.2702],[-77.5389,39.2702],[-77.539,39.2702],[-77.5391,39.2702],[-77.5392,39.2702],[-77.5393,39.2702],[-77.5393,39.2703],[-77.5394,39.2703],[-77.5395,39.2703],[-77.5396,39.2703],[-77.5397,39.2703],[-77.5397,39.2704],[-77.5398,39.2704],[-77.5399,39.2704],[-77.54,39.2704],[-77.54,39.2705],[-77.5401,39.2705],[-77.5402,39.2705],[-77.5403,39.2705],[-77.5403,39.2706],[-77.5404,39.2706],[-77.5405,39.2706],[-77.5405,39.2707],[-77.5406,39.2707],[-77.5407,39.2707],[-77.5408,39.2708],[-77.5409,39.2708],[-77.541,39.2709],[-77.5411,39.2709],[-77.5412,39.271],[-77.5413,39.271],[-77.5414,39.271],[-77.5414,39.2711],[-77.5415,39.2711],[-77.5416,39.2711],[-77.5417,39.2711],[-77.5418,39.2711],[-77.5418,39.271],[-77.5418,39.2709],[-77.5417,39.2709],[-77.541,39.2703],[-77.5406,39.27],[-77.5404,39.2697],[-77.5396,39.2689],[-77.5396,39.2688],[-77.5396,39.2687],[-77.5395,39.2687],[-77.5395,39.2686],[-77.5395,39.2685],[-77.5394,39.2685],[-77.5394,39.2684],[-77.5393,39.2684],[-77.5393,39.2683],[-77.5392,39.2682],[-77.5392,39.2681],[-77.5391,39.268],[-77.5391,39.2679],[-77.539,39.2679],[-77.539,39.2678],[-77.5389,39.2677],[-77.5388,39.2676],[-77.5388,39.2675],[-77.5387,39.2675],[-77.5387,39.2674],[-77.5386,39.2673],[-77.5385,39.2672],[-77.5384,39.2671],[-77.5384,39.267],[-77.5383,39.267],[-77.5383,39.2669],[-77.5382,39.2668],[-77.5381,39.2668],[-77.5381,39.2667],[-77.538,39.2666],[-77.5379,39.2665],[-77.5379,39.2664],[-77.5378,39.2664],[-77.5377,39.2663],[-77.5376,39.2662],[-77.5375,39.2661],[-77.5374,39.266],[-77.5373,39.266],[-77.5372,39.2659],[-77.5372,39.2658],[-77.5371,39.2658],[-77.537,39.2657],[-77.5369,39.2656],[-77.5368,39.2655],[-77.5367,39.2654],[-77.5366,39.2654],[-77.5365,39.2653],[-77.5364,39.2652],[-77.5363,39.2651],[-77.5362,39.2651],[-77.5362,39.265],[-77.5361,39.265],[-77.536,39.2649],[-77.5359,39.2648],[-77.5358,39.2648],[-77.5357,39.2647],[-77.5356,39.2646],[-77.5355,39.2646],[-77.5355,39.2645],[-77.5354,39.2645],[-77.5353,39.2644],[-77.5352,39.2644],[-77.5351,39.2643],[-77.535,39.2642],[-77.5349,39.2642],[-77.5338,39.2637],[-77.5324,39.2632],[-77.5306,39.2627],[-77.5285,39.2622],[-77.5284,39.2622],[-77.5283,39.2621],[-77.5281,39.2621],[-77.528,39.2621],[-77.5279,39.262],[-77.5278,39.262],[-77.5276,39.262],[-77.5275,39.2619],[-77.5274,39.2619],[-77.5272,39.2619],[-77.5271,39.2618],[-77.527,39.2618],[-77.5269,39.2618],[-77.5267,39.2617],[-77.5266,39.2617],[-77.5265,39.2617],[-77.5264,39.2616],[-77.5262,39.2616],[-77.5261,39.2616],[-77.526,39.2615],[-77.5259,39.2615],[-77.5257,39.2615],[-77.5256,39.2614],[-77.5255,39.2614],[-77.5253,39.2613],[-77.5252,39.2613],[-77.5251,39.2613],[-77.525,39.2612],[-77.5248,39.2612],[-77.5247,39.2612],[-77.5247,39.2611],[-77.5246,39.2611],[-77.5246,39.261],[-77.5245,39.261],[-77.5244,39.261],[-77.5243,39.261],[-77.5243,39.2609],[-77.5242,39.2609],[-77.5241,39.2609],[-77.524,39.2609],[-77.5239,39.2609],[-77.5239,39.2608],[-77.5238,39.2608],[-77.5237,39.2608],[-77.5236,39.2608],[-77.5235,39.2608],[-77.5234,39.2607],[-77.5233,39.2607],[-77.5232,39.2607],[-77.5231,39.2607],[-77.523,39.2607],[-77.5229,39.2607],[-77.5229,39.2606],[-77.5228,39.2606],[-77.5227,39.2606],[-77.5226,39.2606],[-77.5225,39.2606],[-77.5224,39.2606],[-77.5223,39.2606],[-77.5222,39.2606],[-77.5222,39.2605],[-77.5221,39.2605],[-77.522,39.2605],[-77.522,39.2604],[-77.5219,39.2604],[-77.5218,39.2604],[-77.5217,39.2604],[-77.5216,39.2604],[-77.5215,39.2604],[-77.5214,39.2604],[-77.5213,39.2604],[-77.5212,39.2604],[-77.5211,39.2604],[-77.5211,39.2603],[-77.521,39.2603],[-77.5209,39.2603],[-77.5209,39.2602],[-77.5208,39.2602],[-77.5207,39.2602],[-77.5206,39.2602],[-77.5206,39.2601],[-77.5205,39.2601],[-77.5204,39.2601],[-77.5203,39.2601],[-77.5202,39.26],[-77.5201,39.26],[-77.52,39.26],[-77.5199,39.26],[-77.5199,39.2599],[-77.5198,39.2599],[-77.5197,39.2599],[-77.5196,39.2599],[-77.5195,39.2599],[-77.5195,39.2598],[-77.5194,39.2598],[-77.5193,39.2598],[-77.5192,39.2598],[-77.5191,39.2598],[-77.519,39.2598],[-77.5189,39.2598],[-77.5188,39.2598],[-77.5188,39.2599],[-77.5188,39.26],[-77.5189,39.26],[-77.5189,39.2601],[-77.519,39.2601],[-77.5191,39.2601],[-77.5192,39.2602],[-77.5193,39.2602],[-77.5194,39.2603],[-77.5195,39.2603],[-77.5196,39.2604],[-77.5197,39.2604],[-77.5198,39.2605],[-77.5199,39.2605],[-77.5199,39.2606],[-77.52,39.2606],[-77.5201,39.2606],[-77.5201,39.2607],[-77.5202,39.2607],[-77.5203,39.2607],[-77.5203,39.2608],[-77.5204,39.2608],[-77.5205,39.2609],[-77.5206,39.2609],[-77.5206,39.261],[-77.5207,39.261],[-77.5208,39.2611],[-77.5209,39.2611],[-77.521,39.2612],[-77.5211,39.2612],[-77.5212,39.2613],[-77.5213,39.2614],[-77.5214,39.2614],[-77.5215,39.2615],[-77.5216,39.2615],[-77.5216,39.2616],[-77.5217,39.2616],[-77.5217,39.2617],[-77.5218,39.2617],[-77.5219,39.2617],[-77.5219,39.2618],[-77.522,39.2618],[-77.522,39.2619],[-77.5221,39.2619],[-77.5222,39.262],[-77.5223,39.262],[-77.5223,39.2621],[-77.5224,39.2621],[-77.5225,39.2622],[-77.5226,39.2623],[-77.5227,39.2623],[-77.5227,39.2624],[-77.5228,39.2624],[-77.5229,39.2625],[-77.523,39.2625],[-77.523,39.2626],[-77.5231,39.2626],[-77.5232,39.2627],[-77.5233,39.2628],[-77.5234,39.2629],[-77.5235,39.263],[-77.5236,39.263],[-77.5236,39.2631],[-77.5237,39.2631],[-77.5238,39.2632],[-77.5239,39.2633],[-77.524,39.2633],[-77.524,39.2634],[-77.5241,39.2634],[-77.5242,39.2635],[-77.5242,39.2636],[-77.5243,39.2636],[-77.5244,39.2637],[-77.5245,39.2638],[-77.5246,39.2638],[-77.5246,39.2639],[-77.5247,39.2639],[-77.5248,39.264],[-77.5248,39.2641],[-77.5249,39.2641],[-77.5249,39.2642],[-77.525,39.2642],[-77.5251,39.2643],[-77.5252,39.2644],[-77.5253,39.2645],[-77.5254,39.2646],[-77.5255,39.2647],[-77.5256,39.2648],[-77.5257,39.2649],[-77.5258,39.2649],[-77.5258,39.265],[-77.5259,39.265],[-77.5259,39.2651],[-77.526,39.2652],[-77.5261,39.2652],[-77.5261,39.2653],[-77.5262,39.2653],[-77.5262,39.2654],[-77.5263,39.2655],[-77.5263,39.2656],[-77.5264,39.2656],[-77.5265,39.2657],[-77.5265,39.2658],[-77.5266,39.2658],[-77.5266,39.2659],[-77.5267,39.2659],[-77.5267,39.266],[-77.5268,39.2661],[-77.5269,39.2662],[-77.527,39.2663],[-77.527,39.2664],[-77.5271,39.2664],[-77.5271,39.2665],[-77.5272,39.2665],[-77.5272,39.2666],[-77.5273,39.2666],[-77.5273,39.2667],[-77.5274,39.2667],[-77.5274,39.2668],[-77.5275,39.2668],[-77.5275,39.2669],[-77.5276,39.2669],[-77.5276,39.267],[-77.5277,39.267],[-77.5277,39.2671],[-77.5278,39.2671],[-77.5278,39.2672],[-77.5279,39.2672],[-77.528,39.2673],[-77.528,39.2674],[-77.5281,39.2674],[-77.5281,39.2675],[-77.5282,39.2675],[-77.5282,39.2676],[-77.5283,39.2676],[-77.5284,39.2677],[-77.5285,39.2678],[-77.5286,39.2679],[-77.5287,39.2679],[-77.5287,39.268],[-77.5288,39.268],[-77.5288,39.2681],[-77.5289,39.2681],[-77.5289,39.2682],[-77.529,39.2682],[-77.5291,39.2683],[-77.5292,39.2683],[-77.5292,39.2684],[-77.5293,39.2684],[-77.5294,39.2685],[-77.5295,39.2685],[-77.5295,39.2686],[-77.5296,39.2686],[-77.5297,39.2686],[-77.5297,39.2687],[-77.5298,39.2687],[-77.5299,39.2687],[-77.5299,39.2688],[-77.53,39.2688],[-77.5301,39.2688],[-77.5301,39.2689],[-77.5302,39.2689],[-77.5303,39.2689],[-77.5304,39.2689],[-77.5304,39.269],[-77.5305,39.269],[-77.5306,39.269],[-77.5307,39.269],[-77.5308,39.269],[-77.5309,39.2691],[-77.531,39.2691],[-77.5311,39.2691],[-77.5312,39.2691],[-77.5313,39.2692],[-77.5314,39.2692],[-77.5315,39.2692],[-77.5316,39.2692],[-77.5317,39.2693],[-77.5318,39.2693],[-77.5319,39.2693],[-77.532,39.2693],[-77.5321,39.2694],[-77.5322,39.2694],[-77.5323,39.2694],[-77.5324,39.2694],[-77.5325,39.2695],[-77.5326,39.2695],[-77.5327,39.2695],[-77.5328,39.2695],[-77.5329,39.2696],[-77.533,39.2696],[-77.5331,39.2696],[-77.5332,39.2696],[-77.5333,39.2696],[-77.5334,39.2697],[-77.5335,39.2697],[-77.5336,39.2697],[-77.5337,39.2697],[-77.5338,39.2697],[-77.5339,39.2698],[-77.534,39.2698],[-77.5341,39.2698],[-77.5342,39.2698],[-77.5343,39.2698],[-77.5344,39.2698],[-77.5345,39.2699],[-77.5346,39.2699],[-77.5347,39.2699],[-77.5348,39.2699],[-77.5349,39.2699],[-77.535,39.2699],[-77.5351,39.2699],[-77.5351,39.27],[-77.5352,39.27],[-77.5353,39.27],[-77.5354,39.27],[-77.5355,39.27],[-77.5356,39.27],[-77.5357,39.27],[-77.5358,39.27],[-77.5359,39.2701],[-77.536,39.2701],[-77.5361,39.2701],[-77.5362,39.2701],[-77.5363,39.2701],[-77.5364,39.2701],[-77.5365,39.2701],[-77.5366,39.2701],[-77.5367,39.2701],[-77.5368,39.2701],[-77.5369,39.2701],[-77.537,39.2701],[-77.5371,39.2701],[-77.5372,39.2701],[-77.5373,39.2701],[-77.5374,39.2701],[-77.5375,39.2701],[-77.5376,39.2701],[-77.5377,39.2701],[-77.5378,39.2701],[-77.5379,39.2701]]],[[[-77.5458,39.2741],[-77.5457,39.2742],[-77.5457,39.2744],[-77.546,39.2748],[-77.546,39.2749],[-77.5461,39.2752],[-77.5462,39.2755],[-77.5465,39.2761],[-77.5467,39.2765],[-77.5469,39.2768],[-77.5472,39.2771],[-77.5474,39.2773],[-77.5475,39.2776],[-77.5476,39.2778],[-77.5478,39.2781],[-77.5481,39.2785],[-77.5485,39.2788],[-77.5489,39.2792],[-77.5492,39.2795],[-77.5495,39.2798],[-77.5498,39.2799],[-77.55,39.28],[-77.5502,39.2801],[-77.5503,39.2803],[-77.5508,39.2807],[-77.5511,39.2808],[-77.5513,39.2811],[-77.5516,39.2813],[-77.5517,39.2813],[-77.5517,39.2814],[-77.5518,39.2814],[-77.5518,39.2813],[-77.5519,39.2812],[-77.5519,39.2809],[-77.5518,39.2806],[-77.5517,39.2803],[-77.5516,39.2799],[-77.5515,39.2796],[-77.5515,39.2794],[-77.5513,39.2792],[-77.5509,39.2786],[-77.5506,39.2782],[-77.5501,39.2776],[-77.5496,39.2771],[-77.5487,39.2762],[-77.5476,39.2753],[-77.5468,39.2747],[-77.5465,39.2744],[-77.5462,39.2742],[-77.546,39.2741],[-77.5459,39.2741],[-77.5458,39.2741]]]]}},{"type":"Feature","properties":{"name":"Wiles Branch Park","Location":"Community Park"},"geometry":{"type":"Polygon","coordinates":[[[-77.5575,39.4419],[-77.5579,39.4424],[-77.5568,39.4434],[-77.5562,39.444],[-77.5561,39.4441],[-77.5561,39.4442],[-77.556,39.4443],[-77.556,39.4444],[-77.5559,39.4445],[-77.5559,39.4446],[-77.5558,39.4447],[-77.5558,39.4448],[-77.5558,39.4449],[-77.5556,39.4453],[-77.5555,39.4456],[-77.5555,39.4458],[-77.5554,39.4458],[-77.5562,39.4464],[-77.5564,39.4464],[-77.5564,39.4463],[-77.5565,39.4463],[-77.5566,39.4462],[-77.5567,39.4462],[-77.5567,39.4461],[-77.5568,39.4461],[-77.5569,39.4461],[-77.5569,39.446],[-77.557,39.446],[-77.557,39.4459],[-77.557,39.4458],[-77.557,39.4457],[-77.5569,39.4456],[-77.5569,39.4455],[-77.5569,39.4453],[-77.5569,39.4451],[-77.5568,39.4449],[-77.5568,39.4446],[-77.557,39.4444],[-77.5571,39.4442],[-77.5574,39.4438],[-77.5577,39.4435],[-77.5582,39.4432],[-77.5583,39.4431],[-77.5587,39.4429],[-77.5588,39.4426],[-77.5589,39.4424],[-77.5591,39.442],[-77.5594,39.4419],[-77.5597,39.4418],[-77.5601,39.4419],[-77.5604,39.442],[-77.5608,39.4424],[-77.5608,39.4427],[-77.5607,39.443],[-77.5607,39.4432],[-77.5607,39.4435],[-77.5607,39.4437],[-77.5609,39.4438],[-77.561,39.4438],[-77.5607,39.4441],[-77.5608,39.4442],[-77.561,39.4439],[-77.5611,39.4438],[-77.561,39.4438],[-77.5611,39.4438],[-77.5613,39.4438],[-77.5613,39.443],[-77.5615,39.4411],[-77.5623,39.4406],[-77.5604,39.4401],[-77.56,39.44],[-77.5596,39.4407],[-77.5595,39.441],[-77.5594,39.441],[-77.5594,39.4411],[-77.5593,39.4412],[-77.5588,39.4416],[-77.5588,39.4417],[-77.5587,39.4417],[-77.5587,39.4416],[-77.5587,39.4415],[-77.5586,39.4416],[-77.5583,39.4415],[-77.5581,39.4415],[-77.5579,39.4414],[-77.5578,39.4414],[-77.5574,39.4408],[-77.5573,39.4408],[-77.5572,39.4417],[-77.5575,39.4419]]]}},{"type":"Feature","properties":{"name":"Emerald Farm Park","Location":"Neighborhood Park"},"geometry":{"type":"Polygon","coordinates":[[[-77.4659,39.408],[-77.4658,39.408],[-77.4656,39.4078],[-77.4656,39.4077],[-77.4655,39.4076],[-77.4653,39.4077],[-77.4652,39.4078],[-77.4651,39.4078],[-77.4648,39.4076],[-77.4648,39.4077],[-77.4651,39.4078],[-77.4649,39.408],[-77.4647,39.4081],[-77.4645,39.4083],[-77.4641,39.4084],[-77.4647,39.4091],[-77.4648,39.409],[-77.4657,39.4085],[-77.4659,39.408]]]}},{"type":"Feature","properties":{"name":"Valley Street Park","Location":"Neighborhood Park"},"geometry":{"type":"Polygon","coordinates":[[[-77.4295,39.4111],[-77.4294,39.4111],[-77.4291,39.4115],[-77.4292,39.4115],[-77.4293,39.4116],[-77.4295,39.4116],[-77.4299,39.4112],[-77.4298,39.4112],[-77.4297,39.4112],[-77.4297,39.4111],[-77.4296,39.4111],[-77.4295,39.4111]]]}},{"type":"Feature","properties":{"name":"Old Camp Park","Location":"Neighborhood Park"},"geometry":{"type":"Polygon","coordinates":[[[-77.47,39.4251],[-77.4695,39.4249],[-77.4697,39.4247],[-77.4687,39.4242],[-77.4682,39.424],[-77.4678,39.4238],[-77.468,39.4236],[-77.4664,39.4229],[-77.4661,39.4228],[-77.466,39.4229],[-77.4659,39.4229],[-77.4659,39.423],[-77.4659,39.4231],[-77.4658,39.4231],[-77.4658,39.4232],[-77.4658,39.4233],[-77.4658,39.4234],[-77.4657,39.4234],[-77.4657,39.4235],[-77.4657,39.4236],[-77.4657,39.4237],[-77.4657,39.4238],[-77.4676,39.4245],[-77.4676,39.4246],[-77.4681,39.4248],[-77.4681,39.4249],[-77.4684,39.425],[-77.4684,39.4251],[-77.4685,39.4251],[-77.4686,39.4252],[-77.4686,39.4251],[-77.4689,39.4253],[-77.4689,39.4254],[-77.4694,39.4254],[-77.4695,39.4254],[-77.47,39.4253],[-77.4702,39.4253],[-77.4704,39.4253],[-77.4707,39.4255],[-77.4707,39.4252],[-77.4706,39.4251],[-77.4704,39.4251],[-77.47,39.4251]]]}},{"type":"Feature","properties":{"name":"Willowdale Park","Location":"Neighborhood Park"},"geometry":{"type":"MultiPolygon","coordinates":[[[[-77.4481,39.4239],[-77.4497,39.424],[-77.4501,39.4242],[-77.4509,39.4243],[-77.4514,39.4243],[-77.4519,39.4242],[-77.4524,39.4241],[-77.4528,39.4241],[-77.4524,39.424],[-77.4524,39.4239],[-77.4525,39.4238],[-77.4525,39.4236],[-77.4526,39.4235],[-77.4527,39.4235],[-77.4529,39.4234],[-77.453,39.4233],[-77.453,39.4232],[-77.4531,39.423],[-77.4533,39.4229],[-77.4534,39.4228],[-77.4534,39.4227],[-77.4534,39.4226],[-77.4529,39.4223],[-77.4528,39.4227],[-77.4526,39.4226],[-77.4525,39.4229],[-77.4521,39.4231],[-77.4518,39.423],[-77.4517,39.4231],[-77.4516,39.4232],[-77.4514,39.4232],[-77.4513,39.4232],[-77.451,39.4232],[-77.4509,39.4232],[-77.4507,39.4233],[-77.4505,39.4233],[-77.4504,39.4233],[-77.4502,39.4232],[-77.4501,39.4232],[-77.4498,39.4232],[-77.4496,39.4232],[-77.4494,39.4233],[-77.4489,39.4233],[-77.4487,39.4234],[-77.4487,39.4235],[-77.4484,39.4232],[-77.4481,39.4239]]],[[[-77.4454,39.4221],[-77.4452,39.4225],[-77.4476,39.4239],[-77.4478,39.4239],[-77.4478,39.4238],[-77.4482,39.4231],[-77.4471,39.4225],[-77.4464,39.422],[-77.4457,39.4216],[-77.4454,39.4221]]]]}},{"type":"Feature","properties":{"name":"Rock Creek Park","Location":"Neighborhood Park"},"geometry":{"type":"Polygon","coordinates":[[[-77.4351,39.4231],[-77.4346,39.4234],[-77.4348,39.4234],[-77.4352,39.4235],[-77.4355,39.4235],[-77.4358,39.4236],[-77.436,39.4236],[-77.4363,39.4237],[-77.4367,39.4237],[-77.4367,39.4236],[-77.4368,39.4232],[-77.4364,39.4232],[-77.4362,39.4231],[-77.4353,39.423],[-77.4351,39.4231]]]}},{"type":"Feature","properties":{"name":"Waterford Park","Location":"Neighborhood Park"},"geometry":{"type":"Polygon","coordinates":[[[-77.4298,39.4234],[-77.4297,39.4235],[-77.4297,39.4236],[-77.4296,39.4236],[-77.4296,39.4237],[-77.4295,39.4237],[-77.4298,39.4247],[-77.4299,39.4249],[-77.4304,39.425],[-77.4306,39.425],[-77.4313,39.4249],[-77.4318,39.4248],[-77.4319,39.4248],[-77.432,39.4248],[-77.4321,39.4248],[-77.4322,39.4247],[-77.4324,39.4246],[-77.4326,39.4245],[-77.4327,39.4244],[-77.4328,39.4244],[-77.4331,39.4242],[-77.4333,39.4241],[-77.4336,39.4239],[-77.4338,39.4238],[-77.4341,39.4236],[-77.4344,39.4235],[-77.4346,39.4234],[-77.4351,39.4231],[-77.4351,39.423],[-77.4349,39.4229],[-77.4347,39.4227],[-77.4345,39.4227],[-77.4344,39.4225],[-77.4344,39.4224],[-77.4343,39.4224],[-77.4342,39.4224],[-77.4341,39.4224],[-77.434,39.4224],[-77.434,39.4225],[-77.4338,39.4225],[-77.4338,39.4226],[-77.4332,39.4228],[-77.4331,39.4229],[-77.4327,39.423],[-77.4325,39.4231],[-77.4318,39.4233],[-77.4317,39.4233],[-77.4309,39.4234],[-77.4307,39.4233],[-77.4303,39.4234],[-77.4301,39.4231],[-77.43,39.4232],[-77.4298,39.4233],[-77.4298,39.4234]]]}},{"type":"Feature","properties":{"name":"Rosedale Park","Location":"Neighborhood Park"},"geometry":{"type":"Polygon","coordinates":[[[-77.4266,39.4271],[-77.4266,39.4272],[-77.4265,39.4272],[-77.4264,39.4272],[-77.4263,39.4273],[-77.4262,39.4273],[-77.4261,39.4273],[-77.426,39.4273],[-77.426,39.4274],[-77.4259,39.4274],[-77.4258,39.4274],[-77.4257,39.4275],[-77.4241,39.4284],[-77.4241,39.4285],[-77.4242,39.4285],[-77.4242,39.4286],[-77.4243,39.4286],[-77.4243,39.4287],[-77.4244,39.4287],[-77.4247,39.4289],[-77.4248,39.4288],[-77.4249,39.4287],[-77.4251,39.4285],[-77.4253,39.4284],[-77.4254,39.4282],[-77.4256,39.4281],[-77.4257,39.428],[-77.4258,39.4278],[-77.426,39.4277],[-77.4262,39.4275],[-77.4264,39.4273],[-77.4265,39.4272],[-77.4266,39.4271]]]}},{"type":"Feature","properties":{"name":"Max Kehne Park","Location":"Neighborhood Park"},"geometry":{"type":"Polygon","coordinates":[[[-77.4183,39.4271],[-77.4192,39.4281],[-77.4196,39.4279],[-77.4199,39.4277],[-77.4201,39.4276],[-77.4203,39.4275],[-77.4204,39.4274],[-77.4206,39.4273],[-77.4207,39.4272],[-77.4208,39.4272],[-77.4211,39.427],[-77.4213,39.4269],[-77.4214,39.4268],[-77.4216,39.4268],[-77.4217,39.4267],[-77.422,39.427],[-77.4217,39.4267],[-77.4219,39.4266],[-77.422,39.4265],[-77.4221,39.4264],[-77.4223,39.4264],[-77.4224,39.4263],[-77.4225,39.4262],[-77.4226,39.4262],[-77.4226,39.4261],[-77.4222,39.4264],[-77.422,39.4262],[-77.4224,39.4259],[-77.4223,39.426],[-77.4221,39.4261],[-77.4218,39.4263],[-77.4216,39.4264],[-77.4215,39.4264],[-77.4212,39.4261],[-77.4211,39.426],[-77.4208,39.4256],[-77.4183,39.4271]]]}},{"type":"Feature","properties":{"name":"Jimmy McGee Memorial Park","Location":"Neighborhood Park"},"geometry":{"type":"Polygon","coordinates":[[[-77.4383,39.4438],[-77.4389,39.4438],[-77.4393,39.4441],[-77.4397,39.4445],[-77.4398,39.4445],[-77.4397,39.4442],[-77.4396,39.4432],[-77.4395,39.4423],[-77.4394,39.4421],[-77.4391,39.4414],[-77.4387,39.4414],[-77.4387,39.4419],[-77.4387,39.4422],[-77.4388,39.4426],[-77.4388,39.4429],[-77.4386,39.4431],[-77.438,39.4433],[-77.4378,39.4435],[-77.4376,39.4436],[-77.4374,39.4434],[-77.4372,39.4434],[-77.4372,39.4435],[-77.4373,39.4435],[-77.4373,39.4436],[-77.4373,39.4437],[-77.4373,39.4438],[-77.4374,39.4439],[-77.4374,39.444],[-77.4378,39.4438],[-77.4382,39.4438],[-77.4383,39.4438]]]}},{"type":"Feature","properties":{"name":"Wetherburne Park","Location":"Neighborhood Park"},"geometry":{"type":"Polygon","coordinates":[[[-77.4519,39.4586],[-77.4519,39.4587],[-77.452,39.4587],[-77.452,39.4588],[-77.4521,39.4588],[-77.4522,39.4588],[-77.4522,39.4589],[-77.4523,39.4589],[-77.4524,39.4589],[-77.4524,39.459],[-77.4529,39.4591],[-77.4529,39.4588],[-77.4531,39.4588],[-77.4531,39.4587],[-77.4532,39.4587],[-77.4532,39.4586],[-77.4533,39.4586],[-77.4534,39.4586],[-77.4536,39.4588],[-77.4536,39.4587],[-77.4537,39.4587],[-77.4537,39.4586],[-77.4536,39.4586],[-77.4532,39.4585],[-77.4532,39.4584],[-77.4531,39.4584],[-77.453,39.4584],[-77.453,39.4583],[-77.4529,39.4583],[-77.4528,39.4583],[-77.4528,39.4582],[-77.4527,39.4582],[-77.4527,39.4581],[-77.4521,39.4574],[-77.4521,39.4573],[-77.452,39.4573],[-77.452,39.4572],[-77.4519,39.4572],[-77.4519,39.4571],[-77.4518,39.4571],[-77.4518,39.457],[-77.4517,39.4571],[-77.4516,39.4571],[-77.4516,39.4572],[-77.4515,39.4572],[-77.4515,39.4573],[-77.4515,39.4575],[-77.4515,39.4576],[-77.4515,39.4577],[-77.4515,39.4578],[-77.4518,39.4584],[-77.4518,39.4585],[-77.4519,39.4585],[-77.4519,39.4586]]]}},{"type":"Feature","properties":{"name":"Whittier Baseball Park","Location":"Neighborhood Park"},"geometry":{"type":"Polygon","coordinates":[[[-77.4529,39.4554],[-77.4529,39.4561],[-77.453,39.4561],[-77.454,39.4565],[-77.4544,39.456],[-77.4544,39.4559],[-77.4543,39.4559],[-77.4542,39.4559],[-77.4542,39.4558],[-77.4541,39.4558],[-77.4541,39.4557],[-77.454,39.4557],[-77.4536,39.4553],[-77.4536,39.4552],[-77.4535,39.4552],[-77.4535,39.4551],[-77.4534,39.4551],[-77.4533,39.4551],[-77.4533,39.455],[-77.4532,39.455],[-77.4529,39.4554]]]}},{"type":"Feature","properties":{"name":"Whittier Lake Park","Location":"Neighborhood Park"},"geometry":{"type":"Polygon","coordinates":[[[-77.4473,39.4557],[-77.4476,39.456],[-77.4477,39.456],[-77.4477,39.4561],[-77.4478,39.4561],[-77.4478,39.4562],[-77.4479,39.4562],[-77.448,39.4562],[-77.448,39.4563],[-77.4481,39.4563],[-77.4482,39.4563],[-77.4482,39.4564],[-77.4483,39.4564],[-77.4484,39.4564],[-77.4485,39.4564],[-77.4485,39.4565],[-77.4486,39.4565],[-77.4487,39.4565],[-77.4488,39.4565],[-77.4489,39.4565],[-77.449,39.4565],[-77.4491,39.4565],[-77.4492,39.4565],[-77.4493,39.4565],[-77.4494,39.4565],[-77.4494,39.4564],[-77.4495,39.4564],[-77.4496,39.4564],[-77.4497,39.4564],[-77.4497,39.4563],[-77.4498,39.4563],[-77.4499,39.4563],[-77.4499,39.4562],[-77.45,39.4562],[-77.4501,39.4562],[-77.4501,39.4561],[-77.4502,39.4561],[-77.4502,39.456],[-77.4503,39.456],[-77.4503,39.4559],[-77.4504,39.4559],[-77.4504,39.4558],[-77.4505,39.4558],[-77.4505,39.4557],[-77.4505,39.4556],[-77.4506,39.4556],[-77.4506,39.4555],[-77.4506,39.4554],[-77.4506,39.4553],[-77.4506,39.4552],[-77.4506,39.4551],[-77.4506,39.455],[-77.4506,39.4549],[-77.4506,39.4548],[-77.4505,39.4548],[-77.4505,39.4547],[-77.4505,39.4546],[-77.4504,39.4546],[-77.4504,39.4545],[-77.4503,39.4545],[-77.4503,39.4544],[-77.4502,39.4544],[-77.4502,39.4543],[-77.4501,39.4543],[-77.4501,39.4542],[-77.4499,39.4541],[-77.4492,39.4548],[-77.4485,39.4554],[-77.4483,39.4553],[-77.4479,39.4552],[-77.4475,39.4556],[-77.4474,39.4556],[-77.4473,39.4557]]]}},{"type":"Feature","properties":{"name":"North Crossing Park","Location":"Neighborhood Park"},"geometry":{"type":"Polygon","coordinates":[[[-77.4125,39.4615],[-77.4124,39.4615],[-77.4109,39.4616],[-77.4108,39.4617],[-77.4108,39.4618],[-77.4107,39.4618],[-77.4107,39.4619],[-77.4108,39.4619],[-77.4108,39.462],[-77.411,39.462],[-77.4111,39.462],[-77.4111,39.4621],[-77.4112,39.4621],[-77.4112,39.4622],[-77.4113,39.4622],[-77.4113,39.4623],[-77.4114,39.4623],[-77.4114,39.4624],[-77.4114,39.4625],[-77.4115,39.4625],[-77.4115,39.4626],[-77.4115,39.4627],[-77.4119,39.4628],[-77.4119,39.4627],[-77.4119,39.4626],[-77.4123,39.4622],[-77.4122,39.4621],[-77.4122,39.462],[-77.4124,39.4618],[-77.4124,39.4616],[-77.4125,39.4615]]]}},{"type":"Feature","properties":{"name":"College Estates Park","Location":"Neighborhood Park"},"geometry":{"type":"Polygon","coordinates":[[[-77.4176,39.4334],[-77.4175,39.4334],[-77.417,39.4337],[-77.4169,39.4338],[-77.4168,39.4338],[-77.4168,39.4339],[-77.4167,39.4339],[-77.4167,39.434],[-77.417,39.4342],[-77.4171,39.4342],[-77.4171,39.4343],[-77.4172,39.4343],[-77.4173,39.4343],[-77.4174,39.4343],[-77.4175,39.4343],[-77.4182,39.4343],[-77.4181,39.434],[-77.418,39.4339],[-77.4179,39.4337],[-77.4178,39.4336],[-77.4177,39.4333],[-77.4176,39.4334]]]}},{"type":"Feature","properties":{"name":"Fredericktowne Village Park","Location":"Community Park"},"geometry":{"type":"Polygon","coordinates":[[[-77.3902,39.4337],[-77.3931,39.4332],[-77.3952,39.4318],[-77.3953,39.4318],[-77.3955,39.4318],[-77.3957,39.4317],[-77.3963,39.4316],[-77.3968,39.4315],[-77.397,39.4314],[-77.398,39.4312],[-77.3983,39.4304],[-77.3987,39.4305],[-77.3989,39.4306],[-77.399,39.4306],[-77.399,39.4307],[-77.3991,39.4306],[-77.3989,39.4301],[-77.399,39.4299],[-77.3994,39.4298],[-77.3994,39.4296],[-77.3994,39.4295],[-77.3987,39.4295],[-77.3986,39.4295],[-77.3982,39.4297],[-77.3974,39.4299],[-77.3971,39.4301],[-77.3968,39.4302],[-77.3965,39.4303],[-77.3961,39.4303],[-77.3958,39.4302],[-77.3957,39.4302],[-77.3955,39.4308],[-77.3949,39.4312],[-77.3944,39.4311],[-77.394,39.4311],[-77.3937,39.4314],[-77.3933,39.4317],[-77.3931,39.4318],[-77.3925,39.4321],[-77.3922,39.4322],[-77.3917,39.4323],[-77.3912,39.4324],[-77.3909,39.4324],[-77.3897,39.4327],[-77.3897,39.4328],[-77.3898,39.4329],[-77.3898,39.433],[-77.3898,39.4331],[-77.3899,39.4331],[-77.3899,39.4332],[-77.3899,39.4333],[-77.39,39.4333],[-77.39,39.4334],[-77.3901,39.4336],[-77.3902,39.4336],[-77.3902,39.4337]]]}},{"type":"Feature","properties":{"name":"Grove Park","Location":"Neighborhood Park"},"geometry":{"type":"MultiPolygon","coordinates":[[[[-77.3966,39.4096],[-77.3975,39.4086],[-77.3977,39.4083],[-77.3968,39.408],[-77.3965,39.4081],[-77.3959,39.4089],[-77.3963,39.4091],[-77.3961,39.4094],[-77.3957,39.4091],[-77.3956,39.4092],[-77.3966,39.4096]]],[[[-77.3973,39.4088],[-77.3968,39.4094],[-77.3973,39.4097],[-77.3978,39.4091],[-77.3978,39.409],[-77.3974,39.4088],[-77.3973,39.4088]]]]}},{"type":"Feature","properties":{"name":"Memorial Park at Trolley Station","Location":"Community Park"},"geometry":{"type":"Polygon","coordinates":[[[-77.5663,39.5064],[-77.5663,39.5066],[-77.5665,39.5066],[-77.5665,39.5065],[-77.5665,39.5064],[-77.5663,39.5064]]]}},{"type":"Feature","properties":{"name":"Bullivant Park","Location":"Community Park"},"geometry":{"type":"Polygon","coordinates":[[[-77.558,39.5015],[-77.5582,39.5016],[-77.5584,39.5016],[-77.5586,39.5017],[-77.5589,39.5017],[-77.5591,39.5016],[-77.5593,39.5014],[-77.5598,39.5017],[-77.5599,39.5017],[-77.5599,39.5016],[-77.5593,39.5013],[-77.5596,39.5011],[-77.5598,39.5009],[-77.5602,39.5007],[-77.5605,39.5006],[-77.5608,39.5005],[-77.5613,39.5005],[-77.5617,39.5005],[-77.5622,39.5007],[-77.5625,39.501],[-77.5627,39.5013],[-77.5628,39.5013],[-77.5629,39.5012],[-77.5637,39.5011],[-77.5645,39.5011],[-77.5652,39.5011],[-77.5658,39.5009],[-77.5659,39.5004],[-77.5662,39.5004],[-77.5663,39.5001],[-77.5659,39.5001],[-77.5659,39.4997],[-77.5662,39.496],[-77.5658,39.4955],[-77.5656,39.4954],[-77.5655,39.4953],[-77.5654,39.4952],[-77.5643,39.4953],[-77.5642,39.4952],[-77.5627,39.494],[-77.5616,39.4932],[-77.5596,39.4917],[-77.5587,39.4922],[-77.558,39.4926],[-77.558,39.4928],[-77.558,39.4929],[-77.558,39.493],[-77.5582,39.4933],[-77.5584,39.4938],[-77.5585,39.4946],[-77.5584,39.4947],[-77.5584,39.4948],[-77.5586,39.4952],[-77.5586,39.4953],[-77.5602,39.4953],[-77.561,39.4953],[-77.5628,39.4953],[-77.5629,39.4954],[-77.5632,39.4956],[-77.5632,39.4958],[-77.5623,39.4975],[-77.5623,39.4976],[-77.5614,39.4982],[-77.5611,39.4984],[-77.561,39.4985],[-77.5602,39.4993],[-77.5592,39.4998],[-77.5588,39.5],[-77.5585,39.5],[-77.5579,39.5005],[-77.5575,39.5006],[-77.5578,39.501],[-77.5572,39.5013],[-77.5573,39.5013],[-77.5573,39.5014],[-77.5578,39.5011],[-77.5579,39.5013],[-77.558,39.5015]]]}},{"type":"Feature","properties":{"name":"Cunningham Falls State Park","Location":"Regional Park"},"geometry":{"type":"MultiPolygon","coordinates":[[[[-77.4395,39.5513],[-77.4395,39.5514],[-77.4399,39.5513],[-77.44,39.5513],[-77.4399,39.5513],[-77.4398,39.5513],[-77.4398,39.5512],[-77.4397,39.5512],[-77.4396,39.5512],[-77.4395,39.5513]]],[[[-77.442,39.5659],[-77.4398,39.5659],[-77.4399,39.5665],[-77.4399,39.5684],[-77.4399,39.5685],[-77.4399,39.5688],[-77.4401,39.5688],[-77.4402,39.5688],[-77.4402,39.5687],[-77.4403,39.5687],[-77.4403,39.5686],[-77.4403,39.5685],[-77.4404,39.5685],[-77.4404,39.5684],[-77.4404,39.5683],[-77.4405,39.5683],[-77.4405,39.5682],[-77.4406,39.5681],[-77.4406,39.568],[-77.4407,39.568],[-77.4407,39.5679],[-77.4408,39.5679],[-77.4408,39.5678],[-77.4409,39.5678],[-77.441,39.5678],[-77.441,39.5677],[-77.4412,39.5675],[-77.4413,39.5675],[-77.4413,39.5674],[-77.4414,39.5674],[-77.4414,39.5673],[-77.4415,39.5673],[-77.4415,39.5672],[-77.4416,39.5671],[-77.4419,39.5667],[-77.442,39.5665],[-77.442,39.5664],[-77.4421,39.5664],[-77.4421,39.5659],[-77.442,39.5659]]],[[[-77.4735,39.6324],[-77.4736,39.6324],[-77.4737,39.6324],[-77.4737,39.6325],[-77.4741,39.6325],[-77.4742,39.6326],[-77.4743,39.6326],[-77.4744,39.6326],[-77.4745,39.6326],[-77.4745,39.6327],[-77.4746,39.6327],[-77.4747,39.6327],[-77.4747,39.6328],[-77.4748,39.6328],[-77.4749,39.6328],[-77.4749,39.6329],[-77.4757,39.6333],[-77.4758,39.6333],[-77.4758,39.6334],[-77.4759,39.6334],[-77.476,39.6334],[-77.476,39.6335],[-77.4761,39.6335],[-77.4762,39.6335],[-77.4762,39.6336],[-77.4763,39.6336],[-77.4764,39.6336],[-77.4765,39.6337],[-77.4766,39.6337],[-77.4767,39.6337],[-77.4767,39.6338],[-77.4768,39.6338],[-77.4769,39.6338],[-77.4774,39.634],[-77.4775,39.634],[-77.4781,39.6342],[-77.4782,39.6342],[-77.4782,39.6343],[-77.4823,39.6355],[-77.4824,39.6355],[-77.4825,39.6355],[-77.4825,39.6354],[-77.4825,39.6334],[-77.4831,39.6333],[-77.4835,39.6331],[-77.4853,39.6317],[-77.4852,39.6309],[-77.4819,39.6258],[-77.4821,39.6253],[-77.4834,39.6214],[-77.4834,39.6213],[-77.4822,39.6196],[-77.4789,39.6205],[-77.4787,39.6203],[-77.4775,39.6193],[-77.4766,39.6185],[-77.4773,39.6179],[-77.478,39.6173],[-77.4787,39.6167],[-77.4801,39.6155],[-77.4801,39.6154],[-77.4808,39.6149],[-77.4808,39.6148],[-77.4809,39.614],[-77.4809,39.6123],[-77.481,39.6115],[-77.4804,39.6109],[-77.4804,39.6103],[-77.4805,39.6097],[-77.4792,39.6094],[-77.4785,39.6096],[-77.4782,39.6095],[-77.4781,39.6096],[-77.478,39.6097],[-77.4788,39.6105],[-77.4793,39.6108],[-77.4792,39.6109],[-77.4778,39.6122],[-77.4756,39.6128],[-77.4752,39.6125],[-77.4755,39.6121],[-77.4755,39.612],[-77.4754,39.612],[-77.4757,39.6115],[-77.4758,39.6114],[-77.4759,39.6113],[-77.476,39.6112],[-77.4761,39.611],[-77.4761,39.6109],[-77.4762,39.6109],[-77.4763,39.6108],[-77.4763,39.6107],[-77.4742,39.6087],[-77.4706,39.6121],[-77.4688,39.6104],[-77.4713,39.6085],[-77.4709,39.6069],[-77.4709,39.5994],[-77.4748,39.6012],[-77.4753,39.6011],[-77.4753,39.6007],[-77.475,39.5997],[-77.4748,39.599],[-77.4729,39.5979],[-77.4712,39.5955],[-77.4717,39.5919],[-77.4708,39.5908],[-77.4687,39.5901],[-77.4648,39.5885],[-77.4637,39.5873],[-77.4628,39.5862],[-77.4617,39.5885],[-77.4605,39.5887],[-77.4595,39.5891],[-77.4575,39.5894],[-77.4578,39.589],[-77.4565,39.5871],[-77.4565,39.5868],[-77.4564,39.5869],[-77.4564,39.5864],[-77.4565,39.5863],[-77.4566,39.5862],[-77.4592,39.5845],[-77.4633,39.5855],[-77.4647,39.5834],[-77.4682,39.578],[-77.468,39.578],[-77.4645,39.5778],[-77.4644,39.5778],[-77.4636,39.5779],[-77.4628,39.5781],[-77.46,39.5769],[-77.4591,39.5765],[-77.4584,39.5762],[-77.458,39.5755],[-77.4568,39.5745],[-77.457,39.5745],[-77.4549,39.5704],[-77.455,39.5695],[-77.4552,39.569],[-77.4553,39.5689],[-77.4558,39.5679],[-77.4559,39.5643],[-77.4569,39.5631],[-77.457,39.5629],[-77.458,39.5616],[-77.458,39.5586],[-77.4593,39.5559],[-77.4586,39.5534],[-77.4594,39.5528],[-77.4596,39.5495],[-77.4601,39.5483],[-77.4605,39.5459],[-77.4629,39.5459],[-77.4633,39.5439],[-77.46,39.5434],[-77.4598,39.5445],[-77.4597,39.5453],[-77.4567,39.5449],[-77.4563,39.5467],[-77.4552,39.5465],[-77.4532,39.5463],[-77.4529,39.5463],[-77.4505,39.546],[-77.4492,39.5458],[-77.4473,39.5456],[-77.4463,39.5455],[-77.4461,39.546],[-77.4435,39.5459],[-77.4435,39.546],[-77.4465,39.5461],[-77.4463,39.5466],[-77.446,39.5472],[-77.4457,39.5472],[-77.4437,39.5472],[-77.443,39.5471],[-77.4419,39.5471],[-77.4418,39.5472],[-77.4415,39.548],[-77.4414,39.5481],[-77.441,39.5482],[-77.4408,39.5481],[-77.4407,39.548],[-77.4402,39.5495],[-77.4401,39.5497],[-77.4399,39.5501],[-77.4396,39.5511],[-77.4397,39.5511],[-77.4398,39.5511],[-77.4398,39.5512],[-77.4399,39.5512],[-77.44,39.5512],[-77.44,39.5513],[-77.4401,39.5513],[-77.4402,39.5513],[-77.4412,39.5512],[-77.4423,39.5511],[-77.4432,39.5489],[-77.445,39.5489],[-77.4443,39.5509],[-77.4439,39.5519],[-77.4441,39.5521],[-77.4453,39.5532],[-77.4458,39.5536],[-77.4461,39.5539],[-77.4469,39.5547],[-77.4477,39.5554],[-77.4482,39.5558],[-77.4422,39.557],[-77.4413,39.5572],[-77.4409,39.558],[-77.4403,39.5588],[-77.4402,39.559],[-77.4396,39.5599],[-77.4397,39.5607],[-77.4397,39.561],[-77.4397,39.5612],[-77.4397,39.5621],[-77.4398,39.5629],[-77.4403,39.5629],[-77.4404,39.5629],[-77.4409,39.5629],[-77.4411,39.5629],[-77.4412,39.5629],[-77.4414,39.5629],[-77.442,39.5629],[-77.442,39.5639],[-77.442,39.5641],[-77.442,39.5642],[-77.4421,39.5642],[-77.4421,39.5643],[-77.4422,39.5643],[-77.4422,39.5644],[-77.4422,39.5645],[-77.4422,39.5646],[-77.4423,39.5646],[-77.4423,39.5647],[-77.4423,39.5648],[-77.4423,39.5649],[-77.4423,39.565],[-77.4422,39.5651],[-77.4422,39.5652],[-77.4422,39.5653],[-77.4422,39.5654],[-77.4422,39.5655],[-77.4422,39.5656],[-77.4423,39.5656],[-77.4423,39.5657],[-77.4423,39.5658],[-77.4423,39.5659],[-77.4423,39.566],[-77.4423,39.5661],[-77.4423,39.5662],[-77.4423,39.5663],[-77.4422,39.5663],[-77.4422,39.5664],[-77.4422,39.5665],[-77.4421,39.5665],[-77.4421,39.5666],[-77.442,39.5667],[-77.4417,39.5671],[-77.4417,39.5672],[-77.4416,39.5672],[-77.4416,39.5673],[-77.4415,39.5673],[-77.4415,39.5674],[-77.4414,39.5674],[-77.4414,39.5675],[-77.4413,39.5675],[-77.4413,39.5676],[-77.4411,39.5677],[-77.4411,39.5678],[-77.441,39.5678],[-77.441,39.5679],[-77.4409,39.5679],[-77.4409,39.568],[-77.4408,39.568],[-77.4408,39.5681],[-77.4407,39.5681],[-77.4407,39.5682],[-77.4406,39.5682],[-77.4406,39.5683],[-77.4405,39.5683],[-77.4405,39.5684],[-77.4405,39.5685],[-77.4404,39.5685],[-77.4404,39.5686],[-77.4404,39.5687],[-77.4403,39.5687],[-77.4403,39.5688],[-77.4401,39.5689],[-77.4401,39.569],[-77.44,39.569],[-77.4399,39.569],[-77.4399,39.5691],[-77.4398,39.5691],[-77.4397,39.5691],[-77.4396,39.5691],[-77.4396,39.5692],[-77.4395,39.5692],[-77.4394,39.5692],[-77.4391,39.5693],[-77.4391,39.5694],[-77.439,39.5694],[-77.4389,39.5694],[-77.4388,39.5694],[-77.4388,39.5693],[-77.4386,39.5693],[-77.4385,39.5693],[-77.4384,39.5693],[-77.4383,39.5693],[-77.4382,39.5693],[-77.4381,39.5693],[-77.4379,39.5692],[-77.4378,39.5692],[-77.4377,39.5692],[-77.4376,39.5692],[-77.4375,39.5692],[-77.4374,39.5692],[-77.4373,39.5692],[-77.4372,39.5692],[-77.4372,39.5693],[-77.4371,39.5693],[-77.437,39.5693],[-77.4369,39.5693],[-77.4368,39.5693],[-77.4367,39.5693],[-77.4366,39.5693],[-77.4365,39.5693],[-77.4364,39.5693],[-77.4362,39.5693],[-77.435,39.5692],[-77.4348,39.5692],[-77.4336,39.5691],[-77.4335,39.5691],[-77.4334,39.5691],[-77.4333,39.5691],[-77.4332,39.5691],[-77.4333,39.5696],[-77.4333,39.5697],[-77.4333,39.5698],[-77.4334,39.5698],[-77.4334,39.5699],[-77.4334,39.57],[-77.4334,39.5701],[-77.4334,39.5702],[-77.4334,39.5707],[-77.4333,39.5708],[-77.4333,39.5709],[-77.4333,39.571],[-77.4334,39.571],[-77.4342,39.5712],[-77.4341,39.5717],[-77.4341,39.5719],[-77.4334,39.5718],[-77.4334,39.5719],[-77.4334,39.572],[-77.4336,39.5727],[-77.4337,39.5731],[-77.4338,39.5732],[-77.4338,39.5733],[-77.4338,39.5734],[-77.4339,39.5734],[-77.4339,39.5735],[-77.4339,39.5736],[-77.434,39.5737],[-77.434,39.5738],[-77.434,39.5739],[-77.4341,39.5739],[-77.4379,39.5753],[-77.4367,39.5776],[-77.4355,39.5778],[-77.4355,39.5779],[-77.4355,39.578],[-77.4355,39.5781],[-77.4356,39.5781],[-77.4356,39.5782],[-77.4357,39.5789],[-77.4357,39.579],[-77.4358,39.579],[-77.4358,39.5791],[-77.4358,39.5792],[-77.4358,39.5793],[-77.4358,39.5794],[-77.4358,39.5795],[-77.4359,39.5795],[-77.4359,39.5796],[-77.4359,39.5797],[-77.4359,39.5798],[-77.4359,39.5799],[-77.4359,39.58],[-77.4359,39.5801],[-77.4359,39.5802],[-77.4359,39.5803],[-77.436,39.5803],[-77.436,39.5804],[-77.436,39.5805],[-77.436,39.5806],[-77.436,39.5807],[-77.436,39.5808],[-77.436,39.5809],[-77.436,39.581],[-77.436,39.5811],[-77.436,39.5812],[-77.436,39.5813],[-77.436,39.5814],[-77.436,39.5815],[-77.436,39.5816],[-77.436,39.5817],[-77.4359,39.5819],[-77.4359,39.5822],[-77.4359,39.5824],[-77.4359,39.5827],[-77.4358,39.5829],[-77.4358,39.5832],[-77.4357,39.5834],[-77.4356,39.5837],[-77.4356,39.5839],[-77.4355,39.584],[-77.4355,39.5841],[-77.4355,39.5842],[-77.4355,39.5843],[-77.4354,39.5844],[-77.4354,39.5845],[-77.4354,39.5846],[-77.4354,39.5847],[-77.4353,39.5847],[-77.4353,39.5848],[-77.4353,39.5849],[-77.4352,39.585],[-77.4352,39.5851],[-77.4352,39.5852],[-77.4352,39.5853],[-77.4351,39.5854],[-77.4351,39.5855],[-77.4351,39.5856],[-77.435,39.5856],[-77.435,39.5857],[-77.435,39.5858],[-77.435,39.5859],[-77.4349,39.586],[-77.4349,39.5861],[-77.4349,39.5862],[-77.4338,39.5892],[-77.4326,39.5925],[-77.4326,39.5926],[-77.4326,39.5927],[-77.4325,39.5928],[-77.4325,39.5929],[-77.4325,39.593],[-77.4324,39.5931],[-77.4324,39.5932],[-77.4324,39.5933],[-77.4324,39.5934],[-77.4323,39.5935],[-77.4323,39.5936],[-77.4323,39.5937],[-77.4323,39.5938],[-77.4322,39.5938],[-77.4322,39.5939],[-77.4322,39.594],[-77.4322,39.5941],[-77.4322,39.5942],[-77.4321,39.5943],[-77.4321,39.5944],[-77.4321,39.5945],[-77.4321,39.5946],[-77.4319,39.5955],[-77.4319,39.5956],[-77.4319,39.5957],[-77.4319,39.5958],[-77.4319,39.5959],[-77.4319,39.596],[-77.4318,39.5961],[-77.4318,39.5962],[-77.4318,39.5963],[-77.4318,39.5964],[-77.4318,39.5965],[-77.4317,39.5966],[-77.4317,39.5967],[-77.4317,39.5968],[-77.4316,39.5969],[-77.4316,39.597],[-77.4316,39.5971],[-77.4316,39.5972],[-77.4315,39.5972],[-77.4315,39.5973],[-77.4315,39.5974],[-77.4315,39.5975],[-77.4314,39.5976],[-77.4314,39.5977],[-77.4314,39.5978],[-77.4313,39.5979],[-77.4313,39.598],[-77.4313,39.5981],[-77.4312,39.5981],[-77.4312,39.5982],[-77.4311,39.5984],[-77.4311,39.5985],[-77.431,39.5986],[-77.431,39.5987],[-77.431,39.5988],[-77.4309,39.5989],[-77.4309,39.599],[-77.4308,39.5991],[-77.4308,39.5992],[-77.4307,39.5993],[-77.4307,39.5994],[-77.4307,39.5995],[-77.4306,39.5995],[-77.4306,39.5996],[-77.4305,39.5997],[-77.4305,39.5998],[-77.4304,39.5999],[-77.4304,39.6],[-77.4303,39.6],[-77.4303,39.6001],[-77.4302,39.6002],[-77.4302,39.6003],[-77.4302,39.6004],[-77.4301,39.6004],[-77.4301,39.6005],[-77.43,39.6006],[-77.43,39.6007],[-77.4299,39.6007],[-77.4299,39.6008],[-77.4298,39.6009],[-77.4298,39.601],[-77.4297,39.601],[-77.4297,39.6011],[-77.4296,39.6012],[-77.4279,39.6038],[-77.4279,39.604],[-77.4259,39.6068],[-77.4279,39.6073],[-77.4292,39.6076],[-77.4304,39.6078],[-77.4325,39.6083],[-77.4337,39.6086],[-77.434,39.6097],[-77.4334,39.6097],[-77.4335,39.6099],[-77.433,39.6107],[-77.4317,39.6105],[-77.4316,39.6105],[-77.4314,39.6108],[-77.4309,39.6113],[-77.4324,39.6116],[-77.4323,39.6117],[-77.4317,39.6126],[-77.4312,39.6133],[-77.4302,39.6145],[-77.4305,39.6146],[-77.4302,39.6149],[-77.4395,39.6163],[-77.4393,39.6171],[-77.4391,39.6177],[-77.4349,39.6171],[-77.4307,39.6164],[-77.4303,39.6173],[-77.4328,39.6177],[-77.4325,39.6195],[-77.4309,39.6194],[-77.4296,39.6192],[-77.429,39.6199],[-77.4291,39.62],[-77.4292,39.6199],[-77.4293,39.6199],[-77.4296,39.6199],[-77.4297,39.6199],[-77.4298,39.6199],[-77.4299,39.6199],[-77.43,39.6199],[-77.4301,39.6199],[-77.4302,39.6199],[-77.4303,39.6199],[-77.4304,39.6199],[-77.4305,39.6199],[-77.4306,39.6199],[-77.4307,39.6199],[-77.4308,39.6199],[-77.4309,39.6199],[-77.431,39.6199],[-77.4311,39.6199],[-77.4312,39.6199],[-77.4312,39.62],[-77.4313,39.62],[-77.4318,39.6201],[-77.4319,39.6201],[-77.432,39.6201],[-77.432,39.6202],[-77.4321,39.6202],[-77.4322,39.6202],[-77.4323,39.6202],[-77.4329,39.6204],[-77.4329,39.6205],[-77.433,39.6205],[-77.4331,39.6205],[-77.4337,39.6207],[-77.4338,39.6207],[-77.4339,39.6207],[-77.4339,39.6208],[-77.434,39.6208],[-77.4341,39.6208],[-77.4345,39.621],[-77.4346,39.621],[-77.4347,39.621],[-77.4348,39.621],[-77.4349,39.621],[-77.435,39.621],[-77.4351,39.621],[-77.4357,39.6209],[-77.4358,39.6209],[-77.4359,39.6209],[-77.436,39.6209],[-77.4361,39.6209],[-77.4364,39.621],[-77.4365,39.621],[-77.4374,39.6211],[-77.4375,39.6211],[-77.4376,39.6211],[-77.4376,39.6212],[-77.4377,39.6212],[-77.4378,39.6212],[-77.4379,39.6212],[-77.4379,39.6213],[-77.438,39.6213],[-77.438,39.6214],[-77.4381,39.6214],[-77.4381,39.6215],[-77.4383,39.6216],[-77.4383,39.6217],[-77.4384,39.6217],[-77.4384,39.6218],[-77.4384,39.6219],[-77.4385,39.6219],[-77.4385,39.622],[-77.4385,39.6221],[-77.4385,39.6222],[-77.4385,39.6223],[-77.4385,39.6224],[-77.4385,39.6225],[-77.4385,39.6226],[-77.4385,39.6227],[-77.4385,39.6228],[-77.4384,39.6228],[-77.4384,39.6229],[-77.4383,39.6231],[-77.4383,39.6232],[-77.4382,39.6232],[-77.4382,39.6233],[-77.4382,39.6234],[-77.4381,39.6234],[-77.4381,39.6235],[-77.4381,39.6236],[-77.4381,39.6237],[-77.438,39.6237],[-77.438,39.6238],[-77.438,39.6239],[-77.438,39.624],[-77.438,39.6241],[-77.4379,39.6241],[-77.4379,39.6245],[-77.4379,39.6246],[-77.4378,39.6246],[-77.4378,39.6247],[-77.4378,39.6248],[-77.4378,39.6249],[-77.4378,39.625],[-77.4377,39.625],[-77.4377,39.6251],[-77.4375,39.6256],[-77.4375,39.6257],[-77.4375,39.6258],[-77.4376,39.6259],[-77.4376,39.626],[-77.4377,39.626],[-77.4378,39.626],[-77.4381,39.6261],[-77.4382,39.6261],[-77.4383,39.6262],[-77.4384,39.6262],[-77.4385,39.6262],[-77.4386,39.6262],[-77.4387,39.6262],[-77.4388,39.6262],[-77.4391,39.6262],[-77.4392,39.6262],[-77.4393,39.6262],[-77.4394,39.6262],[-77.4395,39.6262],[-77.4396,39.6262],[-77.4402,39.6261],[-77.4403,39.6261],[-77.4404,39.6261],[-77.4405,39.6261],[-77.4406,39.6261],[-77.4407,39.6261],[-77.4407,39.6262],[-77.4408,39.6262],[-77.441,39.6263],[-77.4411,39.6263],[-77.4411,39.6264],[-77.4412,39.6264],[-77.4413,39.6264],[-77.4414,39.6264],[-77.4415,39.6264],[-77.4427,39.6266],[-77.4428,39.6266],[-77.4429,39.6266],[-77.443,39.6266],[-77.4431,39.6266],[-77.4431,39.6267],[-77.4432,39.6267],[-77.4433,39.6267],[-77.4437,39.6268],[-77.4438,39.6268],[-77.4439,39.6268],[-77.4442,39.6269],[-77.4443,39.6269],[-77.4444,39.6269],[-77.4444,39.627],[-77.4445,39.627],[-77.4446,39.627],[-77.4446,39.6271],[-77.4446,39.6272],[-77.4447,39.6272],[-77.4447,39.6273],[-77.4447,39.6274],[-77.4447,39.6275],[-77.4447,39.6276],[-77.4447,39.6277],[-77.4446,39.6277],[-77.4446,39.6278],[-77.4446,39.6279],[-77.4446,39.628],[-77.4445,39.6281],[-77.4445,39.6282],[-77.444,39.6292],[-77.4437,39.6297],[-77.4437,39.6298],[-77.4436,39.6299],[-77.4436,39.63],[-77.4436,39.6301],[-77.4436,39.6302],[-77.4436,39.6303],[-77.4437,39.6303],[-77.4437,39.6304],[-77.4438,39.6304],[-77.4438,39.6305],[-77.4441,39.6307],[-77.4441,39.6308],[-77.4442,39.6308],[-77.4452,39.6316],[-77.4453,39.6316],[-77.4454,39.6317],[-77.4455,39.6317],[-77.4455,39.6318],[-77.4456,39.6318],[-77.4457,39.6319],[-77.4458,39.6319],[-77.4458,39.632],[-77.4459,39.632],[-77.446,39.632],[-77.446,39.6321],[-77.4461,39.6321],[-77.4462,39.6321],[-77.4462,39.6322],[-77.4463,39.6322],[-77.4464,39.6323],[-77.4465,39.6323],[-77.4466,39.6323],[-77.4466,39.6324],[-77.4467,39.6324],[-77.4468,39.6324],[-77.4468,39.6325],[-77.4469,39.6325],[-77.447,39.6325],[-77.447,39.6326],[-77.4485,39.6332],[-77.4486,39.6332],[-77.4487,39.6332],[-77.4487,39.6333],[-77.4488,39.6333],[-77.4489,39.6333],[-77.449,39.6333],[-77.449,39.6334],[-77.4491,39.6334],[-77.4492,39.6334],[-77.4493,39.6334],[-77.4494,39.6335],[-77.4495,39.6335],[-77.4496,39.6335],[-77.4497,39.6335],[-77.4498,39.6335],[-77.4499,39.6335],[-77.45,39.6335],[-77.4501,39.6335],[-77.4502,39.6335],[-77.4503,39.6335],[-77.4504,39.6335],[-77.4505,39.6335],[-77.4506,39.6335],[-77.4507,39.6335],[-77.4508,39.6335],[-77.4508,39.6334],[-77.4519,39.6333],[-77.452,39.6333],[-77.4521,39.6333],[-77.4522,39.6333],[-77.4523,39.6333],[-77.4524,39.6333],[-77.4525,39.6333],[-77.4526,39.6333],[-77.4527,39.6333],[-77.4528,39.6333],[-77.4529,39.6333],[-77.453,39.6333],[-77.4531,39.6334],[-77.4532,39.6334],[-77.4533,39.6334],[-77.4534,39.6334],[-77.4535,39.6334],[-77.4535,39.6335],[-77.4536,39.6335],[-77.4537,39.6334],[-77.4539,39.6334],[-77.454,39.6334],[-77.4542,39.6334],[-77.4543,39.6334],[-77.4544,39.6334],[-77.4544,39.6333],[-77.4545,39.6333],[-77.4546,39.6333],[-77.4547,39.6333],[-77.4547,39.6332],[-77.455,39.6331],[-77.4551,39.6331],[-77.4552,39.633],[-77.4553,39.633],[-77.4554,39.633],[-77.4555,39.633],[-77.4556,39.6329],[-77.4557,39.6329],[-77.4566,39.6328],[-77.4567,39.6328],[-77.4568,39.6328],[-77.4569,39.6328],[-77.457,39.6328],[-77.457,39.6327],[-77.4571,39.6327],[-77.4572,39.6327],[-77.4572,39.6326],[-77.4573,39.6326],[-77.4574,39.6326],[-77.4574,39.6325],[-77.4575,39.6325],[-77.458,39.6321],[-77.4581,39.6321],[-77.4581,39.632],[-77.4582,39.632],[-77.4583,39.632],[-77.4583,39.6319],[-77.4584,39.6319],[-77.4585,39.6319],[-77.4585,39.6318],[-77.4586,39.6318],[-77.4587,39.6318],[-77.4592,39.6315],[-77.4593,39.6315],[-77.4594,39.6315],[-77.4595,39.6315],[-77.4595,39.6314],[-77.4596,39.6314],[-77.4597,39.6314],[-77.4598,39.6314],[-77.4601,39.6313],[-77.4602,39.6313],[-77.4617,39.6312],[-77.4618,39.6312],[-77.4618,39.6311],[-77.4619,39.6311],[-77.4626,39.631],[-77.4627,39.631],[-77.4628,39.631],[-77.4629,39.631],[-77.463,39.631],[-77.4631,39.631],[-77.4632,39.631],[-77.4633,39.631],[-77.4634,39.631],[-77.4635,39.631],[-77.4636,39.631],[-77.4645,39.6311],[-77.4646,39.6311],[-77.4647,39.6311],[-77.4648,39.6311],[-77.4649,39.6311],[-77.465,39.6311],[-77.465,39.6312],[-77.4651,39.6312],[-77.4653,39.6313],[-77.4654,39.6313],[-77.4654,39.6314],[-77.4655,39.6314],[-77.4658,39.6316],[-77.4659,39.6316],[-77.4659,39.6317],[-77.466,39.6317],[-77.4661,39.6317],[-77.4661,39.6318],[-77.4662,39.6318],[-77.4663,39.6318],[-77.4668,39.6319],[-77.4668,39.632],[-77.4669,39.632],[-77.4678,39.6322],[-77.4679,39.6322],[-77.4681,39.6322],[-77.4681,39.6323],[-77.4682,39.6323],[-77.4683,39.6323],[-77.4683,39.6324],[-77.4684,39.6324],[-77.4684,39.6325],[-77.4684,39.6328],[-77.4685,39.6328],[-77.4685,39.6337],[-77.4685,39.6338],[-77.4685,39.6339],[-77.4686,39.6339],[-77.4686,39.634],[-77.4687,39.634],[-77.4688,39.634],[-77.4689,39.634],[-77.469,39.634],[-77.4691,39.634],[-77.4692,39.634],[-77.4693,39.634],[-77.4695,39.6339],[-77.4696,39.6339],[-77.4696,39.6338],[-77.4697,39.6338],[-77.4698,39.6337],[-77.4699,39.6337],[-77.47,39.6336],[-77.4701,39.6336],[-77.4701,39.6335],[-77.4702,39.6335],[-77.4702,39.6334],[-77.4703,39.6334],[-77.4703,39.6333],[-77.4705,39.633],[-77.4706,39.6329],[-77.4707,39.6329],[-77.4707,39.6328],[-77.4708,39.6328],[-77.4708,39.6327],[-77.4709,39.6327],[-77.471,39.6327],[-77.4711,39.6327],[-77.4712,39.6327],[-77.4712,39.6326],[-77.4715,39.6326],[-77.4716,39.6326],[-77.4721,39.6326],[-77.4722,39.6326],[-77.4723,39.6326],[-77.4724,39.6326],[-77.4725,39.6326],[-77.4726,39.6326],[-77.4726,39.6325],[-77.4727,39.6325],[-77.4732,39.6324],[-77.4733,39.6324],[-77.4734,39.6324],[-77.4735,39.6324]],[[-77.4393,39.5856],[-77.4392,39.5856],[-77.4391,39.5856],[-77.4391,39.5857],[-77.439,39.5857],[-77.4389,39.5857],[-77.4388,39.5857],[-77.4387,39.5857],[-77.4386,39.5857],[-77.4385,39.5857],[-77.4384,39.5857],[-77.4383,39.5857],[-77.4382,39.5857],[-77.4381,39.5857],[-77.4381,39.5856],[-77.438,39.5856],[-77.4379,39.5856],[-77.4378,39.5856],[-77.4378,39.5855],[-77.4376,39.5854],[-77.439,39.5838],[-77.441,39.5818],[-77.4411,39.5812],[-77.4411,39.5807],[-77.4412,39.5802],[-77.4416,39.5797],[-77.4416,39.5794],[-77.4418,39.5785],[-77.4445,39.5776],[-77.4452,39.5772],[-77.446,39.5764],[-77.4466,39.5761],[-77.4469,39.5757],[-77.4492,39.5776],[-77.4478,39.5793],[-77.4448,39.5795],[-77.4452,39.5809],[-77.4452,39.581],[-77.4455,39.5809],[-77.4458,39.5809],[-77.4461,39.5809],[-77.4464,39.5809],[-77.4467,39.5809],[-77.447,39.581],[-77.4474,39.581],[-77.4474,39.5809],[-77.4473,39.5807],[-77.4481,39.5806],[-77.4491,39.5808],[-77.4501,39.5811],[-77.451,39.5813],[-77.4519,39.5817],[-77.4528,39.5822],[-77.4527,39.5825],[-77.4524,39.5825],[-77.4519,39.5824],[-77.4517,39.5823],[-77.4513,39.5825],[-77.4501,39.5823],[-77.4489,39.582],[-77.4479,39.5817],[-77.4467,39.5821],[-77.4458,39.5823],[-77.4457,39.5824],[-77.4456,39.5826],[-77.4453,39.5829],[-77.4452,39.5832],[-77.4451,39.5849],[-77.4446,39.5856],[-77.4421,39.5848],[-77.442,39.5848],[-77.442,39.5849],[-77.4419,39.5849],[-77.4419,39.585],[-77.4418,39.585],[-77.4417,39.5851],[-77.4416,39.5851],[-77.4415,39.5852],[-77.4414,39.5852],[-77.4413,39.5852],[-77.4412,39.5852],[-77.4411,39.5852],[-77.4411,39.5853],[-77.441,39.5853],[-77.4409,39.5853],[-77.4408,39.5853],[-77.4407,39.5853],[-77.4406,39.5853],[-77.4406,39.5854],[-77.4405,39.5854],[-77.4404,39.5854],[-77.4403,39.5854],[-77.4402,39.5854],[-77.4401,39.5854],[-77.44,39.5855],[-77.4399,39.5855],[-77.4398,39.5855],[-77.4397,39.5855],[-77.4396,39.5855],[-77.4395,39.5855],[-77.4395,39.5856],[-77.4394,39.5856],[-77.4393,39.5856]],[[-77.4346,39.5723],[-77.4346,39.5729],[-77.4338,39.5728],[-77.4337,39.5723],[-77.4346,39.5723]],[[-77.4395,39.5702],[-77.4391,39.5712],[-77.4374,39.5711],[-77.4378,39.5702],[-77.4395,39.5702]],[[-77.434,39.5699],[-77.434,39.5701],[-77.4337,39.5701],[-77.4335,39.5701],[-77.4335,39.57],[-77.4337,39.5699],[-77.434,39.5699]]]]}},{"type":"Feature","properties":{"name":"Frederick Municipal Forest","Location":"Natural Resource"},"geometry":{"type":"MultiPolygon","coordinates":[[[[-77.4702,39.4877],[-77.4703,39.4877],[-77.4704,39.4878],[-77.4705,39.4879],[-77.4706,39.4879],[-77.4706,39.488],[-77.4707,39.488],[-77.4708,39.488],[-77.4708,39.4881],[-77.4709,39.4881],[-77.471,39.4882],[-77.4712,39.4882],[-77.4713,39.4882],[-77.4714,39.4883],[-77.4715,39.4883],[-77.4716,39.4883],[-77.4716,39.4884],[-77.4717,39.4884],[-77.4718,39.4884],[-77.4718,39.4885],[-77.4719,39.4885],[-77.472,39.4885],[-77.472,39.4886],[-77.4721,39.4886],[-77.4721,39.4887],[-77.4722,39.4887],[-77.4722,39.4888],[-77.4723,39.4889],[-77.4724,39.489],[-77.4724,39.4891],[-77.4725,39.4891],[-77.4725,39.4892],[-77.4726,39.4892],[-77.4726,39.4893],[-77.473,39.4897],[-77.4731,39.4897],[-77.4731,39.4898],[-77.4732,39.4898],[-77.4732,39.4899],[-77.4733,39.4899],[-77.4733,39.49],[-77.4738,39.49],[-77.4745,39.4901],[-77.4745,39.4876],[-77.475,39.4877],[-77.4775,39.4847],[-77.4746,39.4839],[-77.4745,39.4839],[-77.4739,39.4837],[-77.4737,39.4837],[-77.473,39.4835],[-77.4722,39.4833],[-77.4713,39.483],[-77.4701,39.4849],[-77.4695,39.4858],[-77.4693,39.4861],[-77.4694,39.4862],[-77.4694,39.4863],[-77.4695,39.4863],[-77.4695,39.4864],[-77.4696,39.4864],[-77.4696,39.4865],[-77.4697,39.4866],[-77.4698,39.4866],[-77.4697,39.4868],[-77.4697,39.4869],[-77.4697,39.487],[-77.4697,39.4871],[-77.4697,39.4872],[-77.4698,39.4872],[-77.4698,39.4873],[-77.4699,39.4873],[-77.4699,39.4874],[-77.47,39.4874],[-77.47,39.4875],[-77.4701,39.4875],[-77.4701,39.4876],[-77.4702,39.4876],[-77.4702,39.4877]]],[[[-77.4681,39.578],[-77.4721,39.5787],[-77.4757,39.5781],[-77.477,39.5778],[-77.4835,39.5766],[-77.4873,39.5759],[-77.488,39.5758],[-77.4879,39.5754],[-77.4881,39.5753],[-77.4882,39.5753],[-77.4887,39.5752],[-77.4888,39.5756],[-77.4954,39.5743],[-77.4957,39.5693],[-77.4985,39.5664],[-77.4983,39.5661],[-77.4983,39.5659],[-77.4982,39.5659],[-77.4982,39.5658],[-77.4981,39.5657],[-77.4981,39.5656],[-77.4978,39.565],[-77.4978,39.5649],[-77.4978,39.5648],[-77.4978,39.5647],[-77.4979,39.5644],[-77.4981,39.5636],[-77.4983,39.5629],[-77.4985,39.5622],[-77.4987,39.5614],[-77.4989,39.5609],[-77.4989,39.5608],[-77.4989,39.5607],[-77.4992,39.5599],[-77.4993,39.5595],[-77.4993,39.5594],[-77.4994,39.5593],[-77.4994,39.5592],[-77.4994,39.5591],[-77.4995,39.5585],[-77.4995,39.5584],[-77.4995,39.5583],[-77.4995,39.5582],[-77.4995,39.5581],[-77.4995,39.558],[-77.4995,39.5579],[-77.4995,39.5578],[-77.4996,39.5577],[-77.4996,39.5576],[-77.4996,39.5575],[-77.4996,39.5574],[-77.4996,39.5573],[-77.4996,39.5572],[-77.4996,39.5571],[-77.4996,39.557],[-77.4996,39.5569],[-77.4996,39.5568],[-77.4997,39.5568],[-77.4997,39.5567],[-77.4997,39.5566],[-77.4997,39.5565],[-77.4998,39.5565],[-77.4998,39.5564],[-77.5,39.5558],[-77.5002,39.5553],[-77.5004,39.5546],[-77.5005,39.5545],[-77.5005,39.5544],[-77.5005,39.5543],[-77.5006,39.5542],[-77.5006,39.5541],[-77.5006,39.554],[-77.5007,39.5539],[-77.5007,39.5538],[-77.5007,39.5537],[-77.5007,39.5536],[-77.5007,39.5535],[-77.5007,39.5528],[-77.5007,39.5522],[-77.5007,39.5521],[-77.5007,39.552],[-77.5007,39.5519],[-77.5008,39.5515],[-77.5008,39.5514],[-77.5008,39.5513],[-77.5009,39.5512],[-77.5009,39.5511],[-77.5009,39.551],[-77.5009,39.5509],[-77.5009,39.5508],[-77.5009,39.5506],[-77.5009,39.5505],[-77.5009,39.5504],[-77.5009,39.5503],[-77.501,39.5502],[-77.501,39.5501],[-77.501,39.55],[-77.501,39.5498],[-77.501,39.5497],[-77.5003,39.5496],[-77.5003,39.5489],[-77.5011,39.5489],[-77.5011,39.5488],[-77.5011,39.5487],[-77.5012,39.5486],[-77.5012,39.5484],[-77.5012,39.5483],[-77.5011,39.5482],[-77.5011,39.5481],[-77.5009,39.5477],[-77.5006,39.5471],[-77.5004,39.5466],[-77.5004,39.5465],[-77.5003,39.5465],[-77.5003,39.5464],[-77.5002,39.5463],[-77.4999,39.5459],[-77.4999,39.5458],[-77.4998,39.5458],[-77.4998,39.5457],[-77.4997,39.5456],[-77.4997,39.5455],[-77.4996,39.5455],[-77.4996,39.5454],[-77.4996,39.5453],[-77.4995,39.5453],[-77.4995,39.5452],[-77.4995,39.5451],[-77.4995,39.545],[-77.4995,39.5449],[-77.4995,39.5448],[-77.4994,39.5447],[-77.4994,39.5446],[-77.4994,39.5445],[-77.4994,39.5444],[-77.4994,39.5439],[-77.4994,39.5438],[-77.4994,39.5436],[-77.4994,39.5434],[-77.4994,39.5433],[-77.4994,39.5432],[-77.4995,39.5432],[-77.4995,39.5431],[-77.4995,39.543],[-77.4996,39.5429],[-77.4996,39.5428],[-77.4997,39.5427],[-77.4999,39.5423],[-77.4999,39.5422],[-77.5,39.5421],[-77.5,39.542],[-77.5,39.5419],[-77.5001,39.5419],[-77.5001,39.5418],[-77.5001,39.5417],[-77.5001,39.5416],[-77.5002,39.5416],[-77.5002,39.5415],[-77.5002,39.5414],[-77.5002,39.5413],[-77.5002,39.5412],[-77.5002,39.5411],[-77.5001,39.5411],[-77.5001,39.541],[-77.5001,39.5409],[-77.5001,39.5408],[-77.5,39.5403],[-77.4973,39.5407],[-77.4899,39.5418],[-77.4898,39.5409],[-77.4934,39.5403],[-77.4935,39.5403],[-77.4996,39.5395],[-77.4997,39.5395],[-77.4993,39.5384],[-77.4954,39.539],[-77.4952,39.5381],[-77.4971,39.5378],[-77.499,39.5375],[-77.4989,39.5372],[-77.4988,39.5367],[-77.4987,39.5364],[-77.4986,39.5364],[-77.496,39.5368],[-77.4953,39.5369],[-77.4951,39.5369],[-77.495,39.537],[-77.4935,39.5372],[-77.4925,39.5373],[-77.4926,39.5332],[-77.4926,39.5329],[-77.4927,39.5324],[-77.4949,39.5326],[-77.4949,39.5318],[-77.4949,39.5307],[-77.4949,39.5295],[-77.4948,39.5295],[-77.4948,39.5282],[-77.4948,39.5281],[-77.4948,39.5259],[-77.4967,39.5259],[-77.4967,39.5258],[-77.4963,39.5249],[-77.4963,39.5237],[-77.4962,39.5224],[-77.4964,39.5225],[-77.4963,39.5221],[-77.4963,39.522],[-77.4963,39.5219],[-77.4963,39.5218],[-77.4963,39.5217],[-77.4963,39.5216],[-77.4964,39.5216],[-77.4964,39.5215],[-77.4964,39.5214],[-77.4964,39.5213],[-77.4965,39.5213],[-77.4967,39.5208],[-77.497,39.5204],[-77.4973,39.5199],[-77.4973,39.5198],[-77.4974,39.5198],[-77.4974,39.5197],[-77.4975,39.5197],[-77.4975,39.5196],[-77.4976,39.5196],[-77.4976,39.5195],[-77.4977,39.5194],[-77.4977,39.5193],[-77.4978,39.5193],[-77.4978,39.5192],[-77.4979,39.5192],[-77.4979,39.5191],[-77.498,39.5191],[-77.498,39.519],[-77.4981,39.519],[-77.4981,39.5189],[-77.4982,39.5188],[-77.4983,39.5187],[-77.4983,39.5186],[-77.4984,39.5186],[-77.4984,39.5185],[-77.4974,39.518],[-77.4974,39.5173],[-77.4961,39.5204],[-77.4949,39.5204],[-77.4949,39.5188],[-77.4961,39.5181],[-77.4963,39.5179],[-77.4959,39.5164],[-77.4961,39.5163],[-77.4962,39.5163],[-77.4963,39.5163],[-77.4964,39.5163],[-77.4966,39.5162],[-77.4974,39.516],[-77.4975,39.516],[-77.4975,39.5159],[-77.4976,39.5159],[-77.4976,39.5158],[-77.4977,39.5158],[-77.4978,39.5157],[-77.4979,39.5156],[-77.4981,39.5154],[-77.4969,39.5151],[-77.4976,39.5145],[-77.4973,39.5137],[-77.4984,39.5138],[-77.4989,39.5131],[-77.4994,39.5123],[-77.4994,39.5122],[-77.4994,39.5121],[-77.4994,39.512],[-77.4994,39.5119],[-77.4994,39.5118],[-77.4994,39.5117],[-77.4994,39.5116],[-77.4994,39.5115],[-77.4995,39.5114],[-77.4995,39.5113],[-77.4995,39.5112],[-77.4997,39.5109],[-77.4998,39.5105],[-77.4999,39.5103],[-77.5,39.5102],[-77.5,39.5101],[-77.5,39.51],[-77.5001,39.51],[-77.5001,39.5099],[-77.5001,39.5098],[-77.5001,39.5097],[-77.5002,39.5097],[-77.5002,39.5096],[-77.5002,39.5095],[-77.5002,39.5094],[-77.5002,39.5093],[-77.5002,39.5092],[-77.5003,39.5086],[-77.5004,39.5081],[-77.5005,39.5074],[-77.5005,39.5073],[-77.5006,39.5072],[-77.5006,39.5071],[-77.5006,39.507],[-77.5006,39.5069],[-77.5007,39.5069],[-77.5007,39.5068],[-77.5007,39.5067],[-77.5008,39.5067],[-77.5008,39.5066],[-77.5008,39.5065],[-77.5009,39.5064],[-77.5009,39.5063],[-77.5012,39.5063],[-77.5016,39.5062],[-77.5016,39.5061],[-77.5017,39.5061],[-77.5018,39.5061],[-77.5019,39.5061],[-77.5019,39.506],[-77.502,39.506],[-77.5021,39.506],[-77.5021,39.5059],[-77.5022,39.5059],[-77.5022,39.5058],[-77.5031,39.505],[-77.5031,39.5046],[-77.5032,39.5045],[-77.5026,39.5039],[-77.5024,39.5038],[-77.5024,39.5037],[-77.5027,39.5019],[-77.5023,39.4997],[-77.5025,39.4971],[-77.5021,39.497],[-77.5017,39.4991],[-77.4988,39.4997],[-77.4987,39.4996],[-77.4987,39.4995],[-77.4987,39.4994],[-77.4987,39.4993],[-77.4987,39.4992],[-77.4987,39.4991],[-77.4987,39.499],[-77.4987,39.4989],[-77.4987,39.4988],[-77.4987,39.4987],[-77.4987,39.4986],[-77.4988,39.4986],[-77.4988,39.4985],[-77.4988,39.4984],[-77.4989,39.4982],[-77.499,39.4981],[-77.4992,39.4977],[-77.4994,39.4974],[-77.4996,39.4971],[-77.4996,39.497],[-77.4997,39.4969],[-77.4999,39.4966],[-77.4999,39.4965],[-77.5,39.4965],[-77.5,39.4964],[-77.5,39.4963],[-77.5001,39.4963],[-77.5001,39.4962],[-77.5001,39.4961],[-77.5002,39.4961],[-77.5002,39.496],[-77.5002,39.4959],[-77.5003,39.4959],[-77.5003,39.4958],[-77.5003,39.4957],[-77.5003,39.4956],[-77.5004,39.4956],[-77.5004,39.4955],[-77.5004,39.4954],[-77.5004,39.4953],[-77.5004,39.4952],[-77.5004,39.4951],[-77.5004,39.495],[-77.5004,39.4949],[-77.5004,39.4948],[-77.5004,39.4947],[-77.5004,39.4946],[-77.5004,39.4945],[-77.5004,39.4944],[-77.5004,39.4943],[-77.5004,39.4942],[-77.5004,39.4941],[-77.5004,39.494],[-77.5005,39.4939],[-77.5005,39.4938],[-77.5005,39.4937],[-77.5005,39.4936],[-77.5005,39.4935],[-77.5006,39.4935],[-77.5006,39.4934],[-77.4996,39.4934],[-77.4996,39.4925],[-77.4929,39.4924],[-77.4897,39.4921],[-77.4878,39.4919],[-77.4847,39.4915],[-77.4846,39.4915],[-77.4842,39.4915],[-77.4831,39.4913],[-77.4821,39.4912],[-77.4821,39.4905],[-77.4821,39.4884],[-77.48,39.4882],[-77.48,39.4899],[-77.48,39.4909],[-77.4784,39.4907],[-77.4772,39.4905],[-77.4771,39.4905],[-77.4767,39.4904],[-77.4767,39.4905],[-77.4767,39.4918],[-77.4752,39.4917],[-77.4742,39.4921],[-77.4741,39.4921],[-77.4741,39.4922],[-77.4742,39.4922],[-77.4742,39.4923],[-77.4743,39.4923],[-77.4743,39.4924],[-77.4744,39.4924],[-77.4744,39.4925],[-77.4745,39.4925],[-77.4745,39.4926],[-77.4746,39.4927],[-77.4746,39.4928],[-77.4747,39.4928],[-77.4747,39.4929],[-77.4748,39.493],[-77.4749,39.4933],[-77.4751,39.4937],[-77.4753,39.4942],[-77.4754,39.4947],[-77.4754,39.4948],[-77.4754,39.4949],[-77.4753,39.4951],[-77.4752,39.4953],[-77.4752,39.4954],[-77.4751,39.4954],[-77.4751,39.4955],[-77.475,39.4955],[-77.4747,39.4958],[-77.4747,39.4959],[-77.4746,39.4959],[-77.4746,39.496],[-77.4745,39.496],[-77.4745,39.4961],[-77.4744,39.4962],[-77.4744,39.4963],[-77.4743,39.4963],[-77.4743,39.4964],[-77.4741,39.4969],[-77.4741,39.497],[-77.4741,39.4971],[-77.4741,39.4972],[-77.4741,39.4973],[-77.4741,39.4974],[-77.4741,39.4975],[-77.4741,39.4976],[-77.4741,39.4977],[-77.4741,39.4978],[-77.4741,39.4979],[-77.474,39.4979],[-77.474,39.498],[-77.4741,39.498],[-77.4741,39.4981],[-77.4741,39.4982],[-77.4743,39.4986],[-77.4744,39.4986],[-77.4744,39.4987],[-77.4745,39.4987],[-77.4746,39.4987],[-77.4746,39.4988],[-77.4747,39.4988],[-77.4748,39.4988],[-77.4749,39.4988],[-77.4749,39.4989],[-77.475,39.4989],[-77.4751,39.4989],[-77.4751,39.499],[-77.4752,39.499],[-77.4753,39.4991],[-77.4753,39.4992],[-77.4754,39.4992],[-77.4754,39.4993],[-77.4755,39.4994],[-77.4755,39.4995],[-77.4755,39.4996],[-77.4756,39.4996],[-77.4756,39.4997],[-77.4756,39.4998],[-77.4757,39.4998],[-77.4758,39.4999],[-77.4758,39.5],[-77.4759,39.5],[-77.4759,39.5001],[-77.476,39.5001],[-77.476,39.5002],[-77.4761,39.5002],[-77.4761,39.5003],[-77.4762,39.5003],[-77.4762,39.5004],[-77.4763,39.5004],[-77.4763,39.5005],[-77.4763,39.5006],[-77.4764,39.5006],[-77.4764,39.5007],[-77.4747,39.5003],[-77.4741,39.5001],[-77.4725,39.5005],[-77.4717,39.5024],[-77.4715,39.5024],[-77.4709,39.5022],[-77.4701,39.5019],[-77.4694,39.5047],[-77.4691,39.5058],[-77.471,39.5064],[-77.4699,39.5078],[-77.4699,39.5087],[-77.4714,39.5094],[-77.4693,39.5114],[-77.469,39.5117],[-77.4676,39.512],[-77.4663,39.5121],[-77.4654,39.5122],[-77.4654,39.5126],[-77.4657,39.5129],[-77.4657,39.5133],[-77.4672,39.5144],[-77.4652,39.5144],[-77.464,39.5144],[-77.4638,39.5144],[-77.4622,39.5144],[-77.4603,39.5144],[-77.46,39.5151],[-77.4599,39.5155],[-77.4603,39.5173],[-77.4609,39.5193],[-77.4604,39.5194],[-77.4604,39.5197],[-77.4599,39.5198],[-77.4601,39.5206],[-77.4607,39.5206],[-77.4614,39.5221],[-77.4626,39.5251],[-77.4623,39.5255],[-77.4622,39.5256],[-77.462,39.526],[-77.4617,39.5263],[-77.4617,39.5264],[-77.4613,39.527],[-77.4615,39.5271],[-77.464,39.5278],[-77.4638,39.5298],[-77.4635,39.5301],[-77.462,39.5315],[-77.462,39.5318],[-77.4621,39.5329],[-77.4621,39.5338],[-77.4617,39.5361],[-77.4614,39.5384],[-77.4602,39.5383],[-77.46,39.5394],[-77.4613,39.5395],[-77.4613,39.5396],[-77.4606,39.5409],[-77.46,39.5434],[-77.4633,39.5439],[-77.4629,39.5459],[-77.4605,39.5459],[-77.4601,39.5483],[-77.4596,39.5495],[-77.4594,39.5528],[-77.4586,39.5534],[-77.4593,39.5559],[-77.458,39.5586],[-77.458,39.5616],[-77.457,39.5629],[-77.4569,39.5631],[-77.4559,39.5643],[-77.4558,39.5679],[-77.4553,39.5689],[-77.4552,39.569],[-77.455,39.5695],[-77.4549,39.5704],[-77.457,39.5745],[-77.4571,39.5748],[-77.4589,39.576],[-77.4591,39.5766],[-77.4637,39.578],[-77.4654,39.5775],[-77.4681,39.578]],[[-77.4868,39.5057],[-77.4865,39.5084],[-77.486,39.513],[-77.4827,39.513],[-77.4827,39.5129],[-77.4826,39.5129],[-77.4826,39.5128],[-77.4825,39.5128],[-77.4825,39.5127],[-77.4824,39.5127],[-77.4824,39.5126],[-77.4824,39.5125],[-77.4824,39.5124],[-77.4823,39.5124],[-77.4823,39.5123],[-77.4823,39.5122],[-77.4823,39.5121],[-77.4823,39.512],[-77.4823,39.5119],[-77.4823,39.5118],[-77.4822,39.5118],[-77.4822,39.5117],[-77.4822,39.5116],[-77.4821,39.5116],[-77.4821,39.5115],[-77.4821,39.5114],[-77.482,39.5113],[-77.482,39.5112],[-77.4819,39.5111],[-77.4819,39.511],[-77.4818,39.511],[-77.4818,39.5109],[-77.4817,39.5109],[-77.4817,39.5108],[-77.4817,39.5107],[-77.4817,39.5106],[-77.4816,39.5106],[-77.4815,39.5104],[-77.4815,39.5103],[-77.4814,39.5103],[-77.4814,39.5102],[-77.4814,39.5101],[-77.4814,39.51],[-77.4813,39.51],[-77.4813,39.5099],[-77.4812,39.5098],[-77.4812,39.5097],[-77.4811,39.5097],[-77.4811,39.5096],[-77.481,39.5096],[-77.481,39.5095],[-77.4809,39.5095],[-77.4809,39.5094],[-77.4808,39.5094],[-77.4805,39.5091],[-77.4804,39.5091],[-77.4804,39.509],[-77.4803,39.509],[-77.4803,39.5089],[-77.4803,39.5088],[-77.4802,39.5088],[-77.4802,39.5087],[-77.4802,39.5086],[-77.4802,39.5085],[-77.4802,39.5084],[-77.4803,39.5078],[-77.4803,39.5077],[-77.4803,39.5076],[-77.4804,39.5075],[-77.4804,39.5074],[-77.4804,39.5073],[-77.4805,39.5073],[-77.4805,39.5072],[-77.4805,39.5071],[-77.4806,39.507],[-77.4806,39.5069],[-77.4806,39.5068],[-77.4807,39.5067],[-77.4807,39.5066],[-77.4807,39.5065],[-77.4808,39.5064],[-77.4808,39.5063],[-77.4808,39.5062],[-77.4808,39.5061],[-77.4808,39.506],[-77.4812,39.5046],[-77.4816,39.5045],[-77.4822,39.5045],[-77.482,39.5048],[-77.4812,39.508],[-77.4812,39.5082],[-77.4813,39.5087],[-77.4821,39.5095],[-77.4833,39.5111],[-77.4836,39.5086],[-77.4836,39.5082],[-77.4837,39.5077],[-77.484,39.5055],[-77.4868,39.5057],[-77.4869,39.5055],[-77.4874,39.5032],[-77.4874,39.5031],[-77.4883,39.4976],[-77.4901,39.4978],[-77.49,39.4996],[-77.4903,39.4997],[-77.4913,39.5001],[-77.4918,39.5006],[-77.4924,39.5013],[-77.4924,39.5016],[-77.4924,39.502],[-77.491,39.5076],[-77.4899,39.5074],[-77.4887,39.5072],[-77.4872,39.5059],[-77.4868,39.5057]],[[-77.477,39.5017],[-77.477,39.5018],[-77.4769,39.5018],[-77.4769,39.5019],[-77.4769,39.502],[-77.4769,39.5021],[-77.4769,39.5022],[-77.477,39.5022],[-77.477,39.5023],[-77.477,39.5024],[-77.477,39.5025],[-77.4771,39.5025],[-77.4771,39.5026],[-77.4771,39.5027],[-77.4771,39.5028],[-77.4772,39.5028],[-77.4772,39.5029],[-77.4772,39.503],[-77.4772,39.5031],[-77.4773,39.5031],[-77.4773,39.5032],[-77.4774,39.5032],[-77.4774,39.5033],[-77.4775,39.5034],[-77.4776,39.5034],[-77.4779,39.5037],[-77.478,39.5037],[-77.478,39.5038],[-77.4781,39.5038],[-77.4781,39.5039],[-77.4782,39.5039],[-77.4755,39.5041],[-77.475,39.5021],[-77.477,39.5017]]]]}},{"type":"Feature","properties":{"name":"Gambrill State Park","Location":"Regional Park"},"geometry":{"type":"MultiPolygon","coordinates":[[[[-77.4993,39.4849],[-77.4994,39.485],[-77.4994,39.4851],[-77.4994,39.4852],[-77.4995,39.4852],[-77.4995,39.4853],[-77.4995,39.4854],[-77.4995,39.4855],[-77.4995,39.4856],[-77.4996,39.4856],[-77.4996,39.4857],[-77.4996,39.4858],[-77.4996,39.4859],[-77.4997,39.4859],[-77.4997,39.486],[-77.4999,39.4865],[-77.5,39.4865],[-77.5,39.4866],[-77.5,39.4867],[-77.5001,39.4867],[-77.5001,39.4868],[-77.5001,39.4869],[-77.5001,39.487],[-77.5002,39.487],[-77.5002,39.4871],[-77.5002,39.4872],[-77.5002,39.4873],[-77.5003,39.4877],[-77.5004,39.488],[-77.503,39.4872],[-77.5033,39.4871],[-77.5042,39.4869],[-77.5042,39.4868],[-77.5035,39.4845],[-77.5019,39.4849],[-77.5017,39.4841],[-77.5016,39.4839],[-77.5013,39.4829],[-77.5012,39.4829],[-77.4993,39.4835],[-77.4993,39.4833],[-77.4994,39.4817],[-77.4971,39.4813],[-77.4955,39.4792],[-77.4972,39.4756],[-77.4975,39.4756],[-77.498,39.4755],[-77.4977,39.4728],[-77.4986,39.4699],[-77.4986,39.4698],[-77.4989,39.4685],[-77.4997,39.4648],[-77.5007,39.4636],[-77.5009,39.463],[-77.5012,39.4622],[-77.5015,39.4615],[-77.5015,39.4614],[-77.4979,39.4611],[-77.4992,39.4593],[-77.4991,39.4593],[-77.4978,39.4591],[-77.4974,39.4588],[-77.497,39.4588],[-77.496,39.4588],[-77.4952,39.4573],[-77.4958,39.4541],[-77.4959,39.454],[-77.4958,39.454],[-77.4952,39.4538],[-77.4951,39.4538],[-77.4951,39.4539],[-77.495,39.4539],[-77.4949,39.454],[-77.4948,39.454],[-77.4948,39.4541],[-77.4947,39.4541],[-77.4946,39.4541],[-77.4945,39.4542],[-77.4944,39.4543],[-77.4943,39.4543],[-77.4942,39.4544],[-77.4941,39.4545],[-77.494,39.4545],[-77.4939,39.4546],[-77.4938,39.4547],[-77.4937,39.4547],[-77.4936,39.4548],[-77.4935,39.4549],[-77.4934,39.4549],[-77.4933,39.455],[-77.4932,39.455],[-77.4932,39.4551],[-77.4931,39.4551],[-77.493,39.4552],[-77.4929,39.4552],[-77.4929,39.4553],[-77.4928,39.4553],[-77.4928,39.4554],[-77.4924,39.4557],[-77.4923,39.4558],[-77.4922,39.4558],[-77.4922,39.4559],[-77.4921,39.456],[-77.4921,39.4561],[-77.492,39.4561],[-77.492,39.4562],[-77.4919,39.4562],[-77.4919,39.4563],[-77.4919,39.4564],[-77.4918,39.4564],[-77.4918,39.4565],[-77.4916,39.4569],[-77.4916,39.457],[-77.4915,39.457],[-77.4915,39.4571],[-77.4914,39.4571],[-77.4914,39.4572],[-77.4914,39.4573],[-77.4913,39.4573],[-77.491,39.4577],[-77.4904,39.4585],[-77.4897,39.4593],[-77.4896,39.4593],[-77.4896,39.4594],[-77.4896,39.4595],[-77.4895,39.4595],[-77.4895,39.4596],[-77.4895,39.4597],[-77.4894,39.4597],[-77.4894,39.4598],[-77.4894,39.4599],[-77.4894,39.46],[-77.4894,39.4601],[-77.4894,39.4602],[-77.4894,39.4603],[-77.4894,39.4604],[-77.4894,39.4605],[-77.4895,39.4605],[-77.4895,39.4606],[-77.4896,39.4606],[-77.4896,39.4607],[-77.4896,39.4608],[-77.4897,39.4608],[-77.4897,39.4609],[-77.4898,39.4609],[-77.4899,39.4609],[-77.4899,39.461],[-77.4903,39.4612],[-77.4904,39.4613],[-77.4905,39.4614],[-77.4906,39.4614],[-77.4906,39.4615],[-77.4907,39.4615],[-77.4907,39.4616],[-77.4908,39.4616],[-77.4908,39.4617],[-77.4909,39.4617],[-77.4909,39.4618],[-77.491,39.4618],[-77.4911,39.4619],[-77.4912,39.4619],[-77.4913,39.4619],[-77.4923,39.4623],[-77.4924,39.4623],[-77.4924,39.4624],[-77.4925,39.4624],[-77.4926,39.4624],[-77.4926,39.4625],[-77.4927,39.4625],[-77.4927,39.4626],[-77.4928,39.4626],[-77.4928,39.4627],[-77.4929,39.4627],[-77.493,39.4628],[-77.4931,39.4628],[-77.4931,39.4629],[-77.4932,39.4629],[-77.4933,39.4629],[-77.4933,39.463],[-77.4934,39.463],[-77.4935,39.463],[-77.4935,39.4631],[-77.4936,39.4631],[-77.4936,39.4632],[-77.4937,39.4632],[-77.4937,39.4633],[-77.494,39.4639],[-77.494,39.464],[-77.494,39.4641],[-77.4941,39.4641],[-77.4941,39.4642],[-77.4942,39.4643],[-77.4942,39.4644],[-77.4943,39.4644],[-77.4943,39.4645],[-77.4943,39.4646],[-77.4944,39.4646],[-77.4944,39.4647],[-77.4944,39.4648],[-77.4945,39.4648],[-77.4945,39.4649],[-77.4945,39.465],[-77.4946,39.465],[-77.4946,39.4651],[-77.4947,39.4651],[-77.4947,39.4652],[-77.4948,39.4652],[-77.4948,39.4653],[-77.4949,39.4653],[-77.495,39.4654],[-77.4951,39.4654],[-77.4952,39.4654],[-77.4953,39.4654],[-77.4954,39.4654],[-77.4955,39.4654],[-77.4955,39.4655],[-77.4956,39.4655],[-77.4956,39.4656],[-77.4955,39.4656],[-77.4955,39.4659],[-77.4955,39.466],[-77.4955,39.4661],[-77.4955,39.4662],[-77.4955,39.4663],[-77.4956,39.4663],[-77.4956,39.4664],[-77.4956,39.4665],[-77.4957,39.4666],[-77.4957,39.4667],[-77.4957,39.4668],[-77.4958,39.4668],[-77.4958,39.4669],[-77.4958,39.467],[-77.4958,39.4671],[-77.4959,39.4671],[-77.4959,39.4672],[-77.4959,39.4673],[-77.4959,39.4674],[-77.4959,39.4675],[-77.4959,39.4676],[-77.4959,39.4677],[-77.4959,39.4678],[-77.4959,39.4679],[-77.4958,39.468],[-77.4958,39.4682],[-77.4958,39.4683],[-77.4958,39.4684],[-77.4957,39.4684],[-77.4957,39.4685],[-77.4957,39.4686],[-77.4957,39.4687],[-77.4956,39.4687],[-77.4956,39.4688],[-77.4956,39.4689],[-77.4955,39.4689],[-77.4955,39.469],[-77.4955,39.4691],[-77.4954,39.4691],[-77.4954,39.4692],[-77.4953,39.4692],[-77.4953,39.4693],[-77.4952,39.4693],[-77.4952,39.4694],[-77.4951,39.4694],[-77.4951,39.4695],[-77.495,39.4695],[-77.495,39.4696],[-77.4949,39.4696],[-77.4949,39.4697],[-77.4948,39.4697],[-77.4948,39.4698],[-77.4947,39.4698],[-77.4947,39.4699],[-77.4947,39.47],[-77.4945,39.4705],[-77.4945,39.4706],[-77.4945,39.4707],[-77.4943,39.4711],[-77.4943,39.4712],[-77.4942,39.4712],[-77.4942,39.4713],[-77.4942,39.4714],[-77.4942,39.4715],[-77.4941,39.4715],[-77.4939,39.473],[-77.4939,39.4731],[-77.4938,39.4732],[-77.4938,39.4733],[-77.4938,39.4734],[-77.4938,39.4735],[-77.4937,39.4735],[-77.4937,39.4736],[-77.4937,39.4737],[-77.4936,39.4737],[-77.4936,39.4738],[-77.4935,39.4738],[-77.493,39.4744],[-77.4929,39.4744],[-77.4929,39.4745],[-77.4928,39.4745],[-77.4926,39.4749],[-77.4925,39.4749],[-77.4925,39.475],[-77.4925,39.4751],[-77.4925,39.4752],[-77.4925,39.4753],[-77.4927,39.4755],[-77.4927,39.4756],[-77.4927,39.4757],[-77.4927,39.4758],[-77.4926,39.4774],[-77.4926,39.4775],[-77.4926,39.4776],[-77.4926,39.4777],[-77.4926,39.4778],[-77.4926,39.4779],[-77.4926,39.478],[-77.4926,39.4781],[-77.4926,39.4782],[-77.4926,39.4783],[-77.4927,39.4784],[-77.4934,39.4796],[-77.4935,39.4796],[-77.4935,39.4797],[-77.4936,39.4797],[-77.4936,39.4798],[-77.4937,39.4798],[-77.4937,39.4799],[-77.4938,39.4799],[-77.4939,39.4799],[-77.4939,39.48],[-77.494,39.48],[-77.4941,39.48],[-77.4941,39.4801],[-77.4942,39.4801],[-77.4943,39.4801],[-77.4944,39.4801],[-77.4944,39.4802],[-77.4945,39.4802],[-77.4946,39.4803],[-77.4947,39.4803],[-77.4947,39.4804],[-77.4948,39.4804],[-77.4949,39.4804],[-77.4949,39.4805],[-77.495,39.4805],[-77.495,39.4806],[-77.4951,39.4806],[-77.4952,39.4807],[-77.4953,39.4807],[-77.4954,39.4808],[-77.4955,39.4809],[-77.4956,39.4809],[-77.4956,39.481],[-77.4957,39.481],[-77.4958,39.481],[-77.4958,39.4811],[-77.4959,39.4811],[-77.4962,39.4812],[-77.4963,39.4812],[-77.4963,39.4813],[-77.4964,39.4813],[-77.4965,39.4813],[-77.4965,39.4814],[-77.4966,39.4814],[-77.4966,39.4815],[-77.4966,39.4816],[-77.4967,39.4817],[-77.4967,39.4818],[-77.4967,39.4819],[-77.4968,39.4819],[-77.4968,39.482],[-77.4968,39.4821],[-77.4969,39.4821],[-77.4969,39.4822],[-77.497,39.4822],[-77.497,39.4823],[-77.4971,39.4823],[-77.4971,39.4824],[-77.4972,39.4824],[-77.4972,39.4825],[-77.4973,39.4826],[-77.4974,39.4827],[-77.4975,39.4828],[-77.4975,39.4829],[-77.4976,39.4829],[-77.4976,39.483],[-77.4977,39.483],[-77.4979,39.4833],[-77.498,39.4833],[-77.4981,39.4834],[-77.4982,39.4835],[-77.4982,39.4836],[-77.4983,39.4836],[-77.4984,39.4837],[-77.4984,39.4838],[-77.4985,39.4838],[-77.4986,39.4839],[-77.4986,39.484],[-77.4987,39.484],[-77.4987,39.4841],[-77.4988,39.4841],[-77.4988,39.4842],[-77.4989,39.4842],[-77.4989,39.4843],[-77.4992,39.4846],[-77.4992,39.4847],[-77.4992,39.4848],[-77.4993,39.4848],[-77.4993,39.4849]]],[[[-77.4929,39.4924],[-77.4996,39.4925],[-77.4996,39.4934],[-77.5006,39.4934],[-77.5005,39.4935],[-77.5005,39.4936],[-77.5006,39.4936],[-77.5007,39.4936],[-77.5007,39.4937],[-77.5006,39.4938],[-77.5006,39.4939],[-77.5006,39.4942],[-77.5006,39.4943],[-77.5006,39.4944],[-77.5006,39.4945],[-77.5006,39.4946],[-77.5006,39.4947],[-77.5006,39.495],[-77.5006,39.4951],[-77.5006,39.4952],[-77.5006,39.4953],[-77.5006,39.4954],[-77.5006,39.4955],[-77.5005,39.4956],[-77.5005,39.4957],[-77.5005,39.4958],[-77.5001,39.4965],[-77.5001,39.4966],[-77.5,39.4967],[-77.5015,39.4969],[-77.5025,39.497],[-77.5027,39.4957],[-77.5029,39.4941],[-77.5032,39.4924],[-77.5042,39.4923],[-77.504,39.4915],[-77.5041,39.4905],[-77.5041,39.4902],[-77.5044,39.4894],[-77.5027,39.4893],[-77.5016,39.4893],[-77.5015,39.4893],[-77.5008,39.4893],[-77.5006,39.4893],[-77.5006,39.4894],[-77.5006,39.4895],[-77.5006,39.4896],[-77.5006,39.4897],[-77.5006,39.4898],[-77.5006,39.4899],[-77.5006,39.49],[-77.5006,39.4901],[-77.5005,39.4905],[-77.5005,39.4906],[-77.5003,39.4912],[-77.5003,39.4913],[-77.5003,39.4914],[-77.5003,39.4915],[-77.5003,39.4916],[-77.5004,39.4916],[-77.5004,39.4917],[-77.5004,39.4918],[-77.5004,39.4919],[-77.5004,39.492],[-77.5005,39.492],[-77.5006,39.4923],[-77.5005,39.4923],[-77.5004,39.492],[-77.5003,39.492],[-77.5003,39.4919],[-77.5003,39.4918],[-77.5003,39.4917],[-77.5002,39.4917],[-77.5002,39.4916],[-77.5002,39.4915],[-77.5002,39.4914],[-77.5002,39.4913],[-77.5002,39.4912],[-77.5004,39.4906],[-77.5004,39.4905],[-77.5005,39.4901],[-77.5005,39.49],[-77.5005,39.4899],[-77.5005,39.4898],[-77.5005,39.4897],[-77.5005,39.4896],[-77.5005,39.4895],[-77.4992,39.4895],[-77.4992,39.4894],[-77.4992,39.4885],[-77.5003,39.4881],[-77.5002,39.4877],[-77.5001,39.4873],[-77.5001,39.4872],[-77.5001,39.4871],[-77.5001,39.487],[-77.5,39.487],[-77.5,39.4869],[-77.5,39.4868],[-77.4999,39.4867],[-77.4999,39.4866],[-77.4999,39.4865],[-77.4996,39.4861],[-77.4996,39.486],[-77.4996,39.4859],[-77.4995,39.4859],[-77.4995,39.4858],[-77.4995,39.4857],[-77.4995,39.4856],[-77.4994,39.4856],[-77.4994,39.4855],[-77.4994,39.4854],[-77.4994,39.4853],[-77.4993,39.4853],[-77.4993,39.4852],[-77.4993,39.4851],[-77.4993,39.485],[-77.4992,39.485],[-77.4992,39.4849],[-77.4992,39.4848],[-77.4991,39.4848],[-77.4991,39.4847],[-77.499,39.4846],[-77.4988,39.4843],[-77.4987,39.4842],[-77.4987,39.4841],[-77.4986,39.4841],[-77.4985,39.484],[-77.4985,39.4839],[-77.4984,39.4839],[-77.4984,39.4838],[-77.4983,39.4838],[-77.4983,39.4837],[-77.4982,39.4837],[-77.4982,39.4836],[-77.4981,39.4836],[-77.4981,39.4835],[-77.498,39.4835],[-77.498,39.4834],[-77.4979,39.4834],[-77.4979,39.4833],[-77.4976,39.4831],[-77.4976,39.483],[-77.4975,39.483],[-77.4975,39.4829],[-77.4974,39.4829],[-77.4974,39.4828],[-77.4973,39.4828],[-77.4973,39.4827],[-77.4972,39.4827],[-77.4972,39.4826],[-77.4971,39.4826],[-77.4971,39.4825],[-77.497,39.4825],[-77.497,39.4824],[-77.4969,39.4823],[-77.4969,39.4822],[-77.4968,39.4822],[-77.4968,39.4821],[-77.4967,39.4821],[-77.4967,39.482],[-77.4967,39.4819],[-77.4966,39.4819],[-77.4966,39.4818],[-77.4966,39.4817],[-77.4965,39.4817],[-77.4965,39.4816],[-77.4965,39.4815],[-77.4964,39.4815],[-77.4964,39.4814],[-77.4963,39.4814],[-77.4963,39.4813],[-77.4962,39.4813],[-77.4961,39.4813],[-77.4959,39.4812],[-77.4958,39.4812],[-77.4958,39.4811],[-77.4957,39.4811],[-77.4956,39.4811],[-77.4956,39.481],[-77.4955,39.481],[-77.4954,39.4809],[-77.4953,39.4809],[-77.4953,39.4808],[-77.4952,39.4808],[-77.4951,39.4808],[-77.4951,39.4807],[-77.495,39.4807],[-77.495,39.4806],[-77.4949,39.4806],[-77.4948,39.4805],[-77.4947,39.4805],[-77.4947,39.4804],[-77.4946,39.4804],[-77.4945,39.4803],[-77.4944,39.4803],[-77.4944,39.4802],[-77.4943,39.4802],[-77.4942,39.4802],[-77.4941,39.4801],[-77.494,39.4801],[-77.4939,39.4801],[-77.4939,39.48],[-77.4938,39.48],[-77.4937,39.48],[-77.4937,39.4799],[-77.4936,39.4799],[-77.4935,39.4798],[-77.4934,39.4798],[-77.4934,39.4797],[-77.4933,39.4796],[-77.4926,39.4784],[-77.4925,39.4784],[-77.4925,39.4783],[-77.4925,39.4782],[-77.4925,39.4781],[-77.4925,39.478],[-77.4925,39.4779],[-77.4925,39.4778],[-77.4925,39.4777],[-77.4925,39.4776],[-77.4925,39.4775],[-77.4925,39.4774],[-77.4926,39.4758],[-77.4926,39.4757],[-77.4926,39.4756],[-77.4924,39.4754],[-77.4924,39.4753],[-77.4924,39.4752],[-77.4924,39.4751],[-77.4924,39.475],[-77.4924,39.4749],[-77.4925,39.4749],[-77.4927,39.4745],[-77.4928,39.4745],[-77.4928,39.4744],[-77.4929,39.4744],[-77.4929,39.4743],[-77.4934,39.4738],[-77.4935,39.4737],[-77.4935,39.4736],[-77.4936,39.4736],[-77.4936,39.4735],[-77.4937,39.4734],[-77.4937,39.4733],[-77.4937,39.4732],[-77.4937,39.4731],[-77.4938,39.4731],[-77.4938,39.473],[-77.494,39.4715],[-77.4941,39.4715],[-77.4941,39.4714],[-77.4941,39.4713],[-77.4941,39.4712],[-77.4942,39.4711],[-77.4944,39.4707],[-77.4944,39.4706],[-77.4944,39.4705],[-77.4946,39.47],[-77.4946,39.4699],[-77.4946,39.4698],[-77.4947,39.4698],[-77.4947,39.4697],[-77.4948,39.4696],[-77.4949,39.4695],[-77.495,39.4694],[-77.4951,39.4694],[-77.4951,39.4693],[-77.4952,39.4693],[-77.4952,39.4692],[-77.4953,39.4692],[-77.4953,39.4691],[-77.4954,39.4691],[-77.4954,39.469],[-77.4954,39.4689],[-77.4955,39.4689],[-77.4955,39.4688],[-77.4955,39.4687],[-77.4956,39.4686],[-77.4956,39.4685],[-77.4956,39.4684],[-77.4957,39.4684],[-77.4957,39.4683],[-77.4957,39.4682],[-77.4957,39.468],[-77.4957,39.4679],[-77.4958,39.4678],[-77.4958,39.4677],[-77.4958,39.4676],[-77.4958,39.4675],[-77.4958,39.4674],[-77.4958,39.4673],[-77.4958,39.4672],[-77.4958,39.4671],[-77.4957,39.4671],[-77.4957,39.467],[-77.4957,39.4669],[-77.4957,39.4668],[-77.4956,39.4668],[-77.4956,39.4667],[-77.4956,39.4666],[-77.4955,39.4665],[-77.4955,39.4664],[-77.4955,39.4663],[-77.4954,39.4663],[-77.4954,39.4662],[-77.4954,39.4661],[-77.4954,39.466],[-77.4954,39.4659],[-77.4954,39.4656],[-77.4954,39.4655],[-77.4953,39.4655],[-77.4952,39.4655],[-77.4951,39.4655],[-77.495,39.4655],[-77.495,39.4654],[-77.4949,39.4654],[-77.4948,39.4654],[-77.4948,39.4653],[-77.4947,39.4653],[-77.4946,39.4653],[-77.4946,39.4652],[-77.4945,39.4652],[-77.4945,39.4651],[-77.4945,39.465],[-77.4944,39.465],[-77.4944,39.4649],[-77.4944,39.4648],[-77.4943,39.4648],[-77.4943,39.4647],[-77.4943,39.4646],[-77.4942,39.4646],[-77.4942,39.4645],[-77.4941,39.4645],[-77.4941,39.4644],[-77.4941,39.4643],[-77.494,39.4643],[-77.494,39.4642],[-77.494,39.4641],[-77.4939,39.4641],[-77.4939,39.464],[-77.4936,39.4633],[-77.4935,39.4632],[-77.4934,39.4631],[-77.4933,39.4631],[-77.4933,39.463],[-77.4932,39.463],[-77.4931,39.463],[-77.4931,39.4629],[-77.493,39.4629],[-77.4929,39.4629],[-77.4929,39.4628],[-77.4928,39.4628],[-77.4928,39.4627],[-77.4927,39.4627],[-77.4927,39.4626],[-77.4926,39.4626],[-77.4926,39.4625],[-77.4925,39.4625],[-77.4924,39.4625],[-77.4924,39.4624],[-77.4923,39.4624],[-77.4922,39.4624],[-77.4913,39.462],[-77.4912,39.462],[-77.4911,39.462],[-77.491,39.4619],[-77.4909,39.4619],[-77.4909,39.4618],[-77.4908,39.4618],[-77.4907,39.4618],[-77.4907,39.4617],[-77.4906,39.4617],[-77.4906,39.4616],[-77.4905,39.4616],[-77.4905,39.4615],[-77.4904,39.4615],[-77.4904,39.4614],[-77.4903,39.4614],[-77.4903,39.4613],[-77.4902,39.4613],[-77.4902,39.4612],[-77.4899,39.4611],[-77.4899,39.461],[-77.4898,39.461],[-77.4897,39.461],[-77.4897,39.4609],[-77.4896,39.4609],[-77.4896,39.4608],[-77.4895,39.4608],[-77.4895,39.4607],[-77.4894,39.4607],[-77.4894,39.4606],[-77.4894,39.4605],[-77.4893,39.4605],[-77.4893,39.4604],[-77.4893,39.4603],[-77.4893,39.4602],[-77.4893,39.4601],[-77.4893,39.46],[-77.4893,39.4599],[-77.4893,39.4598],[-77.4893,39.4597],[-77.4894,39.4597],[-77.4894,39.4596],[-77.4894,39.4595],[-77.4895,39.4594],[-77.4895,39.4593],[-77.4896,39.4593],[-77.4896,39.4592],[-77.4903,39.4584],[-77.4909,39.4576],[-77.4912,39.4573],[-77.4912,39.4572],[-77.4913,39.4572],[-77.4913,39.4571],[-77.4914,39.4571],[-77.4914,39.457],[-77.4915,39.4569],[-77.4914,39.4569],[-77.4892,39.457],[-77.4893,39.4567],[-77.4876,39.4565],[-77.4874,39.4567],[-77.4873,39.4568],[-77.4875,39.4571],[-77.4874,39.4572],[-77.4878,39.4584],[-77.488,39.4594],[-77.4882,39.4601],[-77.4886,39.4618],[-77.4886,39.4623],[-77.4858,39.4623],[-77.4844,39.4623],[-77.4843,39.4623],[-77.4833,39.4637],[-77.4852,39.4684],[-77.4852,39.4693],[-77.4852,39.4698],[-77.4853,39.4698],[-77.4895,39.4699],[-77.4895,39.4708],[-77.4895,39.471],[-77.4895,39.4721],[-77.4894,39.4731],[-77.4894,39.4733],[-77.4895,39.4756],[-77.4895,39.476],[-77.4895,39.478],[-77.4884,39.479],[-77.4872,39.4778],[-77.4864,39.4784],[-77.4846,39.4769],[-77.4828,39.4752],[-77.4831,39.4773],[-77.485,39.4786],[-77.4857,39.479],[-77.4861,39.4793],[-77.4866,39.4797],[-77.4866,39.4799],[-77.486,39.484],[-77.4844,39.4836],[-77.4847,39.4804],[-77.4827,39.4802],[-77.4822,39.483],[-77.4807,39.4855],[-77.4794,39.4882],[-77.4774,39.4879],[-77.4772,39.4904],[-77.4772,39.4905],[-77.4784,39.4907],[-77.48,39.4909],[-77.4816,39.4911],[-77.4821,39.4912],[-77.4831,39.4913],[-77.4842,39.4915],[-77.4846,39.4915],[-77.4847,39.4915],[-77.4878,39.4919],[-77.4897,39.4921],[-77.4929,39.4924]],[[-77.4905,39.4823],[-77.4912,39.4829],[-77.492,39.4837],[-77.4922,39.484],[-77.4927,39.4846],[-77.4927,39.4851],[-77.4927,39.4857],[-77.4926,39.4863],[-77.4914,39.4859],[-77.4902,39.4856],[-77.4896,39.4854],[-77.489,39.4852],[-77.4892,39.4843],[-77.4894,39.4835],[-77.4895,39.4827],[-77.4897,39.4818],[-77.4905,39.4823]]]]}},{"type":"Feature","properties":{"name":"Babee Park","Location":"Neighborhood Park"},"geometry":{"type":"Polygon","coordinates":[[[-77.4211,39.4109],[-77.4213,39.4106],[-77.4207,39.4104],[-77.4205,39.4106],[-77.4205,39.4107],[-77.421,39.4108],[-77.4211,39.4109]]]}},{"type":"Feature","properties":{"name":"Bonita Maas Park","Location":"Neighborhood Park"},"geometry":{"type":"Polygon","coordinates":[[[-77.4112,39.417],[-77.4113,39.417],[-77.4113,39.4167],[-77.4112,39.4167],[-77.4112,39.417]]]}},{"type":"Feature","properties":{"name":"East Third Street Park","Location":"Neighborhood Park"},"geometry":{"type":"Polygon","coordinates":[[[-77.405,39.4174],[-77.4057,39.4175],[-77.4057,39.4172],[-77.405,39.4171],[-77.405,39.4174]]]}},{"type":"Feature","properties":{"name":"Brunswick Kim Weddle Park","Location":"Neighborhood Park"},"geometry":{"type":"Polygon","coordinates":[[[-77.6254,39.3222],[-77.6255,39.3222],[-77.6256,39.3222],[-77.6257,39.3223],[-77.6258,39.3223],[-77.6257,39.3225],[-77.6257,39.3226],[-77.6258,39.3226],[-77.6259,39.3226],[-77.626,39.3221],[-77.6259,39.3221],[-77.6256,39.3221],[-77.6256,39.322],[-77.6255,39.322],[-77.6254,39.322],[-77.6253,39.3219],[-77.6251,39.3219],[-77.6249,39.3219],[-77.6248,39.3219],[-77.6246,39.3218],[-77.6244,39.3218],[-77.6242,39.3218],[-77.624,39.3218],[-77.6241,39.3214],[-77.6236,39.3214],[-77.6235,39.3216],[-77.6234,39.3218],[-77.6233,39.3221],[-77.6233,39.3222],[-77.6234,39.3222],[-77.6235,39.3223],[-77.6236,39.3223],[-77.6237,39.3223],[-77.6237,39.3224],[-77.6238,39.3224],[-77.6239,39.3224],[-77.624,39.3224],[-77.6241,39.3225],[-77.6242,39.3224],[-77.6242,39.3223],[-77.6243,39.3222],[-77.6243,39.3221],[-77.6244,39.322],[-77.6244,39.3219],[-77.6246,39.322],[-77.6248,39.3221],[-77.6249,39.3221],[-77.625,39.3221],[-77.6252,39.3222],[-77.6253,39.3221],[-77.6254,39.3222]]]}},{"type":"Feature","properties":{"name":"Manchester Village Green Area","Location":"Neighborhood Park"},"geometry":{"type":"Polygon","coordinates":[[[-77.6199,39.3221],[-77.6204,39.3221],[-77.6207,39.3219],[-77.6208,39.3223],[-77.6208,39.3226],[-77.6208,39.3228],[-77.6208,39.3229],[-77.6208,39.3231],[-77.6208,39.3233],[-77.6208,39.3234],[-77.6208,39.3235],[-77.6207,39.3237],[-77.6207,39.3238],[-77.6206,39.324],[-77.6204,39.3243],[-77.6203,39.3244],[-77.6203,39.3245],[-77.6202,39.3246],[-77.6206,39.3247],[-77.6206,39.3246],[-77.6209,39.3242],[-77.6209,39.3241],[-77.6212,39.3235],[-77.6212,39.3234],[-77.6212,39.3233],[-77.6211,39.3225],[-77.6212,39.3225],[-77.6212,39.3223],[-77.6212,39.3222],[-77.6213,39.3221],[-77.6213,39.322],[-77.6213,39.3219],[-77.6214,39.3218],[-77.6214,39.3217],[-77.6214,39.3216],[-77.6213,39.3214],[-77.6213,39.3213],[-77.6213,39.3212],[-77.6212,39.3211],[-77.6213,39.3211],[-77.6214,39.3209],[-77.6214,39.3208],[-77.6215,39.3207],[-77.6216,39.3206],[-77.6217,39.3205],[-77.6217,39.3204],[-77.6218,39.3203],[-77.6219,39.3202],[-77.6222,39.3201],[-77.6224,39.3199],[-77.6225,39.3197],[-77.6226,39.3196],[-77.6228,39.3194],[-77.6225,39.3193],[-77.6224,39.3193],[-77.6224,39.3194],[-77.622,39.3199],[-77.6217,39.32],[-77.6216,39.32],[-77.6214,39.3203],[-77.6211,39.3208],[-77.6209,39.3211],[-77.6209,39.3214],[-77.621,39.3217],[-77.6209,39.3217],[-77.6207,39.3216],[-77.6202,39.3218],[-77.6195,39.3218],[-77.6194,39.322],[-77.6195,39.322],[-77.6197,39.322],[-77.6196,39.3224],[-77.6199,39.3221]]]}},{"type":"Feature","properties":{"name":"Carrollton Park","Location":"Neighborhood Park"},"geometry":{"type":"Polygon","coordinates":[[[-77.4228,39.4023],[-77.4222,39.4031],[-77.4225,39.4032],[-77.423,39.4034],[-77.4234,39.4036],[-77.4239,39.4029],[-77.424,39.4026],[-77.423,39.4022],[-77.4228,39.4023]]]}},{"type":"Feature","properties":{"name":"Apple Avenue Park","Location":"Neighborhood Park"},"geometry":{"type":"Polygon","coordinates":[[[-77.4232,39.4258],[-77.4228,39.4261],[-77.4229,39.426],[-77.4231,39.4259],[-77.4233,39.4258],[-77.4234,39.4258],[-77.4236,39.4256],[-77.4238,39.4255],[-77.4239,39.4254],[-77.4241,39.4253],[-77.4242,39.4253],[-77.4242,39.4252],[-77.4241,39.4253],[-77.4239,39.4254],[-77.4238,39.4255],[-77.4237,39.4254],[-77.4236,39.4253],[-77.424,39.425],[-77.4235,39.4253],[-77.4236,39.4253],[-77.4235,39.4253],[-77.4234,39.4253],[-77.4233,39.4254],[-77.4232,39.4255],[-77.4231,39.4255],[-77.423,39.4256],[-77.4228,39.4257],[-77.4226,39.4258],[-77.423,39.4256],[-77.4232,39.4258]]]}},{"type":"Feature","properties":{"name":"Cone Branch Pocket Park","Location":"Neighborhood Park"},"geometry":{"type":"Polygon","coordinates":[[[-77.5339,39.4404],[-77.5339,39.4405],[-77.5338,39.4405],[-77.5338,39.4406],[-77.5337,39.4406],[-77.5337,39.4407],[-77.5336,39.4408],[-77.5336,39.4409],[-77.5338,39.441],[-77.5338,39.4411],[-77.5339,39.4411],[-77.5341,39.4412],[-77.5341,39.4413],[-77.5342,39.4413],[-77.5345,39.4409],[-77.5346,39.4407],[-77.534,39.4404],[-77.5339,39.4404]]]}},{"type":"Feature","properties":{"name":"Emmitsburg Gardens Park","Location":"Neighborhood Park"},"geometry":{"type":"Polygon","coordinates":[[[-77.318,39.7008],[-77.3181,39.7008],[-77.3182,39.7009],[-77.3183,39.701],[-77.3183,39.7011],[-77.3184,39.7011],[-77.3184,39.7012],[-77.3184,39.7013],[-77.319,39.7014],[-77.319,39.7016],[-77.319,39.7028],[-77.3193,39.7029],[-77.3193,39.7023],[-77.3194,39.7019],[-77.3192,39.7002],[-77.3189,39.7002],[-77.3176,39.7002],[-77.3176,39.7007],[-77.3177,39.7007],[-77.3178,39.7007],[-77.3179,39.7007],[-77.318,39.7008]]]}},{"type":"Feature","properties":{"name":"Fountain Park","Location":"Neighborhood Park"},"geometry":{"type":"Polygon","coordinates":[[[-77.4098,39.4226],[-77.4097,39.4227],[-77.4097,39.4228],[-77.4098,39.4228],[-77.4099,39.4228],[-77.4099,39.4227],[-77.4099,39.4226],[-77.4099,39.4225],[-77.4098,39.4225],[-77.4098,39.4226]]]}},{"type":"Feature","properties":{"name":"Frederick Municipal Golf Course","Location":"District Park"},"geometry":{"type":"Polygon","coordinates":[[[-77.3697,39.4338],[-77.3696,39.4342],[-77.3728,39.4341],[-77.3748,39.4341],[-77.3748,39.4335],[-77.3758,39.4329],[-77.3764,39.4329],[-77.3771,39.4332],[-77.3782,39.4332],[-77.3779,39.4328],[-77.3782,39.4315],[-77.3787,39.4298],[-77.379,39.4275],[-77.3791,39.4273],[-77.379,39.4272],[-77.3788,39.4263],[-77.3783,39.4252],[-77.3773,39.4245],[-77.3758,39.4249],[-77.3741,39.4253],[-77.3718,39.4259],[-77.3712,39.4272],[-77.3702,39.4283],[-77.3689,39.429],[-77.3682,39.4291],[-77.3676,39.4311],[-77.3681,39.4316],[-77.3687,39.4325],[-77.3697,39.4338]]]}},{"type":"Feature","properties":{"name":"Golfview Park","Location":"Neighborhood Park"},"geometry":{"type":"Polygon","coordinates":[[[-77.4642,39.4125],[-77.4641,39.4127],[-77.464,39.413],[-77.4638,39.4132],[-77.465,39.4136],[-77.4651,39.4134],[-77.4653,39.4131],[-77.4654,39.4128],[-77.4655,39.4127],[-77.4652,39.4126],[-77.4648,39.4125],[-77.4647,39.4124],[-77.4644,39.4123],[-77.4642,39.4125]]]}},{"type":"Feature","properties":{"name":"Hawbottom Park","Location":"Natural Resource"},"geometry":{"type":"Polygon","coordinates":[[[-77.4994,39.4817],[-77.4993,39.4833],[-77.4993,39.4835],[-77.5012,39.4829],[-77.5013,39.4829],[-77.5051,39.4817],[-77.505,39.4817],[-77.505,39.4816],[-77.5046,39.4805],[-77.504,39.4807],[-77.5036,39.4798],[-77.5051,39.4793],[-77.5056,39.4791],[-77.506,39.4798],[-77.5072,39.4797],[-77.5073,39.4797],[-77.5073,39.4796],[-77.5072,39.4796],[-77.5072,39.4795],[-77.5072,39.4794],[-77.5071,39.4794],[-77.5071,39.4793],[-77.507,39.4792],[-77.507,39.4791],[-77.5068,39.4789],[-77.5068,39.4788],[-77.5067,39.4788],[-77.5064,39.4787],[-77.5052,39.4782],[-77.505,39.4781],[-77.5032,39.4773],[-77.5025,39.4769],[-77.5013,39.4773],[-77.5011,39.4771],[-77.501,39.4771],[-77.4997,39.4779],[-77.4991,39.4796],[-77.4992,39.4806],[-77.4994,39.4817]]]}},{"type":"Feature","properties":{"name":"Hillcrest Orchard Park","Location":"Neighborhood Park"},"geometry":{"type":"Polygon","coordinates":[[[-77.456,39.4148],[-77.4557,39.4147],[-77.4561,39.4149],[-77.4564,39.415],[-77.4567,39.4151],[-77.4567,39.4154],[-77.4567,39.4155],[-77.4567,39.4156],[-77.4565,39.4157],[-77.4563,39.4158],[-77.4562,39.4159],[-77.4565,39.4159],[-77.4568,39.416],[-77.457,39.4162],[-77.4569,39.4165],[-77.4569,39.4168],[-77.4573,39.4167],[-77.4572,39.4161],[-77.4569,39.4152],[-77.4572,39.4151],[-77.4576,39.4149],[-77.4576,39.4146],[-77.4575,39.4143],[-77.4574,39.4143],[-77.4573,39.4143],[-77.4572,39.4143],[-77.4571,39.4143],[-77.457,39.4143],[-77.4569,39.4143],[-77.4568,39.4143],[-77.4567,39.4143],[-77.4566,39.4143],[-77.4565,39.4143],[-77.4565,39.4142],[-77.4564,39.4142],[-77.4563,39.4144],[-77.4561,39.4146],[-77.456,39.4148]]]}},{"type":"Feature","properties":{"name":"Hillcrest Park","Location":"Neighborhood Park"},"geometry":{"type":"Polygon","coordinates":[[[-77.4541,39.4095],[-77.454,39.4095],[-77.4539,39.4095],[-77.4539,39.4096],[-77.4538,39.4096],[-77.4538,39.4097],[-77.4537,39.4097],[-77.4537,39.4098],[-77.4536,39.4098],[-77.4536,39.4099],[-77.4536,39.41],[-77.4535,39.41],[-77.4534,39.4103],[-77.4534,39.4104],[-77.4533,39.4104],[-77.4533,39.4105],[-77.4533,39.4106],[-77.4532,39.4106],[-77.4536,39.4108],[-77.4538,39.4109],[-77.4541,39.4111],[-77.4543,39.4109],[-77.4545,39.4108],[-77.4547,39.4106],[-77.4548,39.4106],[-77.4551,39.4106],[-77.4552,39.4104],[-77.4552,39.4102],[-77.4552,39.41],[-77.455,39.4099],[-77.4547,39.4099],[-77.4544,39.4098],[-77.4542,39.4098],[-77.4543,39.4095],[-77.4542,39.4095],[-77.4541,39.4095]]]}},{"type":"Feature","properties":{"name":"Hospital Park","Location":"Neighborhood Park"},"geometry":{"type":"MultiPolygon","coordinates":[[[[-77.413,39.4233],[-77.4134,39.4234],[-77.4138,39.4223],[-77.4135,39.4222],[-77.413,39.4233]]],[[[-77.4135,39.422],[-77.4139,39.4221],[-77.4141,39.4216],[-77.4137,39.4216],[-77.4135,39.422]]]]}},{"type":"Feature","properties":{"name":"Linden Hills Park","Location":"Neighborhood Park"},"geometry":{"type":"Polygon","coordinates":[[[-77.439,39.4126],[-77.4397,39.4127],[-77.4397,39.4126],[-77.4393,39.4125],[-77.4391,39.4124],[-77.439,39.4126]]]}},{"type":"Feature","properties":{"name":"Memorial Park","Location":"Neighborhood Park"},"geometry":{"type":"Polygon","coordinates":[[[-77.4139,39.4175],[-77.415,39.4176],[-77.4151,39.417],[-77.4142,39.4169],[-77.4139,39.4175]]]}},{"type":"Feature","properties":{"name":"North Pointe Park","Location":"Neighborhood Park"},"geometry":{"type":"Polygon","coordinates":[[[-77.5539,39.4477],[-77.5538,39.4477],[-77.5538,39.4478],[-77.5537,39.4478],[-77.5537,39.4479],[-77.5536,39.4479],[-77.5535,39.448],[-77.5534,39.448],[-77.5537,39.4484],[-77.5534,39.4485],[-77.5536,39.4487],[-77.554,39.4487],[-77.5541,39.4486],[-77.5546,39.4484],[-77.5548,39.4483],[-77.5551,39.4482],[-77.5553,39.4482],[-77.5555,39.4479],[-77.5557,39.4475],[-77.5559,39.4472],[-77.5563,39.4467],[-77.556,39.4466],[-77.5553,39.4461],[-77.5551,39.446],[-77.5547,39.4457],[-77.5545,39.4457],[-77.5545,39.4458],[-77.5544,39.4458],[-77.5544,39.4459],[-77.5543,39.446],[-77.5543,39.4461],[-77.5543,39.4462],[-77.5548,39.4462],[-77.5548,39.4465],[-77.5548,39.4467],[-77.5547,39.447],[-77.5547,39.4473],[-77.5545,39.4477],[-77.554,39.4475],[-77.554,39.4476],[-77.5539,39.4476],[-77.5539,39.4477]]]}},{"type":"Feature","properties":{"name":"North Pointe Tot-Lot","Location":"Neighborhood Park"},"geometry":{"type":"Polygon","coordinates":[[[-77.5498,39.4473],[-77.5501,39.4476],[-77.5506,39.4475],[-77.5506,39.4474],[-77.5506,39.4473],[-77.5499,39.4472],[-77.5498,39.4473]]]}},{"type":"Feature","properties":{"name":"Overlook Park","Location":"Neighborhood Park"},"geometry":{"type":"Polygon","coordinates":[[[-77.4392,39.4069],[-77.4392,39.4073],[-77.4395,39.4073],[-77.4395,39.4072],[-77.4395,39.4071],[-77.4396,39.4071],[-77.4397,39.4071],[-77.4398,39.4071],[-77.4398,39.4072],[-77.4398,39.4073],[-77.44,39.4072],[-77.4404,39.407],[-77.4408,39.407],[-77.4411,39.407],[-77.4411,39.4069],[-77.441,39.4068],[-77.4411,39.4065],[-77.441,39.4064],[-77.441,39.4062],[-77.4411,39.4058],[-77.44,39.4054],[-77.4395,39.4052],[-77.4393,39.4052],[-77.4396,39.4059],[-77.4394,39.4064],[-77.4392,39.4069]]]}},{"type":"Feature","properties":{"name":"Schley Park","Location":"Neighborhood Park"},"geometry":{"type":"Polygon","coordinates":[[[-77.4193,39.4184],[-77.4192,39.4184],[-77.4186,39.4184],[-77.4186,39.4185],[-77.4187,39.4186],[-77.4191,39.4191],[-77.4192,39.419],[-77.4193,39.419],[-77.4193,39.4189],[-77.4194,39.4188],[-77.4194,39.4187],[-77.4194,39.4186],[-77.4194,39.4185],[-77.4194,39.4184],[-77.4193,39.4184]]]}},{"type":"Feature","properties":{"name":"Woodland Park","Location":"Neighborhood Park"},"geometry":{"type":"Polygon","coordinates":[[[-77.4023,39.6156],[-77.4023,39.6157],[-77.403,39.616],[-77.4031,39.6159],[-77.4036,39.6152],[-77.4032,39.615],[-77.4028,39.6148],[-77.4023,39.6156]]]}},{"type":"Feature","properties":{"name":"Pleasant Acres Park","Location":"Neighborhood Park"},"geometry":{"type":"Polygon","coordinates":[[[-77.4023,39.6291],[-77.4022,39.6294],[-77.4023,39.6295],[-77.4024,39.6295],[-77.4025,39.6295],[-77.4026,39.6295],[-77.4027,39.6295],[-77.4027,39.6294],[-77.4028,39.6294],[-77.4029,39.6294],[-77.4029,39.6293],[-77.403,39.6293],[-77.403,39.6292],[-77.403,39.6291],[-77.403,39.629],[-77.4029,39.629],[-77.4029,39.6289],[-77.4028,39.6288],[-77.4027,39.6288],[-77.4026,39.6288],[-77.4025,39.6287],[-77.4023,39.6291]]]}},{"type":"Feature","properties":{"name":"Mechanicstown Square Park","Location":"Neighborhood Park"},"geometry":{"type":"Polygon","coordinates":[[[-77.4116,39.6239],[-77.4117,39.624],[-77.4118,39.6238],[-77.4116,39.6238],[-77.4116,39.6239]]]}},{"type":"Feature","properties":{"name":"New Market Nature Park","Location":"Community Park"},"geometry":{"type":"Polygon","coordinates":[[[-77.2753,39.3904],[-77.273,39.3911],[-77.2716,39.3931],[-77.2758,39.3959],[-77.2838,39.3953],[-77.2841,39.395],[-77.2826,39.3943],[-77.2821,39.3934],[-77.282,39.3931],[-77.2815,39.3931],[-77.2797,39.393],[-77.2806,39.3922],[-77.2808,39.392],[-77.2808,39.3917],[-77.2809,39.3912],[-77.281,39.3908],[-77.2808,39.3907],[-77.2806,39.3906],[-77.2804,39.3906],[-77.2802,39.3905],[-77.2799,39.3904],[-77.2797,39.3903],[-77.2795,39.3903],[-77.2788,39.3903],[-77.2786,39.3903],[-77.2783,39.3903],[-77.2782,39.3903],[-77.2778,39.3903],[-77.2776,39.3903],[-77.2774,39.3903],[-77.2773,39.3903],[-77.277,39.3903],[-77.2767,39.3902],[-77.2762,39.3901],[-77.2753,39.3904]]]}},{"type":"Feature","properties":{"name":"New Market Messennelle Memorial Park","Location":"Neighborhood Park"},"geometry":{"type":"Polygon","coordinates":[[[-77.2712,39.383],[-77.2711,39.383],[-77.2711,39.3831],[-77.2712,39.3831],[-77.2713,39.3831],[-77.2712,39.383]]]}},{"type":"Feature","properties":{"name":"Stonegate Park","Location":"Neighborhood Park"},"geometry":{"type":"Polygon","coordinates":[[[-77.4664,39.4291],[-77.4667,39.4289],[-77.4669,39.429],[-77.4671,39.4289],[-77.4672,39.429],[-77.4674,39.4289],[-77.4675,39.4288],[-77.4678,39.429],[-77.4679,39.4289],[-77.4677,39.4287],[-77.4679,39.4286],[-77.468,39.4285],[-77.468,39.4284],[-77.4678,39.4283],[-77.4677,39.4282],[-77.468,39.428],[-77.4676,39.4282],[-77.4675,39.4281],[-77.4672,39.4278],[-77.467,39.428],[-77.4669,39.4276],[-77.4668,39.4276],[-77.467,39.428],[-77.4669,39.4281],[-77.4668,39.4282],[-77.4667,39.4284],[-77.4663,39.4285],[-77.4665,39.4285],[-77.4667,39.4287],[-77.4666,39.4288],[-77.4667,39.4289],[-77.4664,39.4291]]]}},{"type":"Feature","properties":{"name":"Walnut Ridge Park","Location":"Neighborhood Park"},"geometry":{"type":"Polygon","coordinates":[[[-77.4427,39.4396],[-77.4426,39.4399],[-77.4424,39.4406],[-77.4424,39.4407],[-77.4425,39.4406],[-77.4428,39.4404],[-77.4431,39.4407],[-77.4432,39.4407],[-77.4428,39.4404],[-77.4431,39.4402],[-77.4432,39.4402],[-77.4433,39.4401],[-77.4436,39.44],[-77.4437,39.44],[-77.4439,39.44],[-77.4441,39.4401],[-77.4442,39.4401],[-77.4443,39.4401],[-77.4443,39.4402],[-77.4444,39.4402],[-77.4447,39.4403],[-77.445,39.4404],[-77.4452,39.4405],[-77.4453,39.4406],[-77.4454,39.4406],[-77.4455,39.4406],[-77.4456,39.4407],[-77.4457,39.4407],[-77.4459,39.4408],[-77.4459,39.441],[-77.4461,39.4413],[-77.446,39.4414],[-77.446,39.4415],[-77.446,39.4416],[-77.4459,39.4416],[-77.4461,39.4419],[-77.446,39.4421],[-77.446,39.4423],[-77.446,39.4424],[-77.446,39.4425],[-77.4461,39.4425],[-77.4461,39.4426],[-77.446,39.4426],[-77.4461,39.4427],[-77.4462,39.4429],[-77.4463,39.443],[-77.4464,39.4432],[-77.4465,39.4433],[-77.4467,39.4435],[-77.4467,39.4436],[-77.4468,39.4436],[-77.4468,39.4437],[-77.4469,39.4437],[-77.447,39.4437],[-77.4471,39.4437],[-77.4472,39.4438],[-77.4474,39.4438],[-77.4474,39.4439],[-77.4476,39.444],[-77.4477,39.4441],[-77.448,39.4441],[-77.4479,39.444],[-77.4479,39.4439],[-77.4478,39.4439],[-77.4478,39.4438],[-77.4478,39.4437],[-77.4477,39.4437],[-77.4476,39.4432],[-77.4475,39.4431],[-77.4475,39.443],[-77.4475,39.4429],[-77.4474,39.4429],[-77.4474,39.4428],[-77.4473,39.4428],[-77.4473,39.4427],[-77.4467,39.4419],[-77.4466,39.4419],[-77.4466,39.4418],[-77.4466,39.4417],[-77.4465,39.4415],[-77.4466,39.441],[-77.4467,39.4408],[-77.4467,39.4407],[-77.4468,39.4407],[-77.4468,39.4406],[-77.4469,39.4405],[-77.4473,39.4402],[-77.4473,39.4401],[-77.4474,39.4401],[-77.4474,39.44],[-77.4474,39.4399],[-77.4474,39.4398],[-77.4474,39.4397],[-77.4474,39.4396],[-77.4474,39.4395],[-77.447,39.4389],[-77.4469,39.4389],[-77.4469,39.4388],[-77.4468,39.4388],[-77.4468,39.4387],[-77.4467,39.4387],[-77.4466,39.4386],[-77.4465,39.4386],[-77.4441,39.4383],[-77.4432,39.4381],[-77.443,39.4387],[-77.443,39.4389],[-77.4427,39.4396]]]}},{"type":"Feature","properties":{"name":"Willow Brook Park","Location":"Neighborhood Park"},"geometry":{"type":"Polygon","coordinates":[[[-77.4075,39.4667],[-77.4077,39.4672],[-77.408,39.4675],[-77.4082,39.4674],[-77.4086,39.4672],[-77.4089,39.467],[-77.4097,39.4672],[-77.4097,39.4671],[-77.4098,39.4671],[-77.4098,39.467],[-77.4099,39.467],[-77.41,39.4669],[-77.4099,39.4668],[-77.4098,39.4668],[-77.4098,39.4667],[-77.4097,39.4667],[-77.4097,39.4666],[-77.4096,39.4666],[-77.4095,39.4666],[-77.4095,39.4665],[-77.4094,39.4665],[-77.4093,39.4665],[-77.4092,39.4665],[-77.4091,39.4665],[-77.409,39.4665],[-77.4089,39.4665],[-77.4082,39.4666],[-77.4081,39.4666],[-77.408,39.4666],[-77.4079,39.4666],[-77.4078,39.4666],[-77.4078,39.4665],[-77.4077,39.4666],[-77.4076,39.4666],[-77.4076,39.4667],[-77.4075,39.4667]]]}},{"type":"Feature","properties":{"name":"Middletown Watershed","Location":"Natural Resource"},"geometry":{"type":"Polygon","coordinates":[[[-77.4989,39.4685],[-77.4986,39.4698],[-77.5007,39.4701],[-77.5013,39.4691],[-77.5018,39.4681],[-77.5018,39.4673],[-77.5017,39.4663],[-77.5052,39.467],[-77.5048,39.4659],[-77.5052,39.4642],[-77.5035,39.4642],[-77.5009,39.463],[-77.5007,39.4636],[-77.4997,39.4648],[-77.4989,39.4685]]]}},{"type":"Feature","properties":{"name":"Hill Street Park","Location":"Neighborhood Park"},"geometry":{"type":"Polygon","coordinates":[[[-77.4465,39.412],[-77.4462,39.4125],[-77.4462,39.4128],[-77.4462,39.4129],[-77.4462,39.4131],[-77.4469,39.4136],[-77.4469,39.4137],[-77.4481,39.414],[-77.4482,39.414],[-77.4481,39.4136],[-77.4483,39.4136],[-77.4501,39.4134],[-77.4501,39.4133],[-77.4498,39.4117],[-77.4484,39.4119],[-77.4485,39.4116],[-77.4483,39.4116],[-77.4476,39.4115],[-77.4476,39.4114],[-77.4467,39.4113],[-77.4465,39.412]]]}},{"type":"Feature","properties":{"name":"Gilmore Trout Memorial Park","Location":"Neighborhood Park"},"geometry":{"type":"Polygon","coordinates":[[[-77.3437,39.4902],[-77.3437,39.4904],[-77.3438,39.4906],[-77.3439,39.4908],[-77.3445,39.4907],[-77.3444,39.4904],[-77.345,39.4903],[-77.3449,39.4899],[-77.3448,39.4899],[-77.3444,39.4896],[-77.3447,39.49],[-77.3441,39.49],[-77.3437,39.4899],[-77.3436,39.4899],[-77.3436,39.49],[-77.3437,39.4902]]]}},{"type":"Feature","properties":{"name":"Creamery Park","Location":"Neighborhood Park"},"geometry":{"type":"Polygon","coordinates":[[[-77.3482,39.4868],[-77.3482,39.4869],[-77.3483,39.4869],[-77.3483,39.487],[-77.3483,39.4871],[-77.3484,39.4871],[-77.3484,39.4872],[-77.3496,39.4869],[-77.3495,39.4867],[-77.3494,39.4867],[-77.3493,39.4867],[-77.3491,39.4868],[-77.349,39.4868],[-77.3489,39.4866],[-77.3488,39.4864],[-77.3481,39.4866],[-77.3481,39.4867],[-77.3482,39.4867],[-77.3482,39.4868]]]}},{"type":"Feature","properties":{"name":"Catoctin Park","Location":"Neighborhood Park"},"geometry":{"type":"Polygon","coordinates":[[[-77.426,39.4109],[-77.4259,39.411],[-77.4258,39.4111],[-77.4257,39.4111],[-77.4255,39.4112],[-77.4254,39.4113],[-77.4252,39.4114],[-77.4254,39.4115],[-77.4255,39.4116],[-77.4257,39.4116],[-77.4259,39.4118],[-77.426,39.4119],[-77.426,39.4117],[-77.426,39.4115],[-77.426,39.4113],[-77.426,39.4111],[-77.426,39.411],[-77.426,39.4109]]]}},{"type":"Feature","properties":{"name":"Frank Bentz Pond Fish Management Area","Location":"Natural Resource"},"geometry":{"type":"Polygon","coordinates":[[[-77.4257,39.6206],[-77.4253,39.6207],[-77.425,39.6207],[-77.425,39.6208],[-77.4249,39.6208],[-77.4248,39.6208],[-77.4247,39.6208],[-77.4246,39.6208],[-77.4246,39.6209],[-77.4245,39.6209],[-77.4244,39.6209],[-77.4243,39.6209],[-77.4242,39.6209],[-77.4241,39.6209],[-77.4241,39.6215],[-77.4243,39.6215],[-77.4245,39.6217],[-77.4258,39.6218],[-77.4258,39.6205],[-77.4257,39.6206]]]}},{"type":"Feature","properties":{"name":"Lewistown Hatchery Fish Management Area","Location":"Natural Resource"},"geometry":{"type":"MultiPolygon","coordinates":[[[[-77.4435,39.5353],[-77.4436,39.5353],[-77.4436,39.5352],[-77.4436,39.5351],[-77.4437,39.5351],[-77.4437,39.535],[-77.4438,39.535],[-77.4438,39.5349],[-77.444,39.5348],[-77.4435,39.5348],[-77.4432,39.5337],[-77.4433,39.5333],[-77.4423,39.5333],[-77.4378,39.5331],[-77.4372,39.5334],[-77.4363,39.534],[-77.4366,39.5341],[-77.4392,39.5343],[-77.4397,39.5344],[-77.4398,39.5346],[-77.4401,39.5346],[-77.4403,39.5346],[-77.4421,39.5345],[-77.4421,39.534],[-77.443,39.5343],[-77.443,39.5345],[-77.443,39.5347],[-77.4431,39.5348],[-77.4435,39.5351],[-77.4435,39.5353]]],[[[-77.445,39.5356],[-77.4457,39.5361],[-77.4458,39.5362],[-77.4467,39.5358],[-77.4468,39.5355],[-77.4471,39.5349],[-77.4464,39.5348],[-77.4451,39.5348],[-77.4442,39.5348],[-77.4441,39.5348],[-77.4439,39.535],[-77.4438,39.5351],[-77.4442,39.5353],[-77.4446,39.5355],[-77.4447,39.5354],[-77.445,39.5356]]]]}},{"type":"Feature","properties":{"name":"Gathland State Park","Location":"Regional Park"},"geometry":{"type":"MultiPolygon","coordinates":[[[[-77.6378,39.4019],[-77.6377,39.4021],[-77.6377,39.4023],[-77.6377,39.4024],[-77.6376,39.4028],[-77.6376,39.4029],[-77.6376,39.403],[-77.6376,39.4031],[-77.6377,39.4031],[-77.6377,39.4032],[-77.6377,39.4033],[-77.6377,39.4035],[-77.6378,39.4036],[-77.6378,39.4037],[-77.6378,39.4039],[-77.638,39.4044],[-77.638,39.4045],[-77.6381,39.4046],[-77.6381,39.4047],[-77.6382,39.4047],[-77.639,39.4054],[-77.639,39.4055],[-77.6391,39.4055],[-77.6392,39.4055],[-77.6392,39.4056],[-77.6393,39.4056],[-77.6394,39.4056],[-77.6395,39.4056],[-77.6395,39.4057],[-77.6396,39.4057],[-77.6397,39.4057],[-77.6398,39.4057],[-77.6399,39.4057],[-77.64,39.4057],[-77.6401,39.4057],[-77.6403,39.4058],[-77.6407,39.4058],[-77.6409,39.4058],[-77.641,39.4058],[-77.6411,39.4058],[-77.6411,39.4057],[-77.6412,39.4057],[-77.6413,39.4056],[-77.6414,39.4056],[-77.6414,39.4055],[-77.6421,39.4049],[-77.6422,39.4048],[-77.6423,39.4048],[-77.6424,39.4047],[-77.6425,39.4046],[-77.6427,39.4045],[-77.643,39.4044],[-77.6431,39.4043],[-77.6433,39.4043],[-77.6434,39.4042],[-77.6436,39.4041],[-77.6438,39.404],[-77.644,39.404],[-77.6441,39.4039],[-77.6442,39.4039],[-77.6443,39.4038],[-77.6444,39.4037],[-77.6446,39.4036],[-77.6447,39.4035],[-77.6448,39.4034],[-77.6449,39.4034],[-77.645,39.4033],[-77.6456,39.4029],[-77.6459,39.4027],[-77.6461,39.4026],[-77.6462,39.4025],[-77.6463,39.4025],[-77.6464,39.4024],[-77.6465,39.4023],[-77.6466,39.4023],[-77.6466,39.4022],[-77.6463,39.4019],[-77.645,39.4007],[-77.6446,39.4003],[-77.6446,39.3998],[-77.6447,39.3997],[-77.6447,39.3996],[-77.6447,39.3995],[-77.6447,39.399],[-77.6447,39.3988],[-77.6447,39.3982],[-77.6448,39.3976],[-77.6448,39.3974],[-77.6448,39.3971],[-77.6448,39.3968],[-77.6448,39.3964],[-77.6448,39.3962],[-77.645,39.3958],[-77.6451,39.3956],[-77.6452,39.3955],[-77.6453,39.3952],[-77.6454,39.3951],[-77.6456,39.3947],[-77.6457,39.3944],[-77.6457,39.3943],[-77.6459,39.3939],[-77.6461,39.3936],[-77.6461,39.3935],[-77.6463,39.3932],[-77.6463,39.3931],[-77.6465,39.3928],[-77.6465,39.3926],[-77.6467,39.3923],[-77.6467,39.3922],[-77.6469,39.3919],[-77.647,39.3917],[-77.6471,39.3914],[-77.6472,39.3912],[-77.6475,39.3907],[-77.648,39.3897],[-77.6484,39.389],[-77.6486,39.3885],[-77.6484,39.3883],[-77.6479,39.3887],[-77.6475,39.3885],[-77.6472,39.3884],[-77.647,39.3893],[-77.6474,39.3895],[-77.647,39.3903],[-77.6467,39.3902],[-77.6466,39.3902],[-77.6464,39.3906],[-77.6456,39.3928],[-77.6454,39.3931],[-77.645,39.3939],[-77.6445,39.3949],[-77.6443,39.3953],[-77.6443,39.3954],[-77.6442,39.3959],[-77.6438,39.3965],[-77.6436,39.3968],[-77.6435,39.3971],[-77.643,39.3971],[-77.6427,39.397],[-77.6425,39.3975],[-77.6417,39.3991],[-77.6409,39.4005],[-77.6402,39.4017],[-77.6402,39.4018],[-77.6382,39.4018],[-77.6378,39.4018],[-77.6378,39.4019]]],[[[-77.6424,39.4048],[-77.6422,39.4049],[-77.642,39.4052],[-77.6418,39.4054],[-77.6417,39.4054],[-77.6417,39.4063],[-77.6418,39.4063],[-77.642,39.4065],[-77.6422,39.4066],[-77.6431,39.4056],[-77.6429,39.4054],[-77.6425,39.4047],[-77.6424,39.4048]]],[[[-77.6419,39.4073],[-77.6417,39.4075],[-77.6416,39.4075],[-77.6421,39.4077],[-77.6422,39.4076],[-77.6421,39.4074],[-77.6425,39.407],[-77.6423,39.4068],[-77.6419,39.4073]]],[[[-77.6403,39.4086],[-77.6403,39.4081],[-77.6405,39.4082],[-77.6405,39.4079],[-77.6405,39.4075],[-77.6405,39.4072],[-77.6406,39.407],[-77.6406,39.4068],[-77.6404,39.4067],[-77.6403,39.4067],[-77.6402,39.4066],[-77.6402,39.4065],[-77.6403,39.4062],[-77.6404,39.4059],[-77.6404,39.4058],[-77.6403,39.4058],[-77.6401,39.4058],[-77.64,39.4058],[-77.6399,39.4058],[-77.6398,39.4058],[-77.6397,39.4058],[-77.639,39.4062],[-77.6387,39.4064],[-77.6386,39.4064],[-77.6385,39.4064],[-77.6385,39.4065],[-77.6384,39.4065],[-77.6383,39.4065],[-77.6383,39.4066],[-77.6382,39.4066],[-77.6381,39.4067],[-77.638,39.4067],[-77.6379,39.4068],[-77.6378,39.4068],[-77.6386,39.4074],[-77.6403,39.4086]]]]}},{"type":"Feature","properties":{"name":"Greenbrier State Park","Location":"Regional Park"},"geometry":{"type":"MultiPolygon","coordinates":[[[[-77.6362,39.5437],[-77.6359,39.5432],[-77.6352,39.5424],[-77.6348,39.5419],[-77.6348,39.5417],[-77.6358,39.5417],[-77.6358,39.5416],[-77.6358,39.5415],[-77.6358,39.5414],[-77.6358,39.5413],[-77.6358,39.5412],[-77.6359,39.5412],[-77.6359,39.5411],[-77.6359,39.5409],[-77.636,39.5408],[-77.636,39.5407],[-77.6358,39.5408],[-77.6356,39.5406],[-77.6352,39.54],[-77.6348,39.5395],[-77.635,39.5394],[-77.6361,39.5386],[-77.6361,39.5385],[-77.6361,39.5384],[-77.636,39.5381],[-77.636,39.538],[-77.636,39.5379],[-77.636,39.5378],[-77.636,39.5376],[-77.636,39.5375],[-77.6344,39.5387],[-77.6343,39.5385],[-77.6342,39.5383],[-77.634,39.538],[-77.6339,39.5377],[-77.634,39.537],[-77.634,39.5364],[-77.6341,39.5363],[-77.6342,39.5355],[-77.6342,39.5352],[-77.6361,39.5348],[-77.6361,39.5346],[-77.6361,39.5345],[-77.6362,39.5344],[-77.6362,39.5341],[-77.6362,39.534],[-77.6362,39.5339],[-77.6361,39.5335],[-77.6361,39.5332],[-77.6361,39.5328],[-77.6361,39.5327],[-77.6361,39.5326],[-77.6361,39.5325],[-77.6361,39.5324],[-77.6362,39.5322],[-77.6362,39.5321],[-77.6362,39.5318],[-77.6362,39.5317],[-77.6363,39.5316],[-77.6363,39.5315],[-77.6355,39.5314],[-77.6354,39.5314],[-77.6356,39.5303],[-77.6359,39.53],[-77.6348,39.5295],[-77.6353,39.5289],[-77.6352,39.5289],[-77.6351,39.5289],[-77.635,39.5289],[-77.6349,39.5289],[-77.6348,39.5289],[-77.6347,39.5289],[-77.6346,39.5288],[-77.6343,39.5286],[-77.6342,39.5286],[-77.6341,39.5285],[-77.634,39.5285],[-77.634,39.5284],[-77.6339,39.5284],[-77.6338,39.5283],[-77.6337,39.5283],[-77.6337,39.5282],[-77.6336,39.5281],[-77.6335,39.528],[-77.6334,39.5279],[-77.6333,39.5279],[-77.6333,39.5278],[-77.6332,39.5278],[-77.6331,39.5277],[-77.633,39.5277],[-77.6327,39.5274],[-77.6325,39.5272],[-77.6324,39.5271],[-77.6323,39.527],[-77.6322,39.527],[-77.6322,39.5269],[-77.6321,39.5269],[-77.632,39.5268],[-77.6319,39.5268],[-77.6318,39.5267],[-77.6316,39.5267],[-77.6314,39.5266],[-77.6313,39.5266],[-77.6312,39.5265],[-77.631,39.5265],[-77.6309,39.5265],[-77.6308,39.5265],[-77.6303,39.5264],[-77.6302,39.5264],[-77.6301,39.5264],[-77.63,39.5264],[-77.6299,39.5263],[-77.6298,39.5263],[-77.6297,39.5263],[-77.6296,39.5263],[-77.6294,39.5264],[-77.6293,39.5264],[-77.6291,39.5265],[-77.629,39.5265],[-77.6289,39.5266],[-77.6288,39.5266],[-77.6287,39.5266],[-77.6287,39.5267],[-77.6286,39.5267],[-77.6286,39.5268],[-77.6284,39.527],[-77.6283,39.5271],[-77.6282,39.5273],[-77.628,39.5275],[-77.6302,39.5282],[-77.6299,39.5292],[-77.6287,39.5288],[-77.6291,39.5282],[-77.6276,39.5278],[-77.6275,39.5279],[-77.6273,39.528],[-77.6272,39.5281],[-77.6271,39.5281],[-77.627,39.5282],[-77.6269,39.5282],[-77.6268,39.5283],[-77.6267,39.5283],[-77.6266,39.5283],[-77.6265,39.5283],[-77.6264,39.5283],[-77.6263,39.5283],[-77.6262,39.5283],[-77.6261,39.5283],[-77.626,39.5283],[-77.626,39.5282],[-77.6259,39.5282],[-77.6258,39.5282],[-77.6257,39.5281],[-77.6256,39.5281],[-77.6255,39.5281],[-77.6255,39.528],[-77.6252,39.5278],[-77.6249,39.5276],[-77.6248,39.5275],[-77.6247,39.5275],[-77.6246,39.5274],[-77.6245,39.5274],[-77.6244,39.5273],[-77.6243,39.5272],[-77.6242,39.5272],[-77.6241,39.5271],[-77.6218,39.5262],[-77.62,39.5255],[-77.6198,39.5254],[-77.6194,39.5253],[-77.6188,39.525],[-77.6188,39.5251],[-77.6187,39.5251],[-77.6185,39.5253],[-77.6184,39.5254],[-77.6181,39.5257],[-77.618,39.5257],[-77.618,39.5258],[-77.6179,39.5259],[-77.6179,39.526],[-77.6178,39.5261],[-77.6178,39.5262],[-77.6176,39.5264],[-77.6174,39.5267],[-77.6173,39.5268],[-77.6173,39.5269],[-77.6172,39.5269],[-77.6171,39.527],[-77.617,39.5271],[-77.6169,39.5271],[-77.6168,39.5272],[-77.6163,39.5274],[-77.6162,39.5275],[-77.616,39.5276],[-77.6158,39.5277],[-77.6156,39.5278],[-77.6155,39.5279],[-77.6153,39.5279],[-77.6153,39.528],[-77.6152,39.528],[-77.6151,39.528],[-77.6149,39.5281],[-77.6148,39.5281],[-77.6147,39.5281],[-77.6146,39.5281],[-77.6145,39.5281],[-77.6144,39.5281],[-77.6143,39.5281],[-77.6142,39.5281],[-77.6141,39.5281],[-77.6139,39.5281],[-77.6137,39.5281],[-77.6136,39.5281],[-77.6135,39.528],[-77.6134,39.528],[-77.6132,39.528],[-77.6131,39.528],[-77.613,39.5279],[-77.6129,39.5279],[-77.6128,39.5279],[-77.6125,39.5278],[-77.6124,39.5278],[-77.6123,39.5278],[-77.6122,39.5278],[-77.6124,39.5275],[-77.6122,39.5274],[-77.6119,39.5275],[-77.6118,39.5275],[-77.6114,39.5275],[-77.6112,39.5275],[-77.6111,39.5276],[-77.6111,39.5277],[-77.611,39.5277],[-77.611,39.5278],[-77.6109,39.5278],[-77.6108,39.5278],[-77.6107,39.5278],[-77.6107,39.5279],[-77.6106,39.5279],[-77.6105,39.5279],[-77.6105,39.528],[-77.6104,39.528],[-77.6103,39.528],[-77.6102,39.5281],[-77.6101,39.5281],[-77.6101,39.5282],[-77.61,39.5282],[-77.6097,39.5284],[-77.6094,39.5287],[-77.6083,39.5295],[-77.6082,39.5295],[-77.6082,39.5296],[-77.6081,39.5296],[-77.6073,39.5291],[-77.6053,39.5312],[-77.6054,39.5314],[-77.6058,39.5317],[-77.6063,39.5322],[-77.6063,39.5325],[-77.6068,39.5331],[-77.6071,39.5333],[-77.6076,39.5337],[-77.6076,39.534],[-77.6076,39.5342],[-77.6077,39.5346],[-77.6079,39.5345],[-77.6082,39.5341],[-77.6083,39.5342],[-77.6088,39.5345],[-77.61,39.5355],[-77.6098,39.5356],[-77.6096,39.5358],[-77.6089,39.5363],[-77.6088,39.5365],[-77.6085,39.5367],[-77.608,39.5367],[-77.608,39.5368],[-77.608,39.5369],[-77.608,39.537],[-77.608,39.5371],[-77.608,39.5372],[-77.608,39.5373],[-77.6088,39.5392],[-77.6087,39.5393],[-77.6091,39.5394],[-77.608,39.54],[-77.6081,39.5401],[-77.6081,39.5404],[-77.6083,39.5407],[-77.6084,39.5411],[-77.6085,39.5415],[-77.6086,39.5418],[-77.6087,39.5422],[-77.6088,39.5424],[-77.6092,39.5426],[-77.6089,39.5429],[-77.6091,39.5433],[-77.6092,39.5436],[-77.6093,39.544],[-77.6094,39.5444],[-77.6096,39.5448],[-77.6097,39.5452],[-77.6097,39.5453],[-77.6098,39.5455],[-77.6099,39.5458],[-77.6101,39.5464],[-77.6103,39.547],[-77.6106,39.5475],[-77.6122,39.5474],[-77.6133,39.5481],[-77.6134,39.5482],[-77.6135,39.5483],[-77.6138,39.5484],[-77.6139,39.5484],[-77.6142,39.5485],[-77.6151,39.5488],[-77.6152,39.5488],[-77.6154,39.5489],[-77.6155,39.549],[-77.6156,39.549],[-77.6158,39.5483],[-77.6162,39.5485],[-77.6163,39.5477],[-77.6164,39.5476],[-77.6164,39.5474],[-77.6167,39.5475],[-77.6175,39.5477],[-77.618,39.5478],[-77.6183,39.547],[-77.6187,39.5473],[-77.619,39.5475],[-77.6192,39.5476],[-77.6191,39.5478],[-77.6192,39.5477],[-77.6193,39.5477],[-77.6194,39.5477],[-77.6195,39.5477],[-77.6196,39.5477],[-77.6197,39.5477],[-77.62,39.5477],[-77.6201,39.5477],[-77.6203,39.5477],[-77.6204,39.5477],[-77.6208,39.5477],[-77.6209,39.5477],[-77.621,39.5477],[-77.6211,39.5477],[-77.6212,39.5477],[-77.6213,39.5477],[-77.6214,39.5477],[-77.6215,39.5477],[-77.6213,39.5473],[-77.6215,39.5469],[-77.6219,39.5471],[-77.622,39.547],[-77.622,39.5468],[-77.622,39.5463],[-77.6222,39.5461],[-77.6223,39.5454],[-77.6227,39.5445],[-77.623,39.5446],[-77.6234,39.5438],[-77.6241,39.544],[-77.6246,39.5429],[-77.6248,39.5421],[-77.625,39.541],[-77.6251,39.5411],[-77.626,39.5411],[-77.6277,39.5412],[-77.628,39.5424],[-77.6307,39.5425],[-77.6322,39.5425],[-77.6322,39.5433],[-77.6284,39.5436],[-77.6286,39.5441],[-77.6286,39.5443],[-77.6287,39.5445],[-77.6282,39.5447],[-77.6277,39.5449],[-77.6274,39.5454],[-77.6273,39.5454],[-77.6269,39.5454],[-77.6264,39.5454],[-77.6264,39.5461],[-77.6266,39.5466],[-77.6269,39.5472],[-77.627,39.547],[-77.6272,39.5468],[-77.6281,39.546],[-77.6288,39.5465],[-77.6289,39.5465],[-77.6291,39.5464],[-77.63,39.5482],[-77.6304,39.5483],[-77.6309,39.5484],[-77.631,39.5484],[-77.6309,39.5485],[-77.6308,39.5486],[-77.6308,39.5487],[-77.6311,39.5487],[-77.6309,39.5481],[-77.6322,39.548],[-77.6328,39.548],[-77.6324,39.5451],[-77.6338,39.5451],[-77.6336,39.5438],[-77.6362,39.5437]],[[-77.6214,39.5353],[-77.6178,39.5346],[-77.618,39.534],[-77.6217,39.5347],[-77.6214,39.5353]],[[-77.6151,39.5419],[-77.6151,39.5428],[-77.6125,39.5423],[-77.6124,39.5419],[-77.6127,39.5413],[-77.6151,39.5419]],[[-77.6118,39.5324],[-77.6116,39.5323],[-77.6104,39.5314],[-77.6104,39.5313],[-77.6105,39.5311],[-77.6105,39.5309],[-77.6105,39.5308],[-77.6106,39.5306],[-77.6106,39.5304],[-77.6106,39.5303],[-77.6107,39.5302],[-77.6108,39.5301],[-77.611,39.53],[-77.6111,39.53],[-77.6115,39.5291],[-77.6122,39.5299],[-77.6118,39.5324]],[[-77.6209,39.5379],[-77.6207,39.5378],[-77.6206,39.5378],[-77.6207,39.5377],[-77.6219,39.5359],[-77.622,39.5359],[-77.6236,39.5363],[-77.6235,39.5366],[-77.6228,39.5383],[-77.6209,39.5379]],[[-77.6152,39.5335],[-77.6128,39.5331],[-77.6135,39.531],[-77.6157,39.5315],[-77.6152,39.5335]],[[-77.6216,39.5299],[-77.6209,39.5307],[-77.6212,39.531],[-77.6203,39.5334],[-77.6181,39.5331],[-77.6184,39.5319],[-77.6188,39.5319],[-77.6197,39.5292],[-77.6216,39.5299]],[[-77.6296,39.5353],[-77.6293,39.5352],[-77.6291,39.5351],[-77.6287,39.5349],[-77.6286,39.535],[-77.6283,39.5349],[-77.6257,39.5343],[-77.626,39.5338],[-77.6263,39.5331],[-77.6229,39.5324],[-77.6243,39.5313],[-77.625,39.5316],[-77.6259,39.5321],[-77.6267,39.5323],[-77.627,39.5323],[-77.6264,39.5336],[-77.6284,39.5341],[-77.6287,39.5336],[-77.6291,39.5337],[-77.6292,39.5333],[-77.6294,39.533],[-77.6299,39.5326],[-77.6296,39.5353]],[[-77.6186,39.5411],[-77.6183,39.5421],[-77.6183,39.5422],[-77.6178,39.5421],[-77.6178,39.541],[-77.6168,39.5409],[-77.6171,39.5396],[-77.6172,39.5395],[-77.6172,39.5394],[-77.6173,39.5387],[-77.6173,39.538],[-77.6175,39.538],[-77.6184,39.5381],[-77.6184,39.5382],[-77.6194,39.5383],[-77.6203,39.5385],[-77.6204,39.5385],[-77.6205,39.5386],[-77.6209,39.5386],[-77.6208,39.5387],[-77.6208,39.5388],[-77.6208,39.539],[-77.6199,39.54],[-77.619,39.5399],[-77.6186,39.5411]]],[[[-77.6247,39.5274],[-77.6248,39.5274],[-77.6249,39.5275],[-77.6252,39.5277],[-77.6255,39.5279],[-77.6256,39.528],[-77.6257,39.528],[-77.6257,39.5281],[-77.6258,39.5281],[-77.6259,39.5281],[-77.626,39.5281],[-77.6261,39.5282],[-77.6262,39.5282],[-77.6263,39.5282],[-77.6264,39.5282],[-77.6265,39.5282],[-77.6266,39.5282],[-77.6267,39.5282],[-77.6268,39.5282],[-77.6269,39.5281],[-77.627,39.5281],[-77.6271,39.528],[-77.6273,39.5279],[-77.6274,39.5279],[-77.6275,39.5278],[-77.627,39.5276],[-77.6272,39.5272],[-77.6279,39.5275],[-77.6281,39.5272],[-77.6282,39.5271],[-77.6273,39.5268],[-77.6276,39.5258],[-77.6277,39.5258],[-77.6284,39.526],[-77.6294,39.5263],[-77.6296,39.5262],[-77.6297,39.5262],[-77.6298,39.5262],[-77.6299,39.5262],[-77.63,39.5263],[-77.6301,39.5263],[-77.6302,39.5263],[-77.6303,39.5263],[-77.6308,39.5264],[-77.6309,39.5264],[-77.6311,39.5264],[-77.6312,39.5265],[-77.6313,39.5265],[-77.6315,39.5265],[-77.6317,39.5266],[-77.6318,39.5267],[-77.6319,39.5267],[-77.632,39.5267],[-77.6321,39.5268],[-77.6322,39.5268],[-77.6323,39.5269],[-77.6324,39.527],[-77.6325,39.527],[-77.6325,39.5271],[-77.6326,39.5272],[-77.6327,39.5273],[-77.633,39.5275],[-77.6331,39.5273],[-77.6332,39.5271],[-77.6333,39.5268],[-77.6335,39.5264],[-77.6335,39.5263],[-77.6339,39.5258],[-77.634,39.5256],[-77.6339,39.5255],[-77.6332,39.5252],[-77.6327,39.5251],[-77.6323,39.526],[-77.6322,39.526],[-77.6317,39.5258],[-77.6309,39.5256],[-77.6308,39.5256],[-77.6299,39.5253],[-77.6292,39.5251],[-77.6286,39.5252],[-77.6269,39.5255],[-77.6264,39.5256],[-77.6261,39.5256],[-77.6257,39.5257],[-77.6249,39.5259],[-77.6243,39.5271],[-77.6244,39.5272],[-77.6245,39.5272],[-77.6245,39.5273],[-77.6246,39.5273],[-77.6247,39.5274]]],[[[-77.6096,39.5238],[-77.6094,39.524],[-77.6082,39.5255],[-77.6062,39.5257],[-77.6062,39.5258],[-77.6062,39.5259],[-77.6062,39.526],[-77.6062,39.5261],[-77.6062,39.5262],[-77.6062,39.5263],[-77.6062,39.5264],[-77.6061,39.527],[-77.606,39.5275],[-77.6088,39.5267],[-77.6093,39.5266],[-77.6124,39.526],[-77.6116,39.5252],[-77.6102,39.5238],[-77.6096,39.5238]]],[[[-77.6376,39.5347],[-77.6362,39.5349],[-77.6362,39.535],[-77.6362,39.5351],[-77.6361,39.5352],[-77.6361,39.5354],[-77.6361,39.5355],[-77.6361,39.5356],[-77.6361,39.5357],[-77.636,39.5358],[-77.636,39.5362],[-77.636,39.5365],[-77.636,39.5369],[-77.636,39.537],[-77.6361,39.5373],[-77.6361,39.5374],[-77.6361,39.5376],[-77.6361,39.5378],[-77.6361,39.5379],[-77.6361,39.538],[-77.6362,39.5381],[-77.6362,39.5384],[-77.6362,39.5386],[-77.6366,39.5383],[-77.6372,39.5379],[-77.6379,39.5374],[-77.6394,39.5364],[-77.6394,39.5363],[-77.6392,39.536],[-77.6387,39.5356],[-77.6385,39.5354],[-77.6383,39.5353],[-77.6379,39.535],[-77.6378,39.5349],[-77.6377,39.5347],[-77.6376,39.5347]]],[[[-77.6333,39.5215],[-77.6317,39.5226],[-77.6299,39.524],[-77.6304,39.5241],[-77.6305,39.5241],[-77.6313,39.5243],[-77.6323,39.5246],[-77.6335,39.5249],[-77.6336,39.525],[-77.6336,39.5222],[-77.6336,39.5212],[-77.6333,39.5215]]],[[[-77.6332,39.5277],[-77.6333,39.5277],[-77.6334,39.5278],[-77.6335,39.5279],[-77.6336,39.528],[-77.6337,39.528],[-77.6337,39.5281],[-77.6338,39.5282],[-77.6339,39.5283],[-77.634,39.5284],[-77.6341,39.5284],[-77.6342,39.5285],[-77.6343,39.5286],[-77.6347,39.5288],[-77.6348,39.5288],[-77.6349,39.5288],[-77.635,39.5289],[-77.6351,39.5289],[-77.6361,39.5273],[-77.6365,39.5275],[-77.6369,39.5268],[-77.635,39.526],[-77.6346,39.5271],[-77.6338,39.5269],[-77.6334,39.5268],[-77.6331,39.5276],[-77.6332,39.5277]]],[[[-77.6257,39.549],[-77.6258,39.549],[-77.6263,39.549],[-77.6268,39.549],[-77.6273,39.549],[-77.6274,39.549],[-77.6276,39.549],[-77.6277,39.549],[-77.6278,39.549],[-77.6279,39.5489],[-77.6281,39.5489],[-77.6282,39.5489],[-77.6288,39.5487],[-77.629,39.5486],[-77.6291,39.5486],[-77.6292,39.5486],[-77.6293,39.5486],[-77.6294,39.5486],[-77.6295,39.5486],[-77.6296,39.5486],[-77.6297,39.5486],[-77.6298,39.5486],[-77.6299,39.548],[-77.6281,39.5476],[-77.6281,39.5485],[-77.628,39.5485],[-77.628,39.5484],[-77.6279,39.5484],[-77.6278,39.5484],[-77.6278,39.5483],[-77.6276,39.5483],[-77.6275,39.5483],[-77.6254,39.5481],[-77.6254,39.548],[-77.6248,39.548],[-77.6247,39.5483],[-77.6248,39.5483],[-77.6249,39.5484],[-77.625,39.5484],[-77.6251,39.5484],[-77.6251,39.5485],[-77.6252,39.5486],[-77.6253,39.5487],[-77.6253,39.5488],[-77.6254,39.5489],[-77.6254,39.549],[-77.6255,39.549],[-77.6256,39.549],[-77.6257,39.549]]],[[[-77.6362,39.5437],[-77.6341,39.5453],[-77.6344,39.5456],[-77.6354,39.5451],[-77.6367,39.5445],[-77.6366,39.5444],[-77.6362,39.5437]]],[[[-77.6362,39.5323],[-77.6362,39.5325],[-77.6362,39.5326],[-77.6362,39.5327],[-77.6362,39.5328],[-77.6362,39.5329],[-77.6362,39.5332],[-77.6362,39.5335],[-77.6363,39.5339],[-77.6363,39.534],[-77.6363,39.5341],[-77.6363,39.5344],[-77.6363,39.5345],[-77.6362,39.5346],[-77.6362,39.5348],[-77.6368,39.5347],[-77.6376,39.5346],[-77.6375,39.5345],[-77.6375,39.5344],[-77.6374,39.5343],[-77.6368,39.5332],[-77.6366,39.5328],[-77.6363,39.5323],[-77.6362,39.5323]]],[[[-77.6357,39.5365],[-77.6356,39.5366],[-77.6359,39.5369],[-77.6359,39.5367],[-77.6359,39.5365],[-77.6359,39.5363],[-77.6357,39.5365]]],[[[-77.6209,39.5478],[-77.621,39.5478],[-77.6209,39.5478],[-77.6208,39.5478],[-77.6208,39.5479],[-77.6209,39.5478]]]]}},{"type":"Feature","properties":{"name":"Cunningham Falls State Park","Location":"Regional Park"},"geometry":{"type":"Polygon","coordinates":[[[-77.4249,39.603],[-77.4243,39.6037],[-77.4243,39.6038],[-77.425,39.6039],[-77.425,39.604],[-77.4252,39.604],[-77.4265,39.6043],[-77.4258,39.605],[-77.4258,39.6051],[-77.4254,39.6055],[-77.4248,39.606],[-77.4246,39.6063],[-77.4252,39.6065],[-77.4266,39.6044],[-77.4268,39.6041],[-77.427,39.6038],[-77.427,39.6037],[-77.4252,39.603],[-77.4249,39.603]]]}},{"type":"Feature","properties":{"name":"Kemptown Park","Location":"Community Park"},"geometry":{"type":"Polygon","coordinates":[[[-77.2339,39.3323],[-77.233,39.3326],[-77.2319,39.3329],[-77.232,39.3329],[-77.2325,39.3338],[-77.2329,39.3343],[-77.2332,39.3348],[-77.2336,39.3355],[-77.2338,39.3357],[-77.2341,39.336],[-77.2345,39.3364],[-77.2395,39.3353],[-77.2397,39.3352],[-77.24,39.3349],[-77.2401,39.3348],[-77.2405,39.3342],[-77.2406,39.3341],[-77.2408,39.3338],[-77.2396,39.3324],[-77.2392,39.3318],[-77.2383,39.3305],[-77.2381,39.3306],[-77.2363,39.3316],[-77.2359,39.3317],[-77.2358,39.3318],[-77.2357,39.3318],[-77.2342,39.3322],[-77.2341,39.3323],[-77.234,39.3323],[-77.2338,39.3319],[-77.2336,39.3311],[-77.2329,39.3292],[-77.2328,39.3293],[-77.2332,39.3303],[-77.2335,39.331],[-77.2335,39.3311],[-77.2336,39.3313],[-77.2339,39.3323]]]}},{"type":"Feature","properties":{"name":"Othello Regional Park","Location":"District Park"},"geometry":{"type":"Polygon","coordinates":[[[-77.5976,39.3425],[-77.5979,39.3435],[-77.5979,39.3438],[-77.598,39.3457],[-77.5984,39.3474],[-77.5985,39.3478],[-77.5988,39.3501],[-77.5992,39.3504],[-77.5998,39.3502],[-77.6,39.3502],[-77.6002,39.3501],[-77.6004,39.3501],[-77.6005,39.35],[-77.6007,39.35],[-77.6009,39.3499],[-77.6011,39.3499],[-77.6013,39.3498],[-77.6016,39.3497],[-77.6019,39.3496],[-77.6021,39.3495],[-77.6024,39.3494],[-77.6087,39.3471],[-77.6088,39.347],[-77.6089,39.347],[-77.609,39.347],[-77.6091,39.3469],[-77.6092,39.3469],[-77.6093,39.3469],[-77.6094,39.3469],[-77.6095,39.3468],[-77.6096,39.3468],[-77.6097,39.3468],[-77.6103,39.3467],[-77.6101,39.3462],[-77.6109,39.346],[-77.6106,39.3445],[-77.6079,39.3394],[-77.6047,39.3416],[-77.6039,39.3406],[-77.5976,39.3425]]]}},{"type":"Feature","properties":{"name":"Carroll Creek Park","Location":"Community Park"},"geometry":{"type":"MultiPolygon","coordinates":[[[[-77.4387,39.4303],[-77.4389,39.4304],[-77.439,39.4305],[-77.439,39.4307],[-77.439,39.4309],[-77.4391,39.4309],[-77.4392,39.431],[-77.4394,39.4311],[-77.4395,39.4312],[-77.4396,39.4313],[-77.4396,39.4315],[-77.4396,39.4317],[-77.4396,39.4318],[-77.4395,39.4319],[-77.4395,39.432],[-77.4395,39.4322],[-77.4396,39.4322],[-77.4397,39.4322],[-77.4398,39.4322],[-77.4399,39.4322],[-77.44,39.4322],[-77.4401,39.4322],[-77.4402,39.4322],[-77.4403,39.4322],[-77.4404,39.4322],[-77.4404,39.4321],[-77.4405,39.4321],[-77.4406,39.4321],[-77.4407,39.4321],[-77.4408,39.4321],[-77.4409,39.4321],[-77.4409,39.432],[-77.441,39.432],[-77.4413,39.4303],[-77.4397,39.4292],[-77.4392,39.4292],[-77.4381,39.4292],[-77.4379,39.4292],[-77.4367,39.4293],[-77.4363,39.4302],[-77.4352,39.4309],[-77.4378,39.4308],[-77.4378,39.4302],[-77.4387,39.4303]]],[[[-77.4403,39.4344],[-77.4402,39.4345],[-77.4402,39.4346],[-77.4402,39.4347],[-77.4401,39.4347],[-77.4401,39.4348],[-77.44,39.4348],[-77.44,39.4349],[-77.4399,39.4349],[-77.4399,39.435],[-77.4399,39.4351],[-77.4398,39.4351],[-77.4397,39.4352],[-77.4397,39.4353],[-77.4396,39.4354],[-77.4395,39.4363],[-77.4396,39.4363],[-77.4397,39.4363],[-77.4398,39.4363],[-77.4399,39.4363],[-77.44,39.4363],[-77.44,39.4364],[-77.4401,39.4364],[-77.4402,39.4363],[-77.4406,39.4344],[-77.4403,39.4344]]]]}},{"type":"Feature","properties":{"name":"Catoctin Creek Park","Location":"District Park"},"geometry":{"type":"Polygon","coordinates":[[[-77.5604,39.3954],[-77.5601,39.3959],[-77.5604,39.3962],[-77.5607,39.3958],[-77.5613,39.3952],[-77.5617,39.3951],[-77.5623,39.3953],[-77.5629,39.3953],[-77.5629,39.3952],[-77.5635,39.3956],[-77.5643,39.3955],[-77.5659,39.3952],[-77.5664,39.3949],[-77.5664,39.3947],[-77.5668,39.3944],[-77.5671,39.3931],[-77.5673,39.3922],[-77.5672,39.3916],[-77.5679,39.3904],[-77.5674,39.39],[-77.5683,39.3895],[-77.5682,39.3886],[-77.5661,39.3867],[-77.5657,39.3867],[-77.5648,39.3867],[-77.5645,39.3872],[-77.5635,39.3871],[-77.5619,39.3876],[-77.5613,39.3879],[-77.5606,39.3879],[-77.5605,39.3891],[-77.5615,39.3892],[-77.561,39.3894],[-77.5595,39.3892],[-77.5589,39.3905],[-77.5594,39.3919],[-77.56,39.393],[-77.5613,39.393],[-77.5615,39.3944],[-77.5604,39.3954]]]}},{"type":"Feature","properties":{"name":"Green Hill Park","Location":"Community Park"},"geometry":{"type":"Polygon","coordinates":[[[-77.4702,39.3123],[-77.4702,39.3125],[-77.4703,39.3126],[-77.4708,39.3126],[-77.472,39.3126],[-77.472,39.312],[-77.4722,39.3119],[-77.4726,39.3115],[-77.4733,39.312],[-77.4736,39.3118],[-77.4735,39.3115],[-77.4726,39.3104],[-77.4725,39.3102],[-77.4733,39.31],[-77.4733,39.3099],[-77.4732,39.3099],[-77.4732,39.3098],[-77.4727,39.31],[-77.4724,39.3095],[-77.4721,39.3096],[-77.4719,39.3092],[-77.4717,39.3088],[-77.4716,39.3087],[-77.4715,39.3087],[-77.471,39.3089],[-77.4709,39.3089],[-77.4707,39.309],[-77.4706,39.3091],[-77.4704,39.3092],[-77.4702,39.3093],[-77.47,39.3093],[-77.4696,39.3095],[-77.4696,39.3096],[-77.4697,39.3096],[-77.4697,39.3097],[-77.4697,39.3098],[-77.4698,39.3098],[-77.4698,39.3099],[-77.4699,39.3099],[-77.4699,39.31],[-77.4702,39.3103],[-77.4702,39.3104],[-77.4703,39.3104],[-77.4703,39.3105],[-77.4703,39.3106],[-77.4704,39.3106],[-77.4704,39.3107],[-77.4704,39.3108],[-77.4704,39.3109],[-77.4704,39.311],[-77.4704,39.3111],[-77.4704,39.3112],[-77.4703,39.3112],[-77.4702,39.3115],[-77.4702,39.3116],[-77.4702,39.3117],[-77.4702,39.3118],[-77.4702,39.3119],[-77.4701,39.3119],[-77.4701,39.312],[-77.4705,39.312],[-77.4704,39.3122],[-77.4702,39.3121],[-77.4702,39.3123]]]}},{"type":"Feature","properties":{"name":"Old National Pike Park","Location":"District Park"},"geometry":{"type":"Polygon","coordinates":[[[-77.2284,39.3761],[-77.2264,39.3755],[-77.2249,39.3781],[-77.2237,39.3794],[-77.2229,39.3793],[-77.2223,39.3797],[-77.2222,39.3798],[-77.2214,39.3817],[-77.2249,39.3844],[-77.2254,39.3838],[-77.2286,39.3851],[-77.229,39.3845],[-77.2292,39.3844],[-77.2284,39.3839],[-77.2327,39.38],[-77.2343,39.3779],[-77.2308,39.3768],[-77.2284,39.3761]]]}},{"type":"Feature","properties":{"name":"Glenbrook Soccer Field","Location":"Neighborhood Park"},"geometry":{"type":"Polygon","coordinates":[[[-77.5306,39.4327],[-77.5314,39.4322],[-77.531,39.4318],[-77.5306,39.432],[-77.5304,39.4321],[-77.5301,39.4323],[-77.5298,39.4322],[-77.5298,39.4323],[-77.5298,39.4324],[-77.5298,39.4325],[-77.5301,39.4324],[-77.5306,39.4327]]]}},{"type":"Feature","properties":{"name":"Buckeystown Park","Location":"Community Park"},"geometry":{"type":"MultiPolygon","coordinates":[[[[-77.417,39.3281],[-77.4181,39.3282],[-77.4188,39.3269],[-77.4182,39.327],[-77.4176,39.3266],[-77.4176,39.3265],[-77.4175,39.3262],[-77.4175,39.326],[-77.4175,39.3257],[-77.4176,39.3256],[-77.4176,39.3254],[-77.4178,39.3251],[-77.418,39.3248],[-77.4178,39.3246],[-77.4172,39.3248],[-77.4165,39.3252],[-77.4167,39.3255],[-77.4159,39.3258],[-77.4157,39.3255],[-77.4155,39.3255],[-77.4154,39.3258],[-77.4156,39.3261],[-77.4158,39.3263],[-77.4159,39.3267],[-77.4163,39.3272],[-77.4165,39.3273],[-77.4165,39.3275],[-77.4168,39.3278],[-77.417,39.3281]]],[[[-77.4144,39.326],[-77.4143,39.3259],[-77.4138,39.3261],[-77.4147,39.3268],[-77.4155,39.3277],[-77.4159,39.328],[-77.4163,39.3284],[-77.4168,39.328],[-77.4163,39.3275],[-77.4162,39.3275],[-77.4161,39.3275],[-77.4161,39.3274],[-77.4156,39.3266],[-77.415,39.3259],[-77.4147,39.3259],[-77.4144,39.326]]]]}},{"type":"Feature","properties":{"name":"Roddy Road Park","Location":"Community Park"},"geometry":{"type":"MultiPolygon","coordinates":[[[[-77.3937,39.641],[-77.3939,39.641],[-77.394,39.641],[-77.3941,39.641],[-77.3941,39.6411],[-77.3942,39.6411],[-77.3943,39.6411],[-77.3944,39.6411],[-77.3945,39.6411],[-77.3946,39.6411],[-77.3946,39.641],[-77.3947,39.641],[-77.3948,39.641],[-77.3949,39.641],[-77.395,39.641],[-77.395,39.6409],[-77.3951,39.6409],[-77.3952,39.6409],[-77.3953,39.6409],[-77.3953,39.6408],[-77.3954,39.6408],[-77.3955,39.6408],[-77.3956,39.6408],[-77.3956,39.6407],[-77.3957,39.6407],[-77.3958,39.6407],[-77.3975,39.6401],[-77.3975,39.64],[-77.3976,39.64],[-77.3977,39.64],[-77.3978,39.64],[-77.3978,39.6399],[-77.3979,39.6399],[-77.398,39.6399],[-77.3981,39.6399],[-77.3981,39.6398],[-77.3982,39.6398],[-77.3983,39.6398],[-77.3983,39.6397],[-77.3984,39.6397],[-77.3985,39.6397],[-77.3986,39.6397],[-77.3987,39.6397],[-77.3997,39.6398],[-77.3997,39.6397],[-77.3999,39.6397],[-77.3999,39.6398],[-77.4,39.6398],[-77.4001,39.6398],[-77.4002,39.6398],[-77.4003,39.6398],[-77.4004,39.6399],[-77.4005,39.6399],[-77.4006,39.64],[-77.4007,39.64],[-77.4008,39.64],[-77.4008,39.6401],[-77.4009,39.6401],[-77.4009,39.6402],[-77.401,39.6401],[-77.401,39.64],[-77.4011,39.6399],[-77.4012,39.6398],[-77.4014,39.6397],[-77.4017,39.6393],[-77.4022,39.639],[-77.4017,39.639],[-77.4014,39.6391],[-77.3995,39.6382],[-77.3993,39.6384],[-77.3988,39.6387],[-77.3984,39.639],[-77.3976,39.6396],[-77.3967,39.6401],[-77.3953,39.6406],[-77.3944,39.6407],[-77.3941,39.6407],[-77.394,39.6406],[-77.3937,39.641]]],[[[-77.3936,39.6408],[-77.3933,39.6413],[-77.3932,39.6414],[-77.3933,39.6414],[-77.3933,39.6413],[-77.3934,39.6413],[-77.3934,39.6412],[-77.3935,39.6412],[-77.3935,39.6411],[-77.3939,39.6406],[-77.3937,39.6406],[-77.3936,39.6408]]],[[[-77.3936,39.6412],[-77.3936,39.6413],[-77.3935,39.6413],[-77.3934,39.6414],[-77.3933,39.6414],[-77.3933,39.6415],[-77.3941,39.6417],[-77.3962,39.6416],[-77.396,39.6407],[-77.3958,39.6408],[-77.3957,39.6408],[-77.3956,39.6408],[-77.3956,39.6409],[-77.3955,39.6409],[-77.3954,39.6409],[-77.3953,39.6409],[-77.3952,39.6409],[-77.3952,39.641],[-77.3951,39.641],[-77.395,39.641],[-77.395,39.6411],[-77.3949,39.6411],[-77.3948,39.6411],[-77.3947,39.6411],[-77.3946,39.6411],[-77.3945,39.6411],[-77.3944,39.6411],[-77.3943,39.6411],[-77.3942,39.6411],[-77.3941,39.6411],[-77.394,39.6411],[-77.3939,39.6411],[-77.3937,39.641],[-77.3936,39.6412]]]]}},{"type":"Feature","properties":{"name":"Northgate Park (Private)","Location":"Neighborhood Park"},"geometry":{"type":"Polygon","coordinates":[[[-77.3229,39.7085],[-77.323,39.7085],[-77.3231,39.7085],[-77.3232,39.7085],[-77.3233,39.7085],[-77.3234,39.7085],[-77.3241,39.7083],[-77.3242,39.7083],[-77.3243,39.7083],[-77.3243,39.708],[-77.3242,39.7078],[-77.3241,39.7078],[-77.3237,39.7079],[-77.3233,39.7079],[-77.3227,39.708],[-77.3225,39.7081],[-77.3224,39.7082],[-77.3225,39.7083],[-77.3226,39.7083],[-77.3226,39.7084],[-77.3227,39.7084],[-77.3228,39.7084],[-77.3228,39.7085],[-77.3229,39.7085]]]}},{"type":"Feature","properties":{"name":"Memorial Park","Location":"Community Park"},"geometry":{"type":"Polygon","coordinates":[[[-77.3243,39.7021],[-77.325,39.7025],[-77.3248,39.7027],[-77.3264,39.7031],[-77.3269,39.702],[-77.327,39.7018],[-77.326,39.7015],[-77.3253,39.7015],[-77.3253,39.7017],[-77.3246,39.7016],[-77.3243,39.7021]]]}},{"type":"Feature","properties":{"name":"Myersville Watershed","Location":"Natural Resource"},"geometry":{"type":"Polygon","coordinates":[[[-77.5873,39.5487],[-77.5873,39.5489],[-77.5871,39.5493],[-77.5871,39.5495],[-77.5868,39.5503],[-77.5889,39.5513],[-77.5891,39.5514],[-77.5888,39.5523],[-77.588,39.5539],[-77.5885,39.554],[-77.5913,39.5547],[-77.5914,39.5529],[-77.5914,39.5506],[-77.5914,39.549],[-77.5914,39.5477],[-77.5915,39.5473],[-77.5915,39.5468],[-77.5916,39.5465],[-77.5912,39.5464],[-77.5902,39.5461],[-77.5902,39.546],[-77.5902,39.5455],[-77.59,39.5455],[-77.5882,39.5454],[-77.588,39.545],[-77.588,39.5449],[-77.5879,39.5448],[-77.5877,39.5444],[-77.5876,39.5443],[-77.5875,39.544],[-77.5875,39.5439],[-77.5874,39.5437],[-77.5872,39.5437],[-77.5866,39.5435],[-77.5867,39.5445],[-77.5867,39.5448],[-77.5866,39.5447],[-77.5865,39.5447],[-77.585,39.5447],[-77.5849,39.5447],[-77.5847,39.5455],[-77.5859,39.5459],[-77.5866,39.5465],[-77.5868,39.5467],[-77.587,39.5469],[-77.5875,39.5472],[-77.5877,39.5474],[-77.5877,39.5475],[-77.5873,39.5487]]]}},{"type":"Feature","properties":{"name":"Harmon Park","Location":"Neighborhood Park"},"geometry":{"type":"Polygon","coordinates":[[[-77.4063,39.4079],[-77.4062,39.4088],[-77.4066,39.4088],[-77.4072,39.4089],[-77.4074,39.4081],[-77.4067,39.4081],[-77.4063,39.4079]]]}},{"type":"Feature","properties":{"name":"Walkersville Park","Location":"Community Park"},"geometry":{"type":"Polygon","coordinates":[[[-77.361,39.4798],[-77.361,39.4799],[-77.3611,39.4799],[-77.3618,39.4811],[-77.3625,39.4809],[-77.3626,39.4808],[-77.3633,39.4806],[-77.3648,39.4799],[-77.3653,39.4798],[-77.3663,39.4794],[-77.3665,39.4791],[-77.3666,39.479],[-77.3669,39.4788],[-77.367,39.4788],[-77.3675,39.4789],[-77.3676,39.4789],[-77.3677,39.4789],[-77.3679,39.4788],[-77.368,39.4787],[-77.3684,39.4787],[-77.3687,39.4786],[-77.3689,39.4787],[-77.3692,39.4788],[-77.3698,39.4785],[-77.37,39.4783],[-77.3704,39.4781],[-77.3707,39.478],[-77.372,39.4777],[-77.372,39.4776],[-77.372,39.4775],[-77.372,39.4774],[-77.372,39.4772],[-77.372,39.4771],[-77.3716,39.4769],[-77.3713,39.4769],[-77.3712,39.4769],[-77.3668,39.4766],[-77.3648,39.4764],[-77.3647,39.4764],[-77.3647,39.4765],[-77.3646,39.4765],[-77.3645,39.4765],[-77.3645,39.4766],[-77.3644,39.4766],[-77.3644,39.4767],[-77.3643,39.4767],[-77.3642,39.4767],[-77.3642,39.4768],[-77.3641,39.4768],[-77.364,39.4769],[-77.3639,39.4769],[-77.3639,39.477],[-77.3638,39.477],[-77.3638,39.4771],[-77.3637,39.4771],[-77.3636,39.4772],[-77.3632,39.4775],[-77.3628,39.4779],[-77.3625,39.4782],[-77.361,39.4798]]]}},{"type":"Feature","properties":{"name":"West End Park","Location":"Community Park"},"geometry":{"type":"Polygon","coordinates":[[[-77.6367,39.3157],[-77.6369,39.316],[-77.6369,39.3161],[-77.6372,39.3161],[-77.6373,39.3162],[-77.6374,39.3162],[-77.6375,39.3162],[-77.6376,39.3163],[-77.6378,39.3163],[-77.638,39.3163],[-77.6381,39.3164],[-77.6383,39.316],[-77.6382,39.316],[-77.6381,39.316],[-77.6379,39.316],[-77.6378,39.3159],[-77.6377,39.3159],[-77.6376,39.3159],[-77.6375,39.3158],[-77.6373,39.3158],[-77.6371,39.3157],[-77.6373,39.3158],[-77.6374,39.3158],[-77.6375,39.3158],[-77.6376,39.3158],[-77.6377,39.3158],[-77.6378,39.3159],[-77.6379,39.3155],[-77.6378,39.3155],[-77.6377,39.3155],[-77.6376,39.3155],[-77.6375,39.3154],[-77.6374,39.3154],[-77.6373,39.3154],[-77.6373,39.3153],[-77.6372,39.3153],[-77.6371,39.3153],[-77.637,39.3152],[-77.6369,39.3153],[-77.6367,39.3157]]]}},{"type":"Feature","properties":{"name":"West End Park","Location":"Community Park"},"geometry":{"type":"Polygon","coordinates":[[[-77.6375,39.3168],[-77.6376,39.3168],[-77.6378,39.3169],[-77.638,39.3169],[-77.6381,39.317],[-77.6382,39.317],[-77.6382,39.3169],[-77.6384,39.3166],[-77.6383,39.3166],[-77.6382,39.3165],[-77.6381,39.3165],[-77.6379,39.3165],[-77.6378,39.3164],[-77.6377,39.3164],[-77.6375,39.3168]]]}},{"type":"Feature","properties":{"name":"Square Corner Park","Location":"Community Park"},"geometry":{"type":"Polygon","coordinates":[[[-77.6267,39.3132],[-77.6268,39.313],[-77.6267,39.3129],[-77.6266,39.3129],[-77.6265,39.3129],[-77.6264,39.3131],[-77.6265,39.3132],[-77.6266,39.3132],[-77.6266,39.3131],[-77.6267,39.3132]]]}},{"type":"Feature","properties":{"name":"C&O Canal National Historic Park","Location":"National Park"},"geometry":{"type":"MultiPolygon","coordinates":[[[[-77.4895,39.2548],[-77.4896,39.2548],[-77.4896,39.2549],[-77.4897,39.2549],[-77.4898,39.2549],[-77.4899,39.2549],[-77.49,39.255],[-77.5043,39.2583],[-77.5056,39.2586],[-77.5068,39.2589],[-77.5081,39.2592],[-77.5093,39.2595],[-77.5101,39.2597],[-77.5106,39.2598],[-77.5111,39.2599],[-77.5116,39.26],[-77.512,39.2601],[-77.5124,39.2602],[-77.5128,39.2603],[-77.5132,39.2604],[-77.5135,39.2605],[-77.5139,39.2606],[-77.5143,39.2607],[-77.5144,39.2607],[-77.5159,39.261],[-77.516,39.2611],[-77.5161,39.2611],[-77.5162,39.2611],[-77.5163,39.2611],[-77.5164,39.2612],[-77.5165,39.2612],[-77.5166,39.2612],[-77.5167,39.2612],[-77.5168,39.2613],[-77.5169,39.2613],[-77.517,39.2613],[-77.5171,39.2613],[-77.5171,39.2614],[-77.5172,39.2614],[-77.5173,39.2614],[-77.5174,39.2614],[-77.5174,39.2615],[-77.5175,39.2615],[-77.5176,39.2615],[-77.5177,39.2615],[-77.5178,39.2616],[-77.5179,39.2616],[-77.518,39.2616],[-77.518,39.2617],[-77.5181,39.2617],[-77.5182,39.2617],[-77.5183,39.2618],[-77.5184,39.2618],[-77.5185,39.2619],[-77.5186,39.2619],[-77.5187,39.2619],[-77.5187,39.262],[-77.5191,39.2622],[-77.5202,39.2628],[-77.5203,39.2628],[-77.5203,39.2629],[-77.5204,39.2629],[-77.5205,39.2629],[-77.5205,39.263],[-77.5206,39.263],[-77.5207,39.2631],[-77.5208,39.2631],[-77.5208,39.2632],[-77.5207,39.263],[-77.5206,39.263],[-77.5198,39.2623],[-77.5194,39.262],[-77.5185,39.2616],[-77.5178,39.2612],[-77.5171,39.261],[-77.5167,39.2609],[-77.515,39.2602],[-77.5136,39.2599],[-77.5124,39.2595],[-77.5121,39.2595],[-77.5114,39.2594],[-77.5108,39.2593],[-77.5089,39.2588],[-77.5068,39.2582],[-77.5056,39.2577],[-77.5047,39.2573],[-77.5031,39.257],[-77.5022,39.2567],[-77.501,39.2563],[-77.501,39.2562],[-77.5009,39.2561],[-77.5006,39.256],[-77.5002,39.2559],[-77.4997,39.2558],[-77.4995,39.2557],[-77.4992,39.2556],[-77.4988,39.2555],[-77.4986,39.2554],[-77.4985,39.2553],[-77.4982,39.2552],[-77.4978,39.2551],[-77.4975,39.2549],[-77.4974,39.2549],[-77.4972,39.2548],[-77.4959,39.2545],[-77.4947,39.2544],[-77.4943,39.2544],[-77.4937,39.2545],[-77.4925,39.2547],[-77.4919,39.2547],[-77.4908,39.2548],[-77.4906,39.2547],[-77.4892,39.2543],[-77.487,39.2536],[-77.4869,39.2536],[-77.4869,39.2535],[-77.4868,39.2535],[-77.4867,39.2535],[-77.4867,39.2534],[-77.4866,39.2534],[-77.4865,39.2534],[-77.4865,39.2533],[-77.4864,39.2533],[-77.4856,39.2528],[-77.4856,39.2527],[-77.4855,39.2527],[-77.4854,39.2526],[-77.4853,39.2526],[-77.4853,39.2525],[-77.4852,39.2525],[-77.4819,39.2496],[-77.4816,39.2493],[-77.4814,39.2492],[-77.481,39.2488],[-77.4808,39.2487],[-77.4805,39.2484],[-77.48,39.248],[-77.4799,39.248],[-77.4795,39.2477],[-77.479,39.2473],[-77.4785,39.2469],[-77.478,39.2465],[-77.4775,39.2462],[-77.4773,39.246],[-77.477,39.2458],[-77.4766,39.2454],[-77.4749,39.2439],[-77.4726,39.2416],[-77.4723,39.2413],[-77.4703,39.2395],[-77.4671,39.2371],[-77.4635,39.2346],[-77.4626,39.2341],[-77.4599,39.2323],[-77.4569,39.23],[-77.4562,39.2293],[-77.4548,39.2272],[-77.4535,39.2238],[-77.4523,39.2244],[-77.452,39.2245],[-77.4514,39.2248],[-77.451,39.2251],[-77.4503,39.2255],[-77.4499,39.2259],[-77.4496,39.2261],[-77.4488,39.2267],[-77.4482,39.2273],[-77.4478,39.2277],[-77.4475,39.2279],[-77.4474,39.2282],[-77.4473,39.2284],[-77.4489,39.2297],[-77.45,39.2311],[-77.4501,39.2313],[-77.4503,39.2313],[-77.4525,39.2338],[-77.455,39.2361],[-77.4576,39.2381],[-77.4577,39.2382],[-77.4578,39.2381],[-77.4594,39.2394],[-77.4615,39.2411],[-77.4616,39.2411],[-77.4616,39.2412],[-77.4617,39.2412],[-77.4617,39.2413],[-77.4618,39.2413],[-77.4619,39.2414],[-77.462,39.2414],[-77.462,39.2415],[-77.4621,39.2415],[-77.4622,39.2416],[-77.4623,39.2417],[-77.4642,39.2431],[-77.4642,39.2432],[-77.4643,39.2432],[-77.4643,39.2433],[-77.4644,39.2433],[-77.4645,39.2434],[-77.4646,39.2434],[-77.4646,39.2435],[-77.4647,39.2435],[-77.4648,39.2436],[-77.4649,39.2436],[-77.4649,39.2437],[-77.465,39.2437],[-77.4651,39.2437],[-77.4651,39.2438],[-77.4652,39.2438],[-77.4652,39.2439],[-77.4653,39.2439],[-77.4654,39.2439],[-77.4654,39.244],[-77.4655,39.244],[-77.4656,39.244],[-77.4656,39.2441],[-77.4657,39.2441],[-77.4658,39.2442],[-77.4659,39.2442],[-77.466,39.2443],[-77.4661,39.2443],[-77.4662,39.2444],[-77.4663,39.2444],[-77.4677,39.2451],[-77.477,39.2493],[-77.481,39.2512],[-77.4812,39.2513],[-77.487,39.2539],[-77.4871,39.254],[-77.4872,39.254],[-77.4873,39.2541],[-77.4874,39.2541],[-77.4875,39.2541],[-77.4875,39.2542],[-77.4876,39.2542],[-77.4877,39.2542],[-77.4878,39.2543],[-77.4879,39.2543],[-77.488,39.2543],[-77.488,39.2544],[-77.4881,39.2544],[-77.4882,39.2544],[-77.4883,39.2545],[-77.4884,39.2545],[-77.4885,39.2545],[-77.4886,39.2546],[-77.4887,39.2546],[-77.4888,39.2546],[-77.4889,39.2546],[-77.4889,39.2547],[-77.489,39.2547],[-77.4891,39.2547],[-77.4892,39.2547],[-77.4892,39.2548],[-77.4893,39.2548],[-77.4894,39.2548],[-77.4895,39.2548]]],[[[-77.6265,39.3111],[-77.6273,39.3112],[-77.6301,39.3117],[-77.6302,39.3116],[-77.6304,39.3109],[-77.6303,39.3109],[-77.6302,39.3109],[-77.6302,39.3108],[-77.6301,39.3108],[-77.63,39.3108],[-77.6299,39.3108],[-77.6299,39.3107],[-77.6298,39.3107],[-77.6297,39.3107],[-77.6296,39.3107],[-77.6295,39.3107],[-77.6294,39.3107],[-77.6293,39.3107],[-77.6292,39.3107],[-77.6291,39.3107],[-77.629,39.3107],[-77.6289,39.3107],[-77.6288,39.3107],[-77.6287,39.3107],[-77.6286,39.3107],[-77.6285,39.3107],[-77.6284,39.3107],[-77.6283,39.3107],[-77.6282,39.3107],[-77.6281,39.3107],[-77.628,39.3107],[-77.628,39.3106],[-77.6279,39.3106],[-77.6278,39.3106],[-77.6277,39.3105],[-77.6276,39.3105],[-77.6275,39.3105],[-77.6275,39.3104],[-77.6274,39.3104],[-77.6274,39.3103],[-77.6273,39.3103],[-77.6273,39.3102],[-77.6273,39.3101],[-77.6273,39.31],[-77.6273,39.3099],[-77.6273,39.3098],[-77.6273,39.3097],[-77.6273,39.3096],[-77.6273,39.3095],[-77.6274,39.3095],[-77.6274,39.3094],[-77.6274,39.3093],[-77.6271,39.3092],[-77.6268,39.3092],[-77.6268,39.3091],[-77.6266,39.309],[-77.6261,39.3089],[-77.6258,39.3088],[-77.6254,39.3088],[-77.6251,39.3088],[-77.625,39.3088],[-77.6247,39.3088],[-77.6244,39.3087],[-77.6242,39.3087],[-77.624,39.3086],[-77.6239,39.3086],[-77.6237,39.3085],[-77.6235,39.3085],[-77.6233,39.3086],[-77.6232,39.3086],[-77.6231,39.3086],[-77.6231,39.3085],[-77.6231,39.3084],[-77.6231,39.3083],[-77.6232,39.3083],[-77.6232,39.3082],[-77.6232,39.3081],[-77.6231,39.308],[-77.623,39.3079],[-77.6227,39.3077],[-77.6226,39.3077],[-77.6223,39.3092],[-77.622,39.3091],[-77.6216,39.309],[-77.6203,39.3088],[-77.614,39.3076],[-77.6112,39.3071],[-77.6113,39.307],[-77.6116,39.3059],[-77.611,39.3058],[-77.6106,39.3057],[-77.6101,39.3056],[-77.6091,39.3056],[-77.6088,39.3056],[-77.6087,39.3056],[-77.6085,39.3056],[-77.6082,39.3056],[-77.6076,39.3056],[-77.6071,39.3056],[-77.6064,39.3056],[-77.6057,39.3055],[-77.6049,39.3053],[-77.6047,39.3052],[-77.6028,39.3051],[-77.6012,39.3047],[-77.5987,39.3047],[-77.5978,39.3047],[-77.5971,39.3044],[-77.5969,39.3044],[-77.5965,39.3044],[-77.5961,39.3044],[-77.5956,39.3045],[-77.5949,39.3046],[-77.5932,39.3047],[-77.5917,39.3049],[-77.5908,39.305],[-77.59,39.3051],[-77.5893,39.3052],[-77.5877,39.3055],[-77.587,39.3056],[-77.586,39.3059],[-77.5854,39.3061],[-77.5849,39.3062],[-77.5848,39.3063],[-77.5844,39.3064],[-77.5843,39.3064],[-77.584,39.3065],[-77.5839,39.3065],[-77.5836,39.3066],[-77.5834,39.3066],[-77.583,39.3068],[-77.5826,39.307],[-77.5825,39.307],[-77.5823,39.3071],[-77.5818,39.3073],[-77.5809,39.3076],[-77.5802,39.3077],[-77.5795,39.3079],[-77.5791,39.308],[-77.5785,39.308],[-77.5779,39.3082],[-77.5774,39.3082],[-77.5768,39.3083],[-77.5765,39.3083],[-77.5759,39.3084],[-77.5753,39.3086],[-77.5745,39.3088],[-77.5736,39.3089],[-77.5733,39.3089],[-77.573,39.3089],[-77.5728,39.3088],[-77.5725,39.3087],[-77.5723,39.3087],[-77.5718,39.3086],[-77.5711,39.3085],[-77.5703,39.3084],[-77.5691,39.3084],[-77.5688,39.3084],[-77.5683,39.3085],[-77.568,39.3085],[-77.5678,39.3085],[-77.5674,39.3084],[-77.5665,39.3082],[-77.5656,39.308],[-77.5647,39.3077],[-77.5643,39.3076],[-77.5635,39.3072],[-77.563,39.307],[-77.5625,39.3067],[-77.5621,39.3064],[-77.5616,39.306],[-77.5611,39.3056],[-77.5607,39.3052],[-77.5604,39.305],[-77.5602,39.3048],[-77.5601,39.3046],[-77.56,39.3045],[-77.5599,39.3044],[-77.5598,39.3042],[-77.5596,39.3041],[-77.5596,39.304],[-77.5595,39.3039],[-77.5593,39.3036],[-77.5592,39.3034],[-77.5591,39.303],[-77.559,39.3028],[-77.559,39.3025],[-77.5589,39.3022],[-77.5588,39.3013],[-77.5587,39.3011],[-77.5585,39.3008],[-77.5582,39.3002],[-77.558,39.2996],[-77.5578,39.299],[-77.5577,39.2985],[-77.5577,39.2981],[-77.5577,39.2977],[-77.5578,39.2973],[-77.5579,39.2969],[-77.5581,39.2964],[-77.5584,39.2956],[-77.5586,39.2949],[-77.5586,39.2945],[-77.5587,39.2941],[-77.5587,39.2937],[-77.5586,39.2932],[-77.5586,39.2929],[-77.5585,39.2926],[-77.5584,39.2925],[-77.5584,39.2924],[-77.5585,39.2923],[-77.5584,39.2923],[-77.5582,39.2922],[-77.5579,39.2922],[-77.5578,39.2921],[-77.5576,39.2919],[-77.5574,39.2916],[-77.5571,39.2912],[-77.5568,39.2906],[-77.5566,39.2902],[-77.5566,39.2899],[-77.5565,39.2897],[-77.5562,39.2892],[-77.5559,39.2888],[-77.5558,39.2886],[-77.5556,39.2882],[-77.5555,39.2877],[-77.5553,39.2874],[-77.5553,39.2872],[-77.5553,39.287],[-77.5553,39.2869],[-77.5551,39.2869],[-77.5548,39.2867],[-77.5546,39.2865],[-77.5544,39.286],[-77.5542,39.2855],[-77.554,39.2852],[-77.5539,39.285],[-77.5537,39.2847],[-77.5532,39.2842],[-77.5528,39.2838],[-77.5525,39.2836],[-77.552,39.2833],[-77.5514,39.2829],[-77.5507,39.2823],[-77.5501,39.2818],[-77.5491,39.2811],[-77.5481,39.2804],[-77.5474,39.2797],[-77.5469,39.2789],[-77.5465,39.2781],[-77.5463,39.2776],[-77.5459,39.2769],[-77.5457,39.2762],[-77.5455,39.2757],[-77.5453,39.2752],[-77.5452,39.275],[-77.5452,39.2749],[-77.5451,39.2747],[-77.5448,39.2744],[-77.5446,39.2745],[-77.5439,39.2744],[-77.5439,39.2745],[-77.544,39.2745],[-77.544,39.2746],[-77.5441,39.2746],[-77.5442,39.2746],[-77.5442,39.2747],[-77.5443,39.2747],[-77.5443,39.2748],[-77.5444,39.2748],[-77.5444,39.2749],[-77.5445,39.2749],[-77.5445,39.275],[-77.5446,39.2751],[-77.5446,39.2752],[-77.5447,39.2752],[-77.5447,39.2753],[-77.5448,39.2754],[-77.5448,39.2755],[-77.5449,39.2756],[-77.5449,39.2757],[-77.5449,39.2758],[-77.545,39.2758],[-77.545,39.2759],[-77.545,39.276],[-77.545,39.2761],[-77.5451,39.2762],[-77.5451,39.2763],[-77.5451,39.2764],[-77.5452,39.2765],[-77.5452,39.2766],[-77.5452,39.2767],[-77.5453,39.2768],[-77.5453,39.2769],[-77.5454,39.277],[-77.5454,39.2771],[-77.5454,39.2772],[-77.5455,39.2772],[-77.5455,39.2773],[-77.5471,39.2807],[-77.5471,39.2808],[-77.5472,39.2809],[-77.5472,39.281],[-77.5473,39.2811],[-77.5473,39.2812],[-77.5474,39.2813],[-77.5474,39.2814],[-77.5475,39.2815],[-77.5476,39.2816],[-77.5476,39.2817],[-77.5477,39.2818],[-77.5477,39.2819],[-77.5478,39.2819],[-77.5478,39.282],[-77.5479,39.2821],[-77.5479,39.2822],[-77.548,39.2822],[-77.548,39.2823],[-77.5481,39.2824],[-77.5482,39.2825],[-77.549,39.2835],[-77.5499,39.2845],[-77.5508,39.2858],[-77.551,39.2859],[-77.5511,39.286],[-77.5512,39.2863],[-77.5515,39.2865],[-77.5519,39.2868],[-77.5534,39.288],[-77.5534,39.2881],[-77.5535,39.2881],[-77.5535,39.2882],[-77.5536,39.2882],[-77.5537,39.2883],[-77.5538,39.2883],[-77.5538,39.2884],[-77.5539,39.2884],[-77.5539,39.2885],[-77.554,39.2885],[-77.554,39.2886],[-77.5541,39.2886],[-77.5541,39.2887],[-77.5542,39.2887],[-77.5542,39.2888],[-77.5543,39.2889],[-77.5544,39.289],[-77.5544,39.2891],[-77.5545,39.2891],[-77.5545,39.2892],[-77.5546,39.2892],[-77.5546,39.2893],[-77.5547,39.2894],[-77.5547,39.2895],[-77.5548,39.2895],[-77.5548,39.2896],[-77.5548,39.2897],[-77.5549,39.2897],[-77.5549,39.2898],[-77.555,39.2899],[-77.555,39.29],[-77.555,39.2901],[-77.5551,39.2901],[-77.5551,39.2902],[-77.5551,39.2903],[-77.5552,39.2903],[-77.5552,39.2904],[-77.5553,39.2905],[-77.5553,39.2906],[-77.5554,39.2907],[-77.5555,39.2908],[-77.5555,39.2909],[-77.5556,39.2909],[-77.5556,39.291],[-77.5556,39.2911],[-77.5557,39.2911],[-77.5557,39.2912],[-77.5558,39.2912],[-77.5558,39.2913],[-77.5559,39.2914],[-77.556,39.2915],[-77.556,39.2916],[-77.5561,39.2916],[-77.5561,39.2917],[-77.5562,39.2917],[-77.5562,39.2918],[-77.5563,39.2919],[-77.5571,39.2927],[-77.5572,39.2927],[-77.5572,39.2928],[-77.5573,39.2929],[-77.5573,39.293],[-77.5574,39.293],[-77.5574,39.2931],[-77.5575,39.2931],[-77.5575,39.2932],[-77.5576,39.2933],[-77.5576,39.2934],[-77.5577,39.2934],[-77.5577,39.2935],[-77.5577,39.2936],[-77.5578,39.2936],[-77.5578,39.2937],[-77.5578,39.2938],[-77.5578,39.2939],[-77.5579,39.2939],[-77.5579,39.294],[-77.5579,39.2941],[-77.5579,39.2942],[-77.5579,39.2943],[-77.5579,39.2944],[-77.5579,39.2945],[-77.5579,39.2946],[-77.5579,39.2947],[-77.5579,39.2948],[-77.5579,39.2949],[-77.5579,39.295],[-77.5574,39.2966],[-77.5564,39.3013],[-77.5563,39.3013],[-77.5563,39.3014],[-77.5563,39.3015],[-77.5563,39.3016],[-77.5563,39.3017],[-77.5563,39.3018],[-77.5563,39.3019],[-77.5563,39.302],[-77.5563,39.3021],[-77.5563,39.3022],[-77.5563,39.3023],[-77.5563,39.3024],[-77.5563,39.3025],[-77.5563,39.3026],[-77.5563,39.3027],[-77.5563,39.3028],[-77.5563,39.3029],[-77.5563,39.303],[-77.5563,39.3031],[-77.5563,39.3032],[-77.5563,39.3033],[-77.5564,39.3033],[-77.5564,39.3034],[-77.5564,39.3035],[-77.5564,39.3036],[-77.5564,39.3037],[-77.5565,39.3038],[-77.5565,39.3039],[-77.5565,39.304],[-77.5566,39.3041],[-77.5566,39.3042],[-77.5566,39.3043],[-77.5566,39.3044],[-77.5567,39.3044],[-77.5567,39.3045],[-77.5567,39.3046],[-77.5568,39.3046],[-77.5568,39.3047],[-77.5568,39.3048],[-77.5569,39.3048],[-77.5569,39.3049],[-77.5569,39.305],[-77.557,39.305],[-77.557,39.3051],[-77.557,39.3052],[-77.5571,39.3052],[-77.5571,39.3053],[-77.5583,39.3068],[-77.5589,39.3076],[-77.5599,39.3084],[-77.56,39.3085],[-77.5602,39.3086],[-77.5602,39.3087],[-77.5603,39.3087],[-77.5604,39.3088],[-77.5605,39.3088],[-77.5605,39.3089],[-77.5606,39.3089],[-77.5607,39.3089],[-77.5607,39.309],[-77.5608,39.309],[-77.5609,39.309],[-77.5609,39.3091],[-77.561,39.3091],[-77.561,39.3092],[-77.5611,39.3092],[-77.5612,39.3092],[-77.5612,39.3093],[-77.5613,39.3093],[-77.5614,39.3093],[-77.5615,39.3094],[-77.5616,39.3094],[-77.5616,39.3095],[-77.5617,39.3095],[-77.5618,39.3095],[-77.5618,39.3096],[-77.5619,39.3096],[-77.562,39.3096],[-77.5621,39.3097],[-77.5622,39.3097],[-77.5623,39.3097],[-77.5623,39.3098],[-77.5624,39.3098],[-77.5625,39.3098],[-77.5626,39.3099],[-77.5627,39.3099],[-77.5628,39.3099],[-77.5628,39.31],[-77.5629,39.31],[-77.563,39.31],[-77.5631,39.31],[-77.5631,39.3101],[-77.5632,39.3101],[-77.5633,39.3101],[-77.5634,39.3101],[-77.5662,39.3109],[-77.5663,39.3109],[-77.5664,39.3109],[-77.5664,39.311],[-77.5665,39.311],[-77.5666,39.311],[-77.5667,39.311],[-77.5667,39.3111],[-77.5668,39.3111],[-77.5669,39.3111],[-77.567,39.3111],[-77.5671,39.3111],[-77.5671,39.3112],[-77.5672,39.3112],[-77.5673,39.3112],[-77.5674,39.3112],[-77.5675,39.3112],[-77.5676,39.3112],[-77.5676,39.3113],[-77.5677,39.3113],[-77.5678,39.3113],[-77.5679,39.3113],[-77.568,39.3113],[-77.5681,39.3113],[-77.5682,39.3113],[-77.5683,39.3113],[-77.5684,39.3113],[-77.5685,39.3113],[-77.5686,39.3114],[-77.5687,39.3114],[-77.5688,39.3114],[-77.5689,39.3114],[-77.5692,39.3113],[-77.5707,39.3113],[-77.5722,39.3109],[-77.5745,39.3105],[-77.5768,39.31],[-77.5789,39.3095],[-77.5793,39.3094],[-77.581,39.309],[-77.5835,39.3083],[-77.5857,39.3077],[-77.5863,39.3075],[-77.5869,39.3073],[-77.5909,39.3063],[-77.5955,39.3054],[-77.5978,39.3052],[-77.5988,39.3052],[-77.5993,39.3052],[-77.6012,39.3053],[-77.6046,39.3061],[-77.6046,39.306],[-77.605,39.3062],[-77.6139,39.3079],[-77.6202,39.3091],[-77.6215,39.3093],[-77.6219,39.3094],[-77.6223,39.3095],[-77.623,39.3097],[-77.6248,39.3105],[-77.6265,39.3111]]],[[[-77.6748,39.3296],[-77.6749,39.3296],[-77.6751,39.3296],[-77.6763,39.3298],[-77.6771,39.3297],[-77.677,39.3293],[-77.677,39.3284],[-77.6767,39.3284],[-77.6765,39.3284],[-77.6764,39.3284],[-77.6761,39.3283],[-77.6758,39.3283],[-77.6755,39.3282],[-77.6751,39.3281],[-77.6746,39.3279],[-77.6743,39.3278],[-77.6741,39.3278],[-77.6739,39.3277],[-77.6736,39.3277],[-77.6734,39.3277],[-77.6729,39.3277],[-77.6726,39.3278],[-77.6725,39.3278],[-77.6724,39.3278],[-77.6722,39.3278],[-77.672,39.3278],[-77.6719,39.3278],[-77.6716,39.3278],[-77.6714,39.3278],[-77.6712,39.3277],[-77.6707,39.3276],[-77.6701,39.3274],[-77.6696,39.3272],[-77.6691,39.327],[-77.669,39.3269],[-77.6689,39.3268],[-77.6689,39.3267],[-77.6688,39.3265],[-77.6686,39.3262],[-77.6684,39.326],[-77.6681,39.3258],[-77.6676,39.3255],[-77.6673,39.3253],[-77.6669,39.325],[-77.6667,39.3247],[-77.6664,39.3245],[-77.6661,39.324],[-77.6658,39.3236],[-77.6657,39.3234],[-77.6654,39.3232],[-77.6653,39.323],[-77.6653,39.3226],[-77.6652,39.322],[-77.6651,39.322],[-77.6651,39.3217],[-77.665,39.3216],[-77.6649,39.3214],[-77.6649,39.3213],[-77.6648,39.3211],[-77.6644,39.3207],[-77.664,39.3203],[-77.6635,39.32],[-77.663,39.3197],[-77.6625,39.3193],[-77.6621,39.3191],[-77.6616,39.3189],[-77.661,39.3186],[-77.6603,39.3183],[-77.6595,39.3181],[-77.6586,39.3178],[-77.658,39.3177],[-77.6576,39.3176],[-77.657,39.3175],[-77.6567,39.3174],[-77.6564,39.3173],[-77.6558,39.3171],[-77.6552,39.317],[-77.6545,39.3168],[-77.6538,39.3166],[-77.6534,39.3165],[-77.653,39.3164],[-77.6526,39.3163],[-77.6521,39.3161],[-77.6518,39.3159],[-77.6517,39.3159],[-77.6514,39.3159],[-77.6512,39.3158],[-77.6509,39.3158],[-77.6503,39.3158],[-77.6501,39.3158],[-77.6499,39.3158],[-77.6497,39.3158],[-77.6494,39.3157],[-77.6491,39.3156],[-77.649,39.3155],[-77.6489,39.3155],[-77.6488,39.3155],[-77.6487,39.3155],[-77.6486,39.3155],[-77.6485,39.3155],[-77.6485,39.3154],[-77.6484,39.3154],[-77.6483,39.3154],[-77.6482,39.3154],[-77.6482,39.3153],[-77.6481,39.3153],[-77.6481,39.3152],[-77.648,39.3152],[-77.6479,39.3151],[-77.6478,39.3151],[-77.6477,39.3151],[-77.6476,39.315],[-77.6475,39.315],[-77.6474,39.315],[-77.6474,39.3149],[-77.6473,39.3149],[-77.6472,39.3149],[-77.6471,39.3149],[-77.647,39.3149],[-77.647,39.3148],[-77.6469,39.3148],[-77.6468,39.3148],[-77.6467,39.3148],[-77.6466,39.3147],[-77.6465,39.3147],[-77.6464,39.3147],[-77.6463,39.3147],[-77.6463,39.3146],[-77.6462,39.3146],[-77.6461,39.3146],[-77.646,39.3146],[-77.646,39.3145],[-77.6459,39.3145],[-77.6458,39.3145],[-77.6457,39.3144],[-77.6456,39.3144],[-77.6455,39.3143],[-77.6452,39.3142],[-77.645,39.314],[-77.6447,39.3139],[-77.6444,39.3138],[-77.6442,39.3136],[-77.6441,39.3136],[-77.644,39.3136],[-77.6439,39.3136],[-77.6439,39.3135],[-77.6438,39.3135],[-77.6437,39.3135],[-77.6436,39.3135],[-77.6436,39.3134],[-77.6435,39.3134],[-77.6434,39.3134],[-77.6433,39.3134],[-77.6433,39.3133],[-77.6432,39.3133],[-77.6431,39.3133],[-77.643,39.3133],[-77.6429,39.3132],[-77.6428,39.3132],[-77.6427,39.3132],[-77.6426,39.3132],[-77.6425,39.3132],[-77.6425,39.3131],[-77.6424,39.3131],[-77.6423,39.3131],[-77.6422,39.3131],[-77.6421,39.3131],[-77.642,39.3131],[-77.642,39.313],[-77.6413,39.3129],[-77.6412,39.3129],[-77.6411,39.3129],[-77.641,39.3129],[-77.641,39.3128],[-77.6409,39.3128],[-77.6408,39.3128],[-77.6407,39.3128],[-77.6406,39.3128],[-77.6406,39.3127],[-77.6405,39.3127],[-77.6404,39.3127],[-77.6403,39.3127],[-77.6403,39.3126],[-77.6402,39.3126],[-77.6401,39.3126],[-77.64,39.3126],[-77.64,39.3125],[-77.6399,39.3125],[-77.6398,39.3125],[-77.6397,39.3125],[-77.6397,39.3124],[-77.6396,39.3124],[-77.6395,39.3124],[-77.6395,39.3123],[-77.6394,39.3123],[-77.6393,39.3123],[-77.6393,39.3122],[-77.6392,39.3122],[-77.6391,39.3121],[-77.639,39.3121],[-77.639,39.312],[-77.6389,39.312],[-77.6389,39.3119],[-77.6388,39.3119],[-77.6388,39.3118],[-77.6387,39.3118],[-77.6387,39.3117],[-77.6386,39.3117],[-77.6386,39.3116],[-77.6386,39.3115],[-77.6386,39.3114],[-77.6386,39.3113],[-77.6386,39.3112],[-77.6386,39.3111],[-77.6386,39.311],[-77.6383,39.3109],[-77.638,39.3108],[-77.6376,39.3107],[-77.6373,39.3106],[-77.6369,39.3106],[-77.6367,39.3106],[-77.6366,39.3106],[-77.6362,39.311],[-77.6361,39.311],[-77.6361,39.3111],[-77.636,39.3111],[-77.6359,39.3111],[-77.6359,39.3112],[-77.6358,39.3112],[-77.6357,39.3112],[-77.6357,39.3113],[-77.6356,39.3113],[-77.6355,39.3113],[-77.6355,39.3114],[-77.6354,39.3114],[-77.6353,39.3114],[-77.6352,39.3114],[-77.6351,39.3114],[-77.635,39.3114],[-77.633,39.3114],[-77.6329,39.3114],[-77.6328,39.3114],[-77.6327,39.3114],[-77.6326,39.3114],[-77.6325,39.3114],[-77.6324,39.3114],[-77.6323,39.3114],[-77.6323,39.3113],[-77.6322,39.3113],[-77.6321,39.3113],[-77.632,39.3113],[-77.6319,39.3113],[-77.6318,39.3113],[-77.6317,39.3113],[-77.6316,39.3113],[-77.6316,39.3112],[-77.6315,39.3112],[-77.6314,39.3112],[-77.6313,39.3112],[-77.6312,39.3112],[-77.6311,39.3112],[-77.6311,39.3111],[-77.631,39.3111],[-77.6309,39.3111],[-77.6308,39.3111],[-77.6307,39.311],[-77.6306,39.311],[-77.6305,39.311],[-77.6303,39.3117],[-77.6303,39.3119],[-77.6309,39.312],[-77.632,39.3122],[-77.6372,39.3132],[-77.6373,39.3132],[-77.6379,39.3134],[-77.6387,39.3136],[-77.6398,39.3138],[-77.6406,39.314],[-77.6414,39.3142],[-77.6423,39.3144],[-77.6425,39.3144],[-77.643,39.3146],[-77.6435,39.3147],[-77.6442,39.3148],[-77.6447,39.315],[-77.6452,39.3151],[-77.6456,39.3152],[-77.6458,39.3153],[-77.6462,39.3154],[-77.6465,39.3155],[-77.6467,39.3156],[-77.6486,39.3163],[-77.655,39.3186],[-77.6551,39.3187],[-77.6568,39.3195],[-77.6584,39.3203],[-77.6592,39.3208],[-77.6611,39.3221],[-77.6616,39.3226],[-77.6621,39.3231],[-77.6622,39.3233],[-77.6623,39.3235],[-77.665,39.3252],[-77.6659,39.3258],[-77.668,39.3273],[-77.6684,39.3276],[-77.6685,39.3277],[-77.6686,39.3277],[-77.6687,39.3277],[-77.6687,39.3278],[-77.6688,39.3278],[-77.6689,39.3279],[-77.669,39.3279],[-77.6691,39.328],[-77.6692,39.328],[-77.6693,39.328],[-77.6693,39.3281],[-77.6694,39.3281],[-77.6695,39.3281],[-77.6696,39.3282],[-77.6697,39.3282],[-77.6697,39.3283],[-77.6698,39.3283],[-77.6699,39.3283],[-77.6699,39.3284],[-77.67,39.3284],[-77.6701,39.3284],[-77.6702,39.3284],[-77.6702,39.3285],[-77.6703,39.3285],[-77.6704,39.3285],[-77.6704,39.3286],[-77.6705,39.3286],[-77.6706,39.3286],[-77.6707,39.3286],[-77.6707,39.3287],[-77.6708,39.3287],[-77.6709,39.3287],[-77.671,39.3287],[-77.671,39.3288],[-77.6711,39.3288],[-77.6712,39.3288],[-77.6713,39.3288],[-77.6713,39.3289],[-77.6714,39.3289],[-77.6715,39.3289],[-77.6716,39.3289],[-77.6717,39.329],[-77.6718,39.329],[-77.6719,39.329],[-77.672,39.329],[-77.6721,39.329],[-77.6721,39.3291],[-77.672,39.3292],[-77.6718,39.3298],[-77.6722,39.3298],[-77.6724,39.3293],[-77.6725,39.3293],[-77.6726,39.3293],[-77.6727,39.3293],[-77.6728,39.3294],[-77.6729,39.3294],[-77.673,39.3294],[-77.6731,39.3294],[-77.6732,39.3294],[-77.6733,39.3294],[-77.6733,39.3295],[-77.6734,39.3295],[-77.6735,39.3295],[-77.6736,39.3295],[-77.6737,39.3295],[-77.6738,39.3295],[-77.6739,39.3295],[-77.674,39.3295],[-77.6741,39.3296],[-77.6742,39.3296],[-77.6743,39.3296],[-77.6746,39.3296],[-77.6746,39.3295],[-77.6748,39.3296]]],[[[-77.5436,39.2838],[-77.5465,39.2866],[-77.5496,39.2874],[-77.5497,39.2875],[-77.5517,39.288],[-77.5529,39.2884],[-77.5531,39.2882],[-77.5514,39.2868],[-77.5513,39.2867],[-77.551,39.2865],[-77.5508,39.2863],[-77.5506,39.2862],[-77.5506,39.2861],[-77.5504,39.2859],[-77.5501,39.2855],[-77.55,39.2854],[-77.5498,39.2852],[-77.5496,39.2849],[-77.5491,39.2842],[-77.5479,39.2827],[-77.5478,39.2826],[-77.5478,39.2825],[-77.5477,39.2824],[-77.5476,39.2823],[-77.5476,39.2822],[-77.5475,39.2822],[-77.5475,39.2821],[-77.5474,39.282],[-77.5474,39.2819],[-77.5473,39.2818],[-77.5472,39.2817],[-77.5472,39.2816],[-77.5471,39.2816],[-77.5471,39.2815],[-77.5471,39.2814],[-77.547,39.2814],[-77.547,39.2813],[-77.547,39.2812],[-77.5469,39.2812],[-77.5469,39.2811],[-77.5469,39.281],[-77.5468,39.281],[-77.5468,39.2809],[-77.5468,39.2808],[-77.5465,39.2803],[-77.5451,39.2773],[-77.5451,39.2772],[-77.545,39.2771],[-77.545,39.277],[-77.545,39.2769],[-77.5449,39.2769],[-77.5449,39.2768],[-77.5449,39.2767],[-77.5448,39.2766],[-77.5448,39.2765],[-77.5448,39.2764],[-77.5448,39.2763],[-77.5447,39.2763],[-77.5447,39.2762],[-77.5447,39.2761],[-77.5447,39.276],[-77.5446,39.276],[-77.5446,39.2759],[-77.5446,39.2758],[-77.5445,39.2758],[-77.5445,39.2757],[-77.5445,39.2756],[-77.5444,39.2756],[-77.5444,39.2755],[-77.5443,39.2755],[-77.5443,39.2754],[-77.5443,39.2753],[-77.5442,39.2753],[-77.5442,39.2752],[-77.5441,39.2752],[-77.5441,39.2751],[-77.544,39.2751],[-77.544,39.275],[-77.5439,39.275],[-77.5439,39.2749],[-77.5438,39.2749],[-77.5438,39.2748],[-77.5437,39.2748],[-77.5436,39.2747],[-77.5435,39.2747],[-77.5435,39.2746],[-77.5434,39.2746],[-77.5434,39.2745],[-77.5433,39.2745],[-77.5432,39.2745],[-77.5432,39.2744],[-77.5431,39.2744],[-77.5431,39.2743],[-77.543,39.2743],[-77.5429,39.2743],[-77.5427,39.2744],[-77.5423,39.2749],[-77.542,39.2752],[-77.5419,39.2753],[-77.5418,39.2756],[-77.5417,39.2759],[-77.5412,39.2762],[-77.541,39.2763],[-77.541,39.2764],[-77.5409,39.2766],[-77.5407,39.2773],[-77.5407,39.2774],[-77.5406,39.2777],[-77.5406,39.279],[-77.5404,39.2792],[-77.5403,39.2792],[-77.5403,39.2793],[-77.5402,39.2793],[-77.5402,39.2794],[-77.5401,39.2794],[-77.5401,39.2795],[-77.54,39.2795],[-77.5399,39.2795],[-77.5399,39.2796],[-77.5398,39.2796],[-77.5397,39.2796],[-77.5394,39.2801],[-77.5389,39.2806],[-77.5389,39.2807],[-77.5388,39.2807],[-77.5388,39.2808],[-77.5401,39.2821],[-77.5418,39.2837],[-77.5426,39.2831],[-77.5429,39.2829],[-77.5436,39.2838]]],[[[-77.54,39.2737],[-77.5401,39.2737],[-77.5404,39.2737],[-77.5406,39.2737],[-77.541,39.2737],[-77.5417,39.2738],[-77.5418,39.2738],[-77.5419,39.2738],[-77.542,39.2738],[-77.5421,39.2738],[-77.5422,39.2738],[-77.5423,39.2738],[-77.5424,39.2739],[-77.5425,39.2739],[-77.5426,39.2739],[-77.5427,39.2739],[-77.5428,39.2739],[-77.5433,39.2737],[-77.5428,39.2734],[-77.5423,39.2732],[-77.5422,39.2731],[-77.5421,39.2731],[-77.5416,39.2729],[-77.5411,39.2727],[-77.5404,39.2725],[-77.54,39.2725],[-77.5398,39.2724],[-77.5393,39.2723],[-77.5389,39.2722],[-77.5385,39.2721],[-77.538,39.272],[-77.5376,39.2719],[-77.5372,39.2718],[-77.5366,39.2717],[-77.5363,39.2716],[-77.536,39.2714],[-77.5359,39.2713],[-77.5357,39.2713],[-77.5354,39.2712],[-77.5352,39.2712],[-77.5343,39.2712],[-77.5333,39.2712],[-77.5327,39.2711],[-77.5313,39.2707],[-77.5295,39.2702],[-77.529,39.27],[-77.5282,39.2696],[-77.5277,39.269],[-77.5271,39.2682],[-77.5268,39.2679],[-77.526,39.2673],[-77.5249,39.2663],[-77.5235,39.2651],[-77.5225,39.2645],[-77.5219,39.2639],[-77.5216,39.2639],[-77.5217,39.2639],[-77.5217,39.264],[-77.5218,39.264],[-77.5218,39.2641],[-77.5219,39.2641],[-77.5219,39.2642],[-77.522,39.2642],[-77.522,39.2643],[-77.5221,39.2643],[-77.5221,39.2644],[-77.5222,39.2644],[-77.5222,39.2645],[-77.5223,39.2645],[-77.5224,39.2646],[-77.5225,39.2647],[-77.5226,39.2648],[-77.5227,39.2649],[-77.5228,39.265],[-77.5229,39.2651],[-77.523,39.2652],[-77.5231,39.2653],[-77.5232,39.2654],[-77.5233,39.2655],[-77.5234,39.2657],[-77.5236,39.2658],[-77.5237,39.2659],[-77.5238,39.266],[-77.5239,39.2661],[-77.524,39.2663],[-77.5241,39.2664],[-77.5243,39.2665],[-77.5244,39.2666],[-77.5245,39.2667],[-77.5246,39.2669],[-77.5247,39.2669],[-77.5247,39.267],[-77.5248,39.267],[-77.5248,39.2671],[-77.5249,39.2671],[-77.5249,39.2672],[-77.525,39.2672],[-77.525,39.2673],[-77.526,39.2677],[-77.5279,39.2695],[-77.5286,39.2701],[-77.5288,39.2702],[-77.5301,39.2712],[-77.5307,39.2717],[-77.5308,39.2718],[-77.5309,39.2718],[-77.5309,39.2719],[-77.531,39.2719],[-77.531,39.272],[-77.5311,39.272],[-77.5312,39.2721],[-77.5313,39.2721],[-77.5313,39.2722],[-77.5314,39.2722],[-77.5315,39.2723],[-77.5316,39.2723],[-77.5316,39.2724],[-77.5317,39.2724],[-77.5318,39.2725],[-77.5319,39.2726],[-77.532,39.2726],[-77.5321,39.2727],[-77.5322,39.2727],[-77.5322,39.2728],[-77.5323,39.2728],[-77.5324,39.2728],[-77.5324,39.2729],[-77.5325,39.2729],[-77.5325,39.273],[-77.5326,39.273],[-77.5327,39.273],[-77.5327,39.2731],[-77.5328,39.2731],[-77.5329,39.2731],[-77.5329,39.2732],[-77.533,39.2732],[-77.5331,39.2732],[-77.5331,39.2733],[-77.5332,39.2733],[-77.5333,39.2733],[-77.5334,39.2733],[-77.5334,39.2734],[-77.5335,39.2734],[-77.5336,39.2734],[-77.5337,39.2734],[-77.5338,39.2735],[-77.5339,39.2735],[-77.534,39.2735],[-77.5341,39.2735],[-77.5342,39.2735],[-77.5342,39.2736],[-77.5343,39.2736],[-77.5344,39.2736],[-77.537,39.2737],[-77.5383,39.2737],[-77.5383,39.2736],[-77.5391,39.2737],[-77.5396,39.2737],[-77.5399,39.2737],[-77.5398,39.2735],[-77.5399,39.2734],[-77.54,39.2737]]],[[[-77.5222,39.2676],[-77.5223,39.2676],[-77.5223,39.2677],[-77.5224,39.2677],[-77.5225,39.2677],[-77.5227,39.2676],[-77.5228,39.2676],[-77.5229,39.2676],[-77.523,39.2676],[-77.5231,39.2676],[-77.5239,39.2667],[-77.5243,39.2669],[-77.5242,39.2668],[-77.5241,39.2667],[-77.524,39.2666],[-77.5239,39.2665],[-77.5238,39.2664],[-77.5237,39.2663],[-77.5236,39.2661],[-77.5235,39.266],[-77.5233,39.2659],[-77.5232,39.2658],[-77.5231,39.2657],[-77.523,39.2655],[-77.5229,39.2655],[-77.5229,39.2654],[-77.5228,39.2653],[-77.5227,39.2653],[-77.5227,39.2652],[-77.5226,39.2652],[-77.5226,39.2651],[-77.5225,39.2651],[-77.5225,39.265],[-77.5224,39.265],[-77.5224,39.2649],[-77.5223,39.2649],[-77.5223,39.2648],[-77.5222,39.2648],[-77.5222,39.2647],[-77.5221,39.2647],[-77.5221,39.2646],[-77.522,39.2646],[-77.522,39.2645],[-77.5219,39.2645],[-77.5219,39.2644],[-77.5218,39.2644],[-77.5218,39.2643],[-77.5217,39.2643],[-77.5216,39.2642],[-77.5215,39.2641],[-77.5214,39.2641],[-77.5213,39.264],[-77.5212,39.2638],[-77.5211,39.2637],[-77.521,39.2636],[-77.5208,39.2635],[-77.5207,39.2634],[-77.5206,39.2633],[-77.5205,39.2632],[-77.5204,39.2632],[-77.5204,39.2631],[-77.5203,39.2631],[-77.5202,39.263],[-77.5201,39.263],[-77.519,39.2624],[-77.5185,39.2621],[-77.5184,39.2621],[-77.5184,39.262],[-77.5183,39.262],[-77.5182,39.262],[-77.5181,39.2619],[-77.518,39.2619],[-77.5179,39.2619],[-77.5179,39.2618],[-77.5178,39.2618],[-77.5177,39.2618],[-77.5176,39.2617],[-77.5175,39.2617],[-77.5174,39.2617],[-77.5173,39.2616],[-77.5172,39.2616],[-77.5171,39.2616],[-77.517,39.2616],[-77.517,39.2615],[-77.5169,39.2615],[-77.5168,39.2615],[-77.5167,39.2615],[-77.5166,39.2614],[-77.5165,39.2614],[-77.5164,39.2614],[-77.5174,39.2619],[-77.5173,39.2619],[-77.5166,39.264],[-77.5175,39.2649],[-77.5176,39.2649],[-77.5179,39.2653],[-77.5179,39.2654],[-77.518,39.2654],[-77.5181,39.2654],[-77.5181,39.2655],[-77.5182,39.2655],[-77.5182,39.2656],[-77.5183,39.2656],[-77.5184,39.2657],[-77.5184,39.2658],[-77.5185,39.2658],[-77.5186,39.266],[-77.5186,39.2661],[-77.5187,39.2661],[-77.5188,39.2661],[-77.5189,39.2661],[-77.5194,39.2661],[-77.5195,39.2661],[-77.5196,39.2661],[-77.5197,39.2661],[-77.5198,39.2661],[-77.5198,39.2662],[-77.5199,39.2662],[-77.52,39.2663],[-77.5201,39.2663],[-77.5202,39.2663],[-77.5203,39.2663],[-77.5203,39.2664],[-77.5204,39.2664],[-77.5206,39.2664],[-77.5207,39.2664],[-77.5208,39.2664],[-77.5208,39.2665],[-77.5209,39.2665],[-77.5209,39.2666],[-77.521,39.2666],[-77.5211,39.2667],[-77.5211,39.2668],[-77.5212,39.2668],[-77.5212,39.2669],[-77.5213,39.2669],[-77.5213,39.267],[-77.5214,39.267],[-77.5215,39.2671],[-77.5216,39.2671],[-77.5216,39.2672],[-77.5217,39.2672],[-77.5218,39.2672],[-77.5218,39.2673],[-77.5219,39.2673],[-77.522,39.2674],[-77.5222,39.2676]]],[[[-77.4487,39.2313],[-77.4489,39.2315],[-77.4491,39.2317],[-77.4493,39.232],[-77.4496,39.2325],[-77.45,39.2333],[-77.4503,39.2339],[-77.4504,39.2341],[-77.4521,39.2352],[-77.4568,39.2388],[-77.4574,39.2383],[-77.4548,39.2363],[-77.4521,39.2341],[-77.4513,39.2335],[-77.4508,39.233],[-77.4503,39.2324],[-77.4494,39.231],[-77.4487,39.2313]]],[[[-77.4518,39.2232],[-77.4509,39.2236],[-77.4498,39.2241],[-77.4483,39.2249],[-77.4458,39.226],[-77.4477,39.2265],[-77.4477,39.2264],[-77.4483,39.2258],[-77.4486,39.2255],[-77.4488,39.2254],[-77.4494,39.225],[-77.4501,39.2245],[-77.4502,39.2244],[-77.4509,39.224],[-77.4511,39.2239],[-77.4514,39.2237],[-77.4518,39.2235],[-77.4519,39.2234],[-77.4523,39.2232],[-77.4538,39.2224],[-77.4543,39.2221],[-77.4544,39.222],[-77.4518,39.2232]]],[[[-77.6277,39.3095],[-77.6276,39.3095],[-77.6276,39.3096],[-77.6275,39.3096],[-77.6275,39.3097],[-77.6276,39.3097],[-77.6276,39.3098],[-77.6277,39.3098],[-77.6277,39.3099],[-77.6277,39.31],[-77.6277,39.3101],[-77.6277,39.3102],[-77.6278,39.3102],[-77.6278,39.3103],[-77.6279,39.3103],[-77.628,39.3103],[-77.628,39.3104],[-77.6281,39.3104],[-77.6282,39.3104],[-77.6283,39.3104],[-77.6284,39.3104],[-77.6284,39.3105],[-77.6285,39.3105],[-77.6286,39.3105],[-77.6295,39.3105],[-77.6295,39.3104],[-77.6296,39.3104],[-77.6294,39.3102],[-77.6289,39.3101],[-77.6285,39.3099],[-77.6283,39.3098],[-77.6281,39.3097],[-77.6278,39.3096],[-77.6277,39.3095]]],[[[-77.6116,39.307],[-77.6119,39.3071],[-77.6123,39.3059],[-77.612,39.3059],[-77.6116,39.307]]]]}},{"type":"Feature","properties":{"name":"Brunswick Campground","Location":"Community Park"},"geometry":{"type":"Polygon","coordinates":[[[-77.6112,39.3071],[-77.614,39.3076],[-77.6203,39.3088],[-77.6216,39.309],[-77.622,39.3091],[-77.6223,39.3092],[-77.6226,39.3077],[-77.6225,39.3077],[-77.6222,39.3077],[-77.6218,39.3075],[-77.6213,39.3074],[-77.6209,39.3073],[-77.6204,39.3073],[-77.6199,39.3073],[-77.6196,39.3073],[-77.6193,39.3072],[-77.619,39.3071],[-77.6185,39.307],[-77.6181,39.307],[-77.6178,39.3069],[-77.6176,39.3069],[-77.6174,39.307],[-77.6172,39.307],[-77.6169,39.3069],[-77.6164,39.3068],[-77.616,39.3066],[-77.6153,39.3065],[-77.6147,39.3063],[-77.6141,39.3062],[-77.6133,39.3061],[-77.6125,39.306],[-77.6123,39.3059],[-77.6119,39.3071],[-77.6116,39.307],[-77.612,39.3059],[-77.6117,39.3059],[-77.6116,39.3059],[-77.6113,39.307],[-77.6112,39.3071]]]}},{"type":"Feature","properties":{"name":"Brunswick Heights Park / Wenner Park","Location":"Neighborhood Park"},"geometry":{"type":"Polygon","coordinates":[[[-77.6261,39.3224],[-77.6262,39.3224],[-77.6265,39.3224],[-77.6264,39.3225],[-77.6264,39.3226],[-77.6264,39.3227],[-77.6264,39.3228],[-77.6264,39.3229],[-77.6263,39.3229],[-77.6263,39.323],[-77.6274,39.3234],[-77.6275,39.3234],[-77.6275,39.3233],[-77.6275,39.3232],[-77.6275,39.3231],[-77.6274,39.3231],[-77.6274,39.323],[-77.6274,39.3229],[-77.6274,39.3228],[-77.6274,39.3227],[-77.6274,39.3226],[-77.6274,39.3225],[-77.6274,39.3224],[-77.6273,39.3223],[-77.6273,39.3222],[-77.6273,39.3221],[-77.6273,39.322],[-77.6273,39.3219],[-77.6273,39.3218],[-77.6273,39.3217],[-77.6273,39.3216],[-77.6271,39.3216],[-77.6267,39.3216],[-77.6267,39.3217],[-77.6266,39.3218],[-77.6266,39.3219],[-77.6266,39.322],[-77.6266,39.3221],[-77.6265,39.3222],[-77.6263,39.3221],[-77.6261,39.3221],[-77.6261,39.3224]]]}},{"type":"Feature","properties":{"name":"Brunswick Sports Complex","Location":"Neighborhood Park"},"geometry":{"type":"Polygon","coordinates":[[[-77.603,39.3134],[-77.6031,39.3134],[-77.6058,39.3141],[-77.606,39.314],[-77.6062,39.314],[-77.6064,39.3139],[-77.607,39.3138],[-77.6069,39.3138],[-77.6076,39.3124],[-77.6061,39.3119],[-77.6064,39.3114],[-77.6066,39.311],[-77.608,39.3114],[-77.6081,39.3114],[-77.6081,39.3115],[-77.6085,39.3108],[-77.6095,39.3088],[-77.6055,39.3081],[-77.6039,39.3078],[-77.604,39.3099],[-77.6038,39.3106],[-77.603,39.3134]]]}},{"type":"Feature","properties":{"name":"Grindstone Run Park","Location":"Community Park"},"geometry":{"type":"Polygon","coordinates":[[[-77.579,39.5074],[-77.5784,39.5075],[-77.5783,39.5076],[-77.5781,39.5076],[-77.578,39.5077],[-77.5778,39.5077],[-77.5776,39.5078],[-77.5774,39.508],[-77.577,39.5083],[-77.5772,39.5083],[-77.5773,39.5084],[-77.5774,39.5084],[-77.5775,39.5085],[-77.5776,39.5084],[-77.5779,39.5082],[-77.578,39.5082],[-77.5781,39.5082],[-77.5781,39.5081],[-77.5782,39.5081],[-77.5783,39.5081],[-77.5784,39.5081],[-77.5785,39.5081],[-77.5785,39.508],[-77.5786,39.508],[-77.5789,39.5076],[-77.579,39.5074]]]}},{"type":"Feature","properties":{"name":"Windy Ridge Park","Location":"Community Park"},"geometry":{"type":"Polygon","coordinates":[[[-77.1652,39.3898],[-77.1665,39.3902],[-77.1678,39.3918],[-77.1698,39.394],[-77.1746,39.3894],[-77.175,39.3891],[-77.1758,39.3883],[-77.1757,39.3883],[-77.1747,39.3885],[-77.1746,39.3885],[-77.1735,39.3881],[-77.1734,39.388],[-77.1733,39.388],[-77.1733,39.3881],[-77.1733,39.3882],[-77.1732,39.3882],[-77.1732,39.3883],[-77.1732,39.3884],[-77.1731,39.3884],[-77.1731,39.3889],[-77.1725,39.389],[-77.1708,39.3892],[-77.1701,39.3892],[-77.1702,39.389],[-77.1703,39.3888],[-77.1705,39.3883],[-77.1708,39.3874],[-77.1707,39.3874],[-77.1696,39.3872],[-77.1689,39.387],[-77.1685,39.3869],[-77.1679,39.3868],[-77.1674,39.3867],[-77.1672,39.3867],[-77.1667,39.3865],[-77.1663,39.3865],[-77.1657,39.3863],[-77.1654,39.3863],[-77.1651,39.3862],[-77.1639,39.3862],[-77.1638,39.3865],[-77.1652,39.3898]]]}},{"type":"Feature","properties":{"name":"East West Park","Location":"Neighborhood Park"},"geometry":{"type":"Polygon","coordinates":[[[-77.1636,39.3841],[-77.1649,39.3847],[-77.165,39.3857],[-77.1651,39.3862],[-77.1654,39.3863],[-77.1653,39.3859],[-77.1652,39.3856],[-77.1653,39.3854],[-77.1655,39.385],[-77.1656,39.3849],[-77.1657,39.3847],[-77.1659,39.3844],[-77.1661,39.3842],[-77.1663,39.384],[-77.1664,39.3839],[-77.1668,39.3837],[-77.1671,39.384],[-77.1672,39.384],[-77.1668,39.3836],[-77.1674,39.3835],[-77.168,39.3835],[-77.1684,39.3836],[-77.1685,39.3837],[-77.1686,39.3837],[-77.1689,39.3835],[-77.1691,39.3834],[-77.1689,39.3834],[-77.1682,39.3833],[-77.1684,39.383],[-77.1681,39.383],[-77.1679,39.3831],[-77.1678,39.3831],[-77.1676,39.383],[-77.1674,39.3829],[-77.1671,39.3828],[-77.1669,39.3827],[-77.1667,39.3827],[-77.1665,39.3826],[-77.1662,39.3825],[-77.166,39.3824],[-77.166,39.3823],[-77.166,39.382],[-77.1659,39.3817],[-77.1661,39.3814],[-77.1662,39.3813],[-77.1663,39.3811],[-77.1664,39.381],[-77.1665,39.3808],[-77.1666,39.3806],[-77.1667,39.3805],[-77.1668,39.3803],[-77.1672,39.3805],[-77.1672,39.3804],[-77.1671,39.3804],[-77.1673,39.3802],[-77.1671,39.3801],[-77.167,39.3801],[-77.1669,39.3801],[-77.1669,39.38],[-77.1668,39.38],[-77.1667,39.38],[-77.1666,39.38],[-77.1665,39.38],[-77.1664,39.38],[-77.1663,39.38],[-77.1662,39.38],[-77.1661,39.38],[-77.166,39.38],[-77.1659,39.38],[-77.1658,39.38],[-77.1657,39.3801],[-77.1653,39.3814],[-77.1642,39.3813],[-77.1641,39.3816],[-77.1641,39.3819],[-77.164,39.3821],[-77.164,39.3822],[-77.1639,39.3824],[-77.1639,39.3826],[-77.1638,39.3828],[-77.1638,39.3829],[-77.1637,39.3831],[-77.1637,39.3833],[-77.1636,39.3835],[-77.1636,39.3836],[-77.1632,39.3838],[-77.1631,39.3838],[-77.163,39.3838],[-77.1628,39.3838],[-77.1625,39.3838],[-77.1623,39.3838],[-77.1621,39.3838],[-77.1618,39.3838],[-77.1616,39.3838],[-77.1614,39.3838],[-77.1611,39.3838],[-77.1609,39.3838],[-77.1607,39.3838],[-77.1604,39.3838],[-77.1602,39.3838],[-77.1602,39.384],[-77.1613,39.3842],[-77.1635,39.384],[-77.1636,39.3841]]]}},{"type":"Feature","properties":{"name":"Village Gate Park-West","Location":"Neighborhood Park"},"geometry":{"type":"Polygon","coordinates":[[[-77.1663,39.3798],[-77.1665,39.3798],[-77.1668,39.3799],[-77.167,39.3799],[-77.1671,39.3799],[-77.1672,39.38],[-77.1679,39.3801],[-77.168,39.3801],[-77.168,39.3802],[-77.1681,39.3802],[-77.1681,39.3801],[-77.1686,39.3792],[-77.1687,39.3793],[-77.169,39.3794],[-77.1691,39.3794],[-77.1693,39.3795],[-77.1688,39.3793],[-77.1691,39.379],[-77.1695,39.3789],[-77.1697,39.3789],[-77.1699,39.379],[-77.1701,39.3791],[-77.1703,39.3792],[-77.1705,39.3791],[-77.1707,39.3789],[-77.1712,39.3791],[-77.1712,39.379],[-77.1709,39.3789],[-77.1706,39.3788],[-77.1703,39.3787],[-77.17,39.3787],[-77.1698,39.3786],[-77.1697,39.3783],[-77.1697,39.3779],[-77.1699,39.3776],[-77.17,39.3776],[-77.1702,39.3771],[-77.1697,39.377],[-77.1695,39.377],[-77.1695,39.3769],[-77.1694,39.3769],[-77.1693,39.3773],[-77.1692,39.3775],[-77.1691,39.3778],[-77.169,39.378],[-77.1688,39.3782],[-77.1684,39.3781],[-77.1683,39.3781],[-77.1688,39.3783],[-77.1684,39.3786],[-77.168,39.3788],[-77.1676,39.3788],[-77.1672,39.3787],[-77.1669,39.3787],[-77.1665,39.3786],[-77.1662,39.3792],[-77.1662,39.3793],[-77.1662,39.3794],[-77.1662,39.3795],[-77.1662,39.3796],[-77.1662,39.3798],[-77.1663,39.3798]]]}},{"type":"Feature","properties":{"name":"Village Gate Park- East","Location":"Neighborhood Park"},"geometry":{"type":"Polygon","coordinates":[[[-77.1638,39.3775],[-77.1636,39.3778],[-77.1634,39.378],[-77.1634,39.3781],[-77.1634,39.3783],[-77.1636,39.3785],[-77.1637,39.3787],[-77.1639,39.379],[-77.1641,39.3792],[-77.164,39.3795],[-77.1641,39.3795],[-77.1641,39.3796],[-77.1655,39.3798],[-77.1656,39.3798],[-77.1657,39.3798],[-77.1658,39.3798],[-77.1659,39.3798],[-77.1659,39.3796],[-77.1659,39.3795],[-77.1659,39.3794],[-77.166,39.3794],[-77.166,39.3793],[-77.166,39.3792],[-77.1663,39.3785],[-77.1659,39.3784],[-77.1656,39.3784],[-77.1655,39.3781],[-77.1654,39.3778],[-77.1657,39.3776],[-77.1661,39.3774],[-77.1664,39.3775],[-77.1667,39.3776],[-77.1668,39.3773],[-77.1663,39.377],[-77.1663,39.3769],[-77.1663,39.3768],[-77.1659,39.3772],[-77.1656,39.3773],[-77.165,39.3773],[-77.1645,39.3772],[-77.1645,39.3771],[-77.1644,39.3768],[-77.1644,39.3766],[-77.1645,39.3764],[-77.1646,39.3761],[-77.1647,39.3759],[-77.1647,39.3757],[-77.1649,39.375],[-77.1643,39.3748],[-77.1642,39.375],[-77.1638,39.3751],[-77.1636,39.3754],[-77.1632,39.376],[-77.1635,39.3762],[-77.164,39.3764],[-77.164,39.3765],[-77.1642,39.3771],[-77.1641,39.3771],[-77.164,39.3772],[-77.1638,39.3775]]]}},{"type":"Feature","properties":{"name":"Prospect Park","Location":"Neighborhood Park"},"geometry":{"type":"Polygon","coordinates":[[[-77.1558,39.3797],[-77.156,39.3804],[-77.1557,39.3816],[-77.1559,39.382],[-77.1561,39.3819],[-77.1562,39.3818],[-77.1564,39.3815],[-77.1569,39.3806],[-77.1565,39.3799],[-77.1567,39.3791],[-77.1566,39.3791],[-77.1565,39.3791],[-77.1565,39.379],[-77.1564,39.379],[-77.1563,39.379],[-77.1562,39.379],[-77.1561,39.379],[-77.156,39.379],[-77.1559,39.3789],[-77.1558,39.3789],[-77.1558,39.3797]]]}},{"type":"Feature","properties":{"name":"Bentztown Spring Park","Location":"Neighborhood Park"},"geometry":{"type":"MultiPolygon","coordinates":[[[[-77.4146,39.4139],[-77.4148,39.4139],[-77.4149,39.4139],[-77.4148,39.4134],[-77.4148,39.4133],[-77.4147,39.4132],[-77.4147,39.4131],[-77.4146,39.4131],[-77.4146,39.413],[-77.4145,39.413],[-77.4145,39.4129],[-77.4144,39.4129],[-77.4143,39.4129],[-77.4143,39.4128],[-77.4142,39.4128],[-77.4141,39.4128],[-77.4141,39.4127],[-77.414,39.4127],[-77.4139,39.4127],[-77.4138,39.4127],[-77.4138,39.4126],[-77.4137,39.4126],[-77.4136,39.4126],[-77.4135,39.4126],[-77.4134,39.4126],[-77.4134,39.4125],[-77.4133,39.4125],[-77.4132,39.4125],[-77.4131,39.4125],[-77.413,39.4125],[-77.4129,39.4125],[-77.4128,39.4125],[-77.4127,39.4125],[-77.4126,39.4125],[-77.4125,39.4125],[-77.4125,39.4126],[-77.4125,39.4127],[-77.4125,39.4128],[-77.4126,39.4128],[-77.4127,39.4128],[-77.4128,39.4128],[-77.4129,39.4128],[-77.413,39.4128],[-77.413,39.4129],[-77.4131,39.4129],[-77.4132,39.4129],[-77.4133,39.4129],[-77.4134,39.4129],[-77.4135,39.4129],[-77.4135,39.413],[-77.4136,39.413],[-77.4137,39.413],[-77.4139,39.4131],[-77.414,39.4131],[-77.4141,39.4132],[-77.4142,39.4133],[-77.4143,39.4133],[-77.4143,39.4134],[-77.4144,39.4134],[-77.4144,39.4135],[-77.4145,39.4135],[-77.4145,39.4136],[-77.4145,39.4137],[-77.4145,39.4138],[-77.4146,39.4138],[-77.4146,39.4139]]],[[[-77.4148,39.4141],[-77.4145,39.4141],[-77.4146,39.4142],[-77.4146,39.4143],[-77.4146,39.4144],[-77.4146,39.4145],[-77.4146,39.4146],[-77.4146,39.4147],[-77.4147,39.4147],[-77.4147,39.4148],[-77.4147,39.4149],[-77.4148,39.4149],[-77.4149,39.4147],[-77.415,39.4145],[-77.415,39.4144],[-77.415,39.414],[-77.4148,39.4141]]]]}},{"type":"Feature","properties":{"name":"Rivermist Park","Location":"Community Park"},"geometry":{"type":"Polygon","coordinates":[[[-77.3822,39.4439],[-77.3813,39.444],[-77.3812,39.4439],[-77.3811,39.4439],[-77.381,39.4439],[-77.3806,39.4438],[-77.3791,39.4437],[-77.378,39.4437],[-77.3768,39.4436],[-77.3762,39.4435],[-77.3761,39.4434],[-77.3758,39.4433],[-77.3757,39.4433],[-77.3752,39.443],[-77.3747,39.4425],[-77.374,39.4423],[-77.3723,39.4423],[-77.3707,39.4422],[-77.3702,39.4422],[-77.3698,39.4423],[-77.3695,39.4424],[-77.3692,39.4425],[-77.3676,39.4432],[-77.3667,39.4437],[-77.3661,39.4439],[-77.3653,39.444],[-77.3652,39.444],[-77.3648,39.4443],[-77.3646,39.4445],[-77.3642,39.4449],[-77.3637,39.4456],[-77.3634,39.4461],[-77.3632,39.4466],[-77.3631,39.4473],[-77.3632,39.4475],[-77.3633,39.4479],[-77.3634,39.4482],[-77.3638,39.4488],[-77.3641,39.449],[-77.3642,39.4491],[-77.3651,39.4496],[-77.3657,39.4498],[-77.367,39.4503],[-77.3694,39.4509],[-77.3695,39.451],[-77.3705,39.4518],[-77.3708,39.4523],[-77.3716,39.452],[-77.3714,39.4518],[-77.3713,39.4516],[-77.371,39.4515],[-77.3709,39.4515],[-77.3708,39.4515],[-77.3707,39.4514],[-77.3705,39.4514],[-77.3704,39.4514],[-77.3702,39.4513],[-77.37,39.4512],[-77.3699,39.451],[-77.3699,39.4507],[-77.3702,39.4506],[-77.37,39.4505],[-77.3696,39.4504],[-77.3697,39.4502],[-77.3696,39.4501],[-77.3696,39.4502],[-77.3695,39.4502],[-77.3694,39.4502],[-77.3694,39.4503],[-77.3693,39.4503],[-77.369,39.4504],[-77.369,39.4505],[-77.3689,39.4505],[-77.3688,39.4505],[-77.3687,39.4505],[-77.3679,39.4503],[-77.3677,39.4499],[-77.367,39.4496],[-77.366,39.4497],[-77.3649,39.4489],[-77.3649,39.4487],[-77.365,39.4486],[-77.365,39.4485],[-77.365,39.4484],[-77.365,39.4483],[-77.365,39.4482],[-77.365,39.4481],[-77.365,39.448],[-77.365,39.4479],[-77.3651,39.4479],[-77.3651,39.4478],[-77.3651,39.4477],[-77.3651,39.4476],[-77.3652,39.4476],[-77.3653,39.4473],[-77.3653,39.4472],[-77.3654,39.4472],[-77.3654,39.4471],[-77.3654,39.447],[-77.3654,39.4469],[-77.3654,39.4467],[-77.3654,39.4466],[-77.3655,39.4464],[-77.3655,39.4463],[-77.3655,39.4462],[-77.3657,39.4454],[-77.3657,39.4453],[-77.3657,39.4452],[-77.3657,39.4451],[-77.3657,39.445],[-77.3658,39.445],[-77.3658,39.4449],[-77.3659,39.4448],[-77.3659,39.4447],[-77.366,39.4447],[-77.366,39.4446],[-77.3661,39.4446],[-77.3661,39.4445],[-77.3663,39.4444],[-77.3664,39.4444],[-77.3664,39.4443],[-77.3665,39.4443],[-77.3665,39.4442],[-77.3666,39.4442],[-77.367,39.444],[-77.3674,39.4438],[-77.3688,39.4431],[-77.3705,39.4427],[-77.3733,39.4427],[-77.3737,39.4428],[-77.3738,39.4428],[-77.3738,39.4429],[-77.374,39.4429],[-77.3741,39.4429],[-77.3744,39.4431],[-77.3747,39.4433],[-77.3751,39.4436],[-77.3754,39.4437],[-77.3756,39.4438],[-77.3759,39.444],[-77.3763,39.4442],[-77.3765,39.4443],[-77.3766,39.4445],[-77.3777,39.4451],[-77.3779,39.4452],[-77.378,39.4453],[-77.3783,39.4454],[-77.3784,39.4454],[-77.3786,39.4455],[-77.3787,39.4454],[-77.3788,39.4454],[-77.3789,39.4453],[-77.379,39.4453],[-77.3793,39.4453],[-77.3794,39.4453],[-77.3796,39.4453],[-77.3798,39.4452],[-77.38,39.4451],[-77.3805,39.4448],[-77.3814,39.4446],[-77.3815,39.4446],[-77.3815,39.4445],[-77.3816,39.4445],[-77.3822,39.4445],[-77.3822,39.4439]]]}},{"type":"Feature","properties":{"name":"South End Park","Location":"Neighborhood Park"},"geometry":{"type":"Polygon","coordinates":[[[-77.4227,39.4083],[-77.4224,39.4088],[-77.4223,39.4091],[-77.4224,39.4091],[-77.4225,39.4091],[-77.4226,39.4091],[-77.4226,39.4092],[-77.4227,39.4092],[-77.4228,39.4092],[-77.4229,39.4092],[-77.423,39.4092],[-77.423,39.4093],[-77.4231,39.4093],[-77.4232,39.4093],[-77.4232,39.4092],[-77.4234,39.4089],[-77.4235,39.4087],[-77.4227,39.4083]]]}},{"type":"Feature","properties":{"name":"Westside Regional Park","Location":"Community Park"},"geometry":{"type":"MultiPolygon","coordinates":[[[[-77.4467,39.4041],[-77.4468,39.4041],[-77.4469,39.4042],[-77.447,39.4042],[-77.4471,39.4043],[-77.4473,39.4043],[-77.4474,39.4044],[-77.4475,39.4045],[-77.4476,39.4046],[-77.4477,39.4047],[-77.4478,39.4048],[-77.4479,39.4049],[-77.4479,39.405],[-77.448,39.4051],[-77.448,39.4052],[-77.448,39.4053],[-77.448,39.4054],[-77.448,39.4055],[-77.448,39.4056],[-77.4481,39.4057],[-77.4484,39.4057],[-77.4485,39.4057],[-77.4486,39.4057],[-77.4488,39.4057],[-77.4497,39.4058],[-77.4499,39.4058],[-77.45,39.4059],[-77.4501,39.4059],[-77.4502,39.4059],[-77.4503,39.406],[-77.4507,39.4061],[-77.4508,39.4062],[-77.4509,39.4062],[-77.451,39.4062],[-77.4526,39.4066],[-77.4527,39.4066],[-77.4528,39.4066],[-77.453,39.4067],[-77.4531,39.4067],[-77.4532,39.4068],[-77.4533,39.4069],[-77.4534,39.4069],[-77.4535,39.407],[-77.4536,39.4071],[-77.4537,39.4072],[-77.4538,39.4073],[-77.4539,39.4074],[-77.454,39.4075],[-77.4541,39.4078],[-77.4542,39.4078],[-77.4544,39.4079],[-77.4576,39.4082],[-77.4582,39.4044],[-77.4599,39.4041],[-77.4577,39.4039],[-77.4567,39.4038],[-77.4563,39.4038],[-77.4512,39.4032],[-77.4511,39.4032],[-77.451,39.4032],[-77.4509,39.4032],[-77.4508,39.4032],[-77.4507,39.4032],[-77.4506,39.4031],[-77.4505,39.4031],[-77.4504,39.4031],[-77.4503,39.4031],[-77.4496,39.403],[-77.4495,39.403],[-77.4494,39.403],[-77.4493,39.403],[-77.4492,39.403],[-77.4491,39.4029],[-77.449,39.4029],[-77.4489,39.4029],[-77.4488,39.4029],[-77.4487,39.4028],[-77.4486,39.4028],[-77.4482,39.4039],[-77.4476,39.4037],[-77.4463,39.4034],[-77.4461,39.4033],[-77.4458,39.4028],[-77.4458,39.4027],[-77.4454,39.4028],[-77.4453,39.4029],[-77.4447,39.4031],[-77.4444,39.4032],[-77.4444,39.4033],[-77.4445,39.4033],[-77.4445,39.4034],[-77.4446,39.4034],[-77.4448,39.4035],[-77.4449,39.4035],[-77.445,39.4036],[-77.4452,39.4036],[-77.4453,39.4037],[-77.4454,39.4037],[-77.4456,39.4038],[-77.4457,39.4038],[-77.4458,39.4038],[-77.4467,39.4041]]],[[[-77.447,39.4063],[-77.4472,39.4064],[-77.4473,39.4065],[-77.4474,39.4065],[-77.4475,39.4065],[-77.4476,39.4064],[-77.4477,39.4063],[-77.4477,39.4062],[-77.4477,39.4061],[-77.4477,39.406],[-77.4477,39.4059],[-77.4477,39.4055],[-77.4477,39.4054],[-77.4477,39.4053],[-77.4477,39.4052],[-77.4476,39.4051],[-77.4476,39.405],[-77.4475,39.4049],[-77.4474,39.4048],[-77.4473,39.4047],[-77.4472,39.4046],[-77.4471,39.4045],[-77.447,39.4045],[-77.4469,39.4044],[-77.4468,39.4044],[-77.4467,39.4043],[-77.4466,39.4043],[-77.4457,39.4041],[-77.4455,39.404],[-77.4453,39.404],[-77.4452,39.4039],[-77.4448,39.4038],[-77.4451,39.404],[-77.4448,39.4042],[-77.4447,39.4042],[-77.4446,39.4042],[-77.4445,39.4042],[-77.4444,39.4043],[-77.4442,39.4042],[-77.4437,39.4047],[-77.4465,39.4062],[-77.4466,39.4061],[-77.447,39.4063]]],[[[-77.4481,39.4059],[-77.4481,39.406],[-77.4481,39.4062],[-77.4481,39.4063],[-77.4481,39.4064],[-77.448,39.4064],[-77.448,39.4065],[-77.448,39.4066],[-77.448,39.4067],[-77.4481,39.4068],[-77.4482,39.4069],[-77.4482,39.407],[-77.4485,39.4071],[-77.449,39.4074],[-77.449,39.4075],[-77.4493,39.4076],[-77.4494,39.4077],[-77.4496,39.4078],[-77.4498,39.4079],[-77.4499,39.4079],[-77.4506,39.4082],[-77.451,39.4083],[-77.4513,39.4084],[-77.4516,39.4085],[-77.4518,39.4086],[-77.4521,39.4087],[-77.4534,39.409],[-77.4535,39.4091],[-77.4536,39.4091],[-77.4538,39.4087],[-77.4538,39.4085],[-77.4539,39.4084],[-77.4539,39.4082],[-77.454,39.4081],[-77.454,39.408],[-77.4539,39.408],[-77.4539,39.4078],[-77.4538,39.4077],[-77.4538,39.4076],[-77.4537,39.4075],[-77.4537,39.4074],[-77.4536,39.4073],[-77.4535,39.4073],[-77.4534,39.4072],[-77.4533,39.4071],[-77.4532,39.407],[-77.4531,39.407],[-77.453,39.4069],[-77.4529,39.4069],[-77.4528,39.4068],[-77.4526,39.4068],[-77.4525,39.4067],[-77.4512,39.4065],[-77.4509,39.4064],[-77.4508,39.4064],[-77.4507,39.4063],[-77.4506,39.4063],[-77.4502,39.4061],[-77.4501,39.4061],[-77.45,39.4061],[-77.4498,39.406],[-77.4497,39.406],[-77.4487,39.4059],[-77.4486,39.4059],[-77.4485,39.4058],[-77.4484,39.4058],[-77.4481,39.4058],[-77.4481,39.4059]]]]}},{"type":"Feature","properties":{"name":"Little League Baseball Complex","Location":"Community Park"},"geometry":{"type":"Polygon","coordinates":[[[-77.6099,39.3148],[-77.6093,39.315],[-77.6093,39.3151],[-77.6093,39.3152],[-77.6094,39.3152],[-77.6094,39.3153],[-77.6095,39.3153],[-77.6096,39.3154],[-77.6097,39.3154],[-77.6097,39.3155],[-77.6098,39.3155],[-77.6104,39.3159],[-77.6105,39.3159],[-77.6105,39.316],[-77.6106,39.316],[-77.6107,39.316],[-77.6107,39.3161],[-77.6108,39.3161],[-77.6108,39.3162],[-77.6109,39.3162],[-77.6109,39.3163],[-77.6109,39.3164],[-77.611,39.3164],[-77.611,39.3165],[-77.611,39.3166],[-77.6111,39.3166],[-77.6111,39.3167],[-77.6114,39.3165],[-77.6114,39.3164],[-77.6117,39.3155],[-77.6108,39.3153],[-77.6108,39.3152],[-77.6109,39.3147],[-77.6104,39.3146],[-77.6104,39.3147],[-77.61,39.3145],[-77.6097,39.3147],[-77.6099,39.3148]]]}},{"type":"Feature","properties":{"name":"Railroad Park","Location":"Community Park"},"geometry":{"type":"Polygon","coordinates":[[[-77.6272,39.3122],[-77.6278,39.3123],[-77.6284,39.3124],[-77.6284,39.3122],[-77.6278,39.3121],[-77.6273,39.312],[-77.6272,39.3122]]]}},{"type":"Feature","properties":{"name":"Calico Rocks Regional Park","Location":"District Park"},"geometry":{"type":"MultiPolygon","coordinates":[[[[-77.5173,39.2751],[-77.5177,39.2753],[-77.5173,39.2759],[-77.5174,39.2763],[-77.516,39.2787],[-77.5122,39.2848],[-77.5169,39.2866],[-77.5171,39.2862],[-77.5176,39.2855],[-77.5196,39.2827],[-77.5197,39.2827],[-77.5197,39.2826],[-77.5197,39.2825],[-77.5198,39.2825],[-77.5198,39.2824],[-77.5199,39.2823],[-77.5199,39.2822],[-77.52,39.2822],[-77.52,39.2821],[-77.52,39.282],[-77.5201,39.282],[-77.5201,39.2819],[-77.5201,39.2818],[-77.5202,39.2817],[-77.5202,39.2816],[-77.5202,39.2815],[-77.5203,39.2815],[-77.5207,39.2802],[-77.5207,39.2801],[-77.5208,39.2801],[-77.5208,39.28],[-77.5208,39.2799],[-77.5209,39.2799],[-77.5209,39.2798],[-77.5209,39.2797],[-77.521,39.2796],[-77.521,39.2795],[-77.5211,39.2794],[-77.5211,39.2793],[-77.5212,39.2792],[-77.5212,39.2791],[-77.5213,39.2791],[-77.5213,39.279],[-77.5214,39.2789],[-77.5214,39.2788],[-77.5215,39.2788],[-77.5215,39.2787],[-77.5216,39.2787],[-77.5216,39.2786],[-77.5209,39.2773],[-77.5177,39.2759],[-77.5181,39.2752],[-77.5179,39.2751],[-77.5174,39.275],[-77.517,39.275],[-77.5166,39.275],[-77.5151,39.2749],[-77.5151,39.275],[-77.5161,39.2751],[-77.5163,39.2751],[-77.5165,39.2751],[-77.5169,39.2751],[-77.5173,39.2751]]],[[[-77.5164,39.291],[-77.5165,39.2905],[-77.5176,39.2908],[-77.5177,39.2908],[-77.5177,39.2907],[-77.5178,39.2907],[-77.5178,39.2906],[-77.5179,39.2905],[-77.5179,39.2904],[-77.518,39.2903],[-77.518,39.2902],[-77.5181,39.2902],[-77.5181,39.2901],[-77.5182,39.29],[-77.5192,39.2855],[-77.5207,39.283],[-77.5238,39.2845],[-77.5239,39.2843],[-77.5241,39.284],[-77.5242,39.2838],[-77.5243,39.2836],[-77.5245,39.2834],[-77.5246,39.2832],[-77.5246,39.2831],[-77.5247,39.283],[-77.5248,39.2829],[-77.5247,39.2829],[-77.5245,39.2826],[-77.5243,39.2824],[-77.5241,39.2822],[-77.524,39.2821],[-77.5238,39.2819],[-77.5236,39.2817],[-77.5234,39.2815],[-77.5233,39.2814],[-77.5233,39.2813],[-77.5233,39.2812],[-77.5232,39.2811],[-77.5231,39.2809],[-77.523,39.2807],[-77.5229,39.2806],[-77.5227,39.2803],[-77.5225,39.28],[-77.5224,39.2797],[-77.5222,39.2794],[-77.5221,39.2793],[-77.522,39.2791],[-77.5218,39.2787],[-77.5218,39.2788],[-77.5217,39.2788],[-77.5217,39.2789],[-77.5216,39.2789],[-77.5216,39.279],[-77.5215,39.2791],[-77.5215,39.2792],[-77.5214,39.2792],[-77.5214,39.2793],[-77.5214,39.2794],[-77.5213,39.2794],[-77.5213,39.2795],[-77.5213,39.2796],[-77.5212,39.2796],[-77.5212,39.2797],[-77.5212,39.2798],[-77.5211,39.2798],[-77.5211,39.2799],[-77.5211,39.28],[-77.521,39.28],[-77.521,39.2801],[-77.521,39.2802],[-77.521,39.2803],[-77.5205,39.2815],[-77.5205,39.2816],[-77.5204,39.2817],[-77.5204,39.2818],[-77.5204,39.2819],[-77.5203,39.2819],[-77.5203,39.282],[-77.5203,39.2821],[-77.5202,39.2821],[-77.5202,39.2822],[-77.5202,39.2823],[-77.5201,39.2823],[-77.5201,39.2824],[-77.5201,39.2825],[-77.52,39.2825],[-77.52,39.2826],[-77.5199,39.2827],[-77.5199,39.2828],[-77.5198,39.2828],[-77.5178,39.2856],[-77.5173,39.2863],[-77.5159,39.2883],[-77.5149,39.2896],[-77.5144,39.2903],[-77.5164,39.291]]]]}},{"type":"Feature","properties":{"name":"Ballenger Creek Park","Location":"District Park"},"geometry":{"type":"Polygon","coordinates":[[[-77.451,39.3835],[-77.4512,39.3836],[-77.4513,39.3836],[-77.452,39.3838],[-77.4535,39.3841],[-77.4536,39.3841],[-77.455,39.3846],[-77.4551,39.3841],[-77.4566,39.383],[-77.4567,39.3826],[-77.4552,39.3816],[-77.4548,39.3803],[-77.4541,39.3796],[-77.452,39.3794],[-77.4506,39.379],[-77.4504,39.3791],[-77.4473,39.38],[-77.4448,39.3808],[-77.4436,39.3815],[-77.4436,39.3816],[-77.4435,39.3817],[-77.4433,39.3826],[-77.443,39.3839],[-77.4469,39.3862],[-77.4497,39.3844],[-77.451,39.3835]]]}},{"type":"Feature","properties":{"name":"Ballenger Creek Trail","Location":"District Park"},"geometry":{"type":"MultiPolygon","coordinates":[[[[-77.4151,39.3702],[-77.4149,39.3703],[-77.4148,39.3703],[-77.4146,39.3705],[-77.4146,39.3706],[-77.4147,39.3706],[-77.4148,39.3706],[-77.4149,39.3706],[-77.4149,39.3707],[-77.415,39.3707],[-77.4151,39.3707],[-77.4152,39.3707],[-77.4153,39.3705],[-77.4156,39.3703],[-77.4157,39.3701],[-77.4159,39.37],[-77.4163,39.3701],[-77.4173,39.3699],[-77.4176,39.3698],[-77.4177,39.3697],[-77.418,39.3695],[-77.4181,39.3692],[-77.4182,39.369],[-77.4178,39.3688],[-77.4177,39.3688],[-77.4171,39.3686],[-77.4167,39.3695],[-77.4165,39.3697],[-77.4163,39.3697],[-77.4162,39.3697],[-77.416,39.3697],[-77.4159,39.3697],[-77.4158,39.3697],[-77.4157,39.3696],[-77.4155,39.3696],[-77.4153,39.3698],[-77.4153,39.37],[-77.4151,39.3702]]],[[[-77.4473,39.3731],[-77.4464,39.3735],[-77.4464,39.3736],[-77.4465,39.3737],[-77.4465,39.3738],[-77.4466,39.374],[-77.4466,39.3741],[-77.4466,39.3742],[-77.4467,39.3744],[-77.4467,39.3745],[-77.4489,39.3749],[-77.4498,39.373],[-77.4495,39.3729],[-77.4491,39.3728],[-77.449,39.3729],[-77.4483,39.3726],[-77.4482,39.3726],[-77.4473,39.3731]]],[[[-77.4204,39.3771],[-77.4207,39.3772],[-77.4208,39.3773],[-77.4207,39.3777],[-77.4206,39.3778],[-77.4205,39.3782],[-77.4205,39.3781],[-77.4206,39.3779],[-77.4206,39.3778],[-77.4207,39.3778],[-77.4207,39.3777],[-77.4208,39.3777],[-77.4209,39.3777],[-77.4209,39.3776],[-77.421,39.3776],[-77.4211,39.3776],[-77.4212,39.3776],[-77.4215,39.3769],[-77.4216,39.377],[-77.4213,39.3776],[-77.4218,39.3775],[-77.4215,39.3769],[-77.4214,39.3767],[-77.4214,39.3766],[-77.4213,39.3765],[-77.4216,39.3761],[-77.4218,39.3762],[-77.4218,39.3761],[-77.4223,39.3756],[-77.4226,39.3752],[-77.4229,39.3748],[-77.4234,39.3751],[-77.4237,39.3744],[-77.4225,39.3741],[-77.4216,39.3735],[-77.4209,39.3733],[-77.4202,39.3735],[-77.42,39.374],[-77.4198,39.374],[-77.4185,39.3735],[-77.4185,39.3734],[-77.4179,39.3731],[-77.4175,39.3727],[-77.4178,39.3719],[-77.4179,39.3712],[-77.4178,39.3712],[-77.4175,39.3711],[-77.4174,39.3706],[-77.4166,39.3708],[-77.4163,39.3709],[-77.4162,39.3709],[-77.4161,39.3709],[-77.416,39.3709],[-77.4159,39.3709],[-77.4158,39.3709],[-77.4158,39.371],[-77.4157,39.371],[-77.4156,39.371],[-77.4155,39.371],[-77.4154,39.371],[-77.4153,39.371],[-77.4154,39.3711],[-77.4153,39.3711],[-77.4152,39.3711],[-77.4151,39.3711],[-77.415,39.3711],[-77.415,39.371],[-77.4149,39.371],[-77.4148,39.371],[-77.4147,39.371],[-77.4146,39.371],[-77.4145,39.3711],[-77.4146,39.3712],[-77.415,39.3714],[-77.4157,39.3715],[-77.416,39.3715],[-77.4163,39.3714],[-77.4163,39.3713],[-77.4164,39.3713],[-77.4165,39.3712],[-77.4173,39.3714],[-77.4174,39.3716],[-77.4173,39.3719],[-77.4171,39.3724],[-77.417,39.3728],[-77.4171,39.3731],[-77.4173,39.3731],[-77.4186,39.3736],[-77.4199,39.3742],[-77.4194,39.3754],[-77.4201,39.3766],[-77.4204,39.3771]]]]}},{"type":"Feature","properties":{"name":"Overlook Park","Location":"District Park"},"geometry":{"type":"MultiPolygon","coordinates":[[[[-77.3621,39.4014],[-77.3621,39.4015],[-77.3621,39.4016],[-77.3621,39.4017],[-77.3621,39.4018],[-77.3621,39.4019],[-77.3621,39.402],[-77.3621,39.4021],[-77.3621,39.4022],[-77.3621,39.4023],[-77.3621,39.4024],[-77.3621,39.4026],[-77.3624,39.4028],[-77.3625,39.4033],[-77.3625,39.4041],[-77.3632,39.4041],[-77.3642,39.4039],[-77.3656,39.4039],[-77.3656,39.4036],[-77.3656,39.4032],[-77.3656,39.4028],[-77.3656,39.4022],[-77.3656,39.4017],[-77.3655,39.4013],[-77.3655,39.4006],[-77.3654,39.4002],[-77.3655,39.3998],[-77.3657,39.3995],[-77.3658,39.3992],[-77.3661,39.3988],[-77.366,39.3988],[-77.3659,39.3988],[-77.3658,39.3988],[-77.3657,39.3988],[-77.3656,39.3988],[-77.3655,39.3988],[-77.3655,39.3989],[-77.3654,39.3989],[-77.3653,39.3989],[-77.3653,39.399],[-77.3652,39.399],[-77.3651,39.399],[-77.365,39.399],[-77.3649,39.399],[-77.3648,39.399],[-77.3647,39.3989],[-77.3646,39.3989],[-77.3645,39.3989],[-77.3644,39.3989],[-77.3643,39.3989],[-77.3643,39.3988],[-77.3642,39.3988],[-77.3641,39.3988],[-77.364,39.3988],[-77.3639,39.3988],[-77.3639,39.3987],[-77.3638,39.3987],[-77.3638,39.399],[-77.3639,39.3991],[-77.3642,39.3992],[-77.3645,39.3993],[-77.3644,39.3995],[-77.3642,39.3998],[-77.3639,39.4001],[-77.3635,39.4006],[-77.3632,39.4011],[-77.3628,39.4011],[-77.3624,39.4011],[-77.3621,39.4011],[-77.3621,39.4014]]],[[[-77.3605,39.4081],[-77.3604,39.4082],[-77.3604,39.4083],[-77.3603,39.4084],[-77.3603,39.4085],[-77.3603,39.4086],[-77.3602,39.4087],[-77.3602,39.4088],[-77.3602,39.4089],[-77.3603,39.4089],[-77.3603,39.409],[-77.3603,39.4091],[-77.3603,39.4092],[-77.3604,39.4096],[-77.3605,39.4095],[-77.3605,39.4093],[-77.3608,39.4088],[-77.3617,39.4075],[-77.3619,39.4075],[-77.363,39.408],[-77.3636,39.4073],[-77.3651,39.4071],[-77.3655,39.4069],[-77.3656,39.4067],[-77.3657,39.4065],[-77.3659,39.4063],[-77.366,39.4061],[-77.3632,39.4065],[-77.3621,39.4062],[-77.3605,39.4081]]]]}},{"type":"Feature","properties":{"name":"Brunswick Swimming Pool","Location":"Community Park"},"geometry":{"type":"Polygon","coordinates":[[[-77.6108,39.3164],[-77.6099,39.3168],[-77.6102,39.3174],[-77.6112,39.3171],[-77.6111,39.317],[-77.611,39.3168],[-77.6109,39.3165],[-77.6108,39.3164]]]}},{"type":"Feature","properties":{"name":"Lions Merryland Park","Location":"Community Park"},"geometry":{"type":"Polygon","coordinates":[[[-77.6136,39.3346],[-77.6129,39.3353],[-77.6132,39.3355],[-77.6135,39.3352],[-77.6136,39.3352],[-77.614,39.3348],[-77.6128,39.3337],[-77.6124,39.3337],[-77.6114,39.3344],[-77.6116,39.3347],[-77.6125,39.3352],[-77.6132,39.3343],[-77.6136,39.3346]]]}},{"type":"Feature","properties":{"name":"Burkittsville Memorial Park","Location":"Neighborhood Park"},"geometry":{"type":"Polygon","coordinates":[[[-77.6251,39.3901],[-77.6246,39.3903],[-77.6251,39.3906],[-77.6257,39.39],[-77.6254,39.3898],[-77.6251,39.3901]]]}},{"type":"Feature","properties":{"name":"Ice Plant Park","Location":"Neighborhood Park"},"geometry":{"type":"Polygon","coordinates":[[[-77.4087,39.6236],[-77.4086,39.6245],[-77.409,39.6247],[-77.409,39.6245],[-77.4092,39.6241],[-77.4091,39.6241],[-77.4094,39.6237],[-77.4092,39.6236],[-77.409,39.6236],[-77.4089,39.6235],[-77.4088,39.6235],[-77.4087,39.6236]]]}},{"type":"Feature","properties":{"name":"East End Park","Location":"Neighborhood Park"},"geometry":{"type":"Polygon","coordinates":[[[-77.3987,39.6167],[-77.3985,39.6167],[-77.3992,39.6175],[-77.3995,39.6174],[-77.3996,39.6174],[-77.3996,39.6173],[-77.3997,39.6173],[-77.3997,39.6172],[-77.3998,39.6172],[-77.3998,39.6171],[-77.3999,39.6171],[-77.3999,39.617],[-77.3999,39.6169],[-77.4,39.6169],[-77.4,39.6168],[-77.4,39.6167],[-77.4,39.6166],[-77.4,39.6165],[-77.3992,39.6156],[-77.3993,39.6155],[-77.3992,39.6155],[-77.3992,39.6154],[-77.3991,39.6154],[-77.3991,39.6153],[-77.3991,39.6152],[-77.399,39.6152],[-77.399,39.6151],[-77.399,39.615],[-77.399,39.6149],[-77.399,39.6148],[-77.399,39.6147],[-77.399,39.6146],[-77.399,39.6145],[-77.3991,39.6145],[-77.3991,39.6144],[-77.3992,39.6143],[-77.3987,39.6141],[-77.3981,39.6148],[-77.3975,39.6145],[-77.3967,39.6153],[-77.3975,39.6165],[-77.3983,39.6162],[-77.3987,39.6167]]]}},{"type":"Feature","properties":{"name":"Orchard Hills Park","Location":"Neighborhood Park"},"geometry":{"type":"Polygon","coordinates":[[[-77.4235,39.6155],[-77.4236,39.6155],[-77.4237,39.6155],[-77.4237,39.6154],[-77.4238,39.6154],[-77.4239,39.6154],[-77.424,39.6154],[-77.4241,39.6154],[-77.4242,39.6155],[-77.4243,39.615],[-77.4244,39.6145],[-77.4234,39.614],[-77.4229,39.614],[-77.4222,39.6141],[-77.422,39.6142],[-77.4217,39.6146],[-77.4222,39.6146],[-77.4227,39.6153],[-77.4229,39.6151],[-77.4229,39.615],[-77.4233,39.6151],[-77.4235,39.6155]]]}},{"type":"Feature","properties":{"name":"Carroll Street Park","Location":"Neighborhood Park"},"geometry":{"type":"Polygon","coordinates":[[[-77.3927,39.6258],[-77.3934,39.6259],[-77.3935,39.6258],[-77.3935,39.6257],[-77.3935,39.6256],[-77.3936,39.6254],[-77.3936,39.6251],[-77.3935,39.6251],[-77.3934,39.6251],[-77.3933,39.6251],[-77.3932,39.6251],[-77.3931,39.6251],[-77.393,39.6251],[-77.3929,39.6251],[-77.3928,39.6251],[-77.3927,39.6251],[-77.3927,39.6252],[-77.3927,39.6253],[-77.3927,39.6254],[-77.3928,39.6254],[-77.3928,39.6255],[-77.3928,39.6256],[-77.3927,39.6258]]]}},{"type":"Feature","properties":{"name":"Taskers Chance Park","Location":"Neighborhood Park"},"geometry":{"type":"Polygon","coordinates":[[[-77.4427,39.4228],[-77.4429,39.4228],[-77.4444,39.4223],[-77.4452,39.4226],[-77.4452,39.4225],[-77.4454,39.4221],[-77.4457,39.4216],[-77.4462,39.4206],[-77.4464,39.4202],[-77.4463,39.4202],[-77.4462,39.4202],[-77.4461,39.4202],[-77.4446,39.4203],[-77.4446,39.4208],[-77.4443,39.4209],[-77.444,39.4213],[-77.4438,39.4212],[-77.4437,39.4214],[-77.4435,39.4214],[-77.4432,39.4218],[-77.443,39.422],[-77.4425,39.4222],[-77.4424,39.4223],[-77.4423,39.4223],[-77.4419,39.4223],[-77.4417,39.4224],[-77.4418,39.4225],[-77.4418,39.4226],[-77.4419,39.4227],[-77.4419,39.4228],[-77.4422,39.4227],[-77.4427,39.4228]]]}},{"type":"Feature","properties":{"name":"Baker Park","Location":"Community Park"},"geometry":{"type":"MultiPolygon","coordinates":[[[[-77.4231,39.4164],[-77.423,39.4164],[-77.423,39.4165],[-77.423,39.4166],[-77.4229,39.4166],[-77.4229,39.4167],[-77.4228,39.4167],[-77.4228,39.4168],[-77.4228,39.4169],[-77.4227,39.4169],[-77.4227,39.417],[-77.4227,39.4171],[-77.4227,39.4172],[-77.4226,39.4172],[-77.4226,39.4173],[-77.4232,39.4173],[-77.4232,39.4174],[-77.4233,39.4174],[-77.4234,39.4174],[-77.4235,39.4174],[-77.4235,39.4175],[-77.4236,39.4175],[-77.4237,39.4175],[-77.4237,39.4176],[-77.4238,39.4176],[-77.4241,39.4178],[-77.4242,39.4178],[-77.4242,39.4179],[-77.4243,39.4179],[-77.4243,39.418],[-77.4244,39.418],[-77.4244,39.4181],[-77.4245,39.4181],[-77.4245,39.4182],[-77.4246,39.4182],[-77.4246,39.4183],[-77.4247,39.4183],[-77.4248,39.4184],[-77.4248,39.4185],[-77.4249,39.4185],[-77.4256,39.4193],[-77.4259,39.4195],[-77.4259,39.4196],[-77.426,39.4196],[-77.426,39.4197],[-77.426,39.4198],[-77.4261,39.4198],[-77.4264,39.4212],[-77.4265,39.4212],[-77.4272,39.4211],[-77.4273,39.4211],[-77.4274,39.4211],[-77.4275,39.4211],[-77.4275,39.421],[-77.4276,39.421],[-77.4277,39.421],[-77.4278,39.4209],[-77.4279,39.4209],[-77.4279,39.4208],[-77.4279,39.4207],[-77.4278,39.4207],[-77.4278,39.4206],[-77.4277,39.4206],[-77.4277,39.4205],[-77.4276,39.4205],[-77.4276,39.4204],[-77.4272,39.4198],[-77.4272,39.4197],[-77.4271,39.4197],[-77.4271,39.4196],[-77.4271,39.4195],[-77.427,39.4193],[-77.427,39.4192],[-77.427,39.4191],[-77.4269,39.4191],[-77.4269,39.419],[-77.4257,39.418],[-77.4259,39.4179],[-77.4237,39.4158],[-77.4231,39.4164]]],[[[-77.4149,39.4165],[-77.415,39.4165],[-77.415,39.4166],[-77.4151,39.4166],[-77.4151,39.4168],[-77.4181,39.417],[-77.4182,39.4156],[-77.4183,39.4152],[-77.4183,39.415],[-77.4166,39.4151],[-77.4158,39.4151],[-77.4157,39.4151],[-77.4156,39.4151],[-77.4155,39.4151],[-77.4154,39.4151],[-77.4153,39.4151],[-77.4152,39.4151],[-77.4149,39.415],[-77.4148,39.4153],[-77.4142,39.4165],[-77.4145,39.4166],[-77.4145,39.4165],[-77.4146,39.4166],[-77.4147,39.4165],[-77.4149,39.4165]]],[[[-77.4208,39.4149],[-77.4185,39.415],[-77.4185,39.4152],[-77.4184,39.4156],[-77.4184,39.4161],[-77.4229,39.4164],[-77.4233,39.4158],[-77.4234,39.4158],[-77.4234,39.4157],[-77.4234,39.4156],[-77.4234,39.4155],[-77.4234,39.4154],[-77.4233,39.4154],[-77.4233,39.4153],[-77.4233,39.4152],[-77.4232,39.4152],[-77.4231,39.4151],[-77.423,39.4151],[-77.4229,39.4151],[-77.4229,39.415],[-77.4228,39.415],[-77.4227,39.415],[-77.4226,39.415],[-77.4225,39.4149],[-77.4224,39.4149],[-77.4223,39.4149],[-77.4222,39.4149],[-77.4221,39.4149],[-77.422,39.4149],[-77.4219,39.4149],[-77.4218,39.4149],[-77.4217,39.4149],[-77.4208,39.4149]]],[[[-77.4281,39.421],[-77.428,39.421],[-77.4279,39.4211],[-77.4278,39.4211],[-77.4277,39.4211],[-77.4277,39.4212],[-77.4276,39.4212],[-77.4275,39.4212],[-77.4274,39.4212],[-77.4273,39.4212],[-77.4273,39.4213],[-77.4265,39.4214],[-77.4267,39.4223],[-77.4268,39.4227],[-77.4268,39.4228],[-77.4268,39.4229],[-77.4268,39.423],[-77.4268,39.4231],[-77.4268,39.4232],[-77.4276,39.4236],[-77.4275,39.4239],[-77.4276,39.424],[-77.4285,39.4234],[-77.4285,39.4233],[-77.429,39.423],[-77.4277,39.4217],[-77.4284,39.4213],[-77.4281,39.421]]]]}},{"type":"Feature","properties":{"name":"Loats Park","Location":"Community Park"},"geometry":{"type":"Polygon","coordinates":[[[-77.4127,39.3998],[-77.4126,39.3998],[-77.4126,39.3999],[-77.4125,39.3999],[-77.4125,39.4],[-77.4124,39.4],[-77.4124,39.4001],[-77.4123,39.4002],[-77.4123,39.4003],[-77.4122,39.4003],[-77.4122,39.4004],[-77.4122,39.4005],[-77.4121,39.4005],[-77.4121,39.4006],[-77.4121,39.4007],[-77.4121,39.4008],[-77.412,39.4008],[-77.412,39.4009],[-77.4119,39.4016],[-77.4119,39.4017],[-77.4119,39.4018],[-77.4118,39.4018],[-77.4118,39.4019],[-77.4118,39.402],[-77.4117,39.402],[-77.4118,39.402],[-77.412,39.4017],[-77.4121,39.4015],[-77.4121,39.4011],[-77.4122,39.4008],[-77.4122,39.4005],[-77.4124,39.4002],[-77.4125,39.4],[-77.4127,39.3998]]]}},{"type":"Feature","properties":{"name":"Harry Grove Stadium","Location":"Community Park"},"geometry":{"type":"Polygon","coordinates":[[[-77.4126,39.4038],[-77.4132,39.404],[-77.4124,39.4052],[-77.413,39.4051],[-77.4151,39.4019],[-77.4152,39.4019],[-77.4152,39.4018],[-77.4153,39.4018],[-77.4153,39.4017],[-77.4154,39.4017],[-77.4154,39.4016],[-77.4155,39.4016],[-77.4155,39.4015],[-77.4162,39.401],[-77.4154,39.401],[-77.4154,39.4007],[-77.414,39.4006],[-77.4144,39.3992],[-77.4144,39.3991],[-77.4137,39.3993],[-77.4136,39.3993],[-77.4136,39.3994],[-77.4135,39.3994],[-77.4134,39.3994],[-77.4133,39.3994],[-77.4133,39.3995],[-77.4132,39.3995],[-77.4131,39.3995],[-77.4131,39.3996],[-77.413,39.3996],[-77.4129,39.3996],[-77.4129,39.3997],[-77.4128,39.3997],[-77.4128,39.3998],[-77.4127,39.3998],[-77.4126,39.3998],[-77.4126,39.3999],[-77.4125,39.3999],[-77.4125,39.4],[-77.4124,39.4],[-77.4124,39.4001],[-77.4123,39.4002],[-77.4123,39.4003],[-77.4122,39.4003],[-77.4122,39.4004],[-77.4122,39.4005],[-77.4121,39.4005],[-77.4121,39.4006],[-77.4121,39.4007],[-77.4121,39.4008],[-77.412,39.4008],[-77.412,39.4009],[-77.4119,39.4016],[-77.4119,39.4017],[-77.4119,39.4018],[-77.4118,39.4018],[-77.4118,39.4019],[-77.4118,39.402],[-77.4117,39.402],[-77.4117,39.4021],[-77.4116,39.4021],[-77.4116,39.4022],[-77.4115,39.4022],[-77.4115,39.4023],[-77.4114,39.4023],[-77.4113,39.4023],[-77.4113,39.4024],[-77.4112,39.4024],[-77.4111,39.4024],[-77.4111,39.4025],[-77.411,39.4025],[-77.4108,39.4025],[-77.411,39.403],[-77.4111,39.4032],[-77.4113,39.404],[-77.4122,39.4038],[-77.4126,39.4038]]]}},{"type":"Feature","properties":{"name":"Lucas Village Park","Location":"Neighborhood Park"},"geometry":{"type":"Polygon","coordinates":[[[-77.4018,39.4103],[-77.4005,39.4098],[-77.4002,39.4105],[-77.4011,39.4109],[-77.4009,39.4113],[-77.4019,39.4114],[-77.4019,39.4111],[-77.402,39.4111],[-77.4021,39.411],[-77.4015,39.4108],[-77.4018,39.4103]]]}},{"type":"Feature","properties":{"name":"Carroll Creek Linear Park","Location":"Community Park"},"geometry":{"type":"MultiPolygon","coordinates":[[[[-77.4058,39.4129],[-77.406,39.4129],[-77.4064,39.4128],[-77.4066,39.4128],[-77.4067,39.4128],[-77.4071,39.4129],[-77.4073,39.4129],[-77.4078,39.4129],[-77.4078,39.4127],[-77.4078,39.4125],[-77.4074,39.4125],[-77.4073,39.4125],[-77.4071,39.4125],[-77.4068,39.4125],[-77.4059,39.4125],[-77.4058,39.4128],[-77.4058,39.4129]]],[[[-77.4119,39.4125],[-77.4116,39.4125],[-77.4113,39.4125],[-77.4113,39.4126],[-77.4113,39.4127],[-77.4113,39.4128],[-77.4112,39.4129],[-77.4113,39.4129],[-77.4114,39.4129],[-77.4115,39.4129],[-77.4116,39.4129],[-77.4117,39.4129],[-77.4118,39.4128],[-77.4119,39.4128],[-77.412,39.4128],[-77.4121,39.4128],[-77.4122,39.4128],[-77.4123,39.4128],[-77.4123,39.4127],[-77.4123,39.4126],[-77.4124,39.4126],[-77.4124,39.4125],[-77.4123,39.4124],[-77.4122,39.4124],[-77.4122,39.4125],[-77.4121,39.4125],[-77.4121,39.4124],[-77.4119,39.4125]]],[[[-77.4094,39.413],[-77.4097,39.413],[-77.41,39.413],[-77.4102,39.413],[-77.4105,39.413],[-77.4106,39.413],[-77.4107,39.413],[-77.4108,39.413],[-77.4109,39.413],[-77.411,39.413],[-77.411,39.4128],[-77.4111,39.4127],[-77.4111,39.4126],[-77.411,39.4126],[-77.4107,39.4126],[-77.4106,39.4126],[-77.4105,39.4126],[-77.4104,39.4126],[-77.4097,39.4126],[-77.4093,39.4126],[-77.4092,39.4126],[-77.408,39.4125],[-77.408,39.4127],[-77.4079,39.4129],[-77.4083,39.4129],[-77.4084,39.4129],[-77.4085,39.4129],[-77.4086,39.4129],[-77.4086,39.413],[-77.4087,39.413],[-77.4092,39.413],[-77.4093,39.413],[-77.4094,39.413]]],[[[-77.4013,39.4131],[-77.4012,39.4131],[-77.4012,39.4132],[-77.4011,39.4132],[-77.4011,39.4133],[-77.401,39.4133],[-77.4009,39.4135],[-77.401,39.4135],[-77.4011,39.4135],[-77.4012,39.4135],[-77.4014,39.4135],[-77.4014,39.4134],[-77.4015,39.4134],[-77.4015,39.4133],[-77.4016,39.4133],[-77.4016,39.4132],[-77.4017,39.4132],[-77.4018,39.4132],[-77.4019,39.4132],[-77.4019,39.4131],[-77.402,39.4131],[-77.4021,39.4131],[-77.4022,39.4131],[-77.4023,39.4131],[-77.4024,39.4131],[-77.4028,39.4131],[-77.403,39.4131],[-77.4031,39.4131],[-77.4032,39.4131],[-77.4033,39.4131],[-77.4034,39.4131],[-77.4036,39.4131],[-77.4042,39.413],[-77.4043,39.413],[-77.4044,39.413],[-77.4045,39.413],[-77.4046,39.413],[-77.4047,39.413],[-77.4048,39.413],[-77.4049,39.413],[-77.4052,39.413],[-77.4054,39.4129],[-77.4055,39.4129],[-77.4057,39.4125],[-77.4056,39.4125],[-77.4055,39.4125],[-77.4049,39.4127],[-77.4048,39.4125],[-77.4048,39.4127],[-77.4047,39.4127],[-77.4045,39.4127],[-77.4044,39.4127],[-77.4043,39.4127],[-77.4041,39.4127],[-77.404,39.4127],[-77.4039,39.4128],[-77.4038,39.4128],[-77.4036,39.4128],[-77.4036,39.4127],[-77.4034,39.4127],[-77.4033,39.4128],[-77.403,39.4128],[-77.403,39.4127],[-77.4022,39.4128],[-77.4021,39.4128],[-77.402,39.4128],[-77.4019,39.4128],[-77.4018,39.4128],[-77.4017,39.4128],[-77.4017,39.4129],[-77.4016,39.4129],[-77.4015,39.4129],[-77.4014,39.413],[-77.4013,39.413],[-77.4013,39.4131]]],[[[-77.3975,39.4157],[-77.398,39.4159],[-77.398,39.416],[-77.3981,39.416],[-77.3982,39.416],[-77.3982,39.4161],[-77.3983,39.4161],[-77.3984,39.4162],[-77.3985,39.4162],[-77.3985,39.4163],[-77.3986,39.4163],[-77.3986,39.4164],[-77.3981,39.4158],[-77.3982,39.4157],[-77.3993,39.4151],[-77.3994,39.4151],[-77.3996,39.415],[-77.3997,39.415],[-77.3998,39.415],[-77.3998,39.4149],[-77.3999,39.4149],[-77.4,39.4149],[-77.4,39.4148],[-77.4001,39.4148],[-77.4002,39.4148],[-77.4002,39.4147],[-77.4003,39.4147],[-77.4003,39.4146],[-77.4004,39.4146],[-77.4004,39.4145],[-77.401,39.414],[-77.4012,39.4138],[-77.4013,39.4137],[-77.4011,39.4137],[-77.4007,39.4136],[-77.4007,39.4137],[-77.4006,39.4137],[-77.4006,39.4138],[-77.4005,39.4138],[-77.3999,39.4143],[-77.3998,39.4143],[-77.3998,39.4144],[-77.3997,39.4144],[-77.3996,39.4144],[-77.3996,39.4145],[-77.3995,39.4145],[-77.3994,39.4145],[-77.3989,39.4147],[-77.3976,39.4154],[-77.3974,39.4154],[-77.3972,39.4154],[-77.3968,39.4153],[-77.3975,39.4157]]]]}},{"type":"Feature","properties":{"name":"Jug Bridge Park","Location":"Community Park"},"geometry":{"type":"Polygon","coordinates":[[[-77.384,39.4053],[-77.3841,39.4051],[-77.3839,39.4048],[-77.3834,39.4047],[-77.3823,39.4045],[-77.3839,39.4053],[-77.384,39.4053]]]}},{"type":"Feature","properties":{"name":"Monocacy Village Park","Location":"Neighborhood Park"},"geometry":{"type":"Polygon","coordinates":[[[-77.4029,39.4298],[-77.4031,39.4281],[-77.403,39.4281],[-77.403,39.428],[-77.4029,39.428],[-77.4019,39.4281],[-77.402,39.4285],[-77.4017,39.4285],[-77.4013,39.4285],[-77.4011,39.4285],[-77.4008,39.4285],[-77.4005,39.4286],[-77.4003,39.4286],[-77.4,39.4286],[-77.4,39.4289],[-77.3998,39.4289],[-77.3998,39.4286],[-77.3991,39.4286],[-77.3988,39.4286],[-77.3986,39.4286],[-77.3984,39.4286],[-77.3982,39.4286],[-77.3979,39.4286],[-77.3979,39.4288],[-77.3979,39.4289],[-77.3979,39.4295],[-77.3986,39.4295],[-77.3987,39.4295],[-77.3994,39.4295],[-77.4021,39.4295],[-77.4022,39.4295],[-77.4021,39.4295],[-77.4029,39.4298]]]}},{"type":"Feature","properties":{"name":"Rivercrest Park","Location":"Neighborhood Park"},"geometry":{"type":"Polygon","coordinates":[[[-77.3979,39.4288],[-77.3977,39.4288],[-77.3976,39.4288],[-77.3975,39.4288],[-77.3974,39.4288],[-77.3972,39.4289],[-77.3967,39.429],[-77.3965,39.4291],[-77.3963,39.4291],[-77.3959,39.429],[-77.3958,39.4291],[-77.3957,39.4291],[-77.3956,39.4291],[-77.3954,39.4291],[-77.3953,39.4292],[-77.3952,39.4292],[-77.3951,39.4293],[-77.395,39.4293],[-77.3949,39.4293],[-77.3947,39.4292],[-77.3946,39.4292],[-77.3945,39.4292],[-77.3944,39.4292],[-77.3943,39.4292],[-77.3942,39.4292],[-77.3937,39.4296],[-77.3935,39.4297],[-77.3934,39.4298],[-77.3933,39.4299],[-77.3932,39.4299],[-77.393,39.43],[-77.3924,39.4301],[-77.3922,39.4302],[-77.3915,39.4304],[-77.3925,39.4302],[-77.3949,39.4295],[-77.3965,39.4295],[-77.3979,39.4295],[-77.3979,39.4289],[-77.3979,39.4288]]]}},{"type":"Feature","properties":{"name":"Parkland","Location":"Neighborhood Park"},"geometry":{"type":"MultiPolygon","coordinates":[[[[-77.4345,39.4297],[-77.4349,39.4304],[-77.4349,39.4305],[-77.4352,39.4309],[-77.4363,39.4302],[-77.4367,39.4293],[-77.4364,39.4293],[-77.4361,39.4293],[-77.4355,39.4293],[-77.4348,39.429],[-77.4339,39.4288],[-77.4336,39.4284],[-77.4334,39.4282],[-77.4331,39.4278],[-77.4328,39.428],[-77.4329,39.4281],[-77.433,39.428],[-77.433,39.4281],[-77.4329,39.4281],[-77.4333,39.4287],[-77.4334,39.4289],[-77.4337,39.4293],[-77.4339,39.4297],[-77.434,39.4298],[-77.4344,39.4297],[-77.4345,39.4297]]],[[[-77.4314,39.4264],[-77.4316,39.4262],[-77.4317,39.4262],[-77.4318,39.4262],[-77.4321,39.4259],[-77.4317,39.4256],[-77.4317,39.4255],[-77.4316,39.4255],[-77.4315,39.4254],[-77.4314,39.4254],[-77.4312,39.4254],[-77.4311,39.4253],[-77.4308,39.4251],[-77.4305,39.425],[-77.4306,39.425],[-77.4304,39.425],[-77.4299,39.4249],[-77.4298,39.4247],[-77.4295,39.4237],[-77.4294,39.4237],[-77.4293,39.4237],[-77.4293,39.4238],[-77.4291,39.4247],[-77.429,39.425],[-77.429,39.4251],[-77.429,39.4252],[-77.429,39.4253],[-77.429,39.4254],[-77.4291,39.4254],[-77.4291,39.4255],[-77.4292,39.4255],[-77.4292,39.4256],[-77.43,39.4261],[-77.4302,39.4258],[-77.4305,39.426],[-77.4307,39.4259],[-77.4314,39.4264]]],[[[-77.4316,39.4264],[-77.4321,39.427],[-77.4325,39.4275],[-77.4326,39.4277],[-77.4327,39.4278],[-77.4331,39.4276],[-77.4332,39.4276],[-77.4333,39.4276],[-77.4333,39.4275],[-77.4334,39.4275],[-77.4335,39.4275],[-77.4327,39.4266],[-77.4325,39.4264],[-77.4322,39.4261],[-77.4316,39.4264]]]]}},{"type":"Feature","properties":{"name":"Amber Meadows Park","Location":"Neighborhood Park"},"geometry":{"type":"MultiPolygon","coordinates":[[[[-77.41,39.4496],[-77.4102,39.4498],[-77.4103,39.45],[-77.4105,39.4501],[-77.4105,39.4502],[-77.4106,39.4503],[-77.4107,39.4504],[-77.4119,39.4497],[-77.4118,39.4497],[-77.4118,39.4496],[-77.4118,39.4495],[-77.4118,39.4494],[-77.4117,39.4489],[-77.4116,39.4489],[-77.4115,39.4489],[-77.4114,39.4489],[-77.4113,39.4489],[-77.4112,39.4489],[-77.4112,39.449],[-77.4111,39.449],[-77.411,39.449],[-77.4109,39.449],[-77.4109,39.4491],[-77.4108,39.4491],[-77.4107,39.4491],[-77.4107,39.4492],[-77.41,39.4496]]],[[[-77.4094,39.449],[-77.4095,39.4491],[-77.4097,39.4493],[-77.4098,39.4494],[-77.4105,39.449],[-77.4106,39.449],[-77.4106,39.4489],[-77.4107,39.4489],[-77.4104,39.4489],[-77.4104,39.4488],[-77.4099,39.4488],[-77.4095,39.4488],[-77.4093,39.4488],[-77.4094,39.449]]]]}},{"type":"Feature","properties":{"name":"Greenleaf Park","Location":"Neighborhood Park"},"geometry":{"type":"Polygon","coordinates":[[[-77.4447,39.4481],[-77.4448,39.4483],[-77.4448,39.4485],[-77.4449,39.4488],[-77.4451,39.4488],[-77.4451,39.4487],[-77.445,39.4487],[-77.4449,39.4483],[-77.4455,39.4482],[-77.4455,39.4481],[-77.4456,39.4481],[-77.4457,39.4481],[-77.4458,39.4485],[-77.4461,39.4484],[-77.4463,39.4484],[-77.4465,39.4483],[-77.4467,39.4481],[-77.4466,39.4481],[-77.4466,39.448],[-77.4465,39.448],[-77.4465,39.4479],[-77.4464,39.4479],[-77.4464,39.4478],[-77.4463,39.4477],[-77.4463,39.4476],[-77.4462,39.4476],[-77.4462,39.4475],[-77.4462,39.4474],[-77.4461,39.4474],[-77.4461,39.4473],[-77.4461,39.4472],[-77.4461,39.4471],[-77.446,39.4465],[-77.4459,39.4464],[-77.4458,39.4464],[-77.4457,39.4464],[-77.4441,39.4464],[-77.4444,39.4472],[-77.4445,39.4476],[-77.4446,39.4477],[-77.4446,39.4479],[-77.4447,39.4481]]]}},{"type":"Feature","properties":{"name":"David Lane Park","Location":"Neighborhood Park"},"geometry":{"type":"Polygon","coordinates":[[[-77.4513,39.414],[-77.4514,39.414],[-77.4514,39.4141],[-77.4515,39.4141],[-77.4515,39.4142],[-77.4516,39.4143],[-77.4516,39.4144],[-77.4517,39.4144],[-77.4517,39.4145],[-77.4518,39.4145],[-77.4521,39.4144],[-77.4523,39.4144],[-77.4524,39.4144],[-77.4528,39.4143],[-77.4528,39.4139],[-77.4528,39.4138],[-77.4526,39.4135],[-77.4525,39.4135],[-77.4524,39.4135],[-77.4523,39.4135],[-77.4521,39.4136],[-77.452,39.4137],[-77.4517,39.4138],[-77.4513,39.414]]]}},{"type":"Feature","properties":{"name":"Elm Street Pocket Park","Location":"Neighborhood Park"},"geometry":{"type":"Polygon","coordinates":[[[-77.5475,39.4439],[-77.5477,39.4439],[-77.5477,39.4438],[-77.5475,39.4438],[-77.5475,39.4439]]]}},{"type":"Feature","properties":{"name":"Hollow Creek Park","Location":"Neighborhood Park"},"geometry":{"type":"Polygon","coordinates":[[[-77.5144,39.445],[-77.5145,39.445],[-77.5147,39.4451],[-77.515,39.4451],[-77.5152,39.4452],[-77.5154,39.4453],[-77.5155,39.4453],[-77.5164,39.4452],[-77.5165,39.4452],[-77.5166,39.4451],[-77.5171,39.4451],[-77.5173,39.445],[-77.5169,39.4437],[-77.5166,39.4434],[-77.5168,39.4432],[-77.517,39.4421],[-77.5161,39.4415],[-77.516,39.4415],[-77.516,39.4416],[-77.516,39.4417],[-77.5159,39.4417],[-77.5159,39.4418],[-77.5159,39.4419],[-77.5159,39.442],[-77.5159,39.4421],[-77.5158,39.4421],[-77.5158,39.4422],[-77.5158,39.4423],[-77.5157,39.4424],[-77.5157,39.4425],[-77.5156,39.4425],[-77.5155,39.4427],[-77.5151,39.4432],[-77.5151,39.4433],[-77.515,39.4433],[-77.5148,39.4436],[-77.5148,39.4437],[-77.5147,39.4438],[-77.5147,39.4439],[-77.5146,39.444],[-77.5146,39.4441],[-77.5146,39.4442],[-77.5145,39.4442],[-77.5145,39.4443],[-77.5145,39.4444],[-77.5145,39.4445],[-77.5145,39.4446],[-77.5144,39.445]]]}},{"type":"Feature","properties":{"name":"Foxfield Linear Park","Location":"Neighborhood Park"},"geometry":{"type":"Polygon","coordinates":[[[-77.5197,39.4508],[-77.5201,39.4509],[-77.52,39.4506],[-77.5199,39.4502],[-77.5198,39.45],[-77.5198,39.4498],[-77.5198,39.4497],[-77.5205,39.4496],[-77.5197,39.4497],[-77.5196,39.4496],[-77.5195,39.4494],[-77.5193,39.4493],[-77.5192,39.4491],[-77.5191,39.449],[-77.5189,39.4488],[-77.5188,39.4487],[-77.5187,39.4486],[-77.5187,39.4485],[-77.5185,39.4484],[-77.5184,39.4483],[-77.5182,39.4482],[-77.5181,39.4481],[-77.5179,39.448],[-77.5178,39.4479],[-77.5176,39.4478],[-77.5174,39.4477],[-77.5172,39.4475],[-77.517,39.4474],[-77.5165,39.4471],[-77.5161,39.4469],[-77.5159,39.4467],[-77.5158,39.4465],[-77.5155,39.4462],[-77.5153,39.4459],[-77.5149,39.4454],[-77.5144,39.4455],[-77.5143,39.4455],[-77.5143,39.4456],[-77.5143,39.4457],[-77.5143,39.4458],[-77.5142,39.4458],[-77.5142,39.4459],[-77.5142,39.446],[-77.5142,39.4461],[-77.5141,39.4461],[-77.5141,39.4462],[-77.5141,39.4463],[-77.5141,39.4464],[-77.514,39.4465],[-77.5139,39.4468],[-77.5139,39.4469],[-77.5139,39.447],[-77.5138,39.447],[-77.5138,39.4471],[-77.5138,39.4472],[-77.5146,39.4474],[-77.515,39.4476],[-77.5179,39.4487],[-77.5194,39.4496],[-77.5197,39.4508]]]}},{"type":"Feature","properties":{"name":"Jefferson Village Park","Location":"Neighborhood Park"},"geometry":{"type":"Polygon","coordinates":[[[-77.549,39.4407],[-77.5489,39.4407],[-77.5488,39.4407],[-77.5487,39.4407],[-77.5487,39.4408],[-77.5486,39.4408],[-77.5486,39.4409],[-77.5487,39.4413],[-77.5487,39.4414],[-77.5487,39.4415],[-77.5487,39.4416],[-77.5487,39.4417],[-77.5487,39.4418],[-77.5486,39.4418],[-77.5486,39.4419],[-77.5486,39.442],[-77.5486,39.4421],[-77.5486,39.4423],[-77.5487,39.4423],[-77.549,39.4423],[-77.5491,39.4423],[-77.5494,39.4412],[-77.5494,39.4411],[-77.5495,39.4411],[-77.5495,39.441],[-77.5495,39.4409],[-77.5495,39.4408],[-77.5494,39.4408],[-77.5494,39.4407],[-77.5492,39.4407],[-77.5491,39.4407],[-77.549,39.4407]]]}},{"type":"Feature","properties":{"name":"Middletown Memorial Park","Location":"Neighborhood Park"},"geometry":{"type":"Polygon","coordinates":[[[-77.5447,39.4391],[-77.5444,39.4393],[-77.5442,39.4394],[-77.5436,39.4397],[-77.5437,39.4398],[-77.5437,39.4399],[-77.5438,39.4399],[-77.5438,39.44],[-77.5439,39.44],[-77.5439,39.4401],[-77.544,39.4401],[-77.544,39.4402],[-77.5441,39.4402],[-77.5441,39.4403],[-77.5442,39.4403],[-77.5442,39.4404],[-77.5443,39.4404],[-77.5443,39.4405],[-77.5444,39.4405],[-77.5454,39.4412],[-77.5451,39.4391],[-77.545,39.4391],[-77.545,39.439],[-77.5447,39.4391]]]}},{"type":"Feature","properties":{"name":"Silo Hill Park","Location":"Neighborhood Park"},"geometry":{"type":"Polygon","coordinates":[[[-77.3189,39.7043],[-77.3189,39.7044],[-77.319,39.7047],[-77.319,39.705],[-77.3191,39.7052],[-77.3191,39.7057],[-77.3192,39.7059],[-77.3192,39.7061],[-77.3192,39.7063],[-77.3192,39.7064],[-77.3193,39.7068],[-77.3191,39.7068],[-77.3186,39.7068],[-77.3184,39.7068],[-77.3184,39.7069],[-77.3184,39.707],[-77.3184,39.7071],[-77.3185,39.7071],[-77.3194,39.7071],[-77.3195,39.7071],[-77.321,39.7068],[-77.3206,39.7062],[-77.3199,39.7052],[-77.3191,39.704],[-77.3189,39.7043]]]}},{"type":"Feature","properties":{"name":"Middletown Watershed","Location":"Natural Resource"},"geometry":{"type":"Polygon","coordinates":[[[-77.5012,39.4622],[-77.5031,39.4628],[-77.5038,39.4625],[-77.5038,39.4622],[-77.5035,39.4619],[-77.5031,39.4603],[-77.5025,39.4602],[-77.5025,39.459],[-77.5032,39.459],[-77.5033,39.4576],[-77.5025,39.4575],[-77.5025,39.4576],[-77.5025,39.4577],[-77.5024,39.4577],[-77.5024,39.4578],[-77.5023,39.4579],[-77.5023,39.458],[-77.5022,39.4581],[-77.4999,39.4581],[-77.4991,39.4593],[-77.4992,39.4593],[-77.5023,39.4593],[-77.5015,39.4614],[-77.5015,39.4615],[-77.5012,39.4622]]]}},{"type":"Feature","properties":{"name":"Middletown Watershed","Location":"Natural Resource"},"geometry":{"type":"Polygon","coordinates":[[[-77.5007,39.4701],[-77.5025,39.4702],[-77.5028,39.4694],[-77.5043,39.4696],[-77.5042,39.4686],[-77.5042,39.4678],[-77.5018,39.4673],[-77.5018,39.4681],[-77.5013,39.4691],[-77.5007,39.4701]]]}},{"type":"Feature","properties":{"name":"Middletown Watershed","Location":"Natural Resource"},"geometry":{"type":"Polygon","coordinates":[[[-77.509,39.4945],[-77.5089,39.4946],[-77.5084,39.4952],[-77.5126,39.497],[-77.5132,39.4972],[-77.5139,39.4975],[-77.514,39.4964],[-77.5134,39.4961],[-77.5118,39.4952],[-77.5115,39.4944],[-77.51,39.494],[-77.509,39.4945]]]}},{"type":"Feature","properties":{"name":"Middletown Watershed","Location":"Natural Resource"},"geometry":{"type":"Polygon","coordinates":[[[-77.5069,39.4996],[-77.5069,39.4995],[-77.507,39.4995],[-77.507,39.4994],[-77.5077,39.499],[-77.5078,39.499],[-77.5078,39.4989],[-77.5079,39.4989],[-77.508,39.4989],[-77.5081,39.4988],[-77.5082,39.4988],[-77.5083,39.4988],[-77.5088,39.4989],[-77.5089,39.4989],[-77.509,39.4989],[-77.5091,39.4989],[-77.5092,39.4989],[-77.5093,39.4989],[-77.5098,39.4988],[-77.5098,39.4987],[-77.5099,39.4987],[-77.51,39.4987],[-77.5101,39.4987],[-77.5102,39.4987],[-77.5102,39.4988],[-77.5104,39.4983],[-77.5112,39.4977],[-77.512,39.4976],[-77.5122,39.4975],[-77.5126,39.4974],[-77.5126,39.497],[-77.5084,39.4952],[-77.5082,39.4954],[-77.5078,39.4958],[-77.5076,39.4964],[-77.5073,39.4979],[-77.5069,39.4996]]]}},{"type":"Feature","properties":{"name":"Middletown Watershed","Location":"Natural Resource"},"geometry":{"type":"Polygon","coordinates":[[[-77.5418,39.49],[-77.5418,39.4878],[-77.5392,39.4878],[-77.5392,39.49],[-77.5418,39.49]]]}},{"type":"Feature","properties":{"name":"Creagerstown Park","Location":"Neighborhood Park"},"geometry":{"type":"Polygon","coordinates":[[[-77.3539,39.5666],[-77.3539,39.5667],[-77.354,39.5667],[-77.354,39.5668],[-77.3541,39.5668],[-77.3544,39.5667],[-77.3541,39.5664],[-77.3531,39.5655],[-77.3529,39.5652],[-77.3525,39.5648],[-77.3522,39.5646],[-77.3523,39.5645],[-77.3521,39.5642],[-77.3516,39.5636],[-77.3515,39.5636],[-77.3515,39.5637],[-77.351,39.5637],[-77.3507,39.5637],[-77.3508,39.5637],[-77.3508,39.5638],[-77.3508,39.5639],[-77.3509,39.5639],[-77.3509,39.564],[-77.351,39.564],[-77.351,39.5641],[-77.3526,39.5654],[-77.3527,39.5655],[-77.3528,39.5656],[-77.3529,39.5656],[-77.3529,39.5657],[-77.353,39.5658],[-77.3531,39.5659],[-77.3531,39.566],[-77.3532,39.566],[-77.3532,39.5661],[-77.3533,39.5661],[-77.3534,39.5662],[-77.3539,39.5666]]]}},{"type":"Feature","properties":{"name":"Fountain Rock Park & Nature Center","Location":"Community Park"},"geometry":{"type":"Polygon","coordinates":[[[-77.3653,39.4762],[-77.3652,39.4762],[-77.3651,39.4763],[-77.365,39.4763],[-77.365,39.4764],[-77.3649,39.4764],[-77.3654,39.4765],[-77.3668,39.4766],[-77.371,39.4769],[-77.3711,39.4769],[-77.3712,39.4769],[-77.3713,39.4769],[-77.3715,39.4766],[-77.3718,39.4764],[-77.372,39.4763],[-77.372,39.4761],[-77.372,39.476],[-77.3703,39.4761],[-77.3702,39.4759],[-77.3702,39.4758],[-77.3701,39.4758],[-77.3699,39.4753],[-77.3699,39.4752],[-77.3711,39.475],[-77.3718,39.4748],[-77.3718,39.4747],[-77.3717,39.4741],[-77.3716,39.4741],[-77.3696,39.4747],[-77.3683,39.475],[-77.3682,39.475],[-77.3681,39.475],[-77.368,39.4751],[-77.3679,39.4751],[-77.3678,39.4751],[-77.3678,39.4752],[-77.3677,39.4752],[-77.3676,39.4752],[-77.3675,39.4752],[-77.3674,39.4753],[-77.3673,39.4753],[-77.3672,39.4753],[-77.3671,39.4754],[-77.367,39.4754],[-77.3669,39.4755],[-77.3668,39.4755],[-77.3667,39.4755],[-77.3666,39.4756],[-77.3665,39.4756],[-77.3664,39.4756],[-77.3664,39.4757],[-77.3663,39.4757],[-77.3662,39.4757],[-77.3662,39.4758],[-77.3661,39.4758],[-77.366,39.4758],[-77.366,39.4759],[-77.3659,39.4759],[-77.3658,39.4759],[-77.3657,39.476],[-77.3656,39.476],[-77.3655,39.4761],[-77.3654,39.4761],[-77.3653,39.4762]]]}},{"type":"Feature","properties":{"name":"Robin Meadows Park","Location":"Community Park"},"geometry":{"type":"Polygon","coordinates":[[[-77.4309,39.3756],[-77.4316,39.3761],[-77.432,39.3763],[-77.4322,39.3764],[-77.4323,39.3748],[-77.4316,39.3739],[-77.4314,39.3738],[-77.4312,39.3737],[-77.4308,39.3736],[-77.4306,39.3735],[-77.4305,39.3732],[-77.4304,39.373],[-77.4302,39.3729],[-77.4296,39.3728],[-77.4294,39.3728],[-77.4292,39.3726],[-77.429,39.3721],[-77.429,39.3717],[-77.4293,39.3712],[-77.4287,39.371],[-77.4286,39.371],[-77.4285,39.371],[-77.4284,39.3709],[-77.4283,39.3709],[-77.4282,39.3709],[-77.4282,39.3708],[-77.4281,39.3708],[-77.428,39.3707],[-77.4279,39.3707],[-77.4279,39.3706],[-77.4278,39.3706],[-77.4277,39.3705],[-77.4275,39.3705],[-77.427,39.3709],[-77.4259,39.3717],[-77.4258,39.3717],[-77.4258,39.3718],[-77.4257,39.3718],[-77.4257,39.3719],[-77.4256,39.3719],[-77.4256,39.372],[-77.4255,39.372],[-77.4254,39.3721],[-77.4253,39.3722],[-77.4252,39.3723],[-77.4252,39.3724],[-77.4251,39.3724],[-77.4251,39.3725],[-77.425,39.3725],[-77.425,39.3726],[-77.4249,39.3726],[-77.4249,39.3727],[-77.4248,39.3728],[-77.4251,39.3728],[-77.4264,39.3729],[-77.4265,39.3729],[-77.4276,39.3728],[-77.429,39.3732],[-77.4306,39.374],[-77.4308,39.3741],[-77.431,39.3743],[-77.431,39.3753],[-77.4309,39.3756]]]}},{"type":"Feature","properties":{"name":"Kingsbrook Park","Location":"Community Park"},"geometry":{"type":"MultiPolygon","coordinates":[[[[-77.4238,39.3799],[-77.4238,39.38],[-77.4239,39.3801],[-77.424,39.3803],[-77.4241,39.3804],[-77.4244,39.3807],[-77.4244,39.3805],[-77.4244,39.3803],[-77.4244,39.3801],[-77.4243,39.38],[-77.4247,39.3799],[-77.4248,39.3799],[-77.4249,39.3799],[-77.4248,39.3798],[-77.4247,39.3795],[-77.4249,39.3794],[-77.4252,39.3793],[-77.4251,39.3791],[-77.425,39.3789],[-77.4255,39.3789],[-77.4255,39.3788],[-77.4256,39.3787],[-77.4256,39.3786],[-77.4256,39.3785],[-77.4256,39.3784],[-77.4257,39.3784],[-77.4257,39.3783],[-77.4257,39.3782],[-77.4258,39.3782],[-77.4258,39.3781],[-77.4257,39.3781],[-77.4252,39.3778],[-77.4251,39.3778],[-77.425,39.3778],[-77.4247,39.3777],[-77.4247,39.3776],[-77.4249,39.3773],[-77.4248,39.3771],[-77.4252,39.3767],[-77.4252,39.3765],[-77.425,39.3763],[-77.425,39.3762],[-77.4255,39.3756],[-77.4258,39.3751],[-77.4258,39.3746],[-77.426,39.3745],[-77.4262,39.3743],[-77.4265,39.374],[-77.4267,39.374],[-77.4269,39.3739],[-77.4271,39.374],[-77.4274,39.3742],[-77.4277,39.3743],[-77.4282,39.3744],[-77.4284,39.3744],[-77.4285,39.3744],[-77.4287,39.3745],[-77.4288,39.3745],[-77.4292,39.3745],[-77.4299,39.3746],[-77.43,39.3747],[-77.43,39.3748],[-77.43,39.3749],[-77.4301,39.3751],[-77.4303,39.3754],[-77.4304,39.3756],[-77.4305,39.3757],[-77.4305,39.3758],[-77.4304,39.376],[-77.4304,39.3761],[-77.4303,39.3762],[-77.4303,39.3763],[-77.4304,39.3764],[-77.4305,39.3765],[-77.4314,39.3769],[-77.4318,39.377],[-77.432,39.3771],[-77.4321,39.3771],[-77.4321,39.3768],[-77.4322,39.3767],[-77.4322,39.3766],[-77.4322,39.3764],[-77.4321,39.3764],[-77.4316,39.3761],[-77.4309,39.3756],[-77.431,39.3753],[-77.431,39.3743],[-77.4308,39.3741],[-77.4306,39.374],[-77.429,39.3732],[-77.4276,39.3728],[-77.4265,39.3729],[-77.4264,39.3729],[-77.4251,39.3728],[-77.425,39.3736],[-77.4249,39.3739],[-77.4248,39.3743],[-77.4248,39.3747],[-77.4245,39.3753],[-77.4244,39.3755],[-77.4241,39.3761],[-77.4237,39.3766],[-77.4236,39.3771],[-77.4234,39.3772],[-77.4232,39.3773],[-77.4229,39.3774],[-77.4228,39.3773],[-77.4227,39.3773],[-77.4225,39.3772],[-77.4225,39.3773],[-77.4224,39.3773],[-77.4224,39.3774],[-77.4223,39.3774],[-77.4223,39.3775],[-77.4222,39.3775],[-77.4221,39.3776],[-77.422,39.3776],[-77.4219,39.3776],[-77.4219,39.3777],[-77.4218,39.3777],[-77.4217,39.3779],[-77.4217,39.3781],[-77.422,39.3783],[-77.422,39.3784],[-77.4221,39.3783],[-77.4225,39.3783],[-77.4227,39.3785],[-77.4229,39.3787],[-77.4231,39.3787],[-77.4233,39.3787],[-77.4236,39.3785],[-77.4238,39.3785],[-77.4241,39.3785],[-77.4241,39.3786],[-77.4242,39.3787],[-77.4242,39.3788],[-77.4236,39.3795],[-77.4235,39.3796],[-77.4235,39.3797],[-77.4236,39.3797],[-77.4236,39.3798],[-77.4237,39.3798],[-77.4237,39.3799],[-77.4238,39.3799]]],[[[-77.426,39.3782],[-77.4259,39.3782],[-77.4259,39.3783],[-77.4259,39.3784],[-77.4258,39.3784],[-77.4258,39.3785],[-77.4259,39.3785],[-77.426,39.3786],[-77.4262,39.3787],[-77.4266,39.3789],[-77.4267,39.379],[-77.4269,39.3791],[-77.4271,39.3793],[-77.4274,39.3795],[-77.4275,39.3795],[-77.4276,39.3796],[-77.4277,39.3797],[-77.4278,39.3797],[-77.4278,39.3798],[-77.4279,39.3799],[-77.4279,39.38],[-77.4279,39.3801],[-77.4277,39.3803],[-77.4275,39.3805],[-77.4273,39.3808],[-77.4273,39.381],[-77.4273,39.3812],[-77.4275,39.3814],[-77.4276,39.3815],[-77.4277,39.3815],[-77.4278,39.3815],[-77.4279,39.3815],[-77.428,39.3815],[-77.4281,39.3815],[-77.428,39.3815],[-77.428,39.3814],[-77.4279,39.3813],[-77.4277,39.3811],[-77.4276,39.381],[-77.4276,39.3808],[-77.4277,39.3807],[-77.4279,39.3805],[-77.4281,39.3803],[-77.4282,39.3802],[-77.4282,39.3801],[-77.4282,39.38],[-77.4281,39.3796],[-77.428,39.3796],[-77.4277,39.3793],[-77.4277,39.3792],[-77.4276,39.3791],[-77.4274,39.3788],[-77.4272,39.3788],[-77.427,39.3786],[-77.4268,39.3784],[-77.4266,39.3783],[-77.4264,39.3783],[-77.4262,39.3783],[-77.426,39.3782]]],[[[-77.4218,39.3838],[-77.4219,39.3839],[-77.4219,39.384],[-77.422,39.384],[-77.4221,39.3839],[-77.4221,39.3836],[-77.4222,39.3834],[-77.4223,39.3834],[-77.4224,39.3832],[-77.4225,39.3831],[-77.4226,39.3829],[-77.4227,39.3827],[-77.4228,39.3825],[-77.4229,39.3823],[-77.423,39.3822],[-77.423,39.3821],[-77.4231,39.3821],[-77.4232,39.3819],[-77.4233,39.3817],[-77.4234,39.3816],[-77.4236,39.3814],[-77.4237,39.3812],[-77.424,39.3809],[-77.4239,39.3808],[-77.4238,39.3806],[-77.4239,39.3806],[-77.4238,39.3805],[-77.4237,39.3803],[-77.4236,39.3805],[-77.4235,39.3807],[-77.4234,39.3811],[-77.4232,39.3815],[-77.4229,39.3818],[-77.4225,39.3824],[-77.4224,39.3826],[-77.4223,39.3829],[-77.4222,39.383],[-77.4218,39.3833],[-77.4217,39.3833],[-77.4218,39.3835],[-77.4218,39.3836],[-77.4218,39.3838]]],[[[-77.4277,39.3849],[-77.4277,39.3851],[-77.4278,39.3851],[-77.4279,39.3851],[-77.428,39.3851],[-77.4281,39.3847],[-77.4281,39.3846],[-77.428,39.3846],[-77.4281,39.3844],[-77.4281,39.3843],[-77.4281,39.3842],[-77.4281,39.3841],[-77.4282,39.3839],[-77.4282,39.3837],[-77.4282,39.3835],[-77.4282,39.3833],[-77.4282,39.3831],[-77.4283,39.3829],[-77.4284,39.3827],[-77.4282,39.3818],[-77.4281,39.3818],[-77.428,39.3818],[-77.4279,39.3818],[-77.4279,39.3817],[-77.4278,39.3817],[-77.4277,39.3817],[-77.4276,39.3817],[-77.4276,39.3818],[-77.4277,39.3818],[-77.4277,39.3819],[-77.4279,39.382],[-77.428,39.3821],[-77.428,39.3823],[-77.428,39.3824],[-77.428,39.3826],[-77.428,39.3828],[-77.428,39.383],[-77.428,39.3831],[-77.428,39.3833],[-77.428,39.3834],[-77.428,39.3836],[-77.4279,39.3838],[-77.4279,39.384],[-77.4279,39.3842],[-77.4279,39.3843],[-77.4279,39.3844],[-77.4279,39.3845],[-77.4279,39.3846],[-77.4279,39.3847],[-77.4278,39.3848],[-77.4277,39.3849]]]]}},{"type":"Feature","properties":{"name":"Libertytown Park","Location":"Community Park"},"geometry":{"type":"Polygon","coordinates":[[[-77.2367,39.4812],[-77.2361,39.4817],[-77.2354,39.4822],[-77.2355,39.4827],[-77.2357,39.4843],[-77.2367,39.4847],[-77.237,39.4844],[-77.2381,39.4843],[-77.2384,39.4843],[-77.2388,39.4842],[-77.239,39.4842],[-77.2392,39.4842],[-77.2392,39.4841],[-77.2392,39.4838],[-77.2392,39.4837],[-77.2392,39.4834],[-77.2391,39.4832],[-77.2391,39.483],[-77.2391,39.4828],[-77.2401,39.4827],[-77.2401,39.4826],[-77.2401,39.4825],[-77.2401,39.4824],[-77.2401,39.4823],[-77.2402,39.4823],[-77.2402,39.4822],[-77.2402,39.4821],[-77.2402,39.482],[-77.2403,39.482],[-77.2403,39.4819],[-77.2404,39.4819],[-77.2404,39.4818],[-77.2405,39.4818],[-77.2405,39.4817],[-77.2406,39.4817],[-77.2406,39.4816],[-77.2407,39.4816],[-77.2407,39.4815],[-77.2408,39.4815],[-77.2409,39.4814],[-77.241,39.4814],[-77.241,39.4813],[-77.2411,39.4813],[-77.2412,39.4812],[-77.2421,39.4806],[-77.2423,39.4805],[-77.2424,39.4805],[-77.2424,39.4804],[-77.2425,39.4804],[-77.2426,39.4803],[-77.2427,39.4803],[-77.2427,39.4802],[-77.2428,39.4802],[-77.2428,39.4801],[-77.2429,39.4801],[-77.2429,39.48],[-77.243,39.48],[-77.243,39.4799],[-77.2431,39.4799],[-77.2431,39.4798],[-77.2432,39.4798],[-77.2432,39.4797],[-77.2433,39.4796],[-77.2433,39.4795],[-77.2434,39.4795],[-77.2434,39.4794],[-77.2434,39.4793],[-77.2435,39.4793],[-77.2435,39.4792],[-77.2435,39.4791],[-77.2432,39.479],[-77.2428,39.479],[-77.2423,39.4789],[-77.2428,39.4785],[-77.243,39.4774],[-77.2409,39.4779],[-77.2397,39.4772],[-77.2393,39.4778],[-77.2334,39.4735],[-77.2333,39.4734],[-77.2333,39.4735],[-77.2333,39.4736],[-77.2332,39.4738],[-77.2329,39.4746],[-77.2327,39.4753],[-77.2326,39.4754],[-77.2326,39.4755],[-77.2326,39.4756],[-77.2326,39.4757],[-77.2325,39.4757],[-77.2325,39.4758],[-77.2324,39.476],[-77.2353,39.4767],[-77.2379,39.4791],[-77.2371,39.4799],[-77.2368,39.4804],[-77.2367,39.4812]]]}},{"type":"Feature","properties":{"name":"Urbana Park","Location":"Community Park"},"geometry":{"type":"Polygon","coordinates":[[[-77.3628,39.3276],[-77.3644,39.3263],[-77.365,39.3258],[-77.3645,39.3256],[-77.3639,39.3255],[-77.3634,39.3253],[-77.3589,39.3292],[-77.36,39.33],[-77.3601,39.33],[-77.3602,39.33],[-77.3613,39.329],[-77.3613,39.3289],[-77.3622,39.3282],[-77.3622,39.3281],[-77.3627,39.3277],[-77.3628,39.3276]]]}},{"type":"Feature","properties":{"name":"Urbana Park II","Location":"Community Park"},"geometry":{"type":"Polygon","coordinates":[[[-77.3303,39.3366],[-77.3303,39.3367],[-77.3302,39.3368],[-77.3301,39.3369],[-77.33,39.337],[-77.3299,39.337],[-77.3299,39.3371],[-77.3298,39.3372],[-77.3297,39.3373],[-77.3296,39.3373],[-77.3295,39.3374],[-77.3294,39.3375],[-77.3293,39.3375],[-77.3317,39.3381],[-77.3336,39.3379],[-77.3342,39.3368],[-77.332,39.3352],[-77.331,39.336],[-77.3308,39.3362],[-77.3306,39.3364],[-77.3304,39.3366],[-77.3303,39.3366]]]}},{"type":"Feature","properties":{"name":"Ballenger Crossing Property","Location":"Community Park"},"geometry":{"type":"MultiPolygon","coordinates":[[[[-77.4353,39.3825],[-77.4352,39.3825],[-77.4351,39.3825],[-77.435,39.3825],[-77.435,39.3826],[-77.435,39.3827],[-77.435,39.3828],[-77.4349,39.3829],[-77.435,39.383],[-77.435,39.3832],[-77.4351,39.3834],[-77.4352,39.3836],[-77.4352,39.3838],[-77.4351,39.384],[-77.4351,39.3841],[-77.4352,39.3843],[-77.4352,39.3845],[-77.4353,39.3846],[-77.4354,39.3848],[-77.4355,39.3849],[-77.4356,39.3851],[-77.4357,39.3853],[-77.4358,39.3855],[-77.4367,39.3855],[-77.4368,39.3855],[-77.4369,39.3855],[-77.4379,39.3855],[-77.4379,39.3854],[-77.4379,39.3852],[-77.4377,39.3852],[-77.4374,39.3851],[-77.4372,39.385],[-77.4369,39.3846],[-77.4368,39.3843],[-77.4368,39.384],[-77.4367,39.3839],[-77.4366,39.3837],[-77.4366,39.3835],[-77.4363,39.3834],[-77.4364,39.3833],[-77.4364,39.3832],[-77.4363,39.383],[-77.4363,39.3827],[-77.4363,39.3825],[-77.4355,39.3825],[-77.4354,39.3825],[-77.4353,39.3825]]],[[[-77.4363,39.381],[-77.4363,39.3811],[-77.4362,39.3811],[-77.4361,39.3813],[-77.436,39.3814],[-77.436,39.3816],[-77.4358,39.3817],[-77.4356,39.3818],[-77.4356,39.382],[-77.4358,39.3821],[-77.4357,39.3823],[-77.4359,39.3823],[-77.436,39.3823],[-77.4362,39.3823],[-77.4363,39.3823],[-77.4364,39.3821],[-77.4364,39.382],[-77.4364,39.3817],[-77.4366,39.3817],[-77.4363,39.3816],[-77.4367,39.381],[-77.4368,39.381],[-77.4371,39.3806],[-77.4376,39.3806],[-77.4376,39.3805],[-77.437,39.3805],[-77.4369,39.3805],[-77.4367,39.3805],[-77.4366,39.3809],[-77.4357,39.3808],[-77.4357,39.3809],[-77.4364,39.381],[-77.4363,39.381]]]]}},{"type":"Feature","properties":{"name":"Monocacy National Battlefield","Location":"National Park"},"geometry":{"type":"MultiPolygon","coordinates":[[[[-77.3896,39.3558],[-77.3904,39.3562],[-77.3905,39.3563],[-77.3903,39.3565],[-77.3905,39.3566],[-77.3913,39.3557],[-77.3901,39.3552],[-77.3896,39.3558]]],[[[-77.3867,39.3608],[-77.3868,39.3608],[-77.3871,39.3613],[-77.3875,39.3612],[-77.3874,39.3611],[-77.3873,39.361],[-77.3872,39.3609],[-77.3872,39.3608],[-77.3871,39.3608],[-77.3871,39.3607],[-77.3867,39.3608]]],[[[-77.3913,39.3744],[-77.3915,39.3744],[-77.3915,39.3745],[-77.3916,39.3745],[-77.3917,39.3748],[-77.3918,39.3748],[-77.3918,39.3749],[-77.3918,39.375],[-77.3919,39.375],[-77.3919,39.3751],[-77.392,39.3752],[-77.392,39.3753],[-77.3921,39.3753],[-77.3921,39.3754],[-77.3922,39.3754],[-77.3922,39.3755],[-77.3923,39.3756],[-77.3924,39.3757],[-77.3925,39.3758],[-77.3926,39.3759],[-77.3927,39.376],[-77.3939,39.377],[-77.3939,39.3771],[-77.394,39.3771],[-77.394,39.3772],[-77.3941,39.3772],[-77.3941,39.3773],[-77.3942,39.3773],[-77.3942,39.3774],[-77.3943,39.3774],[-77.3943,39.3775],[-77.3944,39.3776],[-77.3977,39.3778],[-77.3974,39.3774],[-77.3969,39.3766],[-77.397,39.3766],[-77.397,39.3765],[-77.3972,39.3764],[-77.3981,39.376],[-77.3989,39.3757],[-77.4005,39.3749],[-77.4021,39.3742],[-77.4023,39.3742],[-77.4034,39.3745],[-77.4044,39.3749],[-77.4049,39.375],[-77.4051,39.3751],[-77.4045,39.3738],[-77.4045,39.3737],[-77.4045,39.3736],[-77.4044,39.3735],[-77.4044,39.3734],[-77.4043,39.3733],[-77.4043,39.3732],[-77.4043,39.3731],[-77.4042,39.3731],[-77.4042,39.373],[-77.4042,39.3729],[-77.4041,39.3729],[-77.4041,39.3728],[-77.4041,39.3727],[-77.404,39.3727],[-77.404,39.3726],[-77.404,39.3725],[-77.4039,39.3725],[-77.4039,39.3724],[-77.4039,39.3723],[-77.4038,39.3722],[-77.4038,39.3721],[-77.4037,39.372],[-77.4037,39.3719],[-77.4036,39.3719],[-77.4036,39.3718],[-77.4035,39.3716],[-77.4034,39.3715],[-77.4033,39.3713],[-77.402,39.3691],[-77.4019,39.3689],[-77.4026,39.3687],[-77.4023,39.3681],[-77.4006,39.3651],[-77.4005,39.365],[-77.4008,39.3649],[-77.4014,39.3648],[-77.4022,39.3647],[-77.403,39.3646],[-77.4041,39.3645],[-77.4055,39.3643],[-77.4067,39.364],[-77.4072,39.3639],[-77.4068,39.3635],[-77.4067,39.3634],[-77.4077,39.3631],[-77.4084,39.3628],[-77.4096,39.3623],[-77.4097,39.3622],[-77.4106,39.3615],[-77.4116,39.3603],[-77.4118,39.3595],[-77.4119,39.3583],[-77.4119,39.3579],[-77.4117,39.3578],[-77.4114,39.3577],[-77.4116,39.356],[-77.4116,39.3557],[-77.4114,39.3553],[-77.4113,39.3552],[-77.4109,39.3544],[-77.4077,39.3511],[-77.4074,39.3505],[-77.4072,39.3501],[-77.4071,39.3501],[-77.4077,39.3495],[-77.4081,39.3491],[-77.4082,39.349],[-77.4068,39.3484],[-77.4009,39.346],[-77.3999,39.3457],[-77.3998,39.3456],[-77.3998,39.3457],[-77.3997,39.3458],[-77.398,39.3476],[-77.3977,39.3479],[-77.3975,39.3482],[-77.3973,39.3485],[-77.3964,39.3501],[-77.3963,39.3502],[-77.3962,39.3504],[-77.3961,39.3506],[-77.3959,39.3508],[-77.3958,39.3509],[-77.3956,39.3508],[-77.3946,39.3504],[-77.3965,39.3485],[-77.3948,39.347],[-77.3917,39.3455],[-77.3933,39.3434],[-77.3916,39.3424],[-77.3885,39.3442],[-77.3884,39.345],[-77.389,39.3457],[-77.3914,39.3485],[-77.3918,39.349],[-77.392,39.3493],[-77.3921,39.3493],[-77.3913,39.3497],[-77.3899,39.3504],[-77.3892,39.3503],[-77.3881,39.3509],[-77.3849,39.353],[-77.3859,39.3535],[-77.386,39.3535],[-77.386,39.3534],[-77.3861,39.3535],[-77.387,39.354],[-77.3875,39.3532],[-77.3879,39.3534],[-77.3882,39.3536],[-77.3874,39.3544],[-77.3881,39.3548],[-77.3886,39.3544],[-77.3889,39.3542],[-77.3902,39.3548],[-77.3903,39.3549],[-77.3906,39.355],[-77.3909,39.3547],[-77.3918,39.3551],[-77.3919,39.3552],[-77.3913,39.3559],[-77.3904,39.3568],[-77.3904,39.3569],[-77.3899,39.3575],[-77.3895,39.3578],[-77.389,39.3584],[-77.3884,39.3591],[-77.3878,39.3597],[-77.3877,39.3599],[-77.3875,39.3601],[-77.3874,39.3602],[-77.3874,39.3603],[-77.3873,39.3603],[-77.3873,39.3604],[-77.3872,39.3605],[-77.3872,39.3606],[-77.3873,39.3607],[-77.3873,39.3608],[-77.3874,39.361],[-77.3875,39.3611],[-77.3877,39.3612],[-77.388,39.3615],[-77.3883,39.3618],[-77.3887,39.3621],[-77.3888,39.3622],[-77.3891,39.3624],[-77.3892,39.3624],[-77.3895,39.3627],[-77.3896,39.3628],[-77.3897,39.3629],[-77.3898,39.363],[-77.3899,39.3631],[-77.3899,39.3632],[-77.3899,39.3633],[-77.3899,39.3634],[-77.3898,39.3635],[-77.3897,39.3637],[-77.3892,39.3645],[-77.3891,39.3647],[-77.389,39.3649],[-77.3889,39.3651],[-77.3888,39.3652],[-77.3888,39.3653],[-77.3887,39.3654],[-77.3886,39.3655],[-77.3886,39.3656],[-77.3884,39.3658],[-77.3883,39.366],[-77.3883,39.3661],[-77.3881,39.3662],[-77.3881,39.3661],[-77.3864,39.3627],[-77.3863,39.3627],[-77.3862,39.3626],[-77.386,39.3626],[-77.3852,39.3623],[-77.385,39.3622],[-77.3847,39.3621],[-77.3845,39.362],[-77.3841,39.3618],[-77.3838,39.3622],[-77.3835,39.3621],[-77.3818,39.3639],[-77.3786,39.3673],[-77.3776,39.3669],[-77.3769,39.3666],[-77.3743,39.3657],[-77.3749,39.3663],[-77.3745,39.3668],[-77.3743,39.367],[-77.3744,39.367],[-77.3745,39.367],[-77.3746,39.3671],[-77.3747,39.3671],[-77.3748,39.3671],[-77.3749,39.3671],[-77.3749,39.3672],[-77.375,39.3672],[-77.3751,39.3672],[-77.3752,39.3672],[-77.3755,39.3673],[-77.3758,39.3674],[-77.376,39.3675],[-77.3763,39.3676],[-77.3766,39.3676],[-77.3769,39.3677],[-77.3772,39.3678],[-77.3773,39.3678],[-77.3774,39.3679],[-77.3775,39.3679],[-77.3776,39.3679],[-77.3778,39.368],[-77.3779,39.368],[-77.378,39.368],[-77.3781,39.3681],[-77.3782,39.3681],[-77.3783,39.3681],[-77.3784,39.3681],[-77.3785,39.3682],[-77.3786,39.3682],[-77.3787,39.3682],[-77.3789,39.3683],[-77.379,39.3683],[-77.3791,39.3683],[-77.3792,39.3684],[-77.3793,39.3684],[-77.3795,39.3684],[-77.3796,39.3684],[-77.3797,39.3685],[-77.3798,39.3685],[-77.3799,39.3685],[-77.3801,39.3686],[-77.3802,39.3686],[-77.3803,39.3686],[-77.3804,39.3686],[-77.3805,39.3687],[-77.3806,39.3687],[-77.3807,39.3687],[-77.3808,39.3687],[-77.3809,39.3688],[-77.381,39.3688],[-77.3811,39.3688],[-77.3812,39.3688],[-77.3813,39.3689],[-77.3814,39.3689],[-77.3815,39.3689],[-77.3816,39.369],[-77.3817,39.369],[-77.3818,39.369],[-77.3818,39.3691],[-77.3819,39.3691],[-77.382,39.3691],[-77.3821,39.3692],[-77.3822,39.3692],[-77.3823,39.3693],[-77.3824,39.3693],[-77.3825,39.3694],[-77.3826,39.3694],[-77.383,39.3697],[-77.3832,39.3698],[-77.3833,39.3699],[-77.3835,39.37],[-77.3837,39.3701],[-77.3838,39.3702],[-77.384,39.3703],[-77.3842,39.3704],[-77.3844,39.3705],[-77.3845,39.3706],[-77.3846,39.3707],[-77.3847,39.3707],[-77.3847,39.3708],[-77.3848,39.3708],[-77.3849,39.3708],[-77.3849,39.3709],[-77.385,39.3709],[-77.3851,39.371],[-77.3852,39.371],[-77.3853,39.371],[-77.3853,39.3711],[-77.3854,39.3711],[-77.3855,39.3711],[-77.3855,39.3712],[-77.3856,39.3712],[-77.3857,39.3712],[-77.3858,39.3713],[-77.3859,39.3713],[-77.386,39.3713],[-77.3861,39.3714],[-77.3862,39.3714],[-77.3863,39.3714],[-77.3864,39.3715],[-77.3847,39.3733],[-77.3862,39.374],[-77.387,39.3727],[-77.3874,39.3727],[-77.3878,39.3727],[-77.3879,39.3728],[-77.388,39.3729],[-77.3881,39.373],[-77.3883,39.3731],[-77.3886,39.3733],[-77.389,39.3735],[-77.3894,39.3738],[-77.3897,39.374],[-77.3901,39.3743],[-77.3902,39.3744],[-77.3903,39.3745],[-77.3912,39.3743],[-77.3913,39.3744]]],[[[-77.3795,39.3802],[-77.3797,39.3803],[-77.3803,39.3805],[-77.3818,39.3812],[-77.382,39.3809],[-77.3822,39.3806],[-77.3823,39.3804],[-77.3824,39.3803],[-77.3828,39.3796],[-77.383,39.3794],[-77.382,39.3789],[-77.3816,39.3787],[-77.3814,39.3789],[-77.3806,39.3786],[-77.3795,39.3802]]]]}},{"type":"Feature","properties":{"name":"Catoctin Mountain Park","Location":"National Park"},"geometry":{"type":"MultiPolygon","coordinates":[[[[-77.4211,39.6243],[-77.4213,39.6242],[-77.4217,39.624],[-77.4218,39.624],[-77.4218,39.6239],[-77.4219,39.6239],[-77.4219,39.6238],[-77.422,39.6238],[-77.422,39.6237],[-77.4221,39.6236],[-77.4221,39.6235],[-77.4221,39.6234],[-77.4221,39.6233],[-77.422,39.6232],[-77.4211,39.6243]]],[[[-77.5006,39.6708],[-77.5005,39.6708],[-77.5004,39.6708],[-77.5003,39.6708],[-77.5002,39.6709],[-77.5001,39.6709],[-77.5,39.671],[-77.4999,39.6711],[-77.4998,39.6712],[-77.4997,39.6713],[-77.4996,39.6714],[-77.4995,39.6714],[-77.4995,39.6715],[-77.4996,39.6715],[-77.4997,39.6714],[-77.4999,39.6713],[-77.5,39.6712],[-77.5002,39.6711],[-77.5005,39.6709],[-77.5006,39.6708]]],[[[-77.5019,39.6707],[-77.5018,39.6707],[-77.5016,39.6707],[-77.5013,39.6707],[-77.5012,39.6707],[-77.5011,39.6707],[-77.501,39.6708],[-77.5009,39.6708],[-77.5008,39.6708],[-77.5007,39.6709],[-77.5005,39.6709],[-77.5002,39.6711],[-77.5001,39.6712],[-77.5,39.6713],[-77.4999,39.6714],[-77.4998,39.6714],[-77.4997,39.6715],[-77.4996,39.6716],[-77.5011,39.6725],[-77.5014,39.6727],[-77.5018,39.6722],[-77.5025,39.6715],[-77.5026,39.6707],[-77.5025,39.6707],[-77.5024,39.6707],[-77.5022,39.6707],[-77.5021,39.6707],[-77.5019,39.6707]]],[[[-77.4796,39.6786],[-77.4805,39.679],[-77.4813,39.6791],[-77.4829,39.68],[-77.483,39.68],[-77.483,39.6799],[-77.483,39.6798],[-77.4831,39.6798],[-77.4831,39.6797],[-77.4831,39.6796],[-77.4832,39.6796],[-77.4832,39.6795],[-77.4833,39.6794],[-77.4833,39.6793],[-77.4834,39.6793],[-77.4834,39.6792],[-77.4834,39.6791],[-77.4835,39.679],[-77.4835,39.6789],[-77.4835,39.6788],[-77.4836,39.6787],[-77.4836,39.6786],[-77.4836,39.6785],[-77.4836,39.6784],[-77.4836,39.6783],[-77.4836,39.6782],[-77.4836,39.6781],[-77.4836,39.678],[-77.4837,39.678],[-77.4837,39.6779],[-77.4837,39.6778],[-77.4836,39.6776],[-77.4836,39.6765],[-77.4835,39.6765],[-77.4835,39.6764],[-77.4836,39.6764],[-77.4836,39.6763],[-77.4836,39.6762],[-77.4836,39.6761],[-77.4836,39.676],[-77.4837,39.676],[-77.4837,39.6759],[-77.4838,39.6759],[-77.4838,39.6758],[-77.4839,39.6758],[-77.4839,39.6757],[-77.484,39.6757],[-77.484,39.6756],[-77.4841,39.6756],[-77.4842,39.6756],[-77.4842,39.6755],[-77.4871,39.6744],[-77.4872,39.6744],[-77.4872,39.6743],[-77.4873,39.6743],[-77.4874,39.6743],[-77.4875,39.6743],[-77.4875,39.6742],[-77.4876,39.6742],[-77.4877,39.6742],[-77.4878,39.6742],[-77.4879,39.6742],[-77.488,39.6742],[-77.4881,39.6742],[-77.4927,39.674],[-77.4928,39.674],[-77.4929,39.674],[-77.493,39.674],[-77.4931,39.674],[-77.4932,39.674],[-77.4933,39.674],[-77.4934,39.6739],[-77.4935,39.6739],[-77.4936,39.6739],[-77.4936,39.6738],[-77.4937,39.6738],[-77.4953,39.673],[-77.4954,39.673],[-77.4955,39.6729],[-77.4956,39.6729],[-77.4957,39.6729],[-77.4957,39.6728],[-77.4958,39.6728],[-77.4959,39.6728],[-77.4959,39.6727],[-77.496,39.6727],[-77.4961,39.6727],[-77.4961,39.6726],[-77.4962,39.6726],[-77.4963,39.6726],[-77.4964,39.6726],[-77.4964,39.6725],[-77.4965,39.6725],[-77.4966,39.6725],[-77.4967,39.6724],[-77.4968,39.6724],[-77.4969,39.6724],[-77.497,39.6724],[-77.497,39.6723],[-77.4971,39.6723],[-77.4972,39.6723],[-77.4973,39.6723],[-77.4974,39.6723],[-77.4974,39.6722],[-77.4975,39.6722],[-77.4976,39.6722],[-77.4977,39.6722],[-77.4978,39.6722],[-77.4979,39.6722],[-77.4987,39.672],[-77.4988,39.6719],[-77.4989,39.6719],[-77.4991,39.6718],[-77.4992,39.6717],[-77.4993,39.6716],[-77.4994,39.6715],[-77.4995,39.6714],[-77.4996,39.6713],[-77.4997,39.6713],[-77.4998,39.6712],[-77.4999,39.6711],[-77.4999,39.671],[-77.5,39.6709],[-77.5001,39.6709],[-77.5003,39.6705],[-77.5007,39.6701],[-77.5007,39.67],[-77.5008,39.6699],[-77.5009,39.6698],[-77.501,39.6696],[-77.5012,39.6695],[-77.5013,39.6693],[-77.5018,39.6688],[-77.5019,39.6687],[-77.502,39.6685],[-77.5021,39.6684],[-77.5022,39.6683],[-77.5023,39.6682],[-77.5026,39.668],[-77.5026,39.6679],[-77.5027,39.6679],[-77.5028,39.6678],[-77.5028,39.6677],[-77.5029,39.6676],[-77.503,39.6675],[-77.5031,39.6674],[-77.5032,39.6673],[-77.5033,39.6672],[-77.5034,39.6671],[-77.5036,39.6668],[-77.5037,39.6667],[-77.5036,39.6667],[-77.5037,39.6666],[-77.5037,39.6665],[-77.5038,39.6665],[-77.5038,39.6664],[-77.5038,39.6663],[-77.5039,39.6663],[-77.5039,39.6662],[-77.504,39.6661],[-77.504,39.666],[-77.5041,39.6659],[-77.5041,39.6658],[-77.5041,39.6657],[-77.5042,39.6657],[-77.5042,39.6656],[-77.5042,39.6655],[-77.5042,39.6654],[-77.5043,39.6654],[-77.5043,39.6653],[-77.5043,39.6652],[-77.5043,39.6651],[-77.5043,39.665],[-77.5044,39.665],[-77.5044,39.6649],[-77.5044,39.6648],[-77.5044,39.6647],[-77.5044,39.6646],[-77.5045,39.6645],[-77.5045,39.6644],[-77.5045,39.6643],[-77.5047,39.6632],[-77.5047,39.6631],[-77.5047,39.663],[-77.5046,39.6624],[-77.5043,39.6625],[-77.5024,39.6611],[-77.501,39.6603],[-77.5012,39.6584],[-77.501,39.6583],[-77.501,39.6582],[-77.4981,39.6602],[-77.4958,39.6581],[-77.4946,39.6589],[-77.4943,39.6586],[-77.4938,39.6555],[-77.4953,39.6549],[-77.4968,39.6537],[-77.4944,39.6526],[-77.4932,39.6521],[-77.4923,39.6518],[-77.4911,39.6531],[-77.4923,39.6518],[-77.4958,39.6479],[-77.4958,39.6478],[-77.4957,39.6478],[-77.4957,39.6477],[-77.4957,39.6476],[-77.4957,39.6472],[-77.4956,39.6472],[-77.4955,39.6472],[-77.495,39.6471],[-77.4949,39.647],[-77.4945,39.646],[-77.4941,39.6449],[-77.4939,39.6446],[-77.4936,39.6439],[-77.4935,39.6437],[-77.4933,39.6433],[-77.4922,39.6437],[-77.4918,39.6442],[-77.4911,39.6452],[-77.4894,39.6444],[-77.4893,39.6447],[-77.4885,39.6443],[-77.4887,39.6441],[-77.4876,39.6435],[-77.4872,39.6434],[-77.4865,39.643],[-77.4864,39.643],[-77.4864,39.6429],[-77.4863,39.6429],[-77.4866,39.6427],[-77.4866,39.6426],[-77.4867,39.6426],[-77.4867,39.6425],[-77.4868,39.6425],[-77.4868,39.6424],[-77.4869,39.6424],[-77.487,39.6424],[-77.487,39.6423],[-77.4871,39.6423],[-77.4872,39.6423],[-77.4872,39.6422],[-77.4873,39.6422],[-77.4874,39.6422],[-77.4874,39.6421],[-77.4875,39.6421],[-77.4876,39.6421],[-77.4877,39.642],[-77.4878,39.642],[-77.4881,39.6419],[-77.4882,39.6419],[-77.4883,39.6419],[-77.4848,39.6402],[-77.4829,39.639],[-77.4819,39.6384],[-77.4822,39.6379],[-77.4825,39.6355],[-77.4824,39.6355],[-77.4823,39.6355],[-77.4782,39.6343],[-77.4782,39.6342],[-77.4781,39.6342],[-77.4775,39.634],[-77.4774,39.634],[-77.4769,39.6338],[-77.4768,39.6338],[-77.4767,39.6338],[-77.4767,39.6337],[-77.4766,39.6337],[-77.4765,39.6337],[-77.4764,39.6336],[-77.4763,39.6336],[-77.4762,39.6336],[-77.4762,39.6335],[-77.4761,39.6335],[-77.476,39.6335],[-77.476,39.6334],[-77.4759,39.6334],[-77.4758,39.6334],[-77.4758,39.6333],[-77.4757,39.6333],[-77.4749,39.6329],[-77.4749,39.6328],[-77.4748,39.6328],[-77.4747,39.6328],[-77.4747,39.6327],[-77.4746,39.6327],[-77.4745,39.6327],[-77.4745,39.6326],[-77.4744,39.6326],[-77.4743,39.6326],[-77.4742,39.6326],[-77.4741,39.6325],[-77.4737,39.6325],[-77.4737,39.6324],[-77.4736,39.6324],[-77.4735,39.6324],[-77.4734,39.6324],[-77.4733,39.6324],[-77.4732,39.6324],[-77.4727,39.6325],[-77.4726,39.6325],[-77.4726,39.6326],[-77.4725,39.6326],[-77.4724,39.6326],[-77.4723,39.6326],[-77.4722,39.6326],[-77.4721,39.6326],[-77.4716,39.6326],[-77.4715,39.6326],[-77.4712,39.6326],[-77.4712,39.6327],[-77.4711,39.6327],[-77.471,39.6327],[-77.4709,39.6327],[-77.4708,39.6327],[-77.4708,39.6328],[-77.4707,39.6328],[-77.4707,39.6329],[-77.4706,39.6329],[-77.4705,39.633],[-77.4703,39.6333],[-77.4703,39.6334],[-77.4702,39.6334],[-77.4702,39.6335],[-77.4701,39.6335],[-77.4701,39.6336],[-77.47,39.6336],[-77.4699,39.6337],[-77.4698,39.6337],[-77.4697,39.6338],[-77.4696,39.6338],[-77.4696,39.6339],[-77.4695,39.6339],[-77.4693,39.634],[-77.4692,39.634],[-77.4691,39.634],[-77.469,39.634],[-77.4689,39.634],[-77.4688,39.634],[-77.4687,39.634],[-77.4686,39.634],[-77.4686,39.6339],[-77.4685,39.6339],[-77.4685,39.6338],[-77.4685,39.6337],[-77.4685,39.6328],[-77.4684,39.6328],[-77.4684,39.6325],[-77.4684,39.6324],[-77.4683,39.6324],[-77.4683,39.6323],[-77.4682,39.6323],[-77.4681,39.6323],[-77.4681,39.6322],[-77.4679,39.6322],[-77.4678,39.6322],[-77.4669,39.632],[-77.4668,39.632],[-77.4668,39.6319],[-77.4663,39.6318],[-77.4662,39.6318],[-77.4661,39.6318],[-77.4661,39.6317],[-77.466,39.6317],[-77.4659,39.6317],[-77.4659,39.6316],[-77.4658,39.6316],[-77.4655,39.6314],[-77.4654,39.6314],[-77.4654,39.6313],[-77.4653,39.6313],[-77.4651,39.6312],[-77.465,39.6312],[-77.465,39.6311],[-77.4649,39.6311],[-77.4648,39.6311],[-77.4647,39.6311],[-77.4646,39.6311],[-77.4645,39.6311],[-77.4636,39.631],[-77.4635,39.631],[-77.4634,39.631],[-77.4633,39.631],[-77.4632,39.631],[-77.4631,39.631],[-77.463,39.631],[-77.4629,39.631],[-77.4628,39.631],[-77.4627,39.631],[-77.4626,39.631],[-77.4619,39.6311],[-77.4618,39.6311],[-77.4618,39.6312],[-77.4617,39.6312],[-77.4602,39.6313],[-77.4601,39.6313],[-77.4598,39.6314],[-77.4597,39.6314],[-77.4596,39.6314],[-77.4595,39.6314],[-77.4595,39.6315],[-77.4594,39.6315],[-77.4593,39.6315],[-77.4592,39.6315],[-77.4587,39.6318],[-77.4586,39.6318],[-77.4585,39.6318],[-77.4585,39.6319],[-77.4584,39.6319],[-77.4583,39.6319],[-77.4583,39.632],[-77.4582,39.632],[-77.4581,39.632],[-77.4581,39.6321],[-77.458,39.6321],[-77.4575,39.6325],[-77.4574,39.6325],[-77.4574,39.6326],[-77.4573,39.6326],[-77.4572,39.6326],[-77.4572,39.6327],[-77.4571,39.6327],[-77.457,39.6327],[-77.457,39.6328],[-77.4569,39.6328],[-77.4568,39.6328],[-77.4567,39.6328],[-77.4566,39.6328],[-77.4557,39.6329],[-77.4556,39.6329],[-77.4555,39.633],[-77.4554,39.633],[-77.4553,39.633],[-77.4552,39.633],[-77.4551,39.6331],[-77.455,39.6331],[-77.4547,39.6332],[-77.4547,39.6333],[-77.4546,39.6333],[-77.4545,39.6333],[-77.4544,39.6333],[-77.4544,39.6334],[-77.4543,39.6334],[-77.4542,39.6334],[-77.454,39.6334],[-77.4539,39.6334],[-77.4537,39.6334],[-77.4536,39.6335],[-77.4535,39.6335],[-77.4535,39.6334],[-77.4534,39.6334],[-77.4533,39.6334],[-77.4532,39.6334],[-77.4531,39.6334],[-77.453,39.6333],[-77.4529,39.6333],[-77.4528,39.6333],[-77.4527,39.6333],[-77.4526,39.6333],[-77.4525,39.6333],[-77.4524,39.6333],[-77.4523,39.6333],[-77.4522,39.6333],[-77.4521,39.6333],[-77.452,39.6333],[-77.4519,39.6333],[-77.4508,39.6334],[-77.4508,39.6335],[-77.4507,39.6335],[-77.4506,39.6335],[-77.4505,39.6335],[-77.4504,39.6335],[-77.4503,39.6335],[-77.4502,39.6335],[-77.4501,39.6335],[-77.45,39.6335],[-77.4499,39.6335],[-77.4498,39.6335],[-77.4497,39.6335],[-77.4496,39.6335],[-77.4495,39.6335],[-77.4494,39.6335],[-77.4493,39.6334],[-77.4492,39.6334],[-77.4491,39.6334],[-77.449,39.6334],[-77.449,39.6333],[-77.4489,39.6333],[-77.4488,39.6333],[-77.4487,39.6333],[-77.4487,39.6332],[-77.4486,39.6332],[-77.4485,39.6332],[-77.447,39.6326],[-77.447,39.6325],[-77.4469,39.6325],[-77.4468,39.6325],[-77.4468,39.6324],[-77.4467,39.6324],[-77.4466,39.6324],[-77.4466,39.6323],[-77.4465,39.6323],[-77.4464,39.6323],[-77.4463,39.6322],[-77.4462,39.6322],[-77.4462,39.6321],[-77.4461,39.6321],[-77.446,39.6321],[-77.446,39.632],[-77.4459,39.632],[-77.4458,39.632],[-77.4458,39.6319],[-77.4457,39.6319],[-77.4456,39.6318],[-77.4455,39.6318],[-77.4455,39.6317],[-77.4454,39.6317],[-77.4453,39.6316],[-77.4452,39.6316],[-77.4442,39.6308],[-77.4441,39.6308],[-77.4441,39.6307],[-77.4438,39.6305],[-77.4438,39.6304],[-77.4437,39.6304],[-77.4437,39.6303],[-77.4436,39.6303],[-77.4436,39.6302],[-77.4436,39.6301],[-77.4436,39.63],[-77.4436,39.6299],[-77.4437,39.6298],[-77.4437,39.6297],[-77.444,39.6292],[-77.4445,39.6282],[-77.4445,39.6281],[-77.4446,39.628],[-77.4446,39.6279],[-77.4446,39.6278],[-77.4446,39.6277],[-77.4447,39.6277],[-77.4447,39.6276],[-77.4447,39.6275],[-77.4447,39.6274],[-77.4447,39.6273],[-77.4447,39.6272],[-77.4446,39.6272],[-77.4446,39.6271],[-77.4446,39.627],[-77.4445,39.627],[-77.4444,39.627],[-77.4444,39.6269],[-77.4443,39.6269],[-77.4442,39.6269],[-77.4439,39.6268],[-77.4438,39.6268],[-77.4437,39.6268],[-77.4433,39.6267],[-77.4432,39.6267],[-77.4431,39.6267],[-77.4431,39.6266],[-77.443,39.6266],[-77.4429,39.6266],[-77.4428,39.6266],[-77.4427,39.6266],[-77.4415,39.6264],[-77.4414,39.6264],[-77.4413,39.6264],[-77.4412,39.6264],[-77.4411,39.6264],[-77.4411,39.6263],[-77.441,39.6263],[-77.4408,39.6262],[-77.4407,39.6262],[-77.4407,39.6261],[-77.4406,39.6261],[-77.4405,39.6261],[-77.4404,39.6261],[-77.4403,39.6261],[-77.4402,39.6261],[-77.4396,39.6262],[-77.4395,39.6262],[-77.4394,39.6262],[-77.4393,39.6262],[-77.4392,39.6262],[-77.4391,39.6262],[-77.4388,39.6262],[-77.4387,39.6262],[-77.4386,39.6262],[-77.4385,39.6262],[-77.4384,39.6262],[-77.4383,39.6262],[-77.4382,39.6261],[-77.4381,39.6261],[-77.4378,39.626],[-77.4377,39.626],[-77.4376,39.626],[-77.4376,39.6259],[-77.4375,39.6258],[-77.4375,39.6257],[-77.4375,39.6256],[-77.4377,39.6251],[-77.4377,39.625],[-77.4378,39.625],[-77.4378,39.6249],[-77.4378,39.6248],[-77.4378,39.6247],[-77.4378,39.6246],[-77.4379,39.6246],[-77.4379,39.6245],[-77.4379,39.6241],[-77.438,39.6241],[-77.438,39.624],[-77.438,39.6239],[-77.438,39.6238],[-77.438,39.6237],[-77.4381,39.6237],[-77.4381,39.6236],[-77.4381,39.6235],[-77.4381,39.6234],[-77.4382,39.6234],[-77.4382,39.6233],[-77.4382,39.6232],[-77.4383,39.6232],[-77.4383,39.6231],[-77.4384,39.6229],[-77.4384,39.6228],[-77.4385,39.6228],[-77.4385,39.6227],[-77.4385,39.6226],[-77.4385,39.6225],[-77.4385,39.6224],[-77.4385,39.6223],[-77.4385,39.6222],[-77.4385,39.6221],[-77.4385,39.622],[-77.4385,39.6219],[-77.4384,39.6219],[-77.4384,39.6218],[-77.4384,39.6217],[-77.4383,39.6217],[-77.4383,39.6216],[-77.4381,39.6215],[-77.4381,39.6214],[-77.438,39.6214],[-77.438,39.6213],[-77.4379,39.6213],[-77.4379,39.6212],[-77.4378,39.6212],[-77.4377,39.6212],[-77.4376,39.6212],[-77.4376,39.6211],[-77.4375,39.6211],[-77.4374,39.6211],[-77.4365,39.621],[-77.4364,39.621],[-77.4361,39.6209],[-77.436,39.6209],[-77.4359,39.6209],[-77.4358,39.6209],[-77.4357,39.6209],[-77.4351,39.621],[-77.435,39.621],[-77.4349,39.621],[-77.4348,39.621],[-77.4347,39.621],[-77.4346,39.621],[-77.4345,39.621],[-77.4341,39.6208],[-77.434,39.6208],[-77.4339,39.6208],[-77.4339,39.6207],[-77.4338,39.6207],[-77.4337,39.6207],[-77.4331,39.6205],[-77.433,39.6205],[-77.4329,39.6205],[-77.4329,39.6204],[-77.4323,39.6202],[-77.4322,39.6202],[-77.4321,39.6202],[-77.432,39.6202],[-77.432,39.6201],[-77.4319,39.6201],[-77.4318,39.6201],[-77.4313,39.62],[-77.4312,39.62],[-77.4312,39.6199],[-77.4311,39.6199],[-77.431,39.6199],[-77.4309,39.6199],[-77.4308,39.6206],[-77.4303,39.6244],[-77.4303,39.6246],[-77.4254,39.6236],[-77.4255,39.6232],[-77.4254,39.6232],[-77.4245,39.6224],[-77.4224,39.6232],[-77.4225,39.623],[-77.4223,39.6229],[-77.4222,39.6229],[-77.4222,39.623],[-77.4222,39.6231],[-77.4222,39.6232],[-77.4222,39.6233],[-77.4222,39.6234],[-77.4222,39.6235],[-77.4222,39.6236],[-77.4222,39.6237],[-77.4221,39.6237],[-77.4221,39.6238],[-77.4221,39.6239],[-77.422,39.6239],[-77.422,39.624],[-77.4219,39.624],[-77.4219,39.6241],[-77.4218,39.6241],[-77.4217,39.6242],[-77.421,39.6246],[-77.4211,39.6248],[-77.4217,39.6255],[-77.4236,39.6245],[-77.4241,39.6246],[-77.424,39.6247],[-77.4249,39.6251],[-77.425,39.6251],[-77.4251,39.6251],[-77.4253,39.6251],[-77.4252,39.6257],[-77.4254,39.6257],[-77.4255,39.6257],[-77.4266,39.6259],[-77.4268,39.6259],[-77.4258,39.6277],[-77.4256,39.6277],[-77.4248,39.6276],[-77.4247,39.6279],[-77.4244,39.6283],[-77.4243,39.6284],[-77.4242,39.6286],[-77.4241,39.6287],[-77.4224,39.6285],[-77.4204,39.6308],[-77.4197,39.6308],[-77.4188,39.6322],[-77.4225,39.633],[-77.4226,39.633],[-77.4223,39.634],[-77.4222,39.6342],[-77.423,39.6344],[-77.4231,39.6344],[-77.4228,39.6353],[-77.4225,39.6361],[-77.4212,39.6357],[-77.4209,39.6365],[-77.4246,39.6374],[-77.4242,39.6382],[-77.4236,39.6381],[-77.4233,39.6389],[-77.4208,39.6383],[-77.4175,39.6374],[-77.4175,39.6376],[-77.4176,39.638],[-77.4179,39.6389],[-77.4201,39.6394],[-77.4245,39.6405],[-77.4315,39.6422],[-77.4311,39.6433],[-77.4307,39.6432],[-77.4308,39.6453],[-77.4309,39.6459],[-77.431,39.6481],[-77.4311,39.6493],[-77.4318,39.6496],[-77.4319,39.6496],[-77.4319,39.6497],[-77.432,39.6497],[-77.4321,39.6497],[-77.4322,39.6497],[-77.4323,39.6497],[-77.4324,39.6497],[-77.4325,39.6497],[-77.433,39.6497],[-77.4331,39.6497],[-77.4332,39.6497],[-77.4333,39.6497],[-77.4334,39.6497],[-77.4334,39.6498],[-77.4335,39.6498],[-77.4336,39.6498],[-77.4336,39.6499],[-77.4337,39.6499],[-77.4337,39.65],[-77.434,39.6503],[-77.4344,39.6508],[-77.4344,39.6509],[-77.4345,39.6509],[-77.4345,39.651],[-77.4346,39.651],[-77.4347,39.6511],[-77.4348,39.6511],[-77.4348,39.6512],[-77.4349,39.6512],[-77.435,39.6512],[-77.435,39.6513],[-77.4351,39.6513],[-77.4352,39.6513],[-77.4353,39.6513],[-77.4353,39.6514],[-77.4354,39.6514],[-77.4355,39.6514],[-77.4356,39.6514],[-77.4357,39.6514],[-77.4358,39.6515],[-77.4359,39.6515],[-77.436,39.6515],[-77.4361,39.6515],[-77.4362,39.6515],[-77.4363,39.6516],[-77.4364,39.6516],[-77.4365,39.6516],[-77.4366,39.6516],[-77.4367,39.6516],[-77.4367,39.6517],[-77.4368,39.6517],[-77.4369,39.6517],[-77.437,39.6517],[-77.4371,39.6517],[-77.4371,39.6518],[-77.4372,39.6518],[-77.4373,39.6518],[-77.4374,39.6518],[-77.4374,39.6519],[-77.4375,39.6519],[-77.4376,39.6519],[-77.4376,39.652],[-77.4377,39.652],[-77.4379,39.6513],[-77.438,39.6513],[-77.4381,39.6514],[-77.4382,39.6514],[-77.4383,39.6514],[-77.4384,39.6514],[-77.4384,39.6515],[-77.4385,39.6515],[-77.4386,39.6515],[-77.4387,39.6516],[-77.4388,39.6516],[-77.4389,39.6516],[-77.4389,39.6517],[-77.439,39.6517],[-77.4391,39.6517],[-77.4392,39.6518],[-77.4393,39.6518],[-77.4394,39.6519],[-77.4395,39.6519],[-77.4396,39.6519],[-77.4396,39.652],[-77.4397,39.652],[-77.4398,39.6521],[-77.4399,39.6521],[-77.4399,39.6522],[-77.44,39.6522],[-77.4401,39.6522],[-77.4401,39.6523],[-77.4402,39.6523],[-77.4402,39.6524],[-77.4403,39.6524],[-77.4404,39.6524],[-77.4404,39.6525],[-77.4405,39.6525],[-77.4405,39.6526],[-77.4406,39.6526],[-77.4406,39.6527],[-77.4407,39.6527],[-77.4408,39.6528],[-77.4409,39.6529],[-77.441,39.653],[-77.4411,39.653],[-77.4411,39.6531],[-77.4412,39.6531],[-77.4412,39.6532],[-77.4422,39.6531],[-77.444,39.6527],[-77.445,39.6547],[-77.444,39.6552],[-77.4433,39.6556],[-77.4447,39.6572],[-77.4451,39.6571],[-77.4456,39.6577],[-77.4451,39.658],[-77.4454,39.6584],[-77.4452,39.6587],[-77.4452,39.6588],[-77.4453,39.6588],[-77.4454,39.6588],[-77.4454,39.6589],[-77.4455,39.6589],[-77.4455,39.659],[-77.4456,39.659],[-77.4457,39.6591],[-77.4458,39.6592],[-77.4459,39.6592],[-77.446,39.6593],[-77.4461,39.6594],[-77.4472,39.6602],[-77.4473,39.6603],[-77.4474,39.6603],[-77.4474,39.6604],[-77.4475,39.6604],[-77.4475,39.6605],[-77.4476,39.6605],[-77.4476,39.6606],[-77.4477,39.6606],[-77.4477,39.6607],[-77.4478,39.6607],[-77.4478,39.6608],[-77.4479,39.6608],[-77.4479,39.6609],[-77.448,39.6609],[-77.448,39.661],[-77.4481,39.6611],[-77.4481,39.6612],[-77.4482,39.6612],[-77.4482,39.6613],[-77.4483,39.6614],[-77.4483,39.6615],[-77.4484,39.6615],[-77.4484,39.6616],[-77.4484,39.6617],[-77.4485,39.6617],[-77.4485,39.6618],[-77.4485,39.6619],[-77.4489,39.6627],[-77.449,39.6627],[-77.449,39.6628],[-77.4491,39.6629],[-77.4491,39.663],[-77.4492,39.6631],[-77.4492,39.6632],[-77.4493,39.6632],[-77.4493,39.6633],[-77.4493,39.6634],[-77.4494,39.6634],[-77.4494,39.6635],[-77.4495,39.6635],[-77.4495,39.6636],[-77.4495,39.6637],[-77.4496,39.6637],[-77.4508,39.6634],[-77.4523,39.665],[-77.4529,39.6646],[-77.4543,39.6667],[-77.453,39.6678],[-77.4529,39.6681],[-77.4529,39.6682],[-77.453,39.6682],[-77.453,39.6683],[-77.4531,39.6683],[-77.4531,39.6684],[-77.4532,39.6684],[-77.4532,39.6685],[-77.4533,39.6685],[-77.4533,39.6686],[-77.4534,39.6686],[-77.4534,39.6687],[-77.4534,39.6688],[-77.4535,39.6688],[-77.4535,39.6689],[-77.4536,39.6689],[-77.4536,39.669],[-77.4536,39.6691],[-77.4537,39.6691],[-77.4537,39.6692],[-77.4538,39.6693],[-77.4538,39.6694],[-77.4539,39.6695],[-77.4539,39.6696],[-77.4539,39.6697],[-77.454,39.6697],[-77.454,39.6698],[-77.454,39.6699],[-77.454,39.67],[-77.454,39.6701],[-77.4541,39.6701],[-77.4541,39.6702],[-77.4541,39.6703],[-77.4541,39.6704],[-77.4543,39.6714],[-77.4566,39.6713],[-77.4572,39.6731],[-77.4598,39.6712],[-77.4602,39.6711],[-77.461,39.671],[-77.4617,39.6709],[-77.4629,39.6704],[-77.4621,39.669],[-77.4623,39.6686],[-77.4635,39.6679],[-77.4627,39.6657],[-77.4634,39.6648],[-77.4649,39.6639],[-77.4658,39.6626],[-77.4679,39.6651],[-77.4697,39.6642],[-77.4708,39.6648],[-77.472,39.6654],[-77.4725,39.6656],[-77.473,39.665],[-77.4733,39.6652],[-77.4734,39.6652],[-77.474,39.6655],[-77.4741,39.6655],[-77.4743,39.6658],[-77.476,39.6675],[-77.4779,39.6689],[-77.4778,39.6692],[-77.4777,39.6698],[-77.4776,39.6709],[-77.4775,39.6717],[-77.4781,39.6717],[-77.4804,39.6729],[-77.4808,39.6735],[-77.4812,39.6745],[-77.4788,39.6756],[-77.4778,39.6776],[-77.4774,39.678],[-77.4781,39.6787],[-77.4791,39.678],[-77.4796,39.6786]]],[[[-77.4873,39.686],[-77.4888,39.6868],[-77.4893,39.687],[-77.4899,39.6864],[-77.4916,39.6844],[-77.4898,39.6836],[-77.4912,39.6824],[-77.4881,39.6809],[-77.4871,39.6786],[-77.4878,39.6778],[-77.4889,39.6782],[-77.4913,39.6787],[-77.493,39.6764],[-77.4933,39.6765],[-77.4934,39.6762],[-77.4935,39.676],[-77.4936,39.6758],[-77.4938,39.6755],[-77.494,39.6752],[-77.4943,39.675],[-77.4945,39.6749],[-77.4946,39.6749],[-77.4932,39.6741],[-77.4931,39.6741],[-77.493,39.6741],[-77.4929,39.6741],[-77.4928,39.6741],[-77.4927,39.6741],[-77.4881,39.6743],[-77.488,39.6743],[-77.4879,39.6743],[-77.4878,39.6743],[-77.4877,39.6743],[-77.4876,39.6743],[-77.4875,39.6743],[-77.4875,39.6744],[-77.4874,39.6744],[-77.4873,39.6744],[-77.4872,39.6744],[-77.4843,39.6756],[-77.4842,39.6756],[-77.4842,39.6757],[-77.4841,39.6757],[-77.484,39.6757],[-77.484,39.6758],[-77.4839,39.6758],[-77.4839,39.6759],[-77.4838,39.6759],[-77.4838,39.676],[-77.4838,39.6761],[-77.4837,39.6761],[-77.4837,39.6762],[-77.4837,39.6763],[-77.4837,39.6764],[-77.4837,39.6765],[-77.4838,39.6776],[-77.4838,39.6778],[-77.4838,39.6779],[-77.4838,39.678],[-77.4838,39.6781],[-77.4837,39.6781],[-77.4837,39.6782],[-77.4837,39.6783],[-77.4837,39.6784],[-77.4837,39.6785],[-77.4837,39.6786],[-77.4837,39.6787],[-77.4837,39.6788],[-77.4836,39.6788],[-77.4836,39.6789],[-77.4836,39.679],[-77.4836,39.6791],[-77.4835,39.6791],[-77.4835,39.6792],[-77.4835,39.6793],[-77.4834,39.6793],[-77.4834,39.6794],[-77.4833,39.6795],[-77.4833,39.6796],[-77.4832,39.6797],[-77.4832,39.6798],[-77.4831,39.6799],[-77.4831,39.68],[-77.483,39.6801],[-77.4832,39.6802],[-77.4826,39.6811],[-77.4825,39.6812],[-77.4825,39.6813],[-77.4824,39.6813],[-77.4824,39.6814],[-77.4824,39.6815],[-77.4823,39.6815],[-77.4823,39.6816],[-77.4823,39.6817],[-77.4822,39.6817],[-77.4853,39.6832],[-77.4826,39.6858],[-77.4843,39.6866],[-77.4859,39.6852],[-77.4873,39.686]]],[[[-77.4813,39.6918],[-77.4818,39.692],[-77.4841,39.6919],[-77.4842,39.6914],[-77.4848,39.6914],[-77.4852,39.6909],[-77.4856,39.6909],[-77.4866,39.6909],[-77.4869,39.691],[-77.487,39.6905],[-77.4873,39.6906],[-77.4879,39.6907],[-77.4885,39.6909],[-77.4896,39.6911],[-77.4898,39.6918],[-77.4899,39.6917],[-77.4899,39.6916],[-77.4897,39.691],[-77.4886,39.6908],[-77.4884,39.6907],[-77.4871,39.6904],[-77.4874,39.6901],[-77.4882,39.6892],[-77.4869,39.6889],[-77.4843,39.6866],[-77.4839,39.687],[-77.484,39.688],[-77.4833,39.6876],[-77.4825,39.6872],[-77.4793,39.691],[-77.4813,39.6918]]]]}},{"type":"Feature","properties":{"name":"Ridenour Swamp Wildlife Management Area","Location":"Natural Resource"},"geometry":{"type":"MultiPolygon","coordinates":[[[[-77.5178,39.6359],[-77.5179,39.636],[-77.518,39.636],[-77.5181,39.636],[-77.5181,39.6361],[-77.5182,39.6361],[-77.5183,39.6361],[-77.5184,39.6361],[-77.5184,39.6362],[-77.5185,39.6362],[-77.5186,39.6362],[-77.5187,39.6362],[-77.5188,39.6362],[-77.5188,39.6363],[-77.5189,39.6363],[-77.519,39.6363],[-77.5191,39.6363],[-77.5192,39.6363],[-77.5193,39.6363],[-77.5194,39.6363],[-77.5195,39.6363],[-77.5195,39.6364],[-77.5196,39.6364],[-77.5197,39.6364],[-77.5198,39.6364],[-77.5199,39.6364],[-77.52,39.6364],[-77.5201,39.6364],[-77.5202,39.6364],[-77.5203,39.6364],[-77.5203,39.6363],[-77.5204,39.6363],[-77.5205,39.6363],[-77.5206,39.6363],[-77.5207,39.6363],[-77.5208,39.6363],[-77.521,39.6359],[-77.5217,39.6363],[-77.5218,39.6363],[-77.5219,39.6363],[-77.522,39.6363],[-77.5221,39.6363],[-77.5222,39.6362],[-77.5222,39.6361],[-77.5221,39.6361],[-77.5221,39.636],[-77.5221,39.6359],[-77.5221,39.6358],[-77.5221,39.6357],[-77.5222,39.6356],[-77.5222,39.6355],[-77.5222,39.6354],[-77.5223,39.6354],[-77.5223,39.6353],[-77.5215,39.6349],[-77.5214,39.6348],[-77.5222,39.6337],[-77.5224,39.6334],[-77.5213,39.6329],[-77.5211,39.6328],[-77.5208,39.6326],[-77.5202,39.6321],[-77.5191,39.6328],[-77.5187,39.6331],[-77.518,39.6337],[-77.5166,39.6327],[-77.5161,39.6329],[-77.5161,39.6328],[-77.516,39.6317],[-77.516,39.6318],[-77.516,39.6319],[-77.516,39.632],[-77.516,39.6321],[-77.516,39.6322],[-77.516,39.6323],[-77.516,39.6324],[-77.516,39.6325],[-77.516,39.6326],[-77.516,39.6327],[-77.516,39.6328],[-77.516,39.6329],[-77.516,39.633],[-77.5158,39.6336],[-77.5158,39.6337],[-77.5158,39.6338],[-77.5159,39.6338],[-77.5159,39.6339],[-77.5159,39.634],[-77.516,39.6341],[-77.516,39.6342],[-77.516,39.6343],[-77.516,39.6344],[-77.516,39.6345],[-77.5161,39.6346],[-77.5161,39.6347],[-77.5161,39.6348],[-77.5161,39.6349],[-77.5161,39.635],[-77.5161,39.6351],[-77.5162,39.6351],[-77.5162,39.6352],[-77.5163,39.6353],[-77.5163,39.6354],[-77.5164,39.6354],[-77.5164,39.6355],[-77.5165,39.6355],[-77.5166,39.6355],[-77.5166,39.6356],[-77.5167,39.6356],[-77.517,39.6357],[-77.5171,39.6357],[-77.5172,39.6357],[-77.5173,39.6357],[-77.5173,39.6358],[-77.5174,39.6358],[-77.5175,39.6358],[-77.5176,39.6358],[-77.5176,39.6359],[-77.5177,39.6359],[-77.5178,39.6359]]],[[[-77.5171,39.6372],[-77.5179,39.6381],[-77.5179,39.6382],[-77.5185,39.6381],[-77.5197,39.6378],[-77.5198,39.6378],[-77.5199,39.6378],[-77.5199,39.6377],[-77.52,39.6377],[-77.5201,39.6377],[-77.5202,39.6377],[-77.5203,39.6377],[-77.5203,39.6376],[-77.5204,39.6376],[-77.5204,39.6375],[-77.5208,39.6364],[-77.5207,39.6364],[-77.5206,39.6364],[-77.5205,39.6364],[-77.5204,39.6364],[-77.5203,39.6364],[-77.5202,39.6364],[-77.5201,39.6364],[-77.52,39.6364],[-77.5199,39.6364],[-77.5198,39.6364],[-77.5197,39.6364],[-77.5196,39.6364],[-77.5195,39.6364],[-77.5194,39.6364],[-77.5193,39.6364],[-77.5192,39.6364],[-77.5191,39.6364],[-77.519,39.6364],[-77.5189,39.6364],[-77.5189,39.6363],[-77.5188,39.6363],[-77.5187,39.6363],[-77.5186,39.6363],[-77.5185,39.6363],[-77.5185,39.6362],[-77.5184,39.6362],[-77.5183,39.6362],[-77.5182,39.6362],[-77.5181,39.6361],[-77.518,39.6361],[-77.5179,39.6361],[-77.5179,39.636],[-77.5178,39.636],[-77.5177,39.636],[-77.5176,39.636],[-77.5176,39.6359],[-77.5175,39.6359],[-77.5174,39.6359],[-77.5173,39.6358],[-77.5172,39.6358],[-77.5171,39.6358],[-77.517,39.6357],[-77.5169,39.6357],[-77.5166,39.6356],[-77.5165,39.6356],[-77.5164,39.6356],[-77.5164,39.6355],[-77.5163,39.6355],[-77.5163,39.6354],[-77.5162,39.6354],[-77.5161,39.6352],[-77.516,39.6352],[-77.516,39.6351],[-77.516,39.635],[-77.516,39.6349],[-77.516,39.6348],[-77.516,39.6347],[-77.516,39.6346],[-77.5159,39.6346],[-77.5159,39.6345],[-77.5159,39.6344],[-77.5159,39.6343],[-77.5159,39.6342],[-77.5159,39.6341],[-77.5158,39.6341],[-77.5158,39.634],[-77.5158,39.6339],[-77.5158,39.6338],[-77.5157,39.6338],[-77.5157,39.6337],[-77.5157,39.6336],[-77.5159,39.633],[-77.5159,39.6329],[-77.5159,39.6328],[-77.5159,39.6327],[-77.5159,39.6326],[-77.5159,39.6325],[-77.5159,39.6324],[-77.5159,39.6323],[-77.5159,39.6322],[-77.5159,39.6321],[-77.5159,39.632],[-77.5159,39.6319],[-77.5159,39.6318],[-77.5159,39.6317],[-77.5159,39.6316],[-77.5159,39.6306],[-77.5159,39.6305],[-77.5159,39.6304],[-77.5159,39.6303],[-77.5157,39.6314],[-77.5137,39.6332],[-77.5135,39.6334],[-77.5156,39.6367],[-77.5158,39.6369],[-77.5159,39.6372],[-77.516,39.6371],[-77.5171,39.6372]]]]}},{"type":"Feature","properties":{"name":"Gravel Hill Swamp Wildlife Management Area","Location":"Natural Resource"},"geometry":{"type":"MultiPolygon","coordinates":[[[[-77.5056,39.5698],[-77.5057,39.5703],[-77.5062,39.571],[-77.5063,39.5713],[-77.5065,39.5713],[-77.5064,39.571],[-77.5064,39.5709],[-77.5063,39.5709],[-77.5063,39.5708],[-77.5062,39.5708],[-77.5062,39.5707],[-77.5061,39.5707],[-77.5061,39.5706],[-77.506,39.5706],[-77.506,39.5705],[-77.5059,39.5705],[-77.5059,39.5704],[-77.5059,39.5703],[-77.5058,39.5703],[-77.5058,39.5702],[-77.5058,39.5701],[-77.5058,39.5698],[-77.5058,39.5697],[-77.5057,39.5697],[-77.5057,39.5696],[-77.5056,39.5696],[-77.5056,39.5695],[-77.5055,39.5695],[-77.5054,39.5695],[-77.5053,39.5695],[-77.5052,39.5695],[-77.5051,39.5695],[-77.505,39.5695],[-77.5049,39.5695],[-77.5048,39.5694],[-77.5047,39.5694],[-77.5046,39.5694],[-77.5045,39.5694],[-77.5044,39.5694],[-77.5044,39.5693],[-77.5041,39.5689],[-77.5041,39.5688],[-77.5041,39.5687],[-77.5041,39.5686],[-77.5042,39.5684],[-77.5043,39.5684],[-77.5043,39.5683],[-77.5044,39.5683],[-77.5044,39.5682],[-77.5044,39.5681],[-77.5045,39.568],[-77.5045,39.5679],[-77.5045,39.5678],[-77.5045,39.5677],[-77.5045,39.5676],[-77.5046,39.5676],[-77.5046,39.5675],[-77.5047,39.5674],[-77.5048,39.5674],[-77.5048,39.5673],[-77.5048,39.5672],[-77.5048,39.5671],[-77.5047,39.567],[-77.5046,39.567],[-77.5046,39.5669],[-77.5046,39.5668],[-77.5046,39.5667],[-77.5047,39.5666],[-77.5047,39.5665],[-77.5048,39.5665],[-77.5049,39.5664],[-77.505,39.5664],[-77.505,39.5663],[-77.5051,39.5661],[-77.505,39.5661],[-77.505,39.566],[-77.505,39.5659],[-77.5049,39.5659],[-77.5049,39.5658],[-77.505,39.5657],[-77.5051,39.5656],[-77.5052,39.5656],[-77.5037,39.5653],[-77.5022,39.5651],[-77.5021,39.5652],[-77.502,39.5656],[-77.5014,39.5671],[-77.5027,39.5674],[-77.5023,39.5683],[-77.5019,39.569],[-77.5015,39.5698],[-77.4993,39.5698],[-77.4992,39.5704],[-77.4992,39.5708],[-77.4993,39.5709],[-77.4994,39.5709],[-77.4995,39.5709],[-77.4995,39.5708],[-77.4996,39.5708],[-77.4997,39.5708],[-77.4998,39.5708],[-77.4998,39.5707],[-77.5,39.5706],[-77.5001,39.5706],[-77.5002,39.5706],[-77.5002,39.5705],[-77.5003,39.5705],[-77.5004,39.5705],[-77.5005,39.5705],[-77.5006,39.5705],[-77.5007,39.5705],[-77.5008,39.5705],[-77.5009,39.5705],[-77.501,39.5705],[-77.5011,39.5705],[-77.5012,39.5705],[-77.5012,39.5706],[-77.5014,39.5706],[-77.5021,39.5709],[-77.5024,39.5704],[-77.5032,39.5705],[-77.5035,39.5696],[-77.5042,39.5693],[-77.5056,39.5698]]],[[[-77.5054,39.5694],[-77.5055,39.5694],[-77.5056,39.5694],[-77.5056,39.5695],[-77.5057,39.5695],[-77.5058,39.5695],[-77.5058,39.5696],[-77.5058,39.5697],[-77.5059,39.5697],[-77.5059,39.5698],[-77.5059,39.5701],[-77.5059,39.5702],[-77.5059,39.5703],[-77.506,39.5703],[-77.506,39.5704],[-77.5061,39.5705],[-77.5061,39.5706],[-77.5062,39.5706],[-77.5062,39.5707],[-77.5063,39.5707],[-77.5064,39.5708],[-77.5064,39.5709],[-77.5065,39.5709],[-77.5065,39.571],[-77.5066,39.5713],[-77.5067,39.5713],[-77.5068,39.571],[-77.5074,39.5702],[-77.508,39.5695],[-77.5078,39.5685],[-77.5077,39.5685],[-77.5077,39.5684],[-77.5077,39.5683],[-77.5077,39.5673],[-77.5077,39.5662],[-77.5077,39.566],[-77.5076,39.566],[-77.5072,39.5659],[-77.5053,39.5656],[-77.5052,39.5656],[-77.5052,39.5657],[-77.5051,39.5657],[-77.5051,39.5658],[-77.505,39.5658],[-77.505,39.5659],[-77.5051,39.5659],[-77.5051,39.566],[-77.5052,39.566],[-77.5052,39.5661],[-77.5051,39.5663],[-77.5051,39.5664],[-77.5051,39.5665],[-77.505,39.5665],[-77.5049,39.5666],[-77.5048,39.5666],[-77.5047,39.5668],[-77.5047,39.5669],[-77.5047,39.567],[-77.5048,39.567],[-77.5048,39.5671],[-77.5049,39.5671],[-77.5049,39.5672],[-77.5049,39.5673],[-77.5049,39.5674],[-77.5048,39.5674],[-77.5047,39.5675],[-77.5047,39.5676],[-77.5046,39.5676],[-77.5046,39.5677],[-77.5046,39.5678],[-77.5046,39.5679],[-77.5046,39.568],[-77.5046,39.5681],[-77.5045,39.5681],[-77.5045,39.5682],[-77.5045,39.5683],[-77.5044,39.5683],[-77.5044,39.5684],[-77.5043,39.5685],[-77.5042,39.5687],[-77.5042,39.5688],[-77.5042,39.5689],[-77.5045,39.5693],[-77.5046,39.5693],[-77.5047,39.5693],[-77.5048,39.5694],[-77.505,39.5694],[-77.5051,39.5694],[-77.5052,39.5694],[-77.5053,39.5694],[-77.5054,39.5694]]]]}},{"type":"Feature","properties":{"name":"Brunswick Pond Fish Management Area","Location":"Natural Resource"},"geometry":{"type":"Polygon","coordinates":[[[-77.6136,39.3346],[-77.6129,39.3353],[-77.6132,39.3355],[-77.6135,39.3352],[-77.6136,39.3352],[-77.614,39.3348],[-77.6128,39.3337],[-77.6124,39.3337],[-77.6114,39.3344],[-77.6116,39.3347],[-77.6125,39.3352],[-77.6132,39.3343],[-77.6136,39.3346]]]}},{"type":"Feature","properties":{"name":"Urbana District Park","Location":"District Park"},"geometry":{"type":"Polygon","coordinates":[[[-77.3624,39.3387],[-77.3632,39.3399],[-77.3662,39.3412],[-77.3662,39.3411],[-77.3663,39.3411],[-77.3663,39.341],[-77.3667,39.3403],[-77.3667,39.3402],[-77.3668,39.3401],[-77.3669,39.3401],[-77.3669,39.34],[-77.367,39.34],[-77.3671,39.34],[-77.3676,39.3399],[-77.3677,39.3399],[-77.3678,39.3399],[-77.3679,39.3398],[-77.368,39.3398],[-77.3681,39.3397],[-77.3684,39.3396],[-77.3688,39.3394],[-77.3691,39.3393],[-77.3703,39.3388],[-77.3704,39.3386],[-77.3703,39.3385],[-77.3702,39.3383],[-77.3699,39.3378],[-77.3698,39.3377],[-77.3697,39.3376],[-77.3696,39.3375],[-77.3695,39.3374],[-77.3694,39.3373],[-77.3693,39.3372],[-77.3692,39.3371],[-77.3691,39.337],[-77.3689,39.3369],[-77.3688,39.3368],[-77.3657,39.335],[-77.3632,39.3365],[-77.3624,39.335],[-77.3621,39.3345],[-77.362,39.3345],[-77.362,39.3344],[-77.362,39.3343],[-77.362,39.3338],[-77.3632,39.333],[-77.3631,39.3329],[-77.363,39.3328],[-77.3627,39.3324],[-77.3626,39.3322],[-77.3625,39.3321],[-77.3624,39.332],[-77.3623,39.3319],[-77.3622,39.3317],[-77.362,39.3316],[-77.3619,39.3315],[-77.3618,39.3314],[-77.3616,39.3313],[-77.3614,39.3312],[-77.3613,39.3312],[-77.3612,39.3312],[-77.361,39.3311],[-77.3609,39.3311],[-77.3601,39.3321],[-77.3601,39.3322],[-77.3601,39.3323],[-77.3601,39.3324],[-77.3601,39.3325],[-77.36,39.3326],[-77.36,39.3327],[-77.3599,39.3328],[-77.3596,39.3331],[-77.3593,39.3335],[-77.36,39.3338],[-77.3613,39.3349],[-77.3615,39.3355],[-77.3624,39.3387]]]}},{"type":"Feature","properties":{"name":"MD140 River Access"},"geometry":{"type":"Polygon","coordinates":[[[-77.2361,39.6786],[-77.2376,39.6792],[-77.238,39.6786],[-77.2374,39.6784],[-77.2372,39.6779],[-77.2366,39.6777],[-77.2364,39.6777],[-77.2357,39.6775],[-77.2353,39.6779],[-77.235,39.6783],[-77.2351,39.6786],[-77.2355,39.6785],[-77.2361,39.6786]]]}},{"type":"Feature","properties":{"name":"Monarch Ridge Park","Location":"Neighborhood Park"},"geometry":{"type":"Polygon","coordinates":[[[-77.4657,39.4085],[-77.4647,39.4091],[-77.4651,39.4094],[-77.4652,39.4096],[-77.4653,39.4097],[-77.4654,39.4099],[-77.4654,39.41],[-77.4656,39.41],[-77.4658,39.41],[-77.4663,39.41],[-77.4663,39.4096],[-77.4663,39.4091],[-77.4657,39.4085]]]}},{"type":"Feature","properties":{"name":"Commons of Avalon Park","Location":"Neighborhood Park"},"geometry":{"type":"Polygon","coordinates":[[[-77.4604,39.4273],[-77.46,39.426],[-77.4598,39.426],[-77.4597,39.426],[-77.4592,39.4268],[-77.4593,39.4268],[-77.4593,39.4269],[-77.4603,39.4273],[-77.4604,39.4273]]]}},{"type":"Feature","properties":{"name":"Turning Point Park","Location":"Neighborhood Park"},"geometry":{"type":"Polygon","coordinates":[[[-77.394,39.438],[-77.3936,39.4377],[-77.3936,39.4376],[-77.3934,39.4377],[-77.3933,39.4378],[-77.3932,39.4378],[-77.3931,39.4378],[-77.3929,39.4381],[-77.3927,39.4383],[-77.3926,39.4385],[-77.3923,39.4384],[-77.3922,39.4384],[-77.3922,39.4379],[-77.3921,39.438],[-77.392,39.438],[-77.3906,39.4378],[-77.3904,39.4378],[-77.3901,39.4375],[-77.3902,39.4375],[-77.3901,39.4373],[-77.3894,39.4371],[-77.3893,39.437],[-77.389,39.4369],[-77.3883,39.4363],[-77.3879,39.4359],[-77.3871,39.4355],[-77.3868,39.4353],[-77.3861,39.4348],[-77.3859,39.4349],[-77.3852,39.4348],[-77.3847,39.4344],[-77.3846,39.4345],[-77.3843,39.4347],[-77.3859,39.4352],[-77.3874,39.4362],[-77.3892,39.4373],[-77.3903,39.4378],[-77.3905,39.4378],[-77.3915,39.4381],[-77.3917,39.4383],[-77.3926,39.439],[-77.3938,39.4381],[-77.394,39.438]]]}},{"type":"Feature","properties":{"name":"Clover Ridge Park","Location":"Neighborhood Park"},"geometry":{"type":"Polygon","coordinates":[[[-77.4216,39.4692],[-77.4222,39.4684],[-77.4251,39.4646],[-77.4249,39.4645],[-77.4244,39.4648],[-77.4241,39.4649],[-77.4236,39.465],[-77.4233,39.4652],[-77.423,39.465],[-77.423,39.4649],[-77.4229,39.465],[-77.4232,39.4653],[-77.4228,39.4654],[-77.4207,39.4666],[-77.4209,39.4666],[-77.4209,39.4668],[-77.4209,39.4669],[-77.4209,39.4671],[-77.421,39.4673],[-77.4209,39.4676],[-77.4205,39.4676],[-77.4202,39.4675],[-77.4202,39.4674],[-77.4201,39.4674],[-77.4199,39.4673],[-77.4198,39.4673],[-77.4196,39.4672],[-77.4194,39.4672],[-77.4192,39.4671],[-77.419,39.4671],[-77.4189,39.4672],[-77.4187,39.4674],[-77.4186,39.4675],[-77.4185,39.4676],[-77.4182,39.4676],[-77.418,39.4676],[-77.4175,39.4678],[-77.4173,39.4678],[-77.4172,39.4678],[-77.4173,39.4679],[-77.4171,39.4684],[-77.4169,39.4685],[-77.4166,39.4684],[-77.4163,39.469],[-77.4173,39.4693],[-77.4175,39.4694],[-77.418,39.4688],[-77.4185,39.469],[-77.4188,39.4687],[-77.4195,39.4688],[-77.4198,39.469],[-77.4196,39.4694],[-77.4197,39.4694],[-77.4199,39.469],[-77.4203,39.4691],[-77.4216,39.4692]]]}},{"type":"Feature","properties":{"name":"Cannon Bluff Park","Location":"Neighborhood Park"},"geometry":{"type":"Polygon","coordinates":[[[-77.4414,39.4686],[-77.4403,39.4685],[-77.4402,39.4686],[-77.4402,39.4689],[-77.4401,39.4691],[-77.4401,39.4693],[-77.4401,39.4694],[-77.44,39.4697],[-77.44,39.4698],[-77.44,39.4699],[-77.4403,39.4699],[-77.4406,39.4699],[-77.4408,39.4699],[-77.441,39.4699],[-77.4413,39.4699],[-77.4415,39.4698],[-77.4416,39.4698],[-77.4418,39.47],[-77.4421,39.4698],[-77.4423,39.4697],[-77.4406,39.4691],[-77.4407,39.4688],[-77.4413,39.4688],[-77.4414,39.4686]]]}},{"type":"Feature","properties":{"name":"Gaver Park","Location":"Community Park"},"geometry":{"type":"Polygon","coordinates":[[[-77.5641,39.5057],[-77.5642,39.5057],[-77.5642,39.5053],[-77.5641,39.5053],[-77.5641,39.5052],[-77.5641,39.505],[-77.5642,39.5047],[-77.5641,39.5047],[-77.5639,39.5047],[-77.5639,39.5052],[-77.5639,39.5057],[-77.5641,39.5057]]]}},{"type":"Feature","properties":{"name":"Fisher Farm Park","Location":"Community Park"},"geometry":{"type":"Polygon","coordinates":[[[-77.5757,39.5189],[-77.5754,39.5189],[-77.5752,39.5189],[-77.5751,39.519],[-77.5749,39.519],[-77.5745,39.5191],[-77.5752,39.5195],[-77.5757,39.5199],[-77.5762,39.5193],[-77.5774,39.5193],[-77.5773,39.5191],[-77.5773,39.519],[-77.5773,39.5189],[-77.5768,39.5189],[-77.5762,39.5189],[-77.5758,39.5189],[-77.5758,39.5185],[-77.5757,39.5185],[-77.5757,39.5189]]]}},{"type":"Feature","properties":{"name":"Flook Park","Location":"Community Park"},"geometry":{"type":"Polygon","coordinates":[[[-77.5727,39.5147],[-77.573,39.5148],[-77.5731,39.5148],[-77.5732,39.5148],[-77.5732,39.5147],[-77.5732,39.5146],[-77.5732,39.5145],[-77.5733,39.5145],[-77.5733,39.5144],[-77.5729,39.5142],[-77.5726,39.514],[-77.5722,39.5145],[-77.5727,39.5147]]]}},{"type":"Feature","properties":{"name":"Elmer Derr Road Parcel E, Public Use Site","Location":"Neighborhood Park"},"geometry":{"type":"Polygon","coordinates":[[[-77.4506,39.3666],[-77.4497,39.3675],[-77.4501,39.3676],[-77.4511,39.3676],[-77.4515,39.3673],[-77.4518,39.3672],[-77.4516,39.3671],[-77.4508,39.3665],[-77.4506,39.3666]]]}},{"type":"Feature","properties":{"name":"Storage Building Park","Location":"Community Park"},"geometry":{"type":"Polygon","coordinates":[[[-77.6291,39.395],[-77.6288,39.3952],[-77.6297,39.3964],[-77.6298,39.3963],[-77.6297,39.3961],[-77.63,39.3959],[-77.6294,39.3955],[-77.6291,39.395]]]}},{"type":"Feature","properties":{"name":"Harry Pleifer Park","Location":"Community Park"},"geometry":{"type":"Polygon","coordinates":[[[-77.6277,39.3932],[-77.6277,39.3935],[-77.6284,39.3934],[-77.6282,39.3932],[-77.6277,39.3932]]]}},{"type":"Feature","properties":{"name":"Point of Rocks Community Commons","Location":"Neighborhood Park"},"geometry":{"type":"Polygon","coordinates":[[[-77.5385,39.2744],[-77.5387,39.2744],[-77.5388,39.2744],[-77.5389,39.2744],[-77.539,39.2744],[-77.5395,39.2744],[-77.5396,39.2744],[-77.54,39.2744],[-77.5402,39.2745],[-77.5403,39.2745],[-77.5405,39.2745],[-77.5406,39.2745],[-77.5407,39.2745],[-77.5408,39.2745],[-77.5409,39.2744],[-77.541,39.2744],[-77.5411,39.2743],[-77.5412,39.2743],[-77.5412,39.2742],[-77.5412,39.2741],[-77.5411,39.2741],[-77.5408,39.2741],[-77.5407,39.2741],[-77.5406,39.2741],[-77.5405,39.2741],[-77.5404,39.2741],[-77.5403,39.2741],[-77.5402,39.2741],[-77.54,39.2741],[-77.5396,39.2741],[-77.5395,39.2741],[-77.539,39.274],[-77.5389,39.274],[-77.5388,39.274],[-77.5387,39.274],[-77.5386,39.274],[-77.5385,39.2744]]]}},{"type":"Feature","properties":{"name":"Point of Rocks Clay Street Parcels","Location":"Neighborhood Park"},"geometry":{"type":"MultiPolygon","coordinates":[[[[-77.5387,39.2751],[-77.5388,39.2751],[-77.5391,39.2752],[-77.5391,39.2746],[-77.5389,39.2746],[-77.5388,39.2745],[-77.5387,39.2751]]],[[[-77.5413,39.2741],[-77.5413,39.2742],[-77.5413,39.2743],[-77.5412,39.2743],[-77.5412,39.2744],[-77.5412,39.2745],[-77.5413,39.2745],[-77.5414,39.2745],[-77.5415,39.2745],[-77.5416,39.2745],[-77.5417,39.2745],[-77.5418,39.2745],[-77.5418,39.2744],[-77.5419,39.2744],[-77.5418,39.274],[-77.5413,39.2741]]],[[[-77.5371,39.2748],[-77.5373,39.2749],[-77.5375,39.2749],[-77.5377,39.2749],[-77.5377,39.2745],[-77.5375,39.2745],[-77.5373,39.2745],[-77.5372,39.2745],[-77.5371,39.2748]]],[[[-77.5395,39.2751],[-77.5398,39.2751],[-77.5399,39.2746],[-77.5395,39.2746],[-77.5395,39.2751]]],[[[-77.5381,39.2748],[-77.5385,39.2748],[-77.5385,39.2745],[-77.5382,39.2745],[-77.5381,39.2748]]],[[[-77.5379,39.275],[-77.5381,39.275],[-77.5381,39.2745],[-77.538,39.2745],[-77.5379,39.275]]]]}},{"type":"Feature","properties":{"name":"Richard W. Kanode Farm Park","Location":"Special Park"},"geometry":{"type":"Polygon","coordinates":[[[-77.3748,39.5567],[-77.3746,39.5584],[-77.3765,39.5591],[-77.3757,39.5598],[-77.3774,39.5602],[-77.3772,39.5607],[-77.3789,39.561],[-77.379,39.5611],[-77.3791,39.5611],[-77.3792,39.5611],[-77.3793,39.5611],[-77.3794,39.5611],[-77.3795,39.561],[-77.3796,39.561],[-77.3797,39.561],[-77.3809,39.5605],[-77.3811,39.5604],[-77.3811,39.5596],[-77.3811,39.5591],[-77.3812,39.5567],[-77.3812,39.5566],[-77.3815,39.5563],[-77.3816,39.5562],[-77.3817,39.5562],[-77.3818,39.5562],[-77.3823,39.5561],[-77.3824,39.5556],[-77.3826,39.5556],[-77.3828,39.5556],[-77.3829,39.5556],[-77.3832,39.5553],[-77.3844,39.5555],[-77.3845,39.5555],[-77.3844,39.5557],[-77.3844,39.5558],[-77.3854,39.5558],[-77.3855,39.5551],[-77.3856,39.5548],[-77.3857,39.5548],[-77.3856,39.5543],[-77.3861,39.5533],[-77.3858,39.5525],[-77.3851,39.5521],[-77.3855,39.5514],[-77.386,39.5505],[-77.3861,39.5499],[-77.386,39.55],[-77.386,39.5499],[-77.3858,39.5501],[-77.3857,39.5504],[-77.3835,39.5498],[-77.3834,39.5498],[-77.3808,39.5504],[-77.3806,39.5504],[-77.3806,39.5505],[-77.3807,39.5506],[-77.3806,39.5506],[-77.3803,39.5509],[-77.3802,39.5509],[-77.3798,39.5512],[-77.3797,39.5516],[-77.3791,39.5519],[-77.3784,39.5522],[-77.3779,39.5523],[-77.3771,39.5525],[-77.377,39.5522],[-77.377,39.5521],[-77.3765,39.5522],[-77.3758,39.5525],[-77.3756,39.5525],[-77.3752,39.5526],[-77.3748,39.5567]]]}},{"type":"Feature","properties":{"name":"North County Regional Park","Location":"Regional Park"},"geometry":{"type":"Polygon","coordinates":[[[-77.3496,39.6679],[-77.3467,39.6684],[-77.348,39.672],[-77.3469,39.6725],[-77.3483,39.6741],[-77.3482,39.6741],[-77.3482,39.6743],[-77.3483,39.6744],[-77.3485,39.6746],[-77.3486,39.6752],[-77.3484,39.6752],[-77.349,39.6771],[-77.3491,39.6774],[-77.3495,39.6776],[-77.3495,39.6777],[-77.3512,39.6782],[-77.3515,39.6779],[-77.3517,39.6775],[-77.353,39.6763],[-77.3533,39.676],[-77.3536,39.6758],[-77.3537,39.6757],[-77.3538,39.6757],[-77.3529,39.6755],[-77.3525,39.6747],[-77.3544,39.6742],[-77.3528,39.6707],[-77.3524,39.6708],[-77.352,39.6708],[-77.3517,39.6709],[-77.3513,39.6706],[-77.3513,39.6703],[-77.3512,39.6703],[-77.3502,39.6705],[-77.3497,39.6682],[-77.3496,39.6679]]]}},{"type":"Feature","properties":{"name":"North County Regional Park","Location":"Regional Park"},"geometry":{"type":"Polygon","coordinates":[[[-77.3591,39.6716],[-77.3592,39.6715],[-77.3595,39.6713],[-77.36,39.6711],[-77.3604,39.6709],[-77.361,39.6702],[-77.3612,39.6701],[-77.3609,39.6699],[-77.3608,39.6701],[-77.3601,39.6699],[-77.3587,39.6696],[-77.3586,39.6695],[-77.3575,39.6693],[-77.3547,39.6697],[-77.3537,39.6699],[-77.3535,39.6699],[-77.3531,39.67],[-77.355,39.6742],[-77.3555,39.6744],[-77.3556,39.6743],[-77.3563,39.6738],[-77.3571,39.6732],[-77.3578,39.6728],[-77.3581,39.6724],[-77.3585,39.6721],[-77.359,39.6717],[-77.3591,39.6716]]]}},{"type":"Feature","properties":{"name":"Woodsboro War Memorial","Location":"Special Park"},"geometry":{"type":"Polygon","coordinates":[[[-77.3147,39.5375],[-77.3146,39.5377],[-77.3149,39.5376],[-77.3148,39.5376],[-77.3148,39.5375],[-77.3147,39.5375]]]}},{"type":"Feature","properties":{"name":"Tobias Run Tot Lot","Location":"Neighborhood Park"},"geometry":{"type":"Polygon","coordinates":[[[-77.5264,39.4354],[-77.5266,39.4354],[-77.5266,39.4352],[-77.5266,39.4351],[-77.5265,39.4351],[-77.525,39.4347],[-77.5248,39.4348],[-77.5248,39.435],[-77.5248,39.4351],[-77.5264,39.4354]]]}},{"type":"Feature","properties":{"name":"Brunswick Crossing Community Park (Shenandoah Sq)","Location":"Neighborhood Park"},"geometry":{"type":"Polygon","coordinates":[[[-77.6419,39.3337],[-77.642,39.3338],[-77.6421,39.3339],[-77.6422,39.3339],[-77.6423,39.334],[-77.6424,39.334],[-77.6425,39.3341],[-77.6431,39.3336],[-77.6425,39.3332],[-77.6419,39.3337]]]}},{"type":"Feature","properties":{"name":"Brunswick Crossing- Community Center","Location":"Neighborhood Park"},"geometry":{"type":"Polygon","coordinates":[[[-77.6369,39.3322],[-77.6368,39.3322],[-77.6367,39.3322],[-77.6366,39.3322],[-77.6366,39.3323],[-77.6367,39.3323],[-77.6368,39.3323],[-77.6369,39.3323],[-77.6378,39.3325],[-77.6379,39.3325],[-77.6379,39.3326],[-77.638,39.3326],[-77.6381,39.3326],[-77.6382,39.3326],[-77.6382,39.3327],[-77.6383,39.3327],[-77.6384,39.3327],[-77.6384,39.3328],[-77.6385,39.3328],[-77.6386,39.3328],[-77.6386,39.3329],[-77.6387,39.3329],[-77.6387,39.333],[-77.6388,39.333],[-77.6388,39.3331],[-77.6391,39.3324],[-77.6391,39.3322],[-77.6391,39.332],[-77.6392,39.3316],[-77.6393,39.3309],[-77.6389,39.3306],[-77.6381,39.3305],[-77.6378,39.331],[-77.6377,39.3311],[-77.6377,39.3312],[-77.6377,39.3313],[-77.6376,39.3313],[-77.6376,39.3314],[-77.6375,39.3314],[-77.6375,39.3315],[-77.6375,39.3316],[-77.6374,39.3316],[-77.6374,39.3317],[-77.6373,39.3317],[-77.6373,39.3318],[-77.6373,39.3319],[-77.6372,39.3319],[-77.6372,39.332],[-77.6371,39.332],[-77.6371,39.3321],[-77.637,39.3321],[-77.6369,39.3321],[-77.6369,39.3322]]]}},{"type":"Feature","properties":{"name":"Brunswick Crossing- Overlook Park","Location":"Neighborhood Park"},"geometry":{"type":"Polygon","coordinates":[[[-77.628,39.3287],[-77.6299,39.3299],[-77.6299,39.3298],[-77.6301,39.3294],[-77.6302,39.3293],[-77.6302,39.3292],[-77.6302,39.3291],[-77.6303,39.329],[-77.6303,39.3288],[-77.6304,39.3287],[-77.6305,39.3286],[-77.6308,39.3286],[-77.6308,39.3285],[-77.6308,39.3284],[-77.6304,39.3285],[-77.6304,39.3284],[-77.6304,39.3283],[-77.6303,39.3282],[-77.6303,39.3281],[-77.6302,39.3281],[-77.6302,39.328],[-77.6301,39.328],[-77.63,39.3279],[-77.6299,39.3278],[-77.6298,39.3278],[-77.6296,39.3277],[-77.6293,39.3276],[-77.6287,39.3281],[-77.6285,39.3283],[-77.628,39.3287]]]}},{"type":"Feature","properties":{"name":"Brunswick Crossing Community Park (Martins Creek Dr.)","Location":"Neighborhood Park"},"geometry":{"type":"Polygon","coordinates":[[[-77.6317,39.3233],[-77.6318,39.3233],[-77.6318,39.3234],[-77.6319,39.3235],[-77.632,39.3235],[-77.632,39.3236],[-77.6321,39.3237],[-77.6324,39.3237],[-77.6325,39.3236],[-77.6326,39.3235],[-77.6317,39.3232],[-77.6317,39.3233]]]}},{"type":"Feature","properties":{"name":"Brunswick Crossing- Drydock St.","Location":"Neighborhood Park"},"geometry":{"type":"Polygon","coordinates":[[[-77.6275,39.3251],[-77.6279,39.3252],[-77.6279,39.3251],[-77.6279,39.325],[-77.628,39.325],[-77.6277,39.3249],[-77.6276,39.3249],[-77.6275,39.3251]]]}},{"type":"Feature","properties":{"name":"Heritage Park","Location":"Community Park"},"geometry":{"type":"Polygon","coordinates":[[[-77.5466,39.4438],[-77.5466,39.4439],[-77.5467,39.4439],[-77.5467,39.4438],[-77.5466,39.4438]]]}},{"type":"Feature","properties":{"name":"Lions Merryland Park","Location":"Community Park"},"geometry":{"type":"Polygon","coordinates":[[[-77.6125,39.3352],[-77.6129,39.3353],[-77.6136,39.3346],[-77.6132,39.3343],[-77.6125,39.3352]]]}},{"type":"Feature","properties":{"name":"Brunswick Crossing Community Park (Pennington Dr)","Location":"Neighborhood Park"},"geometry":{"type":"Polygon","coordinates":[[[-77.6415,39.3312],[-77.6414,39.3315],[-77.6417,39.3315],[-77.6418,39.3314],[-77.6419,39.3313],[-77.6416,39.3311],[-77.6415,39.3311],[-77.6415,39.3312]]]}},{"type":"Feature","properties":{"name":"Utica Park","Location":"District Park"},"geometry":{"type":"Polygon","coordinates":[[[-77.4025,39.5271],[-77.4063,39.526],[-77.4033,39.5179],[-77.4106,39.5155],[-77.4106,39.5154],[-77.4102,39.5149],[-77.41,39.5147],[-77.4098,39.5145],[-77.4088,39.5133],[-77.4086,39.5131],[-77.4084,39.5129],[-77.408,39.5124],[-77.4079,39.5123],[-77.4078,39.5122],[-77.4074,39.5117],[-77.4072,39.5114],[-77.4065,39.5106],[-77.4064,39.5105],[-77.4062,39.5104],[-77.4061,39.5103],[-77.4054,39.5094],[-77.4053,39.5092],[-77.405,39.5089],[-77.4047,39.5086],[-77.4038,39.5091],[-77.4023,39.5076],[-77.4024,39.5075],[-77.403,39.5075],[-77.4029,39.5074],[-77.4021,39.5075],[-77.4031,39.5085],[-77.4038,39.5092],[-77.4036,39.5095],[-77.4033,39.51],[-77.403,39.5106],[-77.4028,39.511],[-77.4027,39.511],[-77.4027,39.5111],[-77.4024,39.5116],[-77.4024,39.5117],[-77.4016,39.5119],[-77.4009,39.5121],[-77.4001,39.5124],[-77.4002,39.5136],[-77.4002,39.514],[-77.4002,39.5141],[-77.4002,39.5145],[-77.4002,39.5147],[-77.4001,39.5147],[-77.4,39.5147],[-77.4,39.5146],[-77.3999,39.5146],[-77.397,39.5145],[-77.3969,39.5146],[-77.3969,39.5149],[-77.3966,39.516],[-77.3965,39.5167],[-77.3963,39.5175],[-77.3996,39.5176],[-77.4,39.5244],[-77.4001,39.5244],[-77.4005,39.525],[-77.4011,39.5256],[-77.4001,39.5261],[-77.4004,39.5264],[-77.4014,39.5259],[-77.4025,39.5271]]]}},{"type":"Feature","properties":{"name":"Brunswick Crossing Tot Lot (Crums Hollow Dr)","Location":"Neighborhood Park"},"geometry":{"type":"Polygon","coordinates":[[[-77.6345,39.327],[-77.634,39.3271],[-77.6334,39.3274],[-77.6336,39.3274],[-77.6337,39.3275],[-77.6338,39.3275],[-77.634,39.3278],[-77.6339,39.3281],[-77.6339,39.3284],[-77.6338,39.3286],[-77.6342,39.3286],[-77.6348,39.3287],[-77.6349,39.3284],[-77.635,39.3282],[-77.635,39.3281],[-77.635,39.328],[-77.6349,39.3278],[-77.6348,39.3277],[-77.6345,39.3274],[-77.6345,39.3272],[-77.6347,39.3271],[-77.6345,39.327]]]}},{"type":"Feature","properties":{"name":"Cone Branch Trail","Location":"Neighborhood Park"},"geometry":{"type":"MultiPolygon","coordinates":[[[[-77.538,39.4368],[-77.5379,39.4368],[-77.5378,39.4368],[-77.5377,39.4369],[-77.5376,39.4369],[-77.5375,39.4369],[-77.5375,39.437],[-77.5374,39.437],[-77.5373,39.437],[-77.5372,39.4371],[-77.5371,39.4371],[-77.5371,39.4372],[-77.537,39.4372],[-77.5369,39.4372],[-77.5369,39.4373],[-77.5368,39.4373],[-77.5367,39.4373],[-77.5367,39.4374],[-77.5366,39.4374],[-77.5366,39.4375],[-77.5365,39.4375],[-77.5365,39.4376],[-77.5364,39.4378],[-77.5363,39.4379],[-77.5362,39.438],[-77.5362,39.4381],[-77.5361,39.4382],[-77.5361,39.4383],[-77.536,39.4383],[-77.536,39.4384],[-77.536,39.4385],[-77.5359,39.4385],[-77.5359,39.4386],[-77.5358,39.4387],[-77.5358,39.4388],[-77.5357,39.4389],[-77.5357,39.439],[-77.5356,39.4391],[-77.5355,39.4392],[-77.5355,39.4393],[-77.5354,39.4394],[-77.5355,39.4392],[-77.5356,39.4392],[-77.5356,39.4391],[-77.5357,39.439],[-77.5358,39.4389],[-77.5358,39.4388],[-77.5359,39.4388],[-77.5359,39.4387],[-77.5359,39.4386],[-77.536,39.4386],[-77.536,39.4385],[-77.536,39.4384],[-77.5361,39.4384],[-77.5361,39.4383],[-77.5361,39.4382],[-77.5362,39.4382],[-77.5362,39.438],[-77.5363,39.4379],[-77.5364,39.4378],[-77.5364,39.4377],[-77.5365,39.4376],[-77.5366,39.4375],[-77.5366,39.4374],[-77.5367,39.4374],[-77.5368,39.4373],[-77.5369,39.4373],[-77.537,39.4372],[-77.5371,39.4372],[-77.5372,39.4371],[-77.5373,39.4371],[-77.5374,39.437],[-77.5375,39.437],[-77.5376,39.4369],[-77.5377,39.4369],[-77.5378,39.4369],[-77.5379,39.4368],[-77.538,39.4368],[-77.5381,39.4368],[-77.5382,39.4367],[-77.5383,39.4367],[-77.5384,39.4367],[-77.5385,39.4367],[-77.5386,39.4366],[-77.5387,39.4366],[-77.5388,39.4365],[-77.5389,39.4364],[-77.5389,39.4363],[-77.539,39.4362],[-77.5391,39.4361],[-77.5392,39.436],[-77.5392,39.4359],[-77.5393,39.4359],[-77.5393,39.4358],[-77.5394,39.4358],[-77.5394,39.4357],[-77.5395,39.4357],[-77.5395,39.4356],[-77.5396,39.4356],[-77.5397,39.4356],[-77.5398,39.4356],[-77.5399,39.4357],[-77.54,39.4357],[-77.5401,39.4358],[-77.54,39.4357],[-77.5399,39.4356],[-77.5397,39.4356],[-77.5397,39.4355],[-77.5396,39.4355],[-77.5396,39.4356],[-77.5395,39.4356],[-77.5394,39.4357],[-77.5393,39.4358],[-77.5393,39.4359],[-77.5392,39.4359],[-77.5392,39.436],[-77.5391,39.436],[-77.5391,39.4361],[-77.539,39.4362],[-77.5389,39.4363],[-77.5388,39.4364],[-77.5388,39.4365],[-77.5387,39.4365],[-77.5387,39.4366],[-77.5386,39.4366],[-77.5385,39.4366],[-77.5384,39.4367],[-77.5383,39.4367],[-77.5382,39.4367],[-77.5381,39.4367],[-77.538,39.4367],[-77.538,39.4368]],[[-77.5381,39.4367],[-77.5381,39.4368],[-77.538,39.4368],[-77.538,39.4367],[-77.5381,39.4367]]],[[[-77.5344,39.4404],[-77.5347,39.4401],[-77.5348,39.44],[-77.5349,39.4399],[-77.5349,39.4398],[-77.535,39.4397],[-77.5351,39.4397],[-77.5351,39.4396],[-77.5351,39.4395],[-77.5351,39.4394],[-77.5351,39.4395],[-77.535,39.4396],[-77.535,39.4397],[-77.5349,39.4398],[-77.5349,39.4399],[-77.5347,39.4401],[-77.5346,39.4402],[-77.5344,39.4403],[-77.5343,39.4404],[-77.5341,39.4403],[-77.534,39.4403],[-77.5341,39.4403],[-77.5344,39.4404]]],[[[-77.5336,39.4409],[-77.5335,39.4409],[-77.5336,39.4408],[-77.5336,39.4407],[-77.5337,39.4407],[-77.5337,39.4406],[-77.5338,39.4406],[-77.5338,39.4405],[-77.5339,39.4405],[-77.5339,39.4404],[-77.534,39.4404],[-77.534,39.4405],[-77.534,39.4404],[-77.5339,39.4404],[-77.5338,39.4404],[-77.5338,39.4405],[-77.5337,39.4406],[-77.5337,39.4407],[-77.5336,39.4407],[-77.5336,39.4408],[-77.5335,39.4408],[-77.5335,39.4409],[-77.5336,39.4409]]]]}},{"type":"Feature","properties":{"name":"Veterans Memorial Park","Location":"Neighborhood Park"},"geometry":{"type":"Polygon","coordinates":[[[-77.6253,39.3132],[-77.6254,39.3132],[-77.6254,39.3131],[-77.6253,39.3131],[-77.6244,39.3129],[-77.6243,39.3129],[-77.6243,39.313],[-77.6244,39.313],[-77.6253,39.3132]]]}},{"type":"Feature","properties":{"name":"Valley Traill / West End Trails","Location":"Neighborhood Park"},"geometry":{"type":"Polygon","coordinates":[[[-77.6371,39.32],[-77.6373,39.32],[-77.6376,39.3185],[-77.6376,39.3183],[-77.6376,39.3182],[-77.6376,39.318],[-77.6376,39.3179],[-77.6376,39.3178],[-77.6376,39.3176],[-77.6376,39.3175],[-77.6376,39.3174],[-77.6376,39.3173],[-77.6375,39.3172],[-77.6375,39.317],[-77.6374,39.3169],[-77.6374,39.3168],[-77.6373,39.3167],[-77.6373,39.3166],[-77.6371,39.3163],[-77.6368,39.3162],[-77.6371,39.3166],[-77.6372,39.3167],[-77.6372,39.3168],[-77.6373,39.3169],[-77.6373,39.317],[-77.6373,39.3171],[-77.6374,39.3172],[-77.6374,39.3173],[-77.6373,39.3176],[-77.6374,39.3179],[-77.6374,39.3182],[-77.6374,39.3183],[-77.6372,39.3187],[-77.6372,39.3189],[-77.6372,39.3195],[-77.6371,39.32]]]}},{"type":"Feature","properties":{"name":"Second Avenue Park","Location":"Neighborhood Park"},"geometry":{"type":"Polygon","coordinates":[[[-77.6182,39.3231],[-77.618,39.3233],[-77.618,39.3234],[-77.6181,39.3234],[-77.6182,39.3234],[-77.6183,39.3232],[-77.6184,39.3231],[-77.6185,39.323],[-77.6187,39.3229],[-77.6189,39.3228],[-77.619,39.3227],[-77.6192,39.3226],[-77.6194,39.3225],[-77.6196,39.3225],[-77.6197,39.3224],[-77.6199,39.3222],[-77.6199,39.3221],[-77.6196,39.3224],[-77.6187,39.3223],[-77.6182,39.3231]]]}},{"type":"Feature","properties":{"name":"Brunswick Crossing Community Park (Hope Farm Ct)","Location":"Neighborhood Park"},"geometry":{"type":"Polygon","coordinates":[[[-77.6372,39.3295],[-77.6371,39.3298],[-77.6373,39.3299],[-77.6374,39.3296],[-77.6374,39.3295],[-77.6372,39.3295]]]}},{"type":"Feature","properties":{"name":"Brunswick Crossing Tot Lot (Moore Spring Aly)","Location":"Neighborhood Park"},"geometry":{"type":"Polygon","coordinates":[[[-77.6327,39.3298],[-77.6324,39.3297],[-77.6324,39.3298],[-77.6324,39.3299],[-77.6325,39.3301],[-77.6326,39.3302],[-77.6327,39.3301],[-77.6328,39.33],[-77.6328,39.3299],[-77.6327,39.3299],[-77.6327,39.3298]]]}},{"type":"Feature","properties":{"name":"Wagon Shed Lane Tot Lot","Location":"Neighborhood Park"},"geometry":{"type":"Polygon","coordinates":[[[-77.5221,39.4316],[-77.5222,39.4318],[-77.5223,39.4318],[-77.5221,39.4316],[-77.5219,39.4314],[-77.5216,39.4313],[-77.5214,39.4312],[-77.5212,39.4311],[-77.5209,39.431],[-77.5207,39.4309],[-77.521,39.4306],[-77.5209,39.4305],[-77.5207,39.4308],[-77.5207,39.4309],[-77.5205,39.4309],[-77.5203,39.4311],[-77.5205,39.4312],[-77.5207,39.4313],[-77.521,39.4314],[-77.5212,39.4315],[-77.5214,39.4317],[-77.5217,39.4316],[-77.5218,39.4315],[-77.5221,39.4316]]]}},{"type":"Feature","properties":{"name":"Brunswick Crossing- Long Farm Circle","Location":"Neighborhood Park"},"geometry":{"type":"Polygon","coordinates":[[[-77.6318,39.3253],[-77.6317,39.3253],[-77.6316,39.3253],[-77.6314,39.3254],[-77.6314,39.3255],[-77.6315,39.3256],[-77.6316,39.3257],[-77.6316,39.3259],[-77.6317,39.326],[-77.6319,39.326],[-77.6319,39.3259],[-77.632,39.3259],[-77.6321,39.3259],[-77.6321,39.3258],[-77.6321,39.3257],[-77.6322,39.3257],[-77.6322,39.3256],[-77.6321,39.3256],[-77.6321,39.3255],[-77.6321,39.3254],[-77.632,39.3254],[-77.6319,39.3253],[-77.6318,39.3253]]]}},{"type":"Feature","properties":{"name":"Galyn Manor Park","Location":"Neighborhood Park"},"geometry":{"type":"Polygon","coordinates":[[[-77.609,39.3232],[-77.6092,39.3233],[-77.6094,39.3234],[-77.6096,39.3234],[-77.6099,39.3235],[-77.6094,39.3229],[-77.608,39.321],[-77.6077,39.3206],[-77.6071,39.321],[-77.607,39.3211],[-77.6068,39.3216],[-77.6067,39.3216],[-77.6067,39.3217],[-77.6067,39.3219],[-77.6066,39.3221],[-77.6066,39.3223],[-77.6067,39.3223],[-77.6068,39.3223],[-77.6068,39.3222],[-77.6071,39.3221],[-77.6072,39.3221],[-77.6073,39.3221],[-77.6074,39.3221],[-77.6075,39.3221],[-77.6076,39.3221],[-77.6077,39.3221],[-77.6078,39.3221],[-77.6078,39.3222],[-77.6079,39.3222],[-77.608,39.3222],[-77.608,39.3223],[-77.6081,39.3223],[-77.6081,39.3224],[-77.6082,39.3224],[-77.6082,39.3225],[-77.6083,39.3225],[-77.6083,39.3226],[-77.6083,39.3227],[-77.6084,39.3229],[-77.6084,39.323],[-77.6085,39.323],[-77.6085,39.3231],[-77.6085,39.3232],[-77.6086,39.3232],[-77.6086,39.3233],[-77.6087,39.3233],[-77.6087,39.3234],[-77.6088,39.3234],[-77.609,39.3232]]]}},{"type":"Feature","properties":{"name":"Lake Coventry Park","Location":"Neighborhood Park"},"geometry":{"type":"Polygon","coordinates":[[[-77.4551,39.426],[-77.455,39.4263],[-77.4551,39.4263],[-77.4551,39.4264],[-77.4552,39.4264],[-77.4553,39.4265],[-77.4553,39.4266],[-77.4554,39.4266],[-77.4554,39.4267],[-77.4554,39.4268],[-77.4554,39.4269],[-77.4558,39.4272],[-77.456,39.427],[-77.4568,39.426],[-77.456,39.426],[-77.4551,39.4259],[-77.4551,39.426]]]}},{"type":"Feature","properties":{"name":"Cobblestone Park","Location":"Neighborhood Park"},"geometry":{"type":"Polygon","coordinates":[[[-77.4526,39.4518],[-77.4525,39.4518],[-77.4524,39.4518],[-77.4523,39.4518],[-77.4523,39.4519],[-77.4522,39.4519],[-77.4522,39.452],[-77.4521,39.452],[-77.4521,39.4521],[-77.4521,39.4522],[-77.4522,39.4524],[-77.4522,39.4525],[-77.4522,39.4526],[-77.4522,39.4527],[-77.4521,39.4528],[-77.4521,39.4529],[-77.4518,39.4531],[-77.4518,39.4532],[-77.4517,39.4532],[-77.4517,39.4533],[-77.4517,39.4534],[-77.4517,39.4535],[-77.4517,39.4536],[-77.4518,39.4537],[-77.4519,39.4537],[-77.452,39.4537],[-77.4521,39.4537],[-77.4521,39.4536],[-77.4522,39.4536],[-77.4523,39.4536],[-77.4523,39.4535],[-77.4525,39.4532],[-77.4525,39.4531],[-77.4526,39.4531],[-77.4526,39.453],[-77.453,39.4527],[-77.453,39.4526],[-77.4531,39.4526],[-77.4531,39.4525],[-77.4531,39.4524],[-77.4532,39.4524],[-77.4532,39.4523],[-77.4532,39.4522],[-77.4532,39.4521],[-77.4531,39.4521],[-77.4531,39.452],[-77.4531,39.4519],[-77.453,39.4519],[-77.4529,39.4518],[-77.4528,39.4518],[-77.4527,39.4518],[-77.4526,39.4518]]]}},{"type":"Feature","properties":{"name":"Cobblestone Park","Location":"Neighborhood Park"},"geometry":{"type":"Polygon","coordinates":[[[-77.4512,39.4533],[-77.4509,39.4536],[-77.4505,39.4537],[-77.4504,39.4538],[-77.4503,39.4539],[-77.4502,39.4541],[-77.4503,39.4541],[-77.4503,39.4542],[-77.4504,39.4542],[-77.4504,39.4543],[-77.4505,39.4543],[-77.4505,39.4544],[-77.4506,39.4544],[-77.4506,39.4545],[-77.4506,39.4546],[-77.4508,39.4546],[-77.451,39.4545],[-77.4511,39.4545],[-77.4512,39.4545],[-77.4513,39.4545],[-77.4514,39.4545],[-77.4514,39.4544],[-77.4515,39.4544],[-77.4515,39.4535],[-77.4515,39.4534],[-77.4515,39.4533],[-77.4514,39.4532],[-77.4513,39.4532],[-77.4512,39.4533]]]}},{"type":"Feature","properties":{"name":"Trinity School Recreation Center","Location":"Recreation Center"},"geometry":{"type":"Polygon","coordinates":[[[-77.4149,39.3991],[-77.4148,39.3991],[-77.4147,39.3991],[-77.4146,39.3991],[-77.4144,39.3992],[-77.414,39.4006],[-77.4154,39.4007],[-77.4166,39.4007],[-77.4168,39.4004],[-77.417,39.4],[-77.4171,39.3998],[-77.417,39.3998],[-77.417,39.3997],[-77.4169,39.3996],[-77.4169,39.3994],[-77.4164,39.3993],[-77.4163,39.3993],[-77.4154,39.3991],[-77.4153,39.3991],[-77.4152,39.3991],[-77.415,39.3991],[-77.4149,39.3991]]]}},{"type":"Feature","properties":{"name":"Mount Tabor Park","Location":"Community Park"},"geometry":{"type":"Polygon","coordinates":[[[-77.3188,39.6081],[-77.3187,39.6081],[-77.3187,39.6083],[-77.3188,39.6086],[-77.3188,39.6087],[-77.3187,39.6087],[-77.3188,39.6087],[-77.3188,39.6088],[-77.3188,39.6089],[-77.3188,39.609],[-77.3188,39.6091],[-77.319,39.6101],[-77.3213,39.6101],[-77.3213,39.6092],[-77.3211,39.6092],[-77.3211,39.6088],[-77.3211,39.6085],[-77.321,39.6084],[-77.321,39.6083],[-77.3209,39.6082],[-77.3209,39.6081],[-77.3208,39.6081],[-77.3208,39.608],[-77.3207,39.6079],[-77.3206,39.6079],[-77.3205,39.6078],[-77.3204,39.6078],[-77.3203,39.6077],[-77.3202,39.6077],[-77.3201,39.6076],[-77.32,39.6076],[-77.3199,39.6076],[-77.3198,39.6076],[-77.3197,39.6076],[-77.3196,39.6076],[-77.3195,39.6076],[-77.3194,39.6076],[-77.3192,39.6076],[-77.3186,39.6078],[-77.3186,39.6079],[-77.3187,39.608],[-77.3188,39.608],[-77.3188,39.6081]]]}},{"type":"Feature","properties":{"name":"Creekside Park","Location":"Community Park"},"geometry":{"type":"Polygon","coordinates":[[[-77.6283,39.3922],[-77.6285,39.3925],[-77.6293,39.3923],[-77.629,39.3919],[-77.6283,39.3922]]]}},{"type":"Feature","properties":{"name":"Emmitsburg Community Center","Location":"Recreation Center"},"geometry":{"type":"Polygon","coordinates":[[[-77.3282,39.7016],[-77.3295,39.7019],[-77.3294,39.702],[-77.3295,39.702],[-77.3296,39.702],[-77.3297,39.702],[-77.3297,39.7021],[-77.3298,39.7021],[-77.3298,39.7019],[-77.3297,39.7019],[-77.3297,39.7018],[-77.3298,39.7015],[-77.3299,39.7015],[-77.3299,39.7013],[-77.3298,39.7013],[-77.3297,39.7012],[-77.3284,39.7011],[-77.3282,39.7016]]]}},{"type":"Feature","properties":{"name":"Metzger Park","Location":"Community Park"},"geometry":{"type":"Polygon","coordinates":[[[-77.569,39.5046],[-77.569,39.5047],[-77.569,39.5053],[-77.569,39.5054],[-77.5692,39.5054],[-77.5693,39.5054],[-77.5693,39.5053],[-77.5693,39.5051],[-77.5694,39.5051],[-77.5694,39.505],[-77.5693,39.505],[-77.5693,39.5047],[-77.5694,39.5047],[-77.5694,39.5046],[-77.5693,39.5046],[-77.5692,39.5046],[-77.5691,39.5046],[-77.569,39.5046]]]}},{"type":"Feature","properties":{"name":"Glenbrook Townhouse Tot Lot","Location":"Neighborhood Park"},"geometry":{"type":"Polygon","coordinates":[[[-77.5262,39.4306],[-77.5263,39.4306],[-77.5264,39.4306],[-77.5265,39.4306],[-77.5266,39.4305],[-77.5267,39.4305],[-77.5268,39.4305],[-77.5269,39.4305],[-77.5269,39.4304],[-77.5269,39.4303],[-77.5268,39.4303],[-77.5265,39.4305],[-77.5265,39.4304],[-77.5264,39.4304],[-77.5263,39.4304],[-77.5263,39.4303],[-77.5262,39.4302],[-77.5265,39.43],[-77.5262,39.4299],[-77.5261,39.4299],[-77.5264,39.4301],[-77.5263,39.4301],[-77.5262,39.4302],[-77.5261,39.4303],[-77.526,39.4303],[-77.526,39.4304],[-77.5259,39.4304],[-77.5256,39.4302],[-77.5256,39.4303],[-77.5257,39.4304],[-77.5255,39.4306],[-77.5255,39.4307],[-77.5256,39.4307],[-77.5257,39.4307],[-77.5258,39.4307],[-77.5259,39.4307],[-77.526,39.4307],[-77.5261,39.4306],[-77.5262,39.4306]]]}},{"type":"Feature","properties":{"name":"Young Nature Preserve","Location":"Community Park"},"geometry":{"type":"Polygon","coordinates":[[[-77.5608,39.5092],[-77.5607,39.5093],[-77.56,39.5095],[-77.56,39.5096],[-77.561,39.5103],[-77.5618,39.5108],[-77.5622,39.5111],[-77.5622,39.511],[-77.5624,39.5103],[-77.5624,39.5098],[-77.5624,39.5097],[-77.5624,39.5092],[-77.5625,39.5093],[-77.5625,39.5094],[-77.5626,39.5094],[-77.5628,39.5092],[-77.5629,39.5091],[-77.5628,39.5086],[-77.5621,39.5088],[-77.5615,39.509],[-77.5614,39.509],[-77.5613,39.509],[-77.5612,39.509],[-77.5612,39.5091],[-77.5611,39.5091],[-77.561,39.5091],[-77.561,39.5092],[-77.5609,39.5092],[-77.5608,39.5092]]]}},{"type":"Feature","properties":{"name":"Chesterbrook Manor","Location":"Neighborhood Park"},"geometry":{"type":"Polygon","coordinates":[[[-77.5434,39.4372],[-77.5436,39.4374],[-77.5435,39.4375],[-77.5436,39.4375],[-77.5437,39.4373],[-77.5441,39.4371],[-77.5442,39.4371],[-77.5441,39.4371],[-77.5441,39.437],[-77.5442,39.437],[-77.5444,39.437],[-77.5446,39.437],[-77.5446,39.4371],[-77.5448,39.437],[-77.5449,39.437],[-77.5449,39.4369],[-77.5449,39.4368],[-77.5451,39.4368],[-77.5449,39.4365],[-77.5443,39.4367],[-77.5441,39.4368],[-77.5439,39.4369],[-77.5437,39.437],[-77.5436,39.437],[-77.5434,39.4371],[-77.5434,39.4372]]]}},{"type":"Feature","properties":{"name":"Middletown Glen","Location":"Neighborhood Park"},"geometry":{"type":"MultiPolygon","coordinates":[[[[-77.5401,39.4453],[-77.54,39.4453],[-77.5399,39.4455],[-77.5398,39.4457],[-77.5398,39.4458],[-77.5403,39.4459],[-77.5404,39.4456],[-77.5405,39.4453],[-77.5404,39.4453],[-77.5402,39.4453],[-77.5401,39.4453]]],[[[-77.5388,39.4455],[-77.5389,39.4455],[-77.5389,39.4456],[-77.5395,39.4457],[-77.5396,39.4457],[-77.5392,39.4456],[-77.5388,39.4454],[-77.5388,39.4455]]],[[[-77.538,39.4458],[-77.5384,39.4459],[-77.5385,39.4456],[-77.5387,39.4455],[-77.5385,39.4456],[-77.5382,39.4454],[-77.538,39.4458]]]]}},{"type":"Feature","properties":{"name":"Galyn Manor Tot Lot","Location":"Neighborhood Park"},"geometry":{"type":"Polygon","coordinates":[[[-77.6045,39.3247],[-77.6046,39.3248],[-77.6048,39.3246],[-77.6047,39.3246],[-77.6046,39.3246],[-77.6045,39.3247]]]}},{"type":"Feature","properties":{"name":"City Pocket Park","Location":"Community Park"},"geometry":{"type":"Polygon","coordinates":[[[-77.6289,39.3135],[-77.629,39.3135],[-77.629,39.3134],[-77.6291,39.3134],[-77.629,39.3133],[-77.6289,39.3135]]]}},{"type":"Feature","properties":{"name":"Creamery Park","Location":"Neighborhood Park"},"geometry":{"type":"Polygon","coordinates":[[[-77.3478,39.486],[-77.3479,39.4863],[-77.348,39.4863],[-77.3481,39.4866],[-77.3488,39.4864],[-77.3487,39.4861],[-77.3483,39.486],[-77.3482,39.4862],[-77.348,39.4863],[-77.3478,39.486]]]}},{"type":"Feature","properties":{"name":"Brunswick City Park","Location":"Neighborhood Park"},"geometry":{"type":"MultiPolygon","coordinates":[[[[-77.6168,39.3133],[-77.6175,39.3133],[-77.6176,39.3133],[-77.6176,39.3132],[-77.6178,39.313],[-77.6181,39.3126],[-77.6183,39.312],[-77.6183,39.3119],[-77.6184,39.3119],[-77.6184,39.3118],[-77.6184,39.3117],[-77.6184,39.3116],[-77.6185,39.3116],[-77.6187,39.3107],[-77.6178,39.3105],[-77.6168,39.3133]]],[[[-77.6179,39.3104],[-77.619,39.3106],[-77.6194,39.3107],[-77.6196,39.3104],[-77.618,39.31],[-77.6179,39.3104]]]]}},{"type":"Feature","properties":{"name":"Memorial Park","Location":"Community Park"},"geometry":{"type":"Polygon","coordinates":[[[-77.3512,39.4867],[-77.3511,39.4866],[-77.3509,39.4866],[-77.351,39.4868],[-77.3512,39.4867]]]}},{"type":"Feature","properties":{"name":"Talley Rec Center","Location":"Recreation Center"},"geometry":{"type":"Polygon","coordinates":[[[-77.4141,39.4167],[-77.4151,39.4168],[-77.4151,39.4166],[-77.415,39.4166],[-77.415,39.4165],[-77.4149,39.4165],[-77.4147,39.4165],[-77.4146,39.4166],[-77.4145,39.4165],[-77.4145,39.4166],[-77.4142,39.4165],[-77.4141,39.4167]]]}},{"type":"Feature","properties":{"name":"Seymour B. Cooper Ornithological Sanctuary","Location":"Natural Resource"},"geometry":{"type":"Polygon","coordinates":[[[-77.4174,39.6693],[-77.4195,39.6723],[-77.4196,39.6723],[-77.4197,39.6722],[-77.4201,39.672],[-77.4208,39.6716],[-77.4209,39.6716],[-77.4209,39.6715],[-77.421,39.6715],[-77.4211,39.6715],[-77.4211,39.6714],[-77.4212,39.6714],[-77.4213,39.6714],[-77.422,39.6711],[-77.4218,39.671],[-77.4207,39.6704],[-77.4183,39.6691],[-77.4177,39.6691],[-77.4174,39.6693]]]}},{"type":"Feature","properties":{"name":"Washington Monument State Park","Location":"Regional Park"},"geometry":{"type":"MultiPolygon","coordinates":[[[[-77.6222,39.5033],[-77.623,39.5034],[-77.6239,39.5029],[-77.6243,39.5026],[-77.6258,39.5017],[-77.6302,39.5024],[-77.6306,39.5016],[-77.631,39.5008],[-77.6311,39.5007],[-77.6315,39.5008],[-77.6315,39.5007],[-77.6315,39.5006],[-77.6315,39.5005],[-77.6315,39.5004],[-77.6316,39.5002],[-77.6316,39.5001],[-77.6317,39.5],[-77.6317,39.4999],[-77.6318,39.4998],[-77.6318,39.4997],[-77.6317,39.4996],[-77.6317,39.4995],[-77.6316,39.4994],[-77.6316,39.4993],[-77.6315,39.4992],[-77.6314,39.4992],[-77.6314,39.4991],[-77.6314,39.499],[-77.6314,39.4989],[-77.6314,39.4988],[-77.6314,39.4987],[-77.6315,39.4987],[-77.6316,39.4986],[-77.6317,39.4985],[-77.6318,39.4984],[-77.6319,39.4982],[-77.632,39.498],[-77.6321,39.4978],[-77.6322,39.4978],[-77.6321,39.4978],[-77.6297,39.4973],[-77.6294,39.4972],[-77.6266,39.4966],[-77.6267,39.4965],[-77.6268,39.4961],[-77.6266,39.4961],[-77.6263,39.496],[-77.6261,39.4956],[-77.6254,39.496],[-77.6255,39.4967],[-77.625,39.4973],[-77.6246,39.498],[-77.6241,39.4978],[-77.6232,39.4985],[-77.6221,39.498],[-77.6219,39.4977],[-77.6218,39.4976],[-77.6214,39.4972],[-77.6213,39.4971],[-77.6205,39.4965],[-77.6203,39.4967],[-77.6202,39.4968],[-77.6201,39.4968],[-77.6201,39.4969],[-77.62,39.4969],[-77.6199,39.4969],[-77.6199,39.497],[-77.6198,39.497],[-77.6197,39.4971],[-77.6192,39.4974],[-77.6184,39.4978],[-77.6191,39.4982],[-77.6197,39.4978],[-77.6204,39.4983],[-77.6206,39.4985],[-77.6213,39.499],[-77.6219,39.4998],[-77.6213,39.5011],[-77.6205,39.5026],[-77.6202,39.503],[-77.6217,39.5034],[-77.6218,39.5032],[-77.6219,39.5032],[-77.6222,39.5033]]],[[[-77.6197,39.4932],[-77.6198,39.4933],[-77.6198,39.4934],[-77.6198,39.4936],[-77.6199,39.4937],[-77.6199,39.4939],[-77.6199,39.494],[-77.6199,39.4942],[-77.6198,39.4943],[-77.6198,39.4944],[-77.6198,39.4946],[-77.6197,39.4947],[-77.6197,39.4948],[-77.6197,39.4949],[-77.6195,39.4952],[-77.6193,39.4958],[-77.6192,39.496],[-77.6191,39.4961],[-77.6191,39.4962],[-77.6191,39.4963],[-77.6191,39.4964],[-77.6194,39.4964],[-77.6195,39.4964],[-77.6206,39.4964],[-77.6207,39.4964],[-77.6207,39.4963],[-77.6208,39.4963],[-77.6209,39.4963],[-77.6211,39.4963],[-77.6214,39.4963],[-77.6215,39.4962],[-77.6216,39.4962],[-77.6216,39.4961],[-77.6215,39.4958],[-77.6215,39.4957],[-77.6215,39.4956],[-77.6215,39.4955],[-77.6215,39.4954],[-77.6217,39.495],[-77.6217,39.4948],[-77.6217,39.4947],[-77.6219,39.4942],[-77.622,39.4941],[-77.622,39.494],[-77.622,39.4939],[-77.622,39.4938],[-77.6221,39.4937],[-77.6221,39.4936],[-77.6197,39.4931],[-77.6197,39.4932]]],[[[-77.6184,39.4969],[-77.6186,39.497],[-77.6187,39.497],[-77.6189,39.497],[-77.6189,39.4969],[-77.6189,39.4968],[-77.6188,39.4967],[-77.6188,39.4966],[-77.6188,39.4965],[-77.6188,39.4964],[-77.6188,39.4963],[-77.6189,39.4963],[-77.6189,39.4962],[-77.6189,39.4961],[-77.6189,39.496],[-77.6192,39.4956],[-77.6193,39.4953],[-77.6184,39.4948],[-77.6177,39.4964],[-77.618,39.4964],[-77.6183,39.4964],[-77.6183,39.4965],[-77.6184,39.4969]]],[[[-77.6316,39.4992],[-77.6317,39.4993],[-77.6317,39.4994],[-77.6317,39.4993],[-77.6318,39.4992],[-77.6316,39.4992]]],[[[-77.616,39.5032],[-77.6176,39.5037],[-77.6182,39.5038],[-77.6197,39.503],[-77.6194,39.5025],[-77.6186,39.5014],[-77.6183,39.5009],[-77.617,39.5005],[-77.6167,39.5003],[-77.6151,39.5003],[-77.615,39.5003],[-77.615,39.5004],[-77.6149,39.5004],[-77.6149,39.5005],[-77.6149,39.5006],[-77.6148,39.5006],[-77.6148,39.5007],[-77.6148,39.5008],[-77.6148,39.5009],[-77.6146,39.5018],[-77.6146,39.5019],[-77.6151,39.5024],[-77.616,39.5032]]]]}},{"type":"Feature","properties":{"name":"Spring Ridge Conservancy","Location":"Natural Resource"},"geometry":{"type":"Polygon","coordinates":[[[-77.3496,39.4076],[-77.3495,39.4077],[-77.3495,39.4078],[-77.3494,39.4078],[-77.3494,39.4079],[-77.3493,39.4079],[-77.3493,39.408],[-77.3492,39.408],[-77.349,39.4082],[-77.3489,39.4082],[-77.3488,39.4082],[-77.3487,39.4082],[-77.3486,39.4083],[-77.3485,39.4083],[-77.3484,39.4083],[-77.3481,39.4084],[-77.3491,39.4087],[-77.3502,39.4091],[-77.3508,39.4087],[-77.352,39.408],[-77.352,39.4079],[-77.3522,39.4078],[-77.3527,39.4076],[-77.3536,39.4074],[-77.3541,39.4076],[-77.3545,39.4078],[-77.3549,39.4079],[-77.3557,39.4079],[-77.3563,39.4083],[-77.3565,39.4071],[-77.3562,39.4067],[-77.3561,39.4067],[-77.3562,39.4055],[-77.3562,39.4054],[-77.3541,39.4055],[-77.3534,39.4055],[-77.3529,39.4055],[-77.3522,39.4054],[-77.351,39.4054],[-77.3506,39.4053],[-77.35,39.4054],[-77.3493,39.4052],[-77.3485,39.4049],[-77.3481,39.4048],[-77.3477,39.4057],[-77.3478,39.4056],[-77.3479,39.4056],[-77.348,39.4056],[-77.3481,39.4056],[-77.3482,39.4056],[-77.3483,39.4056],[-77.3484,39.4056],[-77.3485,39.4056],[-77.3485,39.4057],[-77.3486,39.4058],[-77.3487,39.4058],[-77.3488,39.4058],[-77.3489,39.4059],[-77.349,39.4059],[-77.3491,39.4059],[-77.3492,39.4059],[-77.3493,39.406],[-77.3494,39.4061],[-77.3495,39.4062],[-77.3496,39.4063],[-77.3497,39.4064],[-77.3496,39.4066],[-77.3497,39.4066],[-77.3498,39.4066],[-77.3499,39.4066],[-77.35,39.4066],[-77.3501,39.4067],[-77.3502,39.4067],[-77.3503,39.4067],[-77.3504,39.4067],[-77.3505,39.4067],[-77.3506,39.4067],[-77.3507,39.4068],[-77.3508,39.4068],[-77.3509,39.4068],[-77.351,39.4068],[-77.3511,39.4067],[-77.3512,39.4067],[-77.3513,39.4067],[-77.3514,39.4067],[-77.3521,39.4066],[-77.352,39.4073],[-77.3514,39.4073],[-77.3513,39.4074],[-77.3512,39.4074],[-77.3511,39.4074],[-77.351,39.4074],[-77.3509,39.4074],[-77.3508,39.4074],[-77.3506,39.4074],[-77.3505,39.4074],[-77.3504,39.4074],[-77.3503,39.4073],[-77.3502,39.4073],[-77.3501,39.4073],[-77.35,39.4073],[-77.3499,39.4073],[-77.3498,39.4072],[-77.3497,39.4072],[-77.3496,39.4076]]]}},{"type":"Feature","properties":{"name":"Appalachian National Scenic Trail","Location":"National Park"},"geometry":{"type":"Polygon","coordinates":[[[-77.6466,39.3828],[-77.6464,39.3836],[-77.6475,39.3838],[-77.6482,39.383],[-77.6479,39.3827],[-77.647,39.3818],[-77.6466,39.3828]]]}},{"type":"Feature","properties":{"name":"Appalachian National Scenic Trail","Location":"National Park"},"geometry":{"type":"Polygon","coordinates":[[[-77.5277,39.6883],[-77.5271,39.6895],[-77.5287,39.6899],[-77.5289,39.6899],[-77.5304,39.6902],[-77.5306,39.6903],[-77.5307,39.6899],[-77.5313,39.6866],[-77.5313,39.6864],[-77.5292,39.6856],[-77.5288,39.6855],[-77.5287,39.6855],[-77.5277,39.6883]]]}},{"type":"Feature","properties":{"name":"Appalachian National Scenic Trail","Location":"National Park"},"geometry":{"type":"Polygon","coordinates":[[[-77.654,39.3717],[-77.6529,39.3721],[-77.6525,39.3723],[-77.6522,39.3733],[-77.6523,39.3734],[-77.6524,39.3734],[-77.6525,39.3734],[-77.6526,39.3734],[-77.653,39.3735],[-77.6528,39.3741],[-77.6551,39.3755],[-77.6557,39.3745],[-77.6564,39.3731],[-77.6567,39.3727],[-77.6569,39.3723],[-77.6554,39.3711],[-77.654,39.3717]]]}},{"type":"Feature","properties":{"name":"Appalachian National Scenic Trail","Location":"National Park"},"geometry":{"type":"Polygon","coordinates":[[[-77.6752,39.3352],[-77.6746,39.3351],[-77.6745,39.3352],[-77.6744,39.3352],[-77.6734,39.3359],[-77.6752,39.3352]]]}},{"type":"Feature","properties":{"name":"Appalachian National Scenic Trail","Location":"National Park"},"geometry":{"type":"Polygon","coordinates":[[[-77.5103,39.7153],[-77.5103,39.7152],[-77.5104,39.7151],[-77.5104,39.7149],[-77.5105,39.7148],[-77.5105,39.7147],[-77.5106,39.7146],[-77.5106,39.7145],[-77.5107,39.7144],[-77.5108,39.7143],[-77.5109,39.7142],[-77.5109,39.7141],[-77.511,39.714],[-77.5111,39.7139],[-77.5112,39.7138],[-77.5113,39.7137],[-77.5114,39.7137],[-77.5099,39.7142],[-77.5101,39.7158],[-77.5103,39.7157],[-77.5103,39.7154],[-77.5103,39.7153]]]}},{"type":"Feature","properties":{"name":"Appalachian National Scenic Trail","Location":"National Park"},"geometry":{"type":"Polygon","coordinates":[[[-77.5981,39.56],[-77.597,39.56],[-77.598,39.5635],[-77.5982,39.5644],[-77.5996,39.5618],[-77.599,39.56],[-77.5981,39.56]]]}},{"type":"Feature","properties":{"name":"Appalachian National Scenic Trail","Location":"National Park"},"geometry":{"type":"Polygon","coordinates":[[[-77.5303,39.6673],[-77.5285,39.6661],[-77.5274,39.6679],[-77.529,39.6684],[-77.5299,39.6684],[-77.5303,39.6673]]]}},{"type":"Feature","properties":{"name":"Appalachian National Scenic Trail","Location":"National Park"},"geometry":{"type":"Polygon","coordinates":[[[-77.5141,39.7014],[-77.5142,39.7014],[-77.5143,39.7014],[-77.5144,39.7014],[-77.5145,39.7014],[-77.5146,39.7014],[-77.5147,39.7014],[-77.5148,39.7014],[-77.5149,39.7014],[-77.515,39.7013],[-77.5151,39.7013],[-77.5151,39.7012],[-77.5152,39.7012],[-77.5153,39.7011],[-77.5154,39.7011],[-77.5154,39.701],[-77.5155,39.701],[-77.5156,39.701],[-77.5157,39.7009],[-77.5158,39.7009],[-77.5159,39.7008],[-77.5161,39.7008],[-77.5162,39.7007],[-77.5163,39.7006],[-77.5164,39.7006],[-77.5164,39.7005],[-77.5165,39.7005],[-77.5166,39.7004],[-77.5167,39.7003],[-77.5168,39.7002],[-77.517,39.7002],[-77.5171,39.7001],[-77.5172,39.7],[-77.5173,39.7],[-77.5175,39.6999],[-77.5176,39.6999],[-77.5176,39.6998],[-77.5177,39.6998],[-77.5178,39.6997],[-77.5179,39.6997],[-77.518,39.6996],[-77.5181,39.6996],[-77.5181,39.6995],[-77.5182,39.6995],[-77.5183,39.6995],[-77.5183,39.6994],[-77.5184,39.6994],[-77.5184,39.6993],[-77.5185,39.6992],[-77.5185,39.6991],[-77.5186,39.699],[-77.5186,39.6989],[-77.5186,39.6988],[-77.5187,39.6987],[-77.5187,39.6986],[-77.5188,39.6985],[-77.5189,39.6984],[-77.519,39.6982],[-77.5191,39.6981],[-77.5191,39.698],[-77.5192,39.6979],[-77.5193,39.6978],[-77.5194,39.6977],[-77.5195,39.6976],[-77.5196,39.6975],[-77.5197,39.6974],[-77.5198,39.6972],[-77.5198,39.6971],[-77.5201,39.6972],[-77.5203,39.6969],[-77.5204,39.6968],[-77.521,39.6959],[-77.5207,39.6958],[-77.5206,39.6958],[-77.5202,39.6956],[-77.5196,39.6965],[-77.5193,39.6969],[-77.5197,39.697],[-77.5197,39.6971],[-77.5196,39.6971],[-77.5195,39.6973],[-77.5195,39.6974],[-77.5194,39.6975],[-77.5193,39.6976],[-77.5192,39.6977],[-77.5191,39.6978],[-77.519,39.6979],[-77.519,39.698],[-77.5189,39.698],[-77.5189,39.6981],[-77.5188,39.6982],[-77.5187,39.6983],[-77.5187,39.6984],[-77.5186,39.6986],[-77.5185,39.6986],[-77.5185,39.6987],[-77.5185,39.6988],[-77.5185,39.6989],[-77.5184,39.699],[-77.5184,39.6991],[-77.5183,39.6991],[-77.5183,39.6992],[-77.5183,39.6993],[-77.5182,39.6993],[-77.5182,39.6994],[-77.5181,39.6994],[-77.518,39.6995],[-77.5179,39.6995],[-77.5178,39.6996],[-77.5177,39.6996],[-77.5176,39.6997],[-77.5174,39.6998],[-77.5172,39.6999],[-77.5171,39.6999],[-77.517,39.7],[-77.5169,39.7001],[-77.5167,39.7001],[-77.5166,39.7002],[-77.5165,39.7003],[-77.5164,39.7004],[-77.5163,39.7005],[-77.5162,39.7005],[-77.5161,39.7006],[-77.516,39.7007],[-77.5159,39.7007],[-77.5158,39.7008],[-77.5156,39.7008],[-77.5155,39.7008],[-77.5155,39.7009],[-77.5154,39.7009],[-77.5153,39.701],[-77.5152,39.7011],[-77.5151,39.7011],[-77.515,39.7012],[-77.5149,39.7012],[-77.5148,39.7013],[-77.5147,39.7013],[-77.5146,39.7013],[-77.5145,39.7013],[-77.5144,39.7013],[-77.5143,39.7013],[-77.5142,39.7013],[-77.5142,39.7012],[-77.5141,39.7012],[-77.514,39.7011],[-77.5139,39.701],[-77.5139,39.7009],[-77.5138,39.7008],[-77.5138,39.7007],[-77.5138,39.7006],[-77.5138,39.7005],[-77.5138,39.7003],[-77.5138,39.7002],[-77.5138,39.7],[-77.5138,39.6998],[-77.5138,39.6996],[-77.5138,39.6995],[-77.5138,39.6993],[-77.5137,39.6993],[-77.5136,39.6994],[-77.5137,39.6995],[-77.5137,39.6996],[-77.5137,39.6998],[-77.5137,39.7],[-77.5136,39.7001],[-77.5136,39.7003],[-77.5136,39.7005],[-77.5136,39.7006],[-77.5136,39.7007],[-77.5136,39.7008],[-77.5137,39.7008],[-77.5137,39.7009],[-77.5138,39.701],[-77.5139,39.7011],[-77.5139,39.7012],[-77.514,39.7013],[-77.5141,39.7013],[-77.5141,39.7014]]]}},{"type":"Feature","properties":{"name":"Appalachian National Scenic Trail","Location":"National Park"},"geometry":{"type":"Polygon","coordinates":[[[-77.5446,39.6288],[-77.5442,39.6292],[-77.5437,39.6297],[-77.5435,39.6299],[-77.5471,39.632],[-77.5472,39.632],[-77.5478,39.6315],[-77.5479,39.6313],[-77.5488,39.6305],[-77.5459,39.6288],[-77.5451,39.6283],[-77.5447,39.6287],[-77.5442,39.6286],[-77.542,39.6278],[-77.5419,39.6278],[-77.5429,39.6282],[-77.5446,39.6288]]]}},{"type":"Feature","properties":{"name":"Appalachian National Scenic Trail","Location":"National Park"},"geometry":{"type":"Polygon","coordinates":[[[-77.6317,39.4297],[-77.6316,39.4298],[-77.6325,39.4319],[-77.6328,39.4318],[-77.6346,39.4316],[-77.6333,39.431],[-77.6352,39.4296],[-77.6334,39.4281],[-77.6326,39.4287],[-77.6319,39.4285],[-77.6317,39.4297]]]}},{"type":"Feature","properties":{"name":"Appalachian National Scenic Trail","Location":"National Park"},"geometry":{"type":"Polygon","coordinates":[[[-77.5527,39.6511],[-77.549,39.6493],[-77.5479,39.6504],[-77.5516,39.652],[-77.5527,39.6511]]]}},{"type":"Feature","properties":{"name":"Appalachian National Scenic Trail","Location":"National Park"},"geometry":{"type":"Polygon","coordinates":[[[-77.5091,39.7118],[-77.509,39.7119],[-77.5089,39.712],[-77.5088,39.7121],[-77.5087,39.7122],[-77.5086,39.7123],[-77.5085,39.7124],[-77.5083,39.7125],[-77.5081,39.7128],[-77.508,39.7129],[-77.508,39.713],[-77.5079,39.7131],[-77.5078,39.7133],[-77.5077,39.7134],[-77.5077,39.7135],[-77.5076,39.7136],[-77.5076,39.7137],[-77.5076,39.7138],[-77.5081,39.7143],[-77.5084,39.7144],[-77.5086,39.7146],[-77.5092,39.7151],[-77.5092,39.7149],[-77.5093,39.7148],[-77.5093,39.7147],[-77.5094,39.7146],[-77.5094,39.7145],[-77.5095,39.7144],[-77.5096,39.7143],[-77.5096,39.7142],[-77.5097,39.714],[-77.5098,39.7139],[-77.5099,39.7139],[-77.5096,39.7117],[-77.5093,39.7117],[-77.5091,39.7118]]]}},{"type":"Feature","properties":{"name":"Appalachian National Scenic Trail","Location":"National Park"},"geometry":{"type":"Polygon","coordinates":[[[-77.6277,39.4658],[-77.6275,39.4659],[-77.6291,39.4665],[-77.629,39.4667],[-77.6291,39.4667],[-77.6312,39.4667],[-77.6308,39.4664],[-77.629,39.4653],[-77.6286,39.465],[-77.6277,39.4658]]]}},{"type":"Feature","properties":{"name":"Appalachian National Scenic Trail","Location":"National Park"},"geometry":{"type":"Polygon","coordinates":[[[-77.5707,39.6049],[-77.5703,39.606],[-77.5702,39.6067],[-77.5691,39.6067],[-77.5685,39.6084],[-77.5693,39.6097],[-77.5731,39.6102],[-77.5744,39.6076],[-77.5746,39.607],[-77.5753,39.6067],[-77.5752,39.6058],[-77.5752,39.6052],[-77.5745,39.605],[-77.5715,39.6045],[-77.5707,39.6049]]]}},{"type":"Feature","properties":{"name":"Appalachian National Scenic Trail","Location":"National Park"},"geometry":{"type":"Polygon","coordinates":[[[-77.5863,39.588],[-77.5841,39.5873],[-77.584,39.5872],[-77.5834,39.587],[-77.5833,39.587],[-77.5832,39.587],[-77.5823,39.5893],[-77.5824,39.5893],[-77.5825,39.5893],[-77.5853,39.5903],[-77.5863,39.588]]]}},{"type":"Feature","properties":{"name":"Appalachian National Scenic Trail","Location":"National Park"},"geometry":{"type":"Polygon","coordinates":[[[-77.5327,39.6684],[-77.5305,39.6712],[-77.5306,39.6712],[-77.5322,39.6716],[-77.5323,39.6716],[-77.5369,39.6683],[-77.5327,39.6684]]]}},{"type":"Feature","properties":{"name":"Appalachian National Scenic Trail","Location":"National Park"},"geometry":{"type":"Polygon","coordinates":[[[-77.6465,39.3926],[-77.6465,39.3928],[-77.6463,39.3931],[-77.6482,39.3935],[-77.6486,39.3936],[-77.6498,39.3939],[-77.6502,39.394],[-77.6502,39.3939],[-77.6503,39.3938],[-77.6503,39.3937],[-77.6504,39.3936],[-77.6504,39.3935],[-77.6505,39.3933],[-77.6495,39.3931],[-77.6486,39.3928],[-77.6467,39.3923],[-77.6465,39.3926]]]}},{"type":"Feature","properties":{"name":"Appalachian National Scenic Trail","Location":"National Park"},"geometry":{"type":"Polygon","coordinates":[[[-77.6669,39.3508],[-77.6666,39.3512],[-77.6663,39.3521],[-77.6667,39.3522],[-77.6709,39.353],[-77.6718,39.3514],[-77.6679,39.3505],[-77.6674,39.3504],[-77.6673,39.3504],[-77.6669,39.3508]]]}},{"type":"Feature","properties":{"name":"Appalachian National Scenic Trail","Location":"National Park"},"geometry":{"type":"Polygon","coordinates":[[[-77.6354,39.4429],[-77.6362,39.443],[-77.6365,39.443],[-77.6366,39.4428],[-77.6366,39.4424],[-77.637,39.441],[-77.6371,39.4405],[-77.6372,39.44],[-77.6373,39.4395],[-77.6375,39.4385],[-77.6407,39.4384],[-77.6406,39.4379],[-77.6404,39.4375],[-77.6404,39.4374],[-77.6403,39.437],[-77.6402,39.4366],[-77.64,39.436],[-77.64,39.4359],[-77.64,39.4358],[-77.6398,39.4351],[-77.6397,39.4349],[-77.6384,39.4349],[-77.6383,39.4349],[-77.6384,39.4347],[-77.6391,39.4315],[-77.6391,39.4314],[-77.6394,39.4299],[-77.6395,39.4296],[-77.6397,39.4286],[-77.6398,39.4282],[-77.64,39.4275],[-77.6402,39.4266],[-77.6402,39.4264],[-77.6403,39.4262],[-77.6403,39.4259],[-77.6406,39.4248],[-77.6418,39.4248],[-77.6418,39.4243],[-77.6418,39.4235],[-77.6419,39.4215],[-77.6419,39.4208],[-77.6419,39.4192],[-77.6419,39.4175],[-77.6419,39.4134],[-77.6419,39.4132],[-77.6419,39.4129],[-77.6447,39.4129],[-77.645,39.4129],[-77.6448,39.4125],[-77.6443,39.4112],[-77.6442,39.4112],[-77.6427,39.4105],[-77.6426,39.4107],[-77.6423,39.4107],[-77.6408,39.4107],[-77.6407,39.4107],[-77.6407,39.4109],[-77.6407,39.4116],[-77.6408,39.4124],[-77.6408,39.4134],[-77.6408,39.4135],[-77.6413,39.4151],[-77.6414,39.4159],[-77.64,39.422],[-77.64,39.4213],[-77.6402,39.4195],[-77.64,39.4195],[-77.6392,39.4194],[-77.6392,39.4196],[-77.6391,39.4203],[-77.6389,39.421],[-77.6386,39.421],[-77.6383,39.4209],[-77.633,39.42],[-77.6329,39.42],[-77.6334,39.4204],[-77.6335,39.421],[-77.6325,39.4209],[-77.6323,39.4213],[-77.6323,39.4214],[-77.6322,39.4216],[-77.6321,39.4217],[-77.6351,39.4222],[-77.6351,39.4223],[-77.635,39.4228],[-77.6327,39.4224],[-77.6328,39.4232],[-77.6324,39.4232],[-77.6322,39.4237],[-77.637,39.424],[-77.6379,39.4241],[-77.638,39.4241],[-77.6381,39.4246],[-77.6386,39.4247],[-77.6392,39.4247],[-77.6394,39.4247],[-77.6393,39.4249],[-77.6394,39.4252],[-77.6395,39.4257],[-77.6394,39.4257],[-77.6392,39.4256],[-77.6388,39.4263],[-77.6387,39.4265],[-77.6385,39.4269],[-77.6382,39.4269],[-77.6374,39.427],[-77.6373,39.4272],[-77.6373,39.4275],[-77.637,39.4284],[-77.6372,39.4292],[-77.6375,39.4295],[-77.638,39.4301],[-77.6376,39.4307],[-77.6373,39.4307],[-77.637,39.4307],[-77.6369,39.431],[-77.6362,39.4323],[-77.6366,39.4322],[-77.6365,39.4324],[-77.6368,39.4342],[-77.6371,39.4344],[-77.6373,39.4346],[-77.6374,39.4347],[-77.6372,39.4353],[-77.6373,39.4356],[-77.6369,39.4366],[-77.6362,39.4373],[-77.6362,39.4382],[-77.6362,39.4384],[-77.6361,39.4388],[-77.636,39.4392],[-77.634,39.439],[-77.634,39.4392],[-77.6345,39.4396],[-77.6332,39.441],[-77.6313,39.441],[-77.63,39.4417],[-77.6298,39.4417],[-77.6299,39.4418],[-77.631,39.4428],[-77.631,39.444],[-77.6311,39.4444],[-77.6344,39.4429],[-77.6345,39.4429],[-77.6354,39.4429]]]}},{"type":"Feature","properties":{"name":"Appalachian National Scenic Trail","Location":"National Park"},"geometry":{"type":"Polygon","coordinates":[[[-77.6316,39.4374],[-77.6316,39.4378],[-77.6316,39.438],[-77.6316,39.4387],[-77.634,39.4379],[-77.6346,39.4373],[-77.635,39.437],[-77.6352,39.4365],[-77.6352,39.4363],[-77.6316,39.437],[-77.6316,39.4374]]]}},{"type":"Feature","properties":{"name":"Appalachian National Scenic Trail","Location":"National Park"},"geometry":{"type":"Polygon","coordinates":[[[-77.6607,39.3544],[-77.6644,39.3557],[-77.6646,39.3551],[-77.6649,39.3543],[-77.6653,39.3536],[-77.6659,39.3524],[-77.666,39.3521],[-77.6663,39.351],[-77.6665,39.3508],[-77.6642,39.3504],[-77.6638,39.3504],[-77.663,39.3505],[-77.6629,39.3506],[-77.6626,39.3507],[-77.6607,39.3544]]]}},{"type":"Feature","properties":{"name":"Appalachian National Scenic Trail","Location":"National Park"},"geometry":{"type":"Polygon","coordinates":[[[-77.6752,39.3414],[-77.6769,39.3417],[-77.6772,39.3417],[-77.6772,39.3416],[-77.6776,39.341],[-77.678,39.3403],[-77.6781,39.34],[-77.6778,39.34],[-77.6759,39.3396],[-77.6752,39.3395],[-77.6751,39.3395],[-77.675,39.3395],[-77.6743,39.3412],[-77.6746,39.3412],[-77.6747,39.3412],[-77.6749,39.3413],[-77.6752,39.3414]]]}},{"type":"Feature","properties":{"name":"Appalachian National Scenic Trail","Location":"National Park"},"geometry":{"type":"Polygon","coordinates":[[[-77.6328,39.4274],[-77.632,39.4268],[-77.6319,39.4267],[-77.6318,39.4276],[-77.6328,39.4274]]]}},{"type":"Feature","properties":{"name":"Appalachian National Scenic Trail","Location":"National Park"},"geometry":{"type":"Polygon","coordinates":[[[-77.6263,39.4647],[-77.625,39.4625],[-77.6243,39.4629],[-77.6216,39.4615],[-77.6216,39.4616],[-77.6211,39.4622],[-77.6206,39.4629],[-77.6224,39.464],[-77.6235,39.4647],[-77.6251,39.4653],[-77.6263,39.4647]]]}},{"type":"Feature","properties":{"name":"Appalachian National Scenic Trail","Location":"National Park"},"geometry":{"type":"Polygon","coordinates":[[[-77.5914,39.5506],[-77.5913,39.5547],[-77.5913,39.5559],[-77.5913,39.557],[-77.5937,39.5568],[-77.5937,39.5537],[-77.5936,39.5504],[-77.5936,39.55],[-77.5914,39.5506]]]}},{"type":"Feature","properties":{"name":"Appalachian National Scenic Trail","Location":"National Park"},"geometry":{"type":"Polygon","coordinates":[[[-77.6327,39.4582],[-77.6307,39.4595],[-77.6303,39.4598],[-77.6325,39.4601],[-77.6334,39.4602],[-77.6336,39.4588],[-77.6338,39.4579],[-77.6341,39.4561],[-77.6327,39.4582]]]}},{"type":"Feature","properties":{"name":"Appalachian National Scenic Trail","Location":"National Park"},"geometry":{"type":"Polygon","coordinates":[[[-77.6377,39.4193],[-77.6365,39.4191],[-77.6344,39.4189],[-77.6339,39.4189],[-77.6339,39.4194],[-77.6344,39.4195],[-77.637,39.4199],[-77.6375,39.42],[-77.6377,39.4193]]]}},{"type":"Feature","properties":{"name":"Appalachian National Scenic Trail","Location":"National Park"},"geometry":{"type":"Polygon","coordinates":[[[-77.6581,39.36],[-77.6579,39.3614],[-77.6607,39.3623],[-77.6613,39.3606],[-77.6583,39.3596],[-77.6581,39.36]]]}},{"type":"Feature","properties":{"name":"Appalachian National Scenic Trail","Location":"National Park"},"geometry":{"type":"Polygon","coordinates":[[[-77.6182,39.5038],[-77.6174,39.5046],[-77.6174,39.5091],[-77.6189,39.5093],[-77.6185,39.5103],[-77.6183,39.5109],[-77.6175,39.5114],[-77.6189,39.512],[-77.6196,39.5109],[-77.6199,39.5105],[-77.6206,39.5097],[-77.6198,39.5095],[-77.6204,39.5088],[-77.621,39.5082],[-77.62,39.5058],[-77.6197,39.505],[-77.6191,39.5036],[-77.619,39.5034],[-77.6182,39.5038]]]}},{"type":"Feature","properties":{"name":"Appalachian National Scenic Trail","Location":"National Park"},"geometry":{"type":"Polygon","coordinates":[[[-77.6436,39.3895],[-77.6434,39.3896],[-77.6433,39.3897],[-77.6432,39.3898],[-77.6431,39.3898],[-77.6431,39.3899],[-77.6456,39.3905],[-77.6458,39.3906],[-77.646,39.39],[-77.6459,39.39],[-77.6438,39.3893],[-77.6436,39.3895]]]}},{"type":"Feature","properties":{"name":"Appalachian National Scenic Trail","Location":"National Park"},"geometry":{"type":"Polygon","coordinates":[[[-77.6141,39.5242],[-77.6151,39.5244],[-77.6167,39.5249],[-77.6168,39.5247],[-77.6168,39.5245],[-77.6164,39.5239],[-77.6145,39.5233],[-77.6123,39.5228],[-77.6122,39.5228],[-77.6121,39.5215],[-77.6108,39.5233],[-77.6102,39.5238],[-77.6124,39.526],[-77.6125,39.5261],[-77.6126,39.5256],[-77.6123,39.5238],[-77.6141,39.5242]]]}},{"type":"Feature","properties":{"name":"Appalachian National Scenic Trail","Location":"National Park"},"geometry":{"type":"Polygon","coordinates":[[[-77.502,39.6918],[-77.5004,39.694],[-77.5002,39.6942],[-77.5,39.6945],[-77.4999,39.6947],[-77.4997,39.6949],[-77.4996,39.6951],[-77.4991,39.6957],[-77.4989,39.696],[-77.4992,39.6961],[-77.5003,39.6964],[-77.5013,39.6967],[-77.5013,39.6966],[-77.5013,39.6965],[-77.5013,39.6964],[-77.5014,39.6963],[-77.5014,39.6962],[-77.5014,39.6961],[-77.5014,39.696],[-77.5015,39.6959],[-77.5016,39.6956],[-77.5017,39.6953],[-77.502,39.6947],[-77.5022,39.6944],[-77.5023,39.6941],[-77.5024,39.6938],[-77.5025,39.6936],[-77.5026,39.6933],[-77.5027,39.6932],[-77.5028,39.693],[-77.5029,39.6928],[-77.503,39.6927],[-77.503,39.6926],[-77.5031,39.6925],[-77.5032,39.6924],[-77.5033,39.6923],[-77.5034,39.6922],[-77.5035,39.6922],[-77.5034,39.6921],[-77.5033,39.692],[-77.5032,39.692],[-77.5031,39.6919],[-77.503,39.6919],[-77.5029,39.6919],[-77.5028,39.6919],[-77.5027,39.6918],[-77.5026,39.6918],[-77.5025,39.6918],[-77.5024,39.6918],[-77.5022,39.6918],[-77.5021,39.6918],[-77.502,39.6918]]]}},{"type":"Feature","properties":{"name":"Appalachian National Scenic Trail","Location":"National Park"},"geometry":{"type":"Polygon","coordinates":[[[-77.618,39.4978],[-77.618,39.4979],[-77.6181,39.4978],[-77.6188,39.4974],[-77.6188,39.4973],[-77.6186,39.497],[-77.6184,39.4969],[-77.6183,39.4965],[-77.6183,39.4964],[-77.618,39.4964],[-77.6177,39.4963],[-77.6184,39.4948],[-77.6193,39.4953],[-77.6194,39.4949],[-77.6179,39.4931],[-77.6171,39.493],[-77.617,39.4938],[-77.6167,39.4963],[-77.6166,39.4963],[-77.6168,39.4938],[-77.6134,39.4937],[-77.6131,39.4945],[-77.613,39.4948],[-77.6134,39.4955],[-77.6146,39.4965],[-77.616,39.4979],[-77.6167,39.4986],[-77.6169,39.4985],[-77.6171,39.4984],[-77.618,39.4978]]]}},{"type":"Feature","properties":{"name":"Appalachian National Scenic Trail","Location":"National Park"},"geometry":{"type":"Polygon","coordinates":[[[-77.6734,39.3359],[-77.6724,39.3376],[-77.6721,39.3384],[-77.6724,39.3384],[-77.6709,39.3416],[-77.6706,39.3424],[-77.6667,39.3424],[-77.6666,39.3428],[-77.6662,39.3428],[-77.6662,39.3431],[-77.6674,39.343],[-77.6715,39.343],[-77.672,39.3423],[-77.6724,39.3415],[-77.6744,39.3378],[-77.674,39.3379],[-77.6734,39.3359]]]}},{"type":"Feature","properties":{"name":"Appalachian National Scenic Trail","Location":"National Park"},"geometry":{"type":"Polygon","coordinates":[[[-77.6673,39.3622],[-77.6685,39.3622],[-77.6693,39.3624],[-77.6693,39.3593],[-77.6693,39.3591],[-77.666,39.3584],[-77.6671,39.3567],[-77.6657,39.3563],[-77.6646,39.3581],[-77.6639,39.3593],[-77.6632,39.3605],[-77.6636,39.3608],[-77.6655,39.3623],[-77.6665,39.363],[-77.6672,39.3622],[-77.6673,39.3622]]]}},{"type":"Feature","properties":{"name":"Appalachian National Scenic Trail","Location":"National Park"},"geometry":{"type":"Polygon","coordinates":[[[-77.6132,39.5206],[-77.613,39.5212],[-77.6138,39.5213],[-77.6146,39.5214],[-77.6147,39.5207],[-77.6149,39.5188],[-77.6143,39.5191],[-77.6139,39.5191],[-77.6132,39.5206]]]}},{"type":"Feature","properties":{"name":"Appalachian National Scenic Trail","Location":"National Park"},"geometry":{"type":"Polygon","coordinates":[[[-77.5561,39.6319],[-77.5541,39.6311],[-77.5532,39.633],[-77.555,39.634],[-77.5561,39.6319]]]}},{"type":"Feature","properties":{"name":"Appalachian National Scenic Trail","Location":"National Park"},"geometry":{"type":"Polygon","coordinates":[[[-77.6018,39.5417],[-77.6026,39.5416],[-77.6032,39.5415],[-77.6029,39.5404],[-77.6029,39.5402],[-77.6009,39.5405],[-77.6012,39.5415],[-77.6013,39.5418],[-77.6016,39.5418],[-77.6018,39.5417]]]}},{"type":"Feature","properties":{"name":"Appalachian National Scenic Trail","Location":"National Park"},"geometry":{"type":"Polygon","coordinates":[[[-77.6204,39.4983],[-77.6197,39.4978],[-77.6191,39.4982],[-77.6184,39.4978],[-77.618,39.498],[-77.6179,39.4981],[-77.6177,39.4993],[-77.6185,39.4999],[-77.6204,39.4983]]]}},{"type":"Feature","properties":{"name":"Appalachian National Scenic Trail","Location":"National Park"},"geometry":{"type":"Polygon","coordinates":[[[-77.6456,39.3862],[-77.6455,39.3866],[-77.6472,39.3872],[-77.6475,39.3873],[-77.6475,39.3874],[-77.6475,39.3876],[-77.6474,39.3879],[-77.6472,39.3884],[-77.6475,39.3885],[-77.6479,39.3887],[-77.6484,39.3883],[-77.6484,39.3882],[-77.6484,39.3875],[-77.648,39.3874],[-77.6481,39.3868],[-77.6474,39.3866],[-77.6457,39.386],[-77.6456,39.3862]]]}},{"type":"Feature","properties":{"name":"South Mountain State Park","Location":"Regional Park"},"geometry":{"type":"MultiPolygon","coordinates":[[[[-77.6228,39.4724],[-77.6229,39.4724],[-77.6233,39.4724],[-77.6235,39.4723],[-77.6231,39.4705],[-77.6232,39.4705],[-77.6243,39.4705],[-77.624,39.4692],[-77.6243,39.4691],[-77.6251,39.4687],[-77.6252,39.4689],[-77.6257,39.4703],[-77.626,39.4703],[-77.6269,39.4701],[-77.6291,39.4696],[-77.6292,39.4697],[-77.6293,39.4698],[-77.6295,39.4697],[-77.6297,39.4697],[-77.6295,39.4694],[-77.6293,39.4694],[-77.6289,39.469],[-77.629,39.4682],[-77.629,39.4667],[-77.6291,39.4665],[-77.6275,39.4659],[-77.6277,39.4658],[-77.6286,39.465],[-77.629,39.4653],[-77.6292,39.4652],[-77.6303,39.4642],[-77.6316,39.465],[-77.632,39.4647],[-77.6324,39.4645],[-77.6329,39.4643],[-77.6331,39.4642],[-77.6332,39.464],[-77.6333,39.4639],[-77.6334,39.4637],[-77.6336,39.4631],[-77.6337,39.463],[-77.6334,39.463],[-77.6336,39.4619],[-77.6337,39.4613],[-77.6336,39.4613],[-77.6336,39.4612],[-77.6324,39.4612],[-77.6325,39.4601],[-77.6303,39.4598],[-77.6307,39.4595],[-77.6327,39.4582],[-77.6341,39.4561],[-77.6342,39.4552],[-77.6369,39.4552],[-77.6368,39.4571],[-77.637,39.457],[-77.637,39.4569],[-77.6373,39.4565],[-77.6375,39.4562],[-77.6377,39.4559],[-77.638,39.4555],[-77.6386,39.4547],[-77.6387,39.4545],[-77.6395,39.4537],[-77.6394,39.4537],[-77.6391,39.4535],[-77.6393,39.4532],[-77.6394,39.4527],[-77.6396,39.4522],[-77.6397,39.4519],[-77.6399,39.4515],[-77.6401,39.4512],[-77.6399,39.4512],[-77.6391,39.451],[-77.6386,39.4508],[-77.638,39.4506],[-77.6372,39.4504],[-77.6367,39.4503],[-77.6363,39.4502],[-77.6361,39.4501],[-77.6364,39.4497],[-77.6367,39.4492],[-77.6373,39.4482],[-77.6374,39.4481],[-77.642,39.4481],[-77.6416,39.4464],[-77.6416,39.4459],[-77.6417,39.4445],[-77.642,39.4437],[-77.6428,39.4426],[-77.6426,39.4425],[-77.6429,39.4421],[-77.6426,39.442],[-77.6434,39.4409],[-77.6412,39.4414],[-77.6413,39.4414],[-77.6416,39.4408],[-77.6418,39.4404],[-77.6421,39.4399],[-77.6423,39.4396],[-77.6431,39.4383],[-77.6441,39.4383],[-77.6451,39.4383],[-77.6461,39.4383],[-77.6467,39.4372],[-77.6457,39.4371],[-77.6456,39.4371],[-77.6448,39.4371],[-77.6447,39.437],[-77.6446,39.4369],[-77.6445,39.4368],[-77.6438,39.436],[-77.6434,39.4356],[-77.6429,39.435],[-77.6427,39.4348],[-77.6436,39.4347],[-77.6478,39.4346],[-77.648,39.4346],[-77.648,39.4345],[-77.6481,39.4342],[-77.6476,39.4342],[-77.6428,39.4342],[-77.6427,39.4342],[-77.6428,39.4333],[-77.643,39.4322],[-77.6481,39.4323],[-77.6483,39.432],[-77.6485,39.4315],[-77.6431,39.4308],[-77.6433,39.43],[-77.6433,39.4296],[-77.6435,39.4286],[-77.6436,39.4281],[-77.6477,39.4285],[-77.6479,39.4277],[-77.6481,39.4269],[-77.6482,39.4261],[-77.6477,39.4259],[-77.6467,39.4228],[-77.6461,39.4228],[-77.6461,39.4227],[-77.6461,39.4226],[-77.6461,39.4217],[-77.6461,39.4216],[-77.6419,39.4208],[-77.6419,39.4215],[-77.6418,39.4235],[-77.6418,39.4243],[-77.6418,39.4248],[-77.6406,39.4248],[-77.6403,39.4259],[-77.6403,39.4262],[-77.6402,39.4264],[-77.6402,39.4266],[-77.64,39.4275],[-77.6398,39.4282],[-77.6397,39.4286],[-77.6395,39.4296],[-77.6394,39.4299],[-77.6391,39.4314],[-77.6391,39.4315],[-77.6384,39.4347],[-77.6383,39.4349],[-77.6384,39.4349],[-77.6397,39.4349],[-77.6398,39.4351],[-77.64,39.4358],[-77.64,39.4359],[-77.64,39.436],[-77.6402,39.4366],[-77.6403,39.437],[-77.6404,39.4374],[-77.6404,39.4375],[-77.6406,39.4379],[-77.6407,39.4384],[-77.6375,39.4385],[-77.6373,39.4395],[-77.6372,39.44],[-77.6371,39.4405],[-77.637,39.441],[-77.6366,39.4424],[-77.6366,39.4428],[-77.6365,39.443],[-77.6362,39.443],[-77.6362,39.4427],[-77.6354,39.4426],[-77.6355,39.4422],[-77.6357,39.4417],[-77.6371,39.4389],[-77.6375,39.4372],[-77.6386,39.4324],[-77.6385,39.432],[-77.6385,39.4317],[-77.6384,39.4314],[-77.6384,39.4311],[-77.6385,39.4309],[-77.6387,39.4307],[-77.639,39.4306],[-77.6392,39.4296],[-77.639,39.4295],[-77.6388,39.4293],[-77.6387,39.4291],[-77.6387,39.4288],[-77.6385,39.4282],[-77.6384,39.4275],[-77.6383,39.4269],[-77.6385,39.4269],[-77.6394,39.4257],[-77.6395,39.4257],[-77.6394,39.4252],[-77.6392,39.4248],[-77.6391,39.4244],[-77.6391,39.424],[-77.6393,39.4237],[-77.6395,39.4235],[-77.6395,39.4232],[-77.6394,39.4229],[-77.6392,39.4224],[-77.639,39.4218],[-77.639,39.4212],[-77.639,39.4206],[-77.6391,39.4202],[-77.6391,39.4198],[-77.6392,39.4196],[-77.6392,39.4194],[-77.64,39.4195],[-77.6402,39.4195],[-77.6412,39.4152],[-77.6407,39.4151],[-77.6403,39.4134],[-77.6403,39.4133],[-77.6403,39.4134],[-77.6405,39.4134],[-77.6407,39.4134],[-77.6408,39.4134],[-77.6408,39.4124],[-77.6407,39.4116],[-77.6407,39.4109],[-77.6407,39.4107],[-77.6408,39.4107],[-77.6423,39.4107],[-77.6426,39.4107],[-77.6427,39.4105],[-77.6427,39.4098],[-77.6429,39.4081],[-77.6425,39.4079],[-77.6422,39.4078],[-77.6421,39.4077],[-77.6416,39.4075],[-77.6415,39.4074],[-77.6413,39.4073],[-77.6408,39.407],[-77.6406,39.4068],[-77.6405,39.4082],[-77.6403,39.4081],[-77.6403,39.4086],[-77.6386,39.4074],[-77.6378,39.4068],[-77.6376,39.4069],[-77.6375,39.4069],[-77.6375,39.407],[-77.6374,39.407],[-77.6374,39.4071],[-77.6373,39.4071],[-77.6373,39.4072],[-77.6372,39.4072],[-77.6372,39.4073],[-77.6371,39.4073],[-77.6371,39.4074],[-77.6368,39.4082],[-77.6366,39.4085],[-77.6366,39.4086],[-77.6365,39.4087],[-77.6365,39.4088],[-77.6357,39.4106],[-77.636,39.4108],[-77.6364,39.411],[-77.636,39.4117],[-77.6359,39.4119],[-77.6358,39.4122],[-77.6358,39.4123],[-77.6357,39.4124],[-77.6348,39.4124],[-77.6355,39.4125],[-77.6359,39.4126],[-77.6355,39.4136],[-77.6361,39.4139],[-77.6356,39.4149],[-77.6353,39.4147],[-77.6347,39.4158],[-77.6346,39.4157],[-77.6343,39.4164],[-77.6339,39.4163],[-77.6337,39.4173],[-77.6336,39.4179],[-77.6334,39.4188],[-77.6339,39.4189],[-77.6339,39.4194],[-77.6329,39.4193],[-77.633,39.42],[-77.6329,39.42],[-77.6334,39.4204],[-77.6335,39.421],[-77.6325,39.4209],[-77.6323,39.4213],[-77.6322,39.4216],[-77.6321,39.4217],[-77.6351,39.4222],[-77.6351,39.4223],[-77.635,39.4228],[-77.6327,39.4224],[-77.6328,39.4232],[-77.6324,39.4232],[-77.6322,39.4237],[-77.632,39.4237],[-77.6323,39.4243],[-77.6325,39.4247],[-77.632,39.4247],[-77.632,39.4252],[-77.6316,39.4251],[-77.6316,39.425],[-77.6313,39.425],[-77.6313,39.4258],[-77.6313,39.4261],[-77.6313,39.4262],[-77.6319,39.4267],[-77.6318,39.4276],[-77.632,39.4276],[-77.6319,39.4285],[-77.6317,39.4297],[-77.6316,39.4298],[-77.6325,39.4299],[-77.6331,39.43],[-77.6333,39.431],[-77.6346,39.4316],[-77.6328,39.4318],[-77.6329,39.4331],[-77.6347,39.4328],[-77.6349,39.4339],[-77.6312,39.4344],[-77.6312,39.4354],[-77.6312,39.4369],[-77.6304,39.4362],[-77.6298,39.4359],[-77.6292,39.4356],[-77.6284,39.4358],[-77.6284,39.4353],[-77.6284,39.435],[-77.628,39.435],[-77.6279,39.4345],[-77.6275,39.4345],[-77.6273,39.4345],[-77.6275,39.435],[-77.627,39.4352],[-77.6272,39.4355],[-77.6274,39.436],[-77.6271,39.4365],[-77.6268,39.4371],[-77.6278,39.4369],[-77.6289,39.4366],[-77.6286,39.4377],[-77.6284,39.4383],[-77.6283,39.4387],[-77.6281,39.4393],[-77.6279,39.4398],[-77.6276,39.441],[-77.627,39.443],[-77.6256,39.4432],[-77.6247,39.4432],[-77.6232,39.4402],[-77.6213,39.4389],[-77.6206,39.4386],[-77.6205,39.4384],[-77.6195,39.4382],[-77.6181,39.4399],[-77.6215,39.4426],[-77.6206,39.4428],[-77.6202,39.4428],[-77.6199,39.4448],[-77.6192,39.4456],[-77.6188,39.4461],[-77.6179,39.4468],[-77.6163,39.4468],[-77.6148,39.4468],[-77.6126,39.4468],[-77.6123,39.4471],[-77.611,39.4485],[-77.612,39.4487],[-77.6136,39.4473],[-77.6137,39.4474],[-77.6138,39.4474],[-77.6141,39.4476],[-77.6151,39.4483],[-77.6153,39.4482],[-77.6155,39.4482],[-77.6152,39.4485],[-77.6146,39.4489],[-77.6144,39.4492],[-77.6141,39.4495],[-77.6133,39.4501],[-77.6129,39.4504],[-77.612,39.4511],[-77.612,39.4521],[-77.6115,39.4529],[-77.6135,39.4537],[-77.6125,39.4556],[-77.6122,39.4555],[-77.6112,39.4556],[-77.6103,39.4555],[-77.6095,39.4559],[-77.6094,39.456],[-77.6092,39.456],[-77.6087,39.4568],[-77.6102,39.4571],[-77.6121,39.4585],[-77.6114,39.4595],[-77.6113,39.4596],[-77.611,39.4601],[-77.61,39.4607],[-77.6095,39.4611],[-77.609,39.4625],[-77.6089,39.4626],[-77.6109,39.4628],[-77.6115,39.4625],[-77.612,39.4622],[-77.6151,39.4617],[-77.6157,39.4621],[-77.6162,39.4625],[-77.6165,39.4635],[-77.6168,39.4645],[-77.6176,39.4641],[-77.6185,39.4638],[-77.6186,39.4637],[-77.6185,39.4634],[-77.6192,39.4631],[-77.6192,39.4626],[-77.6181,39.4621],[-77.6179,39.4621],[-77.6189,39.461],[-77.6201,39.4617],[-77.6211,39.4622],[-77.6216,39.4616],[-77.6216,39.4615],[-77.6243,39.4629],[-77.625,39.4625],[-77.6252,39.4623],[-77.6253,39.4622],[-77.6262,39.4631],[-77.627,39.4644],[-77.6251,39.4653],[-77.6235,39.4647],[-77.6225,39.4641],[-77.6222,39.464],[-77.6225,39.4642],[-77.6229,39.4645],[-77.6229,39.4656],[-77.6228,39.4657],[-77.6222,39.4659],[-77.6221,39.4659],[-77.6217,39.466],[-77.6202,39.4661],[-77.6192,39.4664],[-77.6183,39.4667],[-77.6183,39.4668],[-77.6184,39.4669],[-77.6189,39.4674],[-77.6186,39.4674],[-77.6182,39.4675],[-77.6177,39.4676],[-77.6178,39.4687],[-77.6176,39.4699],[-77.6176,39.47],[-77.6175,39.4703],[-77.6176,39.4703],[-77.6177,39.4702],[-77.6182,39.47],[-77.6187,39.4698],[-77.6188,39.4699],[-77.6188,39.47],[-77.6189,39.4701],[-77.619,39.4702],[-77.6191,39.4702],[-77.6192,39.4702],[-77.6193,39.4703],[-77.6194,39.4704],[-77.6195,39.4704],[-77.6195,39.4705],[-77.6196,39.4705],[-77.6196,39.4706],[-77.6197,39.4707],[-77.6198,39.4707],[-77.6199,39.4708],[-77.6199,39.4709],[-77.62,39.471],[-77.6201,39.4711],[-77.6202,39.4712],[-77.6203,39.4713],[-77.6204,39.4714],[-77.6211,39.4717],[-77.6213,39.4719],[-77.6215,39.472],[-77.6218,39.4721],[-77.622,39.4723],[-77.6221,39.4723],[-77.6222,39.4723],[-77.6222,39.4724],[-77.6223,39.4724],[-77.6224,39.4724],[-77.6225,39.4724],[-77.6226,39.4724],[-77.6227,39.4724],[-77.6228,39.4724]],[[-77.6316,39.4374],[-77.6316,39.4378],[-77.6316,39.438],[-77.6316,39.4387],[-77.6316,39.4388],[-77.63,39.4392],[-77.6299,39.4392],[-77.6298,39.4392],[-77.6296,39.4386],[-77.6293,39.4379],[-77.6301,39.4379],[-77.6302,39.4375],[-77.6313,39.4373],[-77.6313,39.4371],[-77.6316,39.437],[-77.6316,39.4374]]],[[[-77.5925,39.5645],[-77.5926,39.5644],[-77.5928,39.5644],[-77.593,39.5643],[-77.5932,39.5642],[-77.5934,39.5642],[-77.5935,39.5641],[-77.5937,39.5641],[-77.5938,39.564],[-77.5938,39.5639],[-77.5944,39.5618],[-77.598,39.5635],[-77.597,39.56],[-77.5981,39.56],[-77.599,39.56],[-77.5996,39.5618],[-77.5982,39.5644],[-77.5981,39.5669],[-77.5976,39.5681],[-77.5951,39.5677],[-77.5937,39.5675],[-77.5918,39.5672],[-77.5913,39.5671],[-77.5915,39.567],[-77.5881,39.5665],[-77.5876,39.5659],[-77.5877,39.5654],[-77.5879,39.5643],[-77.5869,39.5641],[-77.5859,39.5639],[-77.5846,39.5637],[-77.5837,39.5636],[-77.5825,39.5633],[-77.5823,39.5642],[-77.5823,39.5645],[-77.5821,39.5649],[-77.5818,39.5654],[-77.5815,39.5661],[-77.5815,39.5666],[-77.5812,39.5685],[-77.5835,39.5689],[-77.5872,39.5695],[-77.5868,39.5707],[-77.5855,39.5705],[-77.585,39.5705],[-77.5836,39.5704],[-77.5809,39.5702],[-77.581,39.5695],[-77.5811,39.5689],[-77.5794,39.5683],[-77.5778,39.5683],[-77.5777,39.5683],[-77.5776,39.5688],[-77.5775,39.5688],[-77.5775,39.5689],[-77.5774,39.5694],[-77.5772,39.5699],[-77.5772,39.57],[-77.5772,39.5708],[-77.5769,39.5707],[-77.5767,39.5711],[-77.5767,39.5712],[-77.5767,39.5713],[-77.5767,39.5714],[-77.5767,39.5715],[-77.5766,39.5716],[-77.5766,39.5717],[-77.5766,39.5718],[-77.5766,39.5719],[-77.5766,39.572],[-77.5766,39.5721],[-77.5767,39.5722],[-77.5767,39.5723],[-77.5767,39.5726],[-77.5767,39.5729],[-77.5767,39.5733],[-77.5767,39.5737],[-77.5767,39.5739],[-77.5768,39.574],[-77.5774,39.5742],[-77.5779,39.5744],[-77.578,39.5744],[-77.5789,39.5729],[-77.5792,39.5729],[-77.58,39.573],[-77.5817,39.5736],[-77.5803,39.5768],[-77.5847,39.5786],[-77.5846,39.581],[-77.5764,39.5779],[-77.5763,39.5787],[-77.5762,39.579],[-77.5759,39.5796],[-77.5758,39.5799],[-77.5756,39.5801],[-77.5756,39.5802],[-77.5738,39.5795],[-77.5737,39.5795],[-77.5739,39.5802],[-77.574,39.581],[-77.5741,39.5818],[-77.5741,39.5822],[-77.5744,39.5843],[-77.5731,39.5842],[-77.5721,39.5842],[-77.5721,39.5843],[-77.573,39.5845],[-77.5751,39.5851],[-77.5747,39.5859],[-77.5746,39.5862],[-77.5747,39.5862],[-77.5746,39.5863],[-77.5745,39.5862],[-77.5744,39.5864],[-77.5742,39.5869],[-77.5737,39.5877],[-77.5814,39.59],[-77.5817,39.5895],[-77.5817,39.5894],[-77.5821,39.5883],[-77.5825,39.5874],[-77.5826,39.587],[-77.5842,39.5833],[-77.5846,39.5822],[-77.5851,39.5812],[-77.5853,39.5808],[-77.5854,39.5805],[-77.5853,39.5807],[-77.5857,39.5809],[-77.5851,39.5823],[-77.5837,39.5859],[-77.5832,39.587],[-77.5833,39.587],[-77.5834,39.587],[-77.584,39.5872],[-77.5841,39.5873],[-77.5863,39.588],[-77.5853,39.5903],[-77.5825,39.5893],[-77.5824,39.5893],[-77.5823,39.5893],[-77.5817,39.5908],[-77.5816,39.5912],[-77.5816,39.5913],[-77.5809,39.593],[-77.581,39.593],[-77.5851,39.5941],[-77.5859,39.5925],[-77.586,39.5922],[-77.588,39.5929],[-77.5907,39.5937],[-77.5909,39.5938],[-77.5911,39.5934],[-77.5912,39.5933],[-77.5932,39.594],[-77.5955,39.5946],[-77.5956,39.5947],[-77.5958,39.5946],[-77.5961,39.5945],[-77.5962,39.5946],[-77.5966,39.5944],[-77.5963,39.5943],[-77.5961,39.5942],[-77.5923,39.593],[-77.5916,39.5928],[-77.5918,39.5926],[-77.5923,39.5918],[-77.5985,39.5936],[-77.5987,39.5936],[-77.5992,39.592],[-77.5994,39.5913],[-77.5978,39.591],[-77.5978,39.5907],[-77.5978,39.5896],[-77.5977,39.5889],[-77.5979,39.589],[-77.5987,39.5891],[-77.5987,39.5883],[-77.5985,39.5883],[-77.5985,39.588],[-77.5985,39.5875],[-77.5952,39.5866],[-77.5951,39.5865],[-77.5955,39.5858],[-77.5964,39.5836],[-77.5974,39.5832],[-77.598,39.5829],[-77.598,39.5819],[-77.5978,39.581],[-77.5986,39.5812],[-77.5986,39.5826],[-77.6004,39.5829],[-77.6004,39.5816],[-77.6018,39.5818],[-77.6021,39.5808],[-77.5997,39.5803],[-77.5982,39.58],[-77.5983,39.5797],[-77.5983,39.5796],[-77.596,39.5779],[-77.5966,39.5775],[-77.597,39.5772],[-77.5972,39.5771],[-77.5973,39.5765],[-77.5974,39.5764],[-77.5975,39.5759],[-77.5976,39.5758],[-77.5976,39.5756],[-77.6035,39.577],[-77.6036,39.577],[-77.6037,39.5769],[-77.6049,39.5735],[-77.6052,39.5736],[-77.6053,39.5733],[-77.6053,39.5732],[-77.6056,39.5721],[-77.6058,39.5717],[-77.6061,39.5713],[-77.6063,39.5711],[-77.6063,39.571],[-77.6066,39.5706],[-77.6068,39.5703],[-77.6069,39.5701],[-77.607,39.5699],[-77.6075,39.5691],[-77.6055,39.5685],[-77.6057,39.5682],[-77.6062,39.5671],[-77.6019,39.5658],[-77.6024,39.564],[-77.6031,39.562],[-77.6034,39.5608],[-77.6102,39.5618],[-77.6102,39.5617],[-77.6103,39.5612],[-77.6103,39.5606],[-77.6103,39.5605],[-77.6109,39.5607],[-77.6123,39.5611],[-77.6141,39.5615],[-77.6137,39.5609],[-77.6132,39.5601],[-77.6129,39.5599],[-77.6093,39.5544],[-77.6091,39.5541],[-77.6091,39.554],[-77.6087,39.5532],[-77.6087,39.5531],[-77.6087,39.5528],[-77.6086,39.5523],[-77.6085,39.5522],[-77.6083,39.551],[-77.6082,39.5507],[-77.6082,39.5498],[-77.6082,39.5496],[-77.6081,39.5497],[-77.6081,39.5498],[-77.6028,39.5489],[-77.6023,39.5488],[-77.6023,39.5491],[-77.5989,39.5486],[-77.5986,39.5485],[-77.5986,39.5482],[-77.5986,39.5477],[-77.5982,39.5475],[-77.5974,39.5471],[-77.5973,39.547],[-77.5973,39.5467],[-77.5974,39.5453],[-77.5975,39.5436],[-77.598,39.5438],[-77.6004,39.5431],[-77.5996,39.541],[-77.6,39.541],[-77.5997,39.5407],[-77.5996,39.5406],[-77.6006,39.5399],[-77.6053,39.5364],[-77.6052,39.5364],[-77.6051,39.5364],[-77.6051,39.5363],[-77.605,39.5363],[-77.6049,39.5362],[-77.6048,39.5362],[-77.6048,39.5361],[-77.6047,39.5361],[-77.6046,39.5361],[-77.6045,39.536],[-77.6044,39.536],[-77.6043,39.536],[-77.6043,39.5359],[-77.6042,39.5359],[-77.6041,39.5359],[-77.604,39.5359],[-77.604,39.5358],[-77.6039,39.5358],[-77.6038,39.5358],[-77.6035,39.5365],[-77.6031,39.5374],[-77.6018,39.537],[-77.6004,39.5396],[-77.6002,39.5394],[-77.6001,39.5394],[-77.5994,39.5399],[-77.5975,39.5413],[-77.5972,39.5415],[-77.5971,39.5416],[-77.5969,39.5418],[-77.5942,39.5413],[-77.5941,39.5426],[-77.5941,39.544],[-77.5939,39.5444],[-77.5918,39.5441],[-77.5918,39.5449],[-77.5916,39.5465],[-77.5915,39.5468],[-77.5915,39.5473],[-77.5936,39.5474],[-77.5936,39.549],[-77.5936,39.55],[-77.5936,39.5504],[-77.5937,39.5537],[-77.5913,39.5547],[-77.5885,39.554],[-77.5878,39.5539],[-77.5877,39.5542],[-77.587,39.5557],[-77.5882,39.5568],[-77.5885,39.5571],[-77.5904,39.5599],[-77.5897,39.562],[-77.5892,39.5625],[-77.5879,39.5643],[-77.5925,39.5645]],[[-77.6074,39.5539],[-77.6081,39.5533],[-77.6083,39.5531],[-77.6089,39.5538],[-77.6088,39.5539],[-77.6075,39.5552],[-77.6063,39.555],[-77.6064,39.5549],[-77.6074,39.5539]],[[-77.6101,39.5603],[-77.61,39.5604],[-77.6099,39.5605],[-77.6039,39.5594],[-77.6039,39.5593],[-77.6037,39.5587],[-77.6101,39.5603]],[[-77.5931,39.5895],[-77.5939,39.5886],[-77.5943,39.5881],[-77.5956,39.5884],[-77.5953,39.5901],[-77.5953,39.5904],[-77.5928,39.5899],[-77.593,39.5896],[-77.5931,39.5895]],[[-77.5979,39.5555],[-77.5971,39.5564],[-77.5977,39.5583],[-77.5954,39.5583],[-77.5953,39.5583],[-77.5954,39.5578],[-77.5967,39.553],[-77.5968,39.5526],[-77.5969,39.5526],[-77.5986,39.5529],[-77.5979,39.5555]]],[[[-77.5645,39.6351],[-77.5669,39.6353],[-77.5707,39.6364],[-77.571,39.6361],[-77.5714,39.6358],[-77.5654,39.6339],[-77.566,39.6331],[-77.5662,39.6328],[-77.5671,39.6315],[-77.5678,39.6309],[-77.5685,39.6302],[-77.5692,39.6289],[-77.5725,39.6299],[-77.5738,39.6277],[-77.5757,39.6283],[-77.5746,39.6306],[-77.5755,39.6309],[-77.5756,39.6307],[-77.5779,39.6316],[-77.578,39.6316],[-77.5785,39.6319],[-77.5804,39.6328],[-77.5807,39.6324],[-77.5811,39.6319],[-77.5815,39.6313],[-77.5818,39.6309],[-77.5821,39.6306],[-77.5824,39.6302],[-77.5826,39.6299],[-77.5827,39.6299],[-77.5828,39.6299],[-77.5829,39.6299],[-77.583,39.6299],[-77.5831,39.6298],[-77.5833,39.6298],[-77.5834,39.6297],[-77.5835,39.6297],[-77.5835,39.6298],[-77.5836,39.6298],[-77.5837,39.6298],[-77.5838,39.6299],[-77.5839,39.6299],[-77.5838,39.6299],[-77.5838,39.63],[-77.5839,39.63],[-77.584,39.6298],[-77.5842,39.6295],[-77.5843,39.6295],[-77.5843,39.6294],[-77.5833,39.629],[-77.5813,39.628],[-77.5812,39.6279],[-77.5813,39.6278],[-77.5814,39.6278],[-77.5823,39.6272],[-77.5824,39.6272],[-77.5843,39.6258],[-77.5845,39.6256],[-77.5846,39.6255],[-77.5851,39.6251],[-77.5855,39.6248],[-77.5856,39.6247],[-77.5855,39.6247],[-77.5855,39.6246],[-77.5858,39.6245],[-77.5863,39.6243],[-77.5872,39.6243],[-77.5873,39.6242],[-77.5873,39.6241],[-77.5874,39.624],[-77.5874,39.6238],[-77.5874,39.6237],[-77.5874,39.6235],[-77.5867,39.6232],[-77.5863,39.623],[-77.5862,39.623],[-77.5847,39.6225],[-77.5846,39.6225],[-77.5844,39.6224],[-77.5842,39.6223],[-77.5841,39.6225],[-77.5838,39.6227],[-77.5835,39.623],[-77.5803,39.622],[-77.5798,39.6219],[-77.5779,39.6213],[-77.5781,39.6209],[-77.5784,39.62],[-77.5808,39.6208],[-77.5813,39.621],[-77.5817,39.6206],[-77.5823,39.6199],[-77.5825,39.6198],[-77.5827,39.6196],[-77.5831,39.6193],[-77.5837,39.6192],[-77.5851,39.6192],[-77.5851,39.619],[-77.585,39.6189],[-77.585,39.6181],[-77.5852,39.6182],[-77.5867,39.6188],[-77.5872,39.619],[-77.587,39.6195],[-77.5875,39.6197],[-77.5882,39.6199],[-77.5883,39.6199],[-77.5884,39.6198],[-77.5883,39.6197],[-77.5884,39.6196],[-77.5886,39.6194],[-77.5888,39.6196],[-77.5891,39.6198],[-77.5892,39.6196],[-77.5897,39.6192],[-77.5897,39.6191],[-77.5882,39.6187],[-77.5883,39.6187],[-77.589,39.6174],[-77.5891,39.6174],[-77.5892,39.6171],[-77.5893,39.617],[-77.5896,39.6165],[-77.5898,39.6162],[-77.5899,39.616],[-77.5902,39.6156],[-77.5904,39.6153],[-77.5903,39.6153],[-77.5883,39.6148],[-77.5886,39.6144],[-77.5906,39.6112],[-77.5912,39.6102],[-77.5908,39.6099],[-77.59,39.6093],[-77.5904,39.6086],[-77.5906,39.6081],[-77.5907,39.608],[-77.5915,39.6076],[-77.5919,39.6073],[-77.5908,39.6066],[-77.5908,39.6065],[-77.5907,39.6065],[-77.5902,39.6058],[-77.5901,39.6057],[-77.5894,39.6068],[-77.5891,39.6072],[-77.5893,39.6073],[-77.5887,39.6084],[-77.5885,39.6088],[-77.5882,39.6086],[-77.5874,39.6083],[-77.5875,39.608],[-77.5872,39.6079],[-77.586,39.6075],[-77.5873,39.6056],[-77.5886,39.6036],[-77.5884,39.6026],[-77.5884,39.6027],[-77.5867,39.6053],[-77.5862,39.605],[-77.5861,39.6049],[-77.5864,39.6044],[-77.5872,39.6031],[-77.5873,39.6031],[-77.588,39.6019],[-77.5868,39.6016],[-77.5864,39.6014],[-77.5824,39.6002],[-77.5823,39.6003],[-77.5818,39.6015],[-77.5786,39.6005],[-77.5786,39.6007],[-77.5787,39.6021],[-77.5786,39.6031],[-77.5784,39.6038],[-77.5779,39.6053],[-77.5782,39.6053],[-77.5794,39.6058],[-77.5793,39.6061],[-77.5788,39.6059],[-77.5775,39.6054],[-77.5777,39.6049],[-77.5778,39.6047],[-77.5778,39.6043],[-77.5778,39.6036],[-77.5779,39.6032],[-77.5778,39.6031],[-77.5718,39.6018],[-77.5716,39.6022],[-77.5716,39.6026],[-77.5716,39.6035],[-77.5715,39.604],[-77.5715,39.6045],[-77.5745,39.605],[-77.5752,39.6052],[-77.5752,39.6058],[-77.5753,39.6067],[-77.5746,39.607],[-77.5744,39.6076],[-77.5731,39.6102],[-77.5693,39.6097],[-77.569,39.6113],[-77.5689,39.6114],[-77.5692,39.6114],[-77.5712,39.6117],[-77.5713,39.6133],[-77.5715,39.6133],[-77.5708,39.6148],[-77.5694,39.6176],[-77.5706,39.6186],[-77.5705,39.6188],[-77.5708,39.6191],[-77.5706,39.6194],[-77.567,39.6175],[-77.5667,39.6175],[-77.567,39.6214],[-77.5667,39.6215],[-77.5665,39.6215],[-77.5654,39.6215],[-77.5636,39.6215],[-77.5628,39.6214],[-77.5628,39.6217],[-77.5628,39.6225],[-77.5627,39.6226],[-77.5627,39.6235],[-77.5627,39.6242],[-77.5633,39.6242],[-77.5638,39.6242],[-77.5654,39.6242],[-77.5664,39.6242],[-77.5662,39.6248],[-77.5659,39.6254],[-77.5656,39.6259],[-77.5654,39.6264],[-77.5634,39.6266],[-77.5633,39.6266],[-77.5631,39.6266],[-77.5631,39.628],[-77.5631,39.6284],[-77.5595,39.6286],[-77.5595,39.6287],[-77.5594,39.6291],[-77.5593,39.6295],[-77.5592,39.6297],[-77.5591,39.6299],[-77.559,39.6302],[-77.559,39.6305],[-77.5589,39.6308],[-77.5588,39.6311],[-77.5587,39.6312],[-77.5587,39.6314],[-77.5586,39.6317],[-77.5585,39.6321],[-77.5585,39.6322],[-77.5585,39.6323],[-77.5584,39.6323],[-77.5584,39.6324],[-77.5584,39.6325],[-77.5584,39.6326],[-77.5583,39.6328],[-77.5583,39.6329],[-77.5584,39.6328],[-77.562,39.6324],[-77.5621,39.6323],[-77.5621,39.6321],[-77.5624,39.6312],[-77.5626,39.6312],[-77.5643,39.6311],[-77.564,39.6351],[-77.5645,39.6351]],[[-77.5808,39.6146],[-77.5811,39.6146],[-77.5811,39.6147],[-77.5804,39.6159],[-77.5803,39.6159],[-77.578,39.6153],[-77.5759,39.6148],[-77.5766,39.6135],[-77.5808,39.6145],[-77.5808,39.6146]],[[-77.5785,39.6251],[-77.5781,39.6261],[-77.5779,39.6266],[-77.5778,39.6265],[-77.5715,39.6245],[-77.5717,39.6241],[-77.5722,39.6232],[-77.5759,39.6243],[-77.5785,39.6251]],[[-77.5849,39.6124],[-77.5843,39.6135],[-77.5842,39.6138],[-77.5839,39.6137],[-77.5819,39.6131],[-77.582,39.6129],[-77.5826,39.6117],[-77.5786,39.6108],[-77.5795,39.6092],[-77.5834,39.6102],[-77.5831,39.6106],[-77.5826,39.6117],[-77.5849,39.6124]]],[[[-77.513,39.7131],[-77.5131,39.713],[-77.5133,39.713],[-77.5135,39.713],[-77.5136,39.713],[-77.5139,39.713],[-77.514,39.713],[-77.5143,39.713],[-77.5151,39.713],[-77.5161,39.713],[-77.5163,39.713],[-77.5164,39.713],[-77.5166,39.7129],[-77.5168,39.7129],[-77.517,39.7129],[-77.5171,39.7129],[-77.5173,39.7128],[-77.5175,39.7128],[-77.5176,39.7127],[-77.5178,39.7127],[-77.5177,39.7126],[-77.5177,39.7125],[-77.5189,39.712],[-77.519,39.7119],[-77.5191,39.7118],[-77.5192,39.7117],[-77.5192,39.7116],[-77.5193,39.7114],[-77.5199,39.7106],[-77.5199,39.7105],[-77.52,39.7105],[-77.5201,39.7104],[-77.5202,39.7102],[-77.5203,39.7101],[-77.5204,39.71],[-77.5205,39.71],[-77.5205,39.7099],[-77.5206,39.7098],[-77.5207,39.7098],[-77.5208,39.7097],[-77.5209,39.7097],[-77.5209,39.7096],[-77.521,39.7096],[-77.5212,39.7095],[-77.5213,39.7095],[-77.5215,39.7094],[-77.5216,39.7093],[-77.5218,39.7093],[-77.5207,39.709],[-77.5206,39.7089],[-77.5197,39.7087],[-77.5195,39.7087],[-77.5211,39.7062],[-77.5225,39.7038],[-77.5227,39.7036],[-77.5228,39.7036],[-77.5249,39.7046],[-77.5254,39.7049],[-77.5262,39.7012],[-77.5277,39.7012],[-77.5278,39.7009],[-77.5287,39.6971],[-77.529,39.6971],[-77.5308,39.6972],[-77.5308,39.6971],[-77.5309,39.6969],[-77.5314,39.6962],[-77.5316,39.6958],[-77.5291,39.6958],[-77.5293,39.6948],[-77.5294,39.6946],[-77.5294,39.6945],[-77.5295,39.6942],[-77.5297,39.6933],[-77.5301,39.6922],[-77.5306,39.6922],[-77.5326,39.6922],[-77.5326,39.6921],[-77.5327,39.6919],[-77.5327,39.6918],[-77.5328,39.6916],[-77.5328,39.6915],[-77.5329,39.6914],[-77.5329,39.6913],[-77.533,39.6912],[-77.5331,39.6911],[-77.5328,39.6889],[-77.5327,39.6888],[-77.5325,39.6888],[-77.5321,39.6889],[-77.5335,39.6875],[-77.5336,39.6875],[-77.5339,39.6871],[-77.5346,39.6864],[-77.5349,39.6861],[-77.535,39.686],[-77.5352,39.6859],[-77.5353,39.6858],[-77.5361,39.685],[-77.5362,39.6841],[-77.5363,39.6838],[-77.5364,39.6833],[-77.5365,39.6829],[-77.5366,39.6826],[-77.5367,39.6822],[-77.5368,39.6818],[-77.5368,39.6817],[-77.5309,39.6803],[-77.531,39.6799],[-77.5313,39.6793],[-77.5317,39.6794],[-77.5323,39.6795],[-77.5325,39.6795],[-77.5342,39.6799],[-77.5342,39.6798],[-77.5347,39.6787],[-77.535,39.6788],[-77.5374,39.6794],[-77.5375,39.6793],[-77.5377,39.6784],[-77.5378,39.678],[-77.537,39.6778],[-77.5368,39.6778],[-77.5328,39.6769],[-77.533,39.6763],[-77.5379,39.6776],[-77.538,39.677],[-77.5333,39.6758],[-77.5334,39.6758],[-77.5332,39.6757],[-77.5286,39.6746],[-77.5284,39.6745],[-77.5276,39.6757],[-77.5256,39.6786],[-77.5255,39.6787],[-77.5253,39.679],[-77.5243,39.6786],[-77.5233,39.6782],[-77.5223,39.6778],[-77.5219,39.6776],[-77.5213,39.6773],[-77.5212,39.6774],[-77.5211,39.6776],[-77.5207,39.678],[-77.5207,39.6781],[-77.5202,39.6787],[-77.5198,39.679],[-77.5179,39.6781],[-77.5175,39.6782],[-77.5174,39.6785],[-77.5173,39.6786],[-77.5171,39.6787],[-77.5171,39.6789],[-77.5171,39.679],[-77.517,39.679],[-77.5166,39.6794],[-77.5155,39.6813],[-77.515,39.6823],[-77.5144,39.6834],[-77.5144,39.6835],[-77.5161,39.6843],[-77.516,39.6844],[-77.5153,39.6851],[-77.5151,39.6853],[-77.5145,39.6859],[-77.5144,39.686],[-77.5134,39.6871],[-77.5125,39.688],[-77.5124,39.6882],[-77.5119,39.689],[-77.5118,39.6892],[-77.5117,39.6893],[-77.5116,39.6894],[-77.5116,39.6895],[-77.5108,39.6905],[-77.511,39.6905],[-77.5155,39.6916],[-77.5181,39.6977],[-77.5139,39.6992],[-77.5138,39.6993],[-77.5138,39.6995],[-77.5138,39.6996],[-77.5138,39.6998],[-77.5138,39.7],[-77.5138,39.7002],[-77.5138,39.7003],[-77.5138,39.7005],[-77.5138,39.7006],[-77.5138,39.7007],[-77.5138,39.7008],[-77.5139,39.7009],[-77.5139,39.701],[-77.514,39.7011],[-77.5141,39.7012],[-77.5142,39.7012],[-77.5142,39.7013],[-77.5143,39.7013],[-77.5144,39.7013],[-77.5145,39.7013],[-77.5146,39.7013],[-77.5147,39.7013],[-77.5148,39.7013],[-77.5149,39.7012],[-77.515,39.7012],[-77.5151,39.7011],[-77.5152,39.7011],[-77.5153,39.701],[-77.5154,39.7009],[-77.5155,39.7009],[-77.5155,39.7008],[-77.5156,39.7008],[-77.5158,39.7008],[-77.5159,39.7007],[-77.516,39.7007],[-77.5161,39.7006],[-77.5162,39.7005],[-77.5163,39.7005],[-77.5164,39.7004],[-77.5165,39.7003],[-77.5166,39.7002],[-77.5167,39.7001],[-77.5169,39.7001],[-77.517,39.7],[-77.5171,39.6999],[-77.5172,39.6999],[-77.5174,39.6998],[-77.5176,39.6997],[-77.5177,39.6996],[-77.5178,39.6996],[-77.5179,39.6995],[-77.518,39.6995],[-77.5181,39.6994],[-77.5182,39.6994],[-77.5182,39.6993],[-77.5183,39.6993],[-77.5183,39.6992],[-77.5183,39.6991],[-77.5184,39.6991],[-77.5184,39.699],[-77.5185,39.6989],[-77.5185,39.6988],[-77.5185,39.6987],[-77.5185,39.6986],[-77.5186,39.6986],[-77.5187,39.6984],[-77.5187,39.6983],[-77.5188,39.6982],[-77.5189,39.6981],[-77.5189,39.698],[-77.519,39.698],[-77.519,39.6979],[-77.5191,39.6978],[-77.5192,39.6977],[-77.5193,39.6976],[-77.5194,39.6975],[-77.5195,39.6974],[-77.5195,39.6973],[-77.5196,39.6971],[-77.5197,39.6971],[-77.5197,39.697],[-77.5193,39.6969],[-77.5196,39.6965],[-77.5202,39.6956],[-77.5206,39.6958],[-77.5207,39.6957],[-77.5208,39.6956],[-77.5209,39.6955],[-77.521,39.6954],[-77.5211,39.6954],[-77.5212,39.6953],[-77.5217,39.695],[-77.5219,39.6949],[-77.522,39.6949],[-77.522,39.6948],[-77.5221,39.6948],[-77.5222,39.6948],[-77.5223,39.6948],[-77.5224,39.6948],[-77.523,39.6948],[-77.5231,39.6948],[-77.5231,39.6949],[-77.5232,39.6949],[-77.5232,39.695],[-77.5233,39.695],[-77.5237,39.6944],[-77.5247,39.6949],[-77.5239,39.6958],[-77.5231,39.6954],[-77.523,39.6955],[-77.5229,39.6955],[-77.5229,39.6956],[-77.5223,39.6958],[-77.5222,39.6959],[-77.5221,39.6959],[-77.5221,39.696],[-77.522,39.696],[-77.5219,39.6961],[-77.5218,39.6962],[-77.5218,39.6963],[-77.5217,39.6963],[-77.5216,39.6965],[-77.5215,39.6966],[-77.5214,39.6968],[-77.5213,39.6969],[-77.5212,39.697],[-77.5211,39.6971],[-77.5211,39.6972],[-77.521,39.6973],[-77.521,39.6974],[-77.5207,39.698],[-77.5205,39.6988],[-77.5203,39.6992],[-77.5203,39.6993],[-77.5203,39.6994],[-77.5202,39.6995],[-77.5202,39.6996],[-77.5201,39.6997],[-77.52,39.6997],[-77.52,39.6998],[-77.5199,39.6999],[-77.5198,39.7],[-77.5198,39.7001],[-77.5197,39.7002],[-77.5196,39.7003],[-77.5196,39.7004],[-77.5195,39.7005],[-77.5195,39.7006],[-77.5194,39.7007],[-77.5194,39.7008],[-77.5192,39.701],[-77.5192,39.7011],[-77.5191,39.7013],[-77.519,39.7014],[-77.5189,39.7015],[-77.5188,39.7017],[-77.5188,39.7018],[-77.5187,39.702],[-77.5187,39.7021],[-77.5187,39.7022],[-77.5186,39.7022],[-77.5186,39.7023],[-77.5185,39.7026],[-77.5184,39.7027],[-77.5183,39.7028],[-77.5183,39.703],[-77.5192,39.7033],[-77.5184,39.7045],[-77.5177,39.7043],[-77.5177,39.7044],[-77.5176,39.7044],[-77.5175,39.7045],[-77.5175,39.7046],[-77.5171,39.7049],[-77.517,39.7051],[-77.5169,39.7052],[-77.5168,39.7053],[-77.5167,39.7054],[-77.5167,39.7055],[-77.5166,39.7056],[-77.5165,39.7057],[-77.5164,39.7058],[-77.5163,39.7059],[-77.5162,39.706],[-77.5161,39.7061],[-77.516,39.7061],[-77.516,39.7062],[-77.5159,39.7063],[-77.5157,39.7065],[-77.5157,39.7066],[-77.5161,39.7077],[-77.5153,39.7081],[-77.5134,39.709],[-77.5131,39.7092],[-77.513,39.7092],[-77.5128,39.7094],[-77.5127,39.7094],[-77.5119,39.71],[-77.5113,39.7103],[-77.5112,39.7104],[-77.511,39.7106],[-77.5107,39.7107],[-77.5105,39.7109],[-77.5104,39.711],[-77.5102,39.7111],[-77.5101,39.7112],[-77.51,39.7112],[-77.5098,39.7113],[-77.5096,39.7114],[-77.5094,39.7116],[-77.5093,39.7117],[-77.5096,39.7117],[-77.5105,39.7114],[-77.5126,39.7128],[-77.5129,39.7131],[-77.513,39.7131]]],[[[-77.6612,39.3727],[-77.6613,39.3726],[-77.6617,39.3722],[-77.6627,39.3712],[-77.6629,39.371],[-77.663,39.3704],[-77.663,39.37],[-77.6626,39.3697],[-77.6617,39.3689],[-77.6616,39.3688],[-77.6615,39.3688],[-77.6625,39.3676],[-77.6637,39.3661],[-77.6638,39.3661],[-77.6647,39.3664],[-77.664,39.3674],[-77.6663,39.3682],[-77.6665,39.3683],[-77.6665,39.3682],[-77.667,39.3674],[-77.6676,39.3664],[-77.6676,39.3663],[-77.6679,39.3659],[-77.6683,39.3651],[-77.6684,39.3649],[-77.6688,39.3642],[-77.6693,39.3634],[-77.6697,39.3626],[-77.6696,39.3626],[-77.6694,39.3625],[-77.6693,39.3624],[-77.6685,39.3622],[-77.6673,39.3622],[-77.6672,39.3622],[-77.6665,39.363],[-77.6655,39.3623],[-77.6636,39.3608],[-77.6632,39.3605],[-77.6639,39.3593],[-77.6646,39.3581],[-77.6657,39.3563],[-77.6671,39.3567],[-77.6685,39.3569],[-77.6691,39.357],[-77.6695,39.3571],[-77.6695,39.3563],[-77.6696,39.3562],[-77.6699,39.3554],[-77.6702,39.3545],[-77.6705,39.3539],[-77.6705,39.3537],[-77.6707,39.3533],[-77.6736,39.354],[-77.6742,39.3537],[-77.6748,39.353],[-77.6749,39.3529],[-77.6754,39.3523],[-77.6756,39.3522],[-77.6758,39.352],[-77.6757,39.352],[-77.6756,39.3519],[-77.6753,39.3518],[-77.6753,39.3517],[-77.6755,39.3513],[-77.6759,39.3508],[-77.6761,39.3504],[-77.6767,39.3505],[-77.6771,39.35],[-77.6773,39.3497],[-77.6774,39.3496],[-77.6776,39.3493],[-77.678,39.3487],[-77.6779,39.3487],[-77.674,39.3479],[-77.6741,39.3479],[-77.6747,39.3467],[-77.6754,39.3453],[-77.6758,39.3445],[-77.6762,39.3438],[-77.6763,39.3437],[-77.676,39.3436],[-77.6739,39.3433],[-77.6737,39.3433],[-77.674,39.3423],[-77.6742,39.3424],[-77.6743,39.3424],[-77.6765,39.3428],[-77.6767,39.3425],[-77.6771,39.3418],[-77.6772,39.3417],[-77.6769,39.3417],[-77.6752,39.3414],[-77.6749,39.3413],[-77.6747,39.3412],[-77.6743,39.3412],[-77.675,39.3395],[-77.6753,39.3395],[-77.6759,39.3396],[-77.6778,39.34],[-77.6781,39.34],[-77.6784,39.3395],[-77.6788,39.3389],[-77.6794,39.3377],[-77.6795,39.3376],[-77.6803,39.3362],[-77.6805,39.3358],[-77.6806,39.3357],[-77.681,39.3349],[-77.6815,39.3339],[-77.6816,39.3336],[-77.6818,39.3333],[-77.6818,39.3332],[-77.6819,39.333],[-77.682,39.3329],[-77.6821,39.3327],[-77.6821,39.3326],[-77.6822,39.3325],[-77.6822,39.3324],[-77.6822,39.3323],[-77.6822,39.3322],[-77.6822,39.3321],[-77.6822,39.332],[-77.6822,39.3319],[-77.6822,39.3318],[-77.6821,39.3317],[-77.682,39.3316],[-77.6812,39.3319],[-77.6809,39.3312],[-77.6806,39.3313],[-77.6797,39.3314],[-77.6796,39.3311],[-77.678,39.3314],[-77.6778,39.3309],[-77.6777,39.3308],[-77.6773,39.3308],[-77.6769,39.3308],[-77.677,39.3307],[-77.6768,39.3308],[-77.6766,39.3307],[-77.6763,39.3307],[-77.6759,39.3307],[-77.6755,39.3308],[-77.6749,39.3309],[-77.6749,39.331],[-77.6746,39.334],[-77.6741,39.3339],[-77.6725,39.3335],[-77.6724,39.3336],[-77.6722,39.334],[-77.6715,39.3338],[-77.6712,39.3343],[-77.6701,39.3341],[-77.6701,39.3342],[-77.6705,39.3343],[-77.6712,39.3344],[-77.674,39.3351],[-77.6745,39.3352],[-77.6744,39.3352],[-77.6734,39.3359],[-77.6724,39.3376],[-77.6721,39.3384],[-77.6724,39.3384],[-77.6709,39.3416],[-77.6706,39.3422],[-77.6705,39.3424],[-77.6667,39.3424],[-77.6666,39.3428],[-77.6662,39.3428],[-77.6662,39.3431],[-77.6658,39.3443],[-77.6649,39.3471],[-77.6645,39.3483],[-77.6638,39.3504],[-77.6626,39.3507],[-77.6606,39.3544],[-77.6595,39.3564],[-77.6599,39.3565],[-77.6598,39.3566],[-77.659,39.3582],[-77.6588,39.3586],[-77.6583,39.3596],[-77.6581,39.36],[-77.6579,39.3614],[-77.6579,39.3618],[-77.6568,39.3643],[-77.6586,39.3655],[-77.6555,39.3686],[-77.654,39.3717],[-77.6554,39.3711],[-77.6569,39.3723],[-77.6572,39.3716],[-77.6603,39.3725],[-77.6612,39.3727]],[[-77.6674,39.3506],[-77.6675,39.3504],[-77.6679,39.3505],[-77.6718,39.3514],[-77.6709,39.353],[-77.6667,39.3522],[-77.6664,39.3521],[-77.6664,39.352],[-77.6667,39.3514],[-77.6671,39.3508],[-77.6672,39.3505],[-77.6674,39.3506]]],[[[-77.6124,39.5274],[-77.6125,39.5275],[-77.6126,39.5276],[-77.6129,39.5277],[-77.613,39.5277],[-77.6132,39.5277],[-77.6133,39.5278],[-77.6134,39.5278],[-77.6135,39.5278],[-77.6136,39.5278],[-77.6137,39.5278],[-77.6138,39.5278],[-77.6139,39.5278],[-77.6138,39.528],[-77.614,39.528],[-77.6141,39.528],[-77.6142,39.528],[-77.6143,39.528],[-77.6144,39.528],[-77.6145,39.528],[-77.6146,39.528],[-77.6145,39.528],[-77.6136,39.527],[-77.6137,39.527],[-77.6149,39.5272],[-77.6153,39.5273],[-77.6151,39.5276],[-77.6149,39.5279],[-77.615,39.5279],[-77.6151,39.5279],[-77.6152,39.5278],[-77.6153,39.5278],[-77.6154,39.5277],[-77.6155,39.5277],[-77.6157,39.5276],[-77.6159,39.5275],[-77.6161,39.5274],[-77.6162,39.5273],[-77.6167,39.5271],[-77.6168,39.527],[-77.6169,39.527],[-77.617,39.5269],[-77.6171,39.5268],[-77.6172,39.5267],[-77.6173,39.5266],[-77.6175,39.5263],[-77.6176,39.5261],[-77.6177,39.526],[-77.6177,39.5259],[-77.6178,39.5258],[-77.6178,39.5257],[-77.6179,39.5257],[-77.618,39.5256],[-77.6182,39.5253],[-77.6183,39.5253],[-77.6183,39.5252],[-77.6186,39.525],[-77.6187,39.5248],[-77.6181,39.5246],[-77.6179,39.5245],[-77.6181,39.5236],[-77.6182,39.5237],[-77.619,39.5244],[-77.6191,39.5245],[-77.6192,39.5245],[-77.6194,39.5244],[-77.6192,39.5241],[-77.619,39.5236],[-77.6183,39.523],[-77.6181,39.5225],[-77.6182,39.5219],[-77.6181,39.5219],[-77.6177,39.5214],[-77.618,39.5215],[-77.6192,39.5219],[-77.6198,39.5211],[-77.6198,39.5209],[-77.6199,39.5209],[-77.6201,39.5209],[-77.622,39.5213],[-77.6224,39.5209],[-77.6228,39.5206],[-77.6204,39.5197],[-77.6206,39.5193],[-77.6206,39.5192],[-77.6207,39.5191],[-77.6209,39.5186],[-77.621,39.5184],[-77.6209,39.5175],[-77.6212,39.5165],[-77.6213,39.5163],[-77.6213,39.5162],[-77.6215,39.5154],[-77.6237,39.5155],[-77.6238,39.5155],[-77.6242,39.5143],[-77.6245,39.5133],[-77.6245,39.5131],[-77.6246,39.5125],[-77.6247,39.5122],[-77.6248,39.5121],[-77.6248,39.512],[-77.6249,39.512],[-77.6249,39.5119],[-77.6253,39.5111],[-77.6256,39.5105],[-77.6259,39.5099],[-77.6264,39.5088],[-77.627,39.5075],[-77.6268,39.5074],[-77.6264,39.5074],[-77.6263,39.5074],[-77.6252,39.5068],[-77.6259,39.5058],[-77.6264,39.5059],[-77.6266,39.506],[-77.6267,39.506],[-77.6274,39.506],[-77.6281,39.5061],[-77.6282,39.5061],[-77.6283,39.5061],[-77.6294,39.5056],[-77.6296,39.5052],[-77.6297,39.5051],[-77.6297,39.505],[-77.6297,39.5048],[-77.6298,39.5046],[-77.6298,39.5044],[-77.6299,39.5042],[-77.6299,39.5041],[-77.6298,39.5041],[-77.6297,39.5041],[-77.6243,39.5041],[-77.6239,39.5041],[-77.6239,39.5033],[-77.6239,39.5029],[-77.623,39.5034],[-77.6219,39.5032],[-77.6217,39.5034],[-77.621,39.5032],[-77.6202,39.503],[-77.6205,39.5026],[-77.6206,39.5023],[-77.6213,39.5011],[-77.6219,39.4998],[-77.6213,39.499],[-77.6204,39.4983],[-77.6185,39.4999],[-77.6177,39.4993],[-77.6179,39.4981],[-77.6172,39.4985],[-77.6171,39.4985],[-77.6171,39.4986],[-77.617,39.4986],[-77.617,39.4987],[-77.6169,39.4987],[-77.6175,39.4997],[-77.617,39.5005],[-77.6183,39.5009],[-77.6186,39.5014],[-77.6193,39.5024],[-77.6194,39.5025],[-77.6197,39.503],[-77.6195,39.5031],[-77.619,39.5034],[-77.6197,39.505],[-77.62,39.5058],[-77.6212,39.5062],[-77.625,39.5074],[-77.6249,39.5074],[-77.6239,39.5098],[-77.6237,39.5097],[-77.6218,39.5091],[-77.6213,39.509],[-77.6209,39.5089],[-77.6205,39.5097],[-77.6174,39.5091],[-77.615,39.5086],[-77.6146,39.5096],[-77.6185,39.5103],[-77.6183,39.5109],[-77.6175,39.5114],[-77.616,39.5116],[-77.6154,39.5119],[-77.6147,39.5117],[-77.6143,39.5122],[-77.6082,39.5106],[-77.6065,39.512],[-77.6055,39.5129],[-77.6054,39.5129],[-77.6054,39.513],[-77.6053,39.513],[-77.6052,39.513],[-77.605,39.5133],[-77.6076,39.5139],[-77.6088,39.5142],[-77.6122,39.5149],[-77.6118,39.5154],[-77.6114,39.5159],[-77.6107,39.5169],[-77.6105,39.517],[-77.6129,39.5176],[-77.6115,39.5193],[-77.611,39.5197],[-77.6103,39.5202],[-77.6093,39.5209],[-77.6082,39.5217],[-77.6081,39.5228],[-77.6081,39.5239],[-77.6066,39.5237],[-77.6057,39.5235],[-77.6049,39.5234],[-77.6049,39.5233],[-77.6048,39.5233],[-77.6048,39.5232],[-77.6048,39.523],[-77.6048,39.5229],[-77.6049,39.5224],[-77.6054,39.5204],[-77.6067,39.5203],[-77.6044,39.5182],[-77.6053,39.5169],[-77.6047,39.5164],[-77.6011,39.5143],[-77.6008,39.5141],[-77.6003,39.5138],[-77.5992,39.5141],[-77.5988,39.5145],[-77.5982,39.516],[-77.5985,39.5162],[-77.5982,39.5179],[-77.5985,39.5182],[-77.5987,39.5185],[-77.6006,39.5207],[-77.6014,39.5216],[-77.6023,39.5227],[-77.6027,39.5223],[-77.6057,39.525],[-77.606,39.5252],[-77.606,39.5253],[-77.6061,39.5253],[-77.6061,39.5254],[-77.6061,39.5255],[-77.6061,39.5256],[-77.6062,39.5256],[-77.6062,39.5257],[-77.6082,39.5255],[-77.6094,39.524],[-77.6096,39.5238],[-77.6102,39.5238],[-77.6108,39.5233],[-77.6121,39.5215],[-77.6121,39.522],[-77.6122,39.5228],[-77.6131,39.523],[-77.6145,39.5233],[-77.6159,39.5237],[-77.6164,39.5239],[-77.6168,39.5245],[-77.6168,39.5247],[-77.6167,39.5249],[-77.6151,39.5244],[-77.6141,39.5242],[-77.6131,39.524],[-77.6123,39.5238],[-77.6126,39.5256],[-77.6125,39.5261],[-77.6119,39.5275],[-77.6122,39.5274],[-77.6124,39.5275],[-77.6124,39.5274]]],[[[-77.6467,39.3922],[-77.6467,39.3923],[-77.6486,39.3928],[-77.6495,39.3931],[-77.6505,39.3933],[-77.6508,39.3934],[-77.6509,39.3933],[-77.651,39.3932],[-77.651,39.3931],[-77.6512,39.3929],[-77.6512,39.3928],[-77.6513,39.3927],[-77.6512,39.3927],[-77.6512,39.3926],[-77.6513,39.3926],[-77.6513,39.3925],[-77.6513,39.3924],[-77.6513,39.3923],[-77.6514,39.3922],[-77.6514,39.3921],[-77.6515,39.3921],[-77.6518,39.3916],[-77.6521,39.3912],[-77.6522,39.3911],[-77.6525,39.3907],[-77.6525,39.3905],[-77.6526,39.3905],[-77.6526,39.3904],[-77.6527,39.3903],[-77.6528,39.3903],[-77.6529,39.3903],[-77.653,39.3904],[-77.6532,39.3904],[-77.6536,39.3906],[-77.6537,39.3902],[-77.6534,39.3901],[-77.6536,39.3897],[-77.6535,39.3897],[-77.6534,39.3897],[-77.6533,39.3897],[-77.6528,39.3895],[-77.6526,39.3892],[-77.6526,39.3891],[-77.6525,39.389],[-77.6523,39.3885],[-77.6522,39.3882],[-77.6521,39.3882],[-77.6521,39.3881],[-77.6522,39.3881],[-77.6522,39.388],[-77.6523,39.3876],[-77.6523,39.3874],[-77.6518,39.3873],[-77.6515,39.3872],[-77.6516,39.3865],[-77.6516,39.3863],[-77.6516,39.3862],[-77.6516,39.3858],[-77.6516,39.3855],[-77.6517,39.3851],[-77.6517,39.385],[-77.6519,39.3843],[-77.652,39.3841],[-77.652,39.384],[-77.6519,39.384],[-77.6517,39.3839],[-77.6512,39.3838],[-77.6511,39.3838],[-77.6512,39.3835],[-77.6514,39.3832],[-77.6516,39.3826],[-77.6524,39.3811],[-77.653,39.3799],[-77.6531,39.3799],[-77.6533,39.38],[-77.6536,39.3801],[-77.6554,39.378],[-77.6556,39.3777],[-77.6557,39.3777],[-77.6558,39.3777],[-77.6558,39.3776],[-77.6559,39.3776],[-77.656,39.3776],[-77.6561,39.3776],[-77.6562,39.3776],[-77.6562,39.3777],[-77.6563,39.3777],[-77.6564,39.3777],[-77.6564,39.3778],[-77.6568,39.3766],[-77.6569,39.3761],[-77.6557,39.3757],[-77.6551,39.3755],[-77.6528,39.3741],[-77.6529,39.3739],[-77.653,39.3735],[-77.6527,39.3734],[-77.6526,39.3734],[-77.6525,39.3734],[-77.6524,39.3734],[-77.6523,39.3734],[-77.6522,39.3733],[-77.6525,39.3723],[-77.6512,39.3727],[-77.651,39.3731],[-77.6509,39.3735],[-77.6506,39.3741],[-77.6513,39.3744],[-77.6497,39.3783],[-77.6485,39.3783],[-77.6438,39.3781],[-77.6432,39.3812],[-77.6443,39.3811],[-77.6468,39.3816],[-77.647,39.3818],[-77.6466,39.3828],[-77.6464,39.3836],[-77.6475,39.3838],[-77.6463,39.3852],[-77.6458,39.3851],[-77.6457,39.3854],[-77.6457,39.3855],[-77.6455,39.3859],[-77.6455,39.386],[-77.6454,39.3863],[-77.6453,39.3862],[-77.6438,39.3855],[-77.6432,39.3863],[-77.6451,39.3869],[-77.6451,39.3874],[-77.6451,39.3875],[-77.645,39.3875],[-77.645,39.3876],[-77.645,39.3877],[-77.6449,39.3878],[-77.6445,39.3884],[-77.6443,39.3887],[-77.6442,39.3887],[-77.6439,39.3891],[-77.6439,39.3892],[-77.6438,39.3892],[-77.6438,39.3893],[-77.6431,39.3898],[-77.6464,39.3908],[-77.6464,39.3906],[-77.6466,39.3902],[-77.6468,39.3896],[-77.6469,39.3893],[-77.647,39.3887],[-77.6473,39.3878],[-77.6476,39.387],[-77.6477,39.3867],[-77.6474,39.3866],[-77.6475,39.3865],[-77.6476,39.3865],[-77.6481,39.3865],[-77.6484,39.3864],[-77.6484,39.3865],[-77.6484,39.387],[-77.6484,39.3871],[-77.6484,39.3872],[-77.6484,39.3875],[-77.6484,39.3882],[-77.6484,39.3883],[-77.6486,39.3885],[-77.6484,39.389],[-77.648,39.3897],[-77.6475,39.3907],[-77.6472,39.3912],[-77.6471,39.3914],[-77.647,39.3917],[-77.6469,39.3919],[-77.6467,39.3922]]],[[[-77.5481,39.6535],[-77.5489,39.6538],[-77.5491,39.6538],[-77.5501,39.6542],[-77.551,39.6546],[-77.5518,39.6549],[-77.5527,39.6552],[-77.5536,39.6555],[-77.5537,39.6556],[-77.5538,39.6556],[-77.5542,39.6557],[-77.5542,39.6556],[-77.5543,39.6544],[-77.5545,39.6542],[-77.5553,39.6537],[-77.5564,39.6529],[-77.5575,39.6522],[-77.5553,39.6511],[-77.55,39.6483],[-77.5499,39.6482],[-77.5498,39.6482],[-77.5511,39.6469],[-77.5521,39.6461],[-77.5504,39.6455],[-77.5503,39.6454],[-77.5502,39.6454],[-77.5497,39.6454],[-77.548,39.6453],[-77.5479,39.6453],[-77.5472,39.6448],[-77.547,39.6447],[-77.5465,39.6454],[-77.5459,39.6449],[-77.5459,39.6443],[-77.5462,39.6438],[-77.546,39.6436],[-77.5416,39.6477],[-77.5414,39.6478],[-77.5419,39.6489],[-77.5422,39.6487],[-77.5446,39.6512],[-77.5459,39.6526],[-77.5469,39.653],[-77.5481,39.6535]],[[-77.5527,39.6511],[-77.5516,39.652],[-77.5479,39.6504],[-77.549,39.6493],[-77.5527,39.6511]]],[[[-77.6174,39.4839],[-77.618,39.4839],[-77.6181,39.4839],[-77.6182,39.4839],[-77.6183,39.4839],[-77.6184,39.4839],[-77.6185,39.4839],[-77.6185,39.484],[-77.6186,39.484],[-77.6187,39.484],[-77.6188,39.484],[-77.6189,39.484],[-77.6189,39.4841],[-77.619,39.4841],[-77.6192,39.4842],[-77.6193,39.4842],[-77.6194,39.4843],[-77.6195,39.4843],[-77.6196,39.4843],[-77.6196,39.4844],[-77.6197,39.4844],[-77.6198,39.4844],[-77.6198,39.4845],[-77.62,39.4846],[-77.6219,39.4834],[-77.6221,39.483],[-77.6218,39.4807],[-77.6209,39.4805],[-77.6209,39.4801],[-77.6202,39.4801],[-77.6201,39.4792],[-77.6203,39.4785],[-77.6204,39.4779],[-77.6205,39.4775],[-77.6207,39.4775],[-77.6239,39.4776],[-77.6242,39.4752],[-77.6244,39.4741],[-77.6257,39.4742],[-77.6257,39.4739],[-77.6257,39.4736],[-77.6257,39.4728],[-77.6257,39.4726],[-77.6258,39.4716],[-77.6257,39.4716],[-77.6252,39.4719],[-77.6251,39.472],[-77.625,39.472],[-77.6248,39.4721],[-77.6247,39.4722],[-77.6246,39.4722],[-77.6244,39.4722],[-77.6243,39.4723],[-77.6241,39.4723],[-77.624,39.4723],[-77.623,39.4725],[-77.6229,39.4725],[-77.6227,39.4725],[-77.6226,39.4725],[-77.6225,39.4725],[-77.6224,39.4725],[-77.6223,39.4725],[-77.6222,39.4724],[-77.6221,39.4724],[-77.622,39.4724],[-77.6219,39.4723],[-77.6217,39.4722],[-77.6215,39.4721],[-77.6212,39.4719],[-77.621,39.4718],[-77.6204,39.4714],[-77.6203,39.4713],[-77.6202,39.4713],[-77.6201,39.4712],[-77.62,39.4711],[-77.6199,39.471],[-77.6198,39.471],[-77.6198,39.4709],[-77.6197,39.4708],[-77.6196,39.4707],[-77.6196,39.4706],[-77.6195,39.4705],[-77.6194,39.4705],[-77.6193,39.4704],[-77.6192,39.4703],[-77.6191,39.4703],[-77.619,39.4702],[-77.6189,39.4702],[-77.6188,39.4702],[-77.6187,39.4702],[-77.6187,39.4703],[-77.6186,39.4703],[-77.6183,39.4706],[-77.6182,39.4706],[-77.6182,39.4707],[-77.6181,39.4707],[-77.6186,39.4726],[-77.6179,39.4733],[-77.617,39.4734],[-77.6174,39.4747],[-77.6146,39.4793],[-77.6147,39.4793],[-77.6147,39.4794],[-77.6148,39.4794],[-77.6148,39.4795],[-77.6149,39.4796],[-77.615,39.4797],[-77.615,39.4798],[-77.6151,39.4798],[-77.6151,39.4799],[-77.6152,39.48],[-77.6152,39.4801],[-77.6153,39.4801],[-77.6153,39.4802],[-77.6153,39.4803],[-77.6154,39.4803],[-77.6154,39.4804],[-77.6154,39.4805],[-77.6155,39.4806],[-77.6155,39.4807],[-77.6155,39.4808],[-77.6155,39.4809],[-77.6155,39.481],[-77.6155,39.4811],[-77.6154,39.4811],[-77.6154,39.4812],[-77.6154,39.4813],[-77.6154,39.4814],[-77.6154,39.4815],[-77.6154,39.4816],[-77.6154,39.4817],[-77.6154,39.4818],[-77.6155,39.4819],[-77.6155,39.482],[-77.6155,39.4821],[-77.6155,39.4822],[-77.6156,39.4822],[-77.6156,39.4823],[-77.6156,39.4824],[-77.6156,39.4825],[-77.6156,39.4826],[-77.6156,39.4827],[-77.6157,39.4827],[-77.6157,39.4828],[-77.6157,39.4829],[-77.6157,39.483],[-77.6157,39.4831],[-77.6157,39.4832],[-77.6158,39.4832],[-77.6158,39.4833],[-77.6159,39.4833],[-77.6159,39.4834],[-77.616,39.4834],[-77.616,39.4835],[-77.6161,39.4835],[-77.6161,39.4836],[-77.6162,39.4836],[-77.6162,39.4837],[-77.6163,39.4838],[-77.6163,39.4839],[-77.6164,39.4839],[-77.6165,39.4839],[-77.6166,39.4839],[-77.6167,39.4839],[-77.6169,39.4839],[-77.617,39.4839],[-77.6171,39.4839],[-77.6172,39.4839],[-77.6173,39.4839],[-77.6174,39.4839]]],[[[-77.5502,39.6385],[-77.5492,39.6397],[-77.5493,39.6398],[-77.5503,39.6385],[-77.5531,39.6357],[-77.5533,39.6358],[-77.5534,39.6358],[-77.5544,39.6362],[-77.5544,39.636],[-77.555,39.634],[-77.5532,39.633],[-77.5541,39.6311],[-77.5561,39.6319],[-77.5564,39.6311],[-77.5586,39.6313],[-77.5586,39.6312],[-77.5587,39.6311],[-77.5588,39.6308],[-77.5589,39.6304],[-77.5589,39.6302],[-77.559,39.6299],[-77.5591,39.6297],[-77.5591,39.6295],[-77.5593,39.6291],[-77.5594,39.6287],[-77.5594,39.6286],[-77.5595,39.6286],[-77.5595,39.6285],[-77.5595,39.6284],[-77.5595,39.6283],[-77.5596,39.6282],[-77.5596,39.6281],[-77.5596,39.628],[-77.5596,39.6279],[-77.5596,39.6277],[-77.5596,39.6274],[-77.5596,39.6273],[-77.5596,39.6272],[-77.5596,39.6269],[-77.5596,39.6267],[-77.5596,39.6266],[-77.5596,39.6265],[-77.5558,39.6269],[-77.5555,39.6277],[-77.5539,39.6275],[-77.5534,39.6286],[-77.5524,39.6286],[-77.5523,39.6286],[-77.5504,39.6291],[-77.5502,39.6291],[-77.5497,39.6297],[-77.5489,39.6304],[-77.5488,39.6305],[-77.5479,39.6313],[-77.5478,39.6315],[-77.5472,39.632],[-77.5471,39.632],[-77.5463,39.6328],[-77.5465,39.6329],[-77.5466,39.633],[-77.5493,39.634],[-77.5502,39.6345],[-77.5518,39.6351],[-77.553,39.6357],[-77.5502,39.6385]]],[[[-77.6106,39.4874],[-77.6102,39.4878],[-77.6094,39.4871],[-77.6091,39.4881],[-77.6085,39.4875],[-77.6077,39.4873],[-77.6059,39.4883],[-77.6051,39.4882],[-77.6041,39.4881],[-77.6046,39.4889],[-77.6047,39.4889],[-77.6047,39.489],[-77.6047,39.4891],[-77.6047,39.4892],[-77.6068,39.4906],[-77.6075,39.4914],[-77.6082,39.4908],[-77.6097,39.4894],[-77.611,39.4886],[-77.6119,39.4893],[-77.611,39.4905],[-77.6113,39.4908],[-77.6119,39.4913],[-77.614,39.492],[-77.6138,39.4925],[-77.6137,39.4929],[-77.6134,39.4937],[-77.6168,39.4938],[-77.6165,39.4964],[-77.6166,39.4963],[-77.6167,39.4963],[-77.6171,39.493],[-77.617,39.493],[-77.6171,39.4926],[-77.6171,39.4923],[-77.6172,39.4921],[-77.6175,39.4903],[-77.6156,39.4896],[-77.6155,39.4895],[-77.6158,39.4892],[-77.616,39.489],[-77.6163,39.4891],[-77.617,39.4895],[-77.6174,39.4897],[-77.6178,39.4899],[-77.6178,39.4898],[-77.6179,39.4897],[-77.6179,39.4894],[-77.6191,39.4896],[-77.6191,39.4894],[-77.6191,39.4887],[-77.6192,39.4881],[-77.6192,39.4876],[-77.6193,39.4871],[-77.6193,39.4869],[-77.6193,39.4868],[-77.6193,39.4867],[-77.6194,39.4866],[-77.6194,39.4865],[-77.6195,39.4863],[-77.6196,39.486],[-77.6186,39.4858],[-77.6182,39.4857],[-77.6177,39.4862],[-77.6157,39.4853],[-77.6156,39.4853],[-77.6153,39.4852],[-77.6132,39.4886],[-77.613,39.4886],[-77.6126,39.4884],[-77.6106,39.4874]]],[[[-77.5097,39.7063],[-77.509,39.7067],[-77.509,39.7068],[-77.5089,39.7068],[-77.5092,39.7068],[-77.511,39.7075],[-77.5115,39.7076],[-77.5123,39.7079],[-77.513,39.7071],[-77.5142,39.7056],[-77.5156,39.7065],[-77.5158,39.7063],[-77.5158,39.7062],[-77.5159,39.7061],[-77.516,39.7061],[-77.516,39.706],[-77.5161,39.7059],[-77.5162,39.7059],[-77.5163,39.7058],[-77.5164,39.7057],[-77.5164,39.7056],[-77.5165,39.7055],[-77.5166,39.7054],[-77.5166,39.7053],[-77.5167,39.7052],[-77.5168,39.7052],[-77.5169,39.7051],[-77.5171,39.7049],[-77.5174,39.7046],[-77.5175,39.7045],[-77.5175,39.7044],[-77.5176,39.7043],[-77.5177,39.7042],[-77.5179,39.7038],[-77.518,39.7035],[-77.518,39.7034],[-77.5181,39.7032],[-77.5182,39.7031],[-77.5182,39.7029],[-77.5183,39.7028],[-77.5183,39.7027],[-77.5184,39.7025],[-77.5185,39.7023],[-77.5186,39.7022],[-77.5186,39.7021],[-77.5186,39.702],[-77.5187,39.7018],[-77.5188,39.7017],[-77.5188,39.7015],[-77.5189,39.7014],[-77.519,39.7012],[-77.5191,39.7011],[-77.5192,39.7009],[-77.5193,39.7008],[-77.5194,39.7007],[-77.5194,39.7006],[-77.5195,39.7005],[-77.5195,39.7004],[-77.5196,39.7003],[-77.5196,39.7002],[-77.5197,39.7],[-77.5198,39.7],[-77.5198,39.6999],[-77.5199,39.6998],[-77.52,39.6997],[-77.52,39.6996],[-77.5201,39.6995],[-77.5202,39.6994],[-77.5202,39.6993],[-77.5203,39.6992],[-77.5204,39.6988],[-77.5207,39.698],[-77.5209,39.6974],[-77.5209,39.6973],[-77.521,39.6971],[-77.5211,39.697],[-77.5211,39.6969],[-77.5212,39.6968],[-77.5213,39.6967],[-77.5214,39.6966],[-77.5216,39.6964],[-77.5216,39.6963],[-77.5217,39.6962],[-77.5218,39.6961],[-77.5218,39.696],[-77.5219,39.696],[-77.522,39.6959],[-77.5221,39.6959],[-77.5223,39.6958],[-77.5228,39.6955],[-77.5229,39.6955],[-77.523,39.6954],[-77.5231,39.6953],[-77.523,39.6953],[-77.5232,39.6951],[-77.5232,39.695],[-77.5231,39.695],[-77.5231,39.6949],[-77.523,39.6949],[-77.5224,39.6948],[-77.5223,39.6948],[-77.5222,39.6949],[-77.5221,39.6949],[-77.522,39.6949],[-77.5217,39.6951],[-77.5213,39.6953],[-77.5212,39.6954],[-77.5211,39.6955],[-77.521,39.6955],[-77.5209,39.6956],[-77.5208,39.6957],[-77.5207,39.6958],[-77.521,39.6959],[-77.5204,39.6968],[-77.5203,39.6969],[-77.5201,39.6972],[-77.5198,39.6971],[-77.5198,39.6972],[-77.5197,39.6974],[-77.5196,39.6975],[-77.5195,39.6976],[-77.5194,39.6977],[-77.5193,39.6978],[-77.5192,39.6979],[-77.5191,39.698],[-77.5191,39.6981],[-77.519,39.6982],[-77.5189,39.6984],[-77.5188,39.6985],[-77.5187,39.6986],[-77.5187,39.6987],[-77.5186,39.6988],[-77.5186,39.6989],[-77.5186,39.699],[-77.5185,39.6991],[-77.5185,39.6992],[-77.5184,39.6993],[-77.5184,39.6994],[-77.5183,39.6994],[-77.5183,39.6995],[-77.5182,39.6995],[-77.5181,39.6995],[-77.5181,39.6996],[-77.518,39.6996],[-77.5179,39.6997],[-77.5178,39.6997],[-77.5177,39.6998],[-77.5176,39.6998],[-77.5176,39.6999],[-77.5175,39.6999],[-77.5173,39.7],[-77.5172,39.7],[-77.5171,39.7001],[-77.517,39.7002],[-77.5168,39.7002],[-77.5167,39.7003],[-77.5166,39.7004],[-77.5165,39.7005],[-77.5164,39.7005],[-77.5164,39.7006],[-77.5163,39.7006],[-77.5162,39.7007],[-77.5161,39.7008],[-77.5159,39.7008],[-77.5158,39.7009],[-77.5157,39.7009],[-77.5156,39.701],[-77.5155,39.701],[-77.5154,39.701],[-77.5154,39.7011],[-77.5153,39.7011],[-77.5152,39.7012],[-77.5151,39.7012],[-77.5151,39.7013],[-77.515,39.7013],[-77.5149,39.7014],[-77.5148,39.7014],[-77.5147,39.7014],[-77.5146,39.7014],[-77.5145,39.7014],[-77.5144,39.7014],[-77.5143,39.7014],[-77.5142,39.7014],[-77.5141,39.7014],[-77.5141,39.7013],[-77.514,39.7013],[-77.5139,39.7012],[-77.5139,39.7011],[-77.5138,39.701],[-77.5137,39.7009],[-77.5137,39.7008],[-77.5136,39.7008],[-77.5136,39.7007],[-77.5136,39.7006],[-77.5136,39.7005],[-77.5136,39.7003],[-77.5136,39.7001],[-77.5137,39.7],[-77.5137,39.6998],[-77.5137,39.6996],[-77.5137,39.6995],[-77.5136,39.6994],[-77.5133,39.6995],[-77.5126,39.6997],[-77.5123,39.7011],[-77.5117,39.7035],[-77.5116,39.704],[-77.5113,39.7054],[-77.5097,39.7063]]],[[[-77.5708,39.5935],[-77.5708,39.5936],[-77.5708,39.5937],[-77.5708,39.5938],[-77.5708,39.5941],[-77.5708,39.5942],[-77.5708,39.5944],[-77.5707,39.5944],[-77.5707,39.5945],[-77.5707,39.5946],[-77.5706,39.595],[-77.5706,39.5951],[-77.5706,39.5952],[-77.5705,39.5959],[-77.5705,39.596],[-77.5704,39.596],[-77.5703,39.5964],[-77.5703,39.5965],[-77.5738,39.5976],[-77.5733,39.5988],[-77.573,39.5994],[-77.5728,39.5997],[-77.5727,39.5999],[-77.5725,39.6004],[-77.5724,39.6006],[-77.5777,39.602],[-77.578,39.602],[-77.5779,39.6008],[-77.5779,39.5997],[-77.5779,39.5994],[-77.5779,39.5992],[-77.5779,39.5991],[-77.578,39.5985],[-77.5785,39.5973],[-77.5795,39.5949],[-77.5734,39.5938],[-77.5707,39.5931],[-77.5708,39.5934],[-77.5708,39.5935]]],[[[-77.5926,39.4962],[-77.5921,39.4981],[-77.5928,39.4986],[-77.5927,39.4986],[-77.5938,39.4996],[-77.5959,39.5005],[-77.5959,39.5007],[-77.5961,39.5012],[-77.5962,39.5013],[-77.5964,39.5015],[-77.5965,39.5015],[-77.5968,39.5017],[-77.5974,39.502],[-77.5974,39.5019],[-77.5968,39.4992],[-77.5955,39.4982],[-77.5942,39.4978],[-77.5942,39.4971],[-77.5941,39.4969],[-77.5955,39.4968],[-77.5959,39.4962],[-77.5961,39.4958],[-77.5953,39.4956],[-77.5949,39.4957],[-77.5946,39.4958],[-77.5941,39.4958],[-77.5939,39.4958],[-77.5929,39.4954],[-77.5931,39.4946],[-77.5933,39.4941],[-77.5937,39.4924],[-77.594,39.4911],[-77.594,39.4909],[-77.594,39.4908],[-77.5941,39.4906],[-77.5941,39.4905],[-77.5941,39.4904],[-77.5934,39.49],[-77.5936,39.4896],[-77.5922,39.4888],[-77.5919,39.4897],[-77.5916,39.4907],[-77.5886,39.4904],[-77.5883,39.492],[-77.5903,39.4922],[-77.5901,39.4942],[-77.5871,39.4949],[-77.5869,39.4949],[-77.5872,39.4953],[-77.5872,39.4954],[-77.5874,39.4956],[-77.5926,39.4962]]],[[[-77.6402,39.4018],[-77.6402,39.4017],[-77.6409,39.4005],[-77.6417,39.3991],[-77.6425,39.3975],[-77.6427,39.397],[-77.643,39.3971],[-77.6435,39.3971],[-77.6436,39.3968],[-77.6438,39.3965],[-77.6439,39.3963],[-77.644,39.3959],[-77.6443,39.3953],[-77.6445,39.3949],[-77.645,39.3939],[-77.6454,39.3931],[-77.6456,39.3928],[-77.6462,39.3912],[-77.6424,39.3904],[-77.6421,39.3906],[-77.6414,39.3911],[-77.6423,39.3913],[-77.6422,39.3919],[-77.642,39.3924],[-77.6405,39.3921],[-77.6404,39.393],[-77.6412,39.3932],[-77.6442,39.3938],[-77.644,39.3941],[-77.6439,39.3941],[-77.6411,39.3936],[-77.641,39.3941],[-77.6437,39.3946],[-77.6434,39.395],[-77.6433,39.3955],[-77.6433,39.3959],[-77.6428,39.3968],[-77.6418,39.3967],[-77.6419,39.3965],[-77.6423,39.3966],[-77.6427,39.3958],[-77.6429,39.3956],[-77.6427,39.3956],[-77.64,39.3951],[-77.6399,39.3955],[-77.6398,39.3957],[-77.6398,39.3959],[-77.6397,39.3961],[-77.6397,39.3962],[-77.6393,39.3967],[-77.6389,39.3973],[-77.6404,39.3978],[-77.6389,39.3973],[-77.6382,39.3981],[-77.6383,39.3983],[-77.6383,39.3984],[-77.6383,39.3985],[-77.6384,39.3985],[-77.6384,39.3986],[-77.6383,39.3986],[-77.6383,39.3987],[-77.6383,39.3988],[-77.6383,39.3989],[-77.6383,39.399],[-77.6383,39.3991],[-77.6382,39.3994],[-77.6382,39.3995],[-77.6382,39.3996],[-77.6387,39.3997],[-77.6385,39.4004],[-77.6383,39.4014],[-77.6378,39.4012],[-77.6378,39.4013],[-77.6378,39.4018],[-77.6402,39.4018]]],[[[-77.6466,39.4022],[-77.6468,39.4021],[-77.6469,39.402],[-77.6471,39.4018],[-77.6473,39.4016],[-77.6474,39.4014],[-77.6475,39.4013],[-77.6476,39.4012],[-77.6478,39.401],[-77.6479,39.4009],[-77.648,39.4008],[-77.6481,39.4007],[-77.6482,39.4006],[-77.6483,39.4005],[-77.6484,39.4005],[-77.6485,39.4004],[-77.6486,39.4004],[-77.6487,39.4003],[-77.6489,39.4003],[-77.649,39.4003],[-77.6491,39.4002],[-77.6492,39.4002],[-77.649,39.4002],[-77.6484,39.4003],[-77.6481,39.4004],[-77.648,39.4004],[-77.6479,39.4004],[-77.648,39.4002],[-77.6481,39.4],[-77.6482,39.3997],[-77.6483,39.3995],[-77.6485,39.3991],[-77.6486,39.399],[-77.6486,39.3989],[-77.6487,39.3987],[-77.6488,39.3985],[-77.649,39.3981],[-77.6493,39.3975],[-77.6494,39.3973],[-77.6496,39.3971],[-77.6497,39.3969],[-77.6499,39.3966],[-77.6499,39.3964],[-77.65,39.3964],[-77.6501,39.3962],[-77.6503,39.3958],[-77.6503,39.3957],[-77.6504,39.3956],[-77.6505,39.3954],[-77.6507,39.3951],[-77.6508,39.395],[-77.6508,39.3948],[-77.6509,39.3947],[-77.651,39.3945],[-77.6512,39.3942],[-77.6511,39.3942],[-77.6509,39.3942],[-77.6508,39.3942],[-77.6507,39.3941],[-77.6506,39.3941],[-77.6505,39.3941],[-77.6502,39.394],[-77.6498,39.3939],[-77.6486,39.3936],[-77.6482,39.3935],[-77.6463,39.3931],[-77.6463,39.3932],[-77.6461,39.3935],[-77.6461,39.3936],[-77.6459,39.3939],[-77.6457,39.3943],[-77.6457,39.3944],[-77.6456,39.3947],[-77.6454,39.3951],[-77.6453,39.3952],[-77.6452,39.3955],[-77.6451,39.3956],[-77.645,39.3958],[-77.6448,39.3962],[-77.6448,39.3964],[-77.6448,39.3968],[-77.6449,39.3968],[-77.6483,39.3976],[-77.6482,39.3979],[-77.6481,39.3982],[-77.648,39.3983],[-77.6471,39.3982],[-77.647,39.3981],[-77.6449,39.3977],[-77.6448,39.3977],[-77.6448,39.3976],[-77.6447,39.3982],[-77.6447,39.3988],[-77.6447,39.399],[-77.6447,39.3995],[-77.6447,39.3996],[-77.6447,39.3997],[-77.6446,39.3998],[-77.6446,39.4003],[-77.645,39.4007],[-77.6463,39.4019],[-77.6466,39.4022]]],[[[-77.6066,39.5471],[-77.6076,39.5471],[-77.6075,39.5469],[-77.6071,39.5467],[-77.6069,39.5462],[-77.6071,39.5452],[-77.6072,39.5447],[-77.6066,39.544],[-77.6064,39.5434],[-77.606,39.5428],[-77.6056,39.5421],[-77.6054,39.5416],[-77.6051,39.5412],[-77.605,39.5409],[-77.6048,39.5403],[-77.6049,39.5393],[-77.6049,39.5387],[-77.605,39.5379],[-77.6051,39.5376],[-77.6052,39.5375],[-77.6047,39.5375],[-77.6043,39.5374],[-77.6043,39.5373],[-77.6044,39.5373],[-77.6047,39.5374],[-77.6052,39.5374],[-77.6053,39.5366],[-77.6053,39.5365],[-77.6048,39.5368],[-77.6046,39.537],[-77.6008,39.5398],[-77.6006,39.5399],[-77.6006,39.54],[-77.6007,39.5401],[-77.6008,39.5403],[-77.6009,39.5403],[-77.6028,39.5399],[-77.6029,39.5402],[-77.6029,39.5404],[-77.6032,39.5415],[-77.6026,39.5416],[-77.6018,39.5417],[-77.6019,39.5421],[-77.6022,39.5429],[-77.6032,39.5427],[-77.6031,39.5434],[-77.6035,39.5433],[-77.6032,39.5439],[-77.6024,39.544],[-77.6025,39.5435],[-77.6006,39.5438],[-77.6006,39.5443],[-77.6054,39.5444],[-77.606,39.5444],[-77.6059,39.5446],[-77.6058,39.5446],[-77.6037,39.5469],[-77.6037,39.547],[-77.6051,39.5482],[-77.6065,39.5488],[-77.6066,39.5471]]],[[[-77.5945,39.6024],[-77.5936,39.604],[-77.5954,39.6054],[-77.5955,39.6054],[-77.5966,39.6048],[-77.5975,39.6043],[-77.598,39.6033],[-77.599,39.6014],[-77.5978,39.6011],[-77.598,39.6008],[-77.5991,39.601],[-77.5993,39.6002],[-77.5996,39.5989],[-77.6003,39.599],[-77.6003,39.5989],[-77.5997,39.5989],[-77.5987,39.5988],[-77.5971,39.5986],[-77.5962,39.5996],[-77.5953,39.6006],[-77.5953,39.6007],[-77.5945,39.6024]]],[[[-77.5746,39.5755],[-77.575,39.5751],[-77.5755,39.5744],[-77.5743,39.5742],[-77.5743,39.5737],[-77.5757,39.5738],[-77.576,39.5737],[-77.5766,39.5738],[-77.5765,39.5723],[-77.5765,39.5722],[-77.5765,39.5721],[-77.5765,39.572],[-77.5765,39.5719],[-77.5765,39.5718],[-77.5765,39.5717],[-77.5765,39.5716],[-77.5765,39.5715],[-77.5766,39.5714],[-77.5766,39.5713],[-77.5766,39.5712],[-77.5766,39.5711],[-77.5768,39.5706],[-77.5763,39.5703],[-77.5753,39.5705],[-77.574,39.5706],[-77.574,39.571],[-77.5726,39.5712],[-77.5714,39.5714],[-77.5705,39.575],[-77.5746,39.5755]]],[[[-77.6157,39.4741],[-77.6161,39.4707],[-77.616,39.4707],[-77.6159,39.4707],[-77.6158,39.4707],[-77.6157,39.4706],[-77.6156,39.4706],[-77.6155,39.4706],[-77.6155,39.4705],[-77.6154,39.4705],[-77.6153,39.4705],[-77.6152,39.4704],[-77.6151,39.4704],[-77.615,39.4703],[-77.6149,39.4703],[-77.6149,39.4702],[-77.6148,39.4702],[-77.6147,39.4701],[-77.6146,39.4701],[-77.6143,39.4699],[-77.6143,39.4698],[-77.6142,39.4698],[-77.6142,39.4697],[-77.6141,39.4697],[-77.6135,39.4692],[-77.6128,39.4686],[-77.6124,39.4683],[-77.6123,39.4683],[-77.6123,39.4682],[-77.6122,39.4682],[-77.6122,39.4681],[-77.6121,39.4681],[-77.612,39.468],[-77.6119,39.468],[-77.6119,39.4679],[-77.6118,39.4678],[-77.6117,39.4678],[-77.6101,39.4686],[-77.6102,39.4692],[-77.6106,39.4694],[-77.61,39.4692],[-77.61,39.4697],[-77.61,39.4702],[-77.6118,39.4697],[-77.6122,39.4699],[-77.6119,39.4711],[-77.6102,39.4713],[-77.6103,39.4724],[-77.6109,39.4722],[-77.6157,39.4741]]],[[[-77.6346,39.4111],[-77.6344,39.4115],[-77.6351,39.4117],[-77.6352,39.4114],[-77.6355,39.4109],[-77.6351,39.4107],[-77.6354,39.4102],[-77.6355,39.4099],[-77.6359,39.41],[-77.6364,39.4088],[-77.6364,39.4087],[-77.6365,39.4086],[-77.6365,39.4085],[-77.6368,39.4078],[-77.6368,39.4077],[-77.6369,39.4075],[-77.637,39.4074],[-77.637,39.4073],[-77.6371,39.4072],[-77.6371,39.4071],[-77.6372,39.4071],[-77.6372,39.407],[-77.6373,39.407],[-77.6374,39.407],[-77.6374,39.4069],[-77.6375,39.4069],[-77.6378,39.4067],[-77.6379,39.4067],[-77.638,39.4066],[-77.6381,39.4066],[-77.6382,39.4065],[-77.6383,39.4065],[-77.6383,39.4064],[-77.6384,39.4064],[-77.6385,39.4064],[-77.6385,39.4063],[-77.6386,39.4063],[-77.6389,39.4061],[-77.6395,39.4057],[-77.6394,39.4057],[-77.6393,39.4057],[-77.6392,39.4057],[-77.6392,39.4056],[-77.6391,39.4056],[-77.639,39.4056],[-77.639,39.4055],[-77.6389,39.4055],[-77.6389,39.4054],[-77.6381,39.4048],[-77.6381,39.4047],[-77.638,39.4047],[-77.638,39.4046],[-77.6379,39.4046],[-77.6379,39.4045],[-77.6379,39.4044],[-77.6377,39.4039],[-77.6377,39.4038],[-77.6377,39.4036],[-77.6376,39.4035],[-77.6376,39.4033],[-77.6376,39.4032],[-77.6375,39.4032],[-77.6375,39.4031],[-77.6371,39.4029],[-77.6371,39.4035],[-77.6372,39.404],[-77.6367,39.4038],[-77.6367,39.404],[-77.6366,39.4058],[-77.6365,39.4058],[-77.6363,39.4057],[-77.6362,39.4056],[-77.6356,39.4053],[-77.6348,39.4045],[-77.6347,39.4045],[-77.634,39.4046],[-77.634,39.4047],[-77.634,39.4048],[-77.634,39.4049],[-77.634,39.405],[-77.634,39.4051],[-77.634,39.4053],[-77.634,39.4054],[-77.634,39.4055],[-77.634,39.4056],[-77.634,39.4057],[-77.634,39.4058],[-77.634,39.4059],[-77.634,39.406],[-77.6341,39.4062],[-77.6341,39.4066],[-77.6343,39.4076],[-77.6343,39.4077],[-77.6343,39.4078],[-77.6343,39.4079],[-77.6343,39.4088],[-77.6343,39.4089],[-77.6342,39.4089],[-77.6342,39.409],[-77.6342,39.4091],[-77.6342,39.4092],[-77.6342,39.4093],[-77.6341,39.4094],[-77.6336,39.4108],[-77.6346,39.4111]]],[[[-77.58,39.5935],[-77.5802,39.5931],[-77.5802,39.593],[-77.5807,39.5919],[-77.5729,39.5892],[-77.5718,39.591],[-77.5723,39.5919],[-77.58,39.5935]]],[[[-77.534,39.6747],[-77.535,39.6724],[-77.5322,39.6716],[-77.5306,39.6712],[-77.5305,39.6712],[-77.5287,39.6735],[-77.5289,39.6736],[-77.534,39.6747]]],[[[-77.6264,39.492],[-77.6261,39.4926],[-77.6262,39.4926],[-77.6277,39.4929],[-77.628,39.4921],[-77.6281,39.4919],[-77.6281,39.4917],[-77.6289,39.4919],[-77.63,39.4921],[-77.6302,39.4921],[-77.6303,39.4921],[-77.6315,39.4924],[-77.6317,39.4924],[-77.6318,39.4924],[-77.633,39.4927],[-77.6336,39.4926],[-77.6335,39.4924],[-77.6335,39.492],[-77.633,39.4918],[-77.6329,39.4917],[-77.6321,39.4912],[-77.632,39.4911],[-77.6337,39.4893],[-77.6331,39.4889],[-77.6329,39.4888],[-77.6326,39.4886],[-77.6324,39.4885],[-77.6323,39.4884],[-77.6315,39.4892],[-77.6309,39.4897],[-77.6308,39.4899],[-77.63,39.4906],[-77.6297,39.4912],[-77.6298,39.4913],[-77.6297,39.4913],[-77.6292,39.4913],[-77.6277,39.4912],[-77.6276,39.4912],[-77.6275,39.4912],[-77.6267,39.4911],[-77.6266,39.4911],[-77.6266,39.4912],[-77.6264,39.492]]],[[[-77.5105,39.7161],[-77.5104,39.7163],[-77.5104,39.7164],[-77.5104,39.7165],[-77.5103,39.7166],[-77.5103,39.7168],[-77.5102,39.7169],[-77.5101,39.717],[-77.51,39.7172],[-77.5099,39.7173],[-77.5098,39.7174],[-77.5097,39.7175],[-77.5096,39.7176],[-77.5094,39.7185],[-77.5091,39.72],[-77.5116,39.72],[-77.5124,39.72],[-77.5127,39.7185],[-77.5135,39.716],[-77.5131,39.716],[-77.5122,39.716],[-77.512,39.716],[-77.5105,39.716],[-77.5105,39.7161]]],[[[-77.5248,39.6724],[-77.525,39.6725],[-77.5252,39.6727],[-77.5253,39.6727],[-77.5255,39.6728],[-77.5259,39.673],[-77.5265,39.6727],[-77.5266,39.6727],[-77.5272,39.6723],[-77.53,39.6708],[-77.5272,39.6696],[-77.5262,39.6706],[-77.526,39.6708],[-77.5256,39.6713],[-77.5254,39.6708],[-77.5253,39.6706],[-77.5253,39.6705],[-77.5252,39.6704],[-77.5245,39.6714],[-77.5245,39.6723],[-77.5248,39.6724]]],[[[-77.5867,39.5982],[-77.5875,39.5983],[-77.5876,39.5984],[-77.5876,39.5975],[-77.5876,39.5974],[-77.5878,39.5972],[-77.588,39.5964],[-77.588,39.5962],[-77.5874,39.5961],[-77.5845,39.5955],[-77.5841,39.5963],[-77.5837,39.5962],[-77.5832,39.5973],[-77.5836,39.5974],[-77.5867,39.5982]]],[[[-77.6023,39.5848],[-77.5986,39.5841],[-77.5986,39.5847],[-77.5985,39.5862],[-77.6023,39.5869],[-77.6023,39.5855],[-77.6023,39.5848]]],[[[-77.6232,39.4985],[-77.6241,39.4978],[-77.6246,39.498],[-77.625,39.4973],[-77.6255,39.4967],[-77.6254,39.496],[-77.6245,39.496],[-77.6245,39.4954],[-77.6245,39.4953],[-77.6245,39.4951],[-77.6244,39.4951],[-77.6242,39.4952],[-77.6232,39.4957],[-77.6227,39.496],[-77.6227,39.4963],[-77.6225,39.4974],[-77.6214,39.4971],[-77.6214,39.4972],[-77.6218,39.4976],[-77.6221,39.498],[-77.6232,39.4985]]],[[[-77.6084,39.4773],[-77.6083,39.4773],[-77.6079,39.4779],[-77.6069,39.4772],[-77.6077,39.4767],[-77.6078,39.4766],[-77.6077,39.4766],[-77.6077,39.4765],[-77.6076,39.4765],[-77.6076,39.4764],[-77.6075,39.4764],[-77.6075,39.4763],[-77.6074,39.4763],[-77.6073,39.4762],[-77.6072,39.4761],[-77.6071,39.4761],[-77.607,39.476],[-77.6069,39.476],[-77.6069,39.4759],[-77.6069,39.476],[-77.6068,39.476],[-77.6065,39.4762],[-77.6055,39.476],[-77.6042,39.4769],[-77.6072,39.4792],[-77.6084,39.4773]]],[[[-77.6447,39.4129],[-77.6419,39.4129],[-77.6419,39.4132],[-77.6419,39.4134],[-77.6419,39.4175],[-77.6426,39.4176],[-77.6426,39.4166],[-77.6426,39.4164],[-77.6426,39.4151],[-77.6426,39.4149],[-77.6426,39.4144],[-77.6426,39.4143],[-77.6426,39.414],[-77.6451,39.4139],[-77.6454,39.4139],[-77.645,39.4129],[-77.6447,39.4129]]],[[[-77.5828,39.5991],[-77.5828,39.5993],[-77.5869,39.6005],[-77.5878,39.6008],[-77.588,39.6009],[-77.5879,39.6004],[-77.5878,39.6],[-77.5877,39.5995],[-77.5874,39.5994],[-77.5866,39.5992],[-77.5832,39.5984],[-77.5828,39.5991]]],[[[-77.6124,39.5647],[-77.6125,39.5641],[-77.6125,39.5638],[-77.6104,39.5625],[-77.6102,39.5624],[-77.6101,39.5624],[-77.6083,39.5624],[-77.6113,39.5646],[-77.6121,39.5655],[-77.6124,39.5647]]],[[[-77.6117,39.5544],[-77.6119,39.5547],[-77.614,39.5549],[-77.6141,39.5547],[-77.6143,39.5538],[-77.6144,39.5533],[-77.6108,39.5531],[-77.6112,39.5536],[-77.6113,39.5538],[-77.6117,39.5544]]],[[[-77.5296,39.6644],[-77.5295,39.6646],[-77.5289,39.6654],[-77.5287,39.6657],[-77.5285,39.6661],[-77.5303,39.6673],[-77.5311,39.6656],[-77.5298,39.6643],[-77.5296,39.6644]]],[[[-77.6097,39.484],[-77.6095,39.4844],[-77.6097,39.4845],[-77.6097,39.4844],[-77.6098,39.4844],[-77.6098,39.4843],[-77.6099,39.4833],[-77.6105,39.4823],[-77.6107,39.4819],[-77.6111,39.4808],[-77.6105,39.4805],[-77.6101,39.4816],[-77.6097,39.4814],[-77.6089,39.4826],[-77.6096,39.4829],[-77.6097,39.484]]],[[[-77.6,39.4875],[-77.6,39.4876],[-77.6001,39.4876],[-77.6002,39.4876],[-77.6002,39.4877],[-77.6003,39.4877],[-77.6004,39.4877],[-77.6005,39.4877],[-77.6006,39.4877],[-77.6006,39.4878],[-77.6007,39.4878],[-77.6008,39.4878],[-77.6009,39.4878],[-77.601,39.4878],[-77.6015,39.4878],[-77.602,39.4875],[-77.6012,39.4868],[-77.5997,39.4861],[-77.5993,39.4872],[-77.5999,39.4875],[-77.6,39.4875]]],[[[-77.6277,39.493],[-77.6276,39.4933],[-77.6276,39.4934],[-77.633,39.4945],[-77.633,39.4941],[-77.6296,39.4934],[-77.6277,39.493]]],[[[-77.5989,39.5787],[-77.5989,39.5788],[-77.6008,39.5793],[-77.6012,39.5784],[-77.6009,39.5783],[-77.5993,39.5778],[-77.5989,39.5787]]],[[[-77.6194,39.4869],[-77.6194,39.487],[-77.6194,39.4871],[-77.6193,39.4876],[-77.6193,39.4881],[-77.6193,39.4887],[-77.6192,39.4894],[-77.6192,39.4898],[-77.6205,39.4897],[-77.62,39.4885],[-77.6195,39.4868],[-77.6194,39.4868],[-77.6194,39.4869]]],[[[-77.5128,39.7133],[-77.5132,39.7141],[-77.5142,39.7145],[-77.5147,39.7147],[-77.5144,39.7141],[-77.5141,39.7133],[-77.5139,39.7133],[-77.5138,39.7133],[-77.5136,39.7133],[-77.5135,39.7133],[-77.5133,39.7133],[-77.5132,39.7133],[-77.513,39.7133],[-77.5128,39.7133]]],[[[-77.6309,39.5041],[-77.63,39.5041],[-77.63,39.5042],[-77.6299,39.5044],[-77.6299,39.5046],[-77.6298,39.5048],[-77.6298,39.505],[-77.6297,39.5051],[-77.6297,39.5052],[-77.6296,39.5056],[-77.6307,39.5052],[-77.6309,39.5051],[-77.6309,39.5041]]],[[[-77.6032,39.584],[-77.603,39.5838],[-77.6027,39.5836],[-77.6028,39.5836],[-77.6034,39.583],[-77.6035,39.5829],[-77.6037,39.5827],[-77.6032,39.5828],[-77.6023,39.5829],[-77.6023,39.5848],[-77.6032,39.584]]],[[[-77.5415,39.6336],[-77.5414,39.6337],[-77.5418,39.6338],[-77.5419,39.6336],[-77.5424,39.6327],[-77.543,39.6316],[-77.5426,39.6314],[-77.5415,39.6336]]],[[[-77.5701,39.5951],[-77.5701,39.5952],[-77.5698,39.5962],[-77.5698,39.5963],[-77.5702,39.5964],[-77.5702,39.5963],[-77.5703,39.596],[-77.5704,39.5959],[-77.5705,39.5952],[-77.5705,39.5951],[-77.5705,39.595],[-77.5706,39.5946],[-77.5706,39.5945],[-77.5706,39.5944],[-77.5706,39.5942],[-77.5707,39.5942],[-77.5707,39.5941],[-77.5707,39.5938],[-77.5707,39.5937],[-77.5707,39.5936],[-77.5707,39.5935],[-77.5707,39.5933],[-77.5701,39.5951]]],[[[-77.6117,39.4648],[-77.6101,39.4646],[-77.6099,39.4646],[-77.6095,39.4646],[-77.6091,39.4646],[-77.6091,39.4647],[-77.6092,39.4647],[-77.6092,39.4648],[-77.6093,39.4648],[-77.6093,39.4649],[-77.6094,39.4649],[-77.6094,39.465],[-77.6095,39.465],[-77.6095,39.4651],[-77.6103,39.4648],[-77.6105,39.4651],[-77.6109,39.4649],[-77.6115,39.4652],[-77.6117,39.4648]]],[[[-77.5488,39.6412],[-77.5488,39.6416],[-77.5498,39.6418],[-77.5497,39.6416],[-77.5497,39.6414],[-77.5496,39.6412],[-77.5488,39.6411],[-77.5488,39.6412]]],[[[-77.5316,39.6968],[-77.5316,39.6962],[-77.5313,39.6968],[-77.5316,39.6968]]]]}},{"type":"Feature","properties":{"name":"Appalachian National Scenic Trail","Location":"National Park"},"geometry":{"type":"Polygon","coordinates":[[[-77.5422,39.6392],[-77.5426,39.6389],[-77.5428,39.6387],[-77.5432,39.6384],[-77.5423,39.6382],[-77.5429,39.6371],[-77.5423,39.6371],[-77.5416,39.6371],[-77.541,39.6371],[-77.5405,39.6371],[-77.5403,39.6371],[-77.5401,39.6371],[-77.5399,39.6371],[-77.5397,39.6371],[-77.5396,39.6371],[-77.537,39.6393],[-77.54,39.6408],[-77.5418,39.6395],[-77.5422,39.6392]]]}},{"type":"Feature","properties":{"name":"Appalachian National Scenic Trail","Location":"National Park"},"geometry":{"type":"Polygon","coordinates":[[[-77.5938,39.5576],[-77.5937,39.5576],[-77.5913,39.5581],[-77.5913,39.5599],[-77.5932,39.5598],[-77.5937,39.5603],[-77.5937,39.56],[-77.5938,39.5576]]]}},{"type":"Feature","properties":{"name":"Appalachian National Scenic Trail","Location":"National Park"},"geometry":{"type":"Polygon","coordinates":[[[-77.6147,39.528],[-77.6148,39.528],[-77.6149,39.5279],[-77.6151,39.5276],[-77.6153,39.5273],[-77.6149,39.5272],[-77.6137,39.527],[-77.6136,39.527],[-77.6145,39.528],[-77.6146,39.528],[-77.6147,39.528]]]}},{"type":"Feature","properties":{"name":"Appalachian National Scenic Trail","Location":"National Park"},"geometry":{"type":"Polygon","coordinates":[[[-77.5848,39.5723],[-77.5807,39.5717],[-77.5807,39.5725],[-77.5846,39.5735],[-77.5848,39.5723]]]}},{"type":"Feature","properties":{"name":"Appalachian National Scenic Trail","Location":"National Park"},"geometry":{"type":"Polygon","coordinates":[[[-77.5969,39.5418],[-77.5942,39.5413],[-77.5941,39.5426],[-77.5942,39.5426],[-77.5968,39.5432],[-77.5969,39.5418]]]}},{"type":"Feature","properties":{"name":"Appalachian National Scenic Trail","Location":"National Park"},"geometry":{"type":"Polygon","coordinates":[[[-77.6337,39.4173],[-77.6336,39.4179],[-77.6366,39.4181],[-77.6373,39.4171],[-77.6376,39.4166],[-77.6378,39.4162],[-77.6379,39.416],[-77.6381,39.4158],[-77.6378,39.4145],[-77.6361,39.4139],[-77.6355,39.4136],[-77.6359,39.4126],[-77.6355,39.4125],[-77.6353,39.413],[-77.6349,39.4129],[-77.6347,39.4128],[-77.6345,39.4125],[-77.6344,39.4125],[-77.6343,39.4125],[-77.6342,39.4125],[-77.6348,39.413],[-77.6348,39.4131],[-77.6353,39.4132],[-77.6353,39.4135],[-77.6349,39.4134],[-77.6347,39.4134],[-77.6347,39.4138],[-77.6349,39.4145],[-77.6353,39.4147],[-77.6347,39.4158],[-77.6346,39.4157],[-77.6343,39.4164],[-77.6339,39.4163],[-77.6337,39.4173]]]}},{"type":"Feature","properties":{"name":"Appalachian National Scenic Trail","Location":"National Park"},"geometry":{"type":"Polygon","coordinates":[[[-77.6218,39.4807],[-77.6217,39.4806],[-77.6216,39.4803],[-77.6216,39.4799],[-77.6215,39.4796],[-77.6214,39.4793],[-77.6214,39.479],[-77.6213,39.479],[-77.6211,39.479],[-77.6204,39.4791],[-77.6201,39.4792],[-77.6202,39.4801],[-77.6206,39.4801],[-77.6209,39.4801],[-77.6209,39.4805],[-77.6218,39.4807]]]}},{"type":"Feature","properties":{"name":"Appalachian National Scenic Trail","Location":"National Park"},"geometry":{"type":"Polygon","coordinates":[[[-77.6401,39.3944],[-77.6401,39.3945],[-77.64,39.3948],[-77.64,39.3951],[-77.6427,39.3956],[-77.6429,39.3956],[-77.6427,39.3958],[-77.6423,39.3966],[-77.6428,39.3967],[-77.6429,39.3967],[-77.6436,39.3968],[-77.6442,39.3959],[-77.6443,39.3954],[-77.6444,39.3949],[-77.6441,39.3948],[-77.6443,39.3943],[-77.6446,39.3939],[-77.6442,39.3938],[-77.6412,39.3932],[-77.6411,39.3936],[-77.641,39.3942],[-77.6402,39.394],[-77.6401,39.3944]]]}},{"type":"Feature","properties":{"name":"Appalachian National Scenic Trail","Location":"National Park"},"geometry":{"type":"Polygon","coordinates":[[[-77.5582,39.6327],[-77.5583,39.6325],[-77.5583,39.6323],[-77.5584,39.6322],[-77.5584,39.632],[-77.5585,39.6317],[-77.5586,39.6314],[-77.5586,39.6313],[-77.5564,39.6311],[-77.5561,39.6319],[-77.5582,39.6327]]]}},{"type":"Feature","properties":{"name":"Appalachian National Scenic Trail","Location":"National Park"},"geometry":{"type":"Polygon","coordinates":[[[-77.6524,39.3811],[-77.6516,39.3826],[-77.6514,39.3832],[-77.6512,39.3835],[-77.6511,39.3838],[-77.6512,39.3838],[-77.6517,39.3839],[-77.6519,39.384],[-77.652,39.384],[-77.6523,39.3834],[-77.6536,39.3811],[-77.6541,39.3802],[-77.6539,39.3802],[-77.6537,39.3801],[-77.6536,39.3801],[-77.6533,39.38],[-77.6531,39.3799],[-77.653,39.3799],[-77.6524,39.3811]]]}},{"type":"Feature","properties":{"name":"Appalachian National Scenic Trail","Location":"National Park"},"geometry":{"type":"Polygon","coordinates":[[[-77.6448,39.3971],[-77.6448,39.3974],[-77.6448,39.3976],[-77.6448,39.3977],[-77.6449,39.3977],[-77.647,39.3981],[-77.6471,39.3982],[-77.648,39.3983],[-77.6481,39.3982],[-77.6482,39.3979],[-77.6483,39.3976],[-77.6449,39.3968],[-77.6448,39.3968],[-77.6448,39.3971]]]}},{"type":"Feature","properties":{"name":"Appalachian National Scenic Trail","Location":"National Park"},"geometry":{"type":"Polygon","coordinates":[[[-77.5128,39.7133],[-77.5127,39.7133],[-77.5125,39.7134],[-77.5124,39.7134],[-77.5123,39.7135],[-77.5121,39.7135],[-77.512,39.7136],[-77.5119,39.7136],[-77.5118,39.7137],[-77.5117,39.7137],[-77.5116,39.7138],[-77.5115,39.7139],[-77.5114,39.7139],[-77.5113,39.714],[-77.5112,39.7141],[-77.5111,39.7142],[-77.5111,39.7143],[-77.511,39.7144],[-77.5109,39.7145],[-77.5109,39.7146],[-77.5108,39.7147],[-77.5107,39.7147],[-77.5107,39.7149],[-77.5106,39.715],[-77.5106,39.7151],[-77.5106,39.7152],[-77.5105,39.7153],[-77.5105,39.7155],[-77.5105,39.7156],[-77.5111,39.7152],[-77.5132,39.7142],[-77.5132,39.7141],[-77.5128,39.7133]]]}},{"type":"Feature","properties":{"name":"Appalachian National Scenic Trail","Location":"National Park"},"geometry":{"type":"Polygon","coordinates":[[[-77.6152,39.4703],[-77.6153,39.4703],[-77.6153,39.4704],[-77.6154,39.4704],[-77.6155,39.4704],[-77.6163,39.4706],[-77.6167,39.4698],[-77.6167,39.4697],[-77.6168,39.4692],[-77.6167,39.4691],[-77.6166,39.4691],[-77.6155,39.4691],[-77.6151,39.4689],[-77.6143,39.4697],[-77.6152,39.4703]]]}},{"type":"Feature","properties":{"name":"Appalachian National Scenic Trail","Location":"National Park"},"geometry":{"type":"Polygon","coordinates":[[[-77.6199,39.4852],[-77.6195,39.4851],[-77.6199,39.4846],[-77.6198,39.4846],[-77.6197,39.4845],[-77.6196,39.4845],[-77.6195,39.4844],[-77.6194,39.4844],[-77.6193,39.4843],[-77.619,39.4847],[-77.6188,39.4846],[-77.619,39.4842],[-77.6189,39.4842],[-77.6188,39.4842],[-77.6188,39.4841],[-77.6187,39.4841],[-77.6186,39.4841],[-77.6185,39.4841],[-77.6184,39.484],[-77.6183,39.484],[-77.6182,39.484],[-77.6182,39.4841],[-77.6181,39.4841],[-77.6181,39.4842],[-77.618,39.4842],[-77.6177,39.4843],[-77.6176,39.4843],[-77.6175,39.4843],[-77.6174,39.4844],[-77.6173,39.4844],[-77.6172,39.4845],[-77.6171,39.4845],[-77.6171,39.4846],[-77.617,39.4846],[-77.6169,39.4847],[-77.6168,39.4848],[-77.6167,39.4849],[-77.6166,39.485],[-77.6166,39.4851],[-77.6165,39.4851],[-77.6165,39.4852],[-77.6164,39.4852],[-77.6163,39.4852],[-77.6163,39.4853],[-77.6162,39.4853],[-77.6161,39.4853],[-77.616,39.4853],[-77.6159,39.4853],[-77.6158,39.4853],[-77.6157,39.4853],[-77.6177,39.4862],[-77.6182,39.4857],[-77.6196,39.486],[-77.6199,39.4853],[-77.6199,39.4852]]]}},{"type":"Feature","properties":{"name":"Appalachian National Scenic Trail","Location":"National Park"},"geometry":{"type":"Polygon","coordinates":[[[-77.5823,39.6003],[-77.5824,39.6002],[-77.5828,39.5993],[-77.5786,39.5991],[-77.5785,39.5998],[-77.5786,39.6005],[-77.5818,39.6015],[-77.5823,39.6003]]]}},{"type":"Feature","properties":{"name":"Appalachian National Scenic Trail","Location":"National Park"},"geometry":{"type":"Polygon","coordinates":[[[-77.5986,39.5477],[-77.5991,39.5478],[-77.5988,39.5471],[-77.5988,39.5469],[-77.6022,39.5473],[-77.6022,39.5456],[-77.6037,39.5469],[-77.6058,39.5446],[-77.6059,39.5446],[-77.606,39.5444],[-77.6054,39.5444],[-77.6006,39.5443],[-77.6006,39.5438],[-77.6004,39.5431],[-77.598,39.5438],[-77.5975,39.5436],[-77.5974,39.5436],[-77.5967,39.5434],[-77.5965,39.5466],[-77.5971,39.5469],[-77.5973,39.547],[-77.5974,39.5471],[-77.5982,39.5475],[-77.5986,39.5477]]]}},{"type":"Feature","properties":{"name":"Appalachian National Scenic Trail","Location":"National Park"},"geometry":{"type":"Polygon","coordinates":[[[-77.6157,39.4741],[-77.6174,39.4747],[-77.617,39.4734],[-77.6179,39.4733],[-77.6186,39.4726],[-77.6181,39.4707],[-77.618,39.4707],[-77.6179,39.4707],[-77.6178,39.4707],[-77.6177,39.4707],[-77.6176,39.4707],[-77.6175,39.4707],[-77.6174,39.4707],[-77.6173,39.4707],[-77.6172,39.4707],[-77.6171,39.4707],[-77.617,39.4707],[-77.6169,39.4707],[-77.6169,39.4708],[-77.6168,39.4708],[-77.6167,39.4708],[-77.6166,39.4708],[-77.6165,39.4708],[-77.6164,39.4708],[-77.6163,39.4708],[-77.6162,39.4708],[-77.6162,39.4707],[-77.6161,39.4707],[-77.6157,39.4741]]]}},{"type":"Feature","properties":{"name":"Appalachian National Scenic Trail","Location":"National Park"},"geometry":{"type":"Polygon","coordinates":[[[-77.5128,39.6966],[-77.513,39.6965],[-77.5133,39.6964],[-77.5134,39.6964],[-77.5134,39.6963],[-77.5135,39.6963],[-77.5136,39.6963],[-77.5137,39.6963],[-77.5138,39.6963],[-77.5137,39.6958],[-77.5131,39.6959],[-77.5127,39.6958],[-77.5126,39.6957],[-77.5124,39.696],[-77.5123,39.6961],[-77.5122,39.6962],[-77.5122,39.6963],[-77.5123,39.6963],[-77.5127,39.6966],[-77.5128,39.6966]]]}},{"type":"Feature","properties":{"name":"Appalachian National Scenic Trail","Location":"National Park"},"geometry":{"type":"Polygon","coordinates":[[[-77.6431,39.3895],[-77.643,39.3898],[-77.6431,39.3898],[-77.6431,39.3897],[-77.6432,39.3897],[-77.6432,39.3896],[-77.6433,39.3896],[-77.6435,39.3894],[-77.6437,39.3892],[-77.6432,39.3891],[-77.6431,39.3895]]]}},{"type":"Feature","properties":{"name":"Appalachian National Scenic Trail","Location":"National Park"},"geometry":{"type":"Polygon","coordinates":[[[-77.5089,39.7183],[-77.5072,39.7199],[-77.5071,39.72],[-77.507,39.72],[-77.509,39.72],[-77.5091,39.72],[-77.5094,39.7185],[-77.5096,39.7176],[-77.5089,39.7183]]]}},{"type":"Feature","properties":{"name":"Appalachian National Scenic Trail","Location":"National Park"},"geometry":{"type":"Polygon","coordinates":[[[-77.5401,39.6334],[-77.5399,39.6357],[-77.5399,39.637],[-77.5401,39.637],[-77.5403,39.637],[-77.5405,39.637],[-77.541,39.637],[-77.5416,39.637],[-77.5423,39.637],[-77.5433,39.637],[-77.5436,39.637],[-77.5437,39.637],[-77.5437,39.6369],[-77.5438,39.6366],[-77.5441,39.6357],[-77.5443,39.6347],[-77.5422,39.6339],[-77.5418,39.6338],[-77.5414,39.6337],[-77.5411,39.6335],[-77.5401,39.6331],[-77.5401,39.6334]]]}},{"type":"Feature","properties":{"name":"Appalachian National Scenic Trail","Location":"National Park"},"geometry":{"type":"Polygon","coordinates":[[[-77.6457,39.3854],[-77.6457,39.3855],[-77.6455,39.3859],[-77.6456,39.3859],[-77.6458,39.386],[-77.6462,39.3853],[-77.6463,39.3852],[-77.6458,39.3851],[-77.6457,39.3854]]]}},{"type":"Feature","properties":{"name":"Brunswick Crossing Community Park","Location":"Neighborhood Park"},"geometry":{"type":"MultiPolygon","coordinates":[[[[-77.6297,39.326],[-77.6296,39.326],[-77.6299,39.3263],[-77.6298,39.3263],[-77.6298,39.3264],[-77.6297,39.3264],[-77.63,39.3267],[-77.6301,39.3266],[-77.6301,39.3265],[-77.63,39.3264],[-77.63,39.3263],[-77.6298,39.3259],[-77.6297,39.326]]],[[[-77.6293,39.3258],[-77.6295,39.3259],[-77.6296,39.3258],[-77.6298,39.3258],[-77.6299,39.3257],[-77.6298,39.3257],[-77.6296,39.3255],[-77.6293,39.3258]]]]}},{"type":"Feature","properties":{"name":"Brunswick Crossing Passive Park","Location":"Neighborhood Park"},"geometry":{"type":"Polygon","coordinates":[[[-77.6418,39.3358],[-77.6413,39.3354],[-77.6412,39.3354],[-77.641,39.3356],[-77.6417,39.336],[-77.6419,39.3359],[-77.6418,39.3358]]]}},{"type":"Feature","properties":{"name":"B&O RR Park","Location":"Community Park"},"geometry":{"type":"Polygon","coordinates":[[[-77.6258,39.3121],[-77.6259,39.312],[-77.626,39.3122],[-77.6261,39.3122],[-77.6261,39.3121],[-77.6262,39.312],[-77.6263,39.3119],[-77.6264,39.3119],[-77.6265,39.3119],[-77.6271,39.312],[-77.6265,39.3119],[-77.6262,39.3118],[-77.6254,39.3117],[-77.6253,39.312],[-77.6256,39.3121],[-77.6257,39.3121],[-77.6258,39.3121]]]}},{"type":"Feature","properties":{"name":"Second Ave Basketball Ct","Location":"Community Park"},"geometry":{"type":"Polygon","coordinates":[[[-77.6178,39.3238],[-77.6179,39.3238],[-77.6181,39.3235],[-77.618,39.3235],[-77.6179,39.3235],[-77.6178,39.3237],[-77.6178,39.3238]]]}},{"type":"Feature","properties":{"name":"Mini Boulder Park","Location":"Community Park"},"geometry":{"type":"Polygon","coordinates":[[[-77.6271,39.3126],[-77.6272,39.3126],[-77.6272,39.3127],[-77.6273,39.3127],[-77.6274,39.3127],[-77.6275,39.3126],[-77.6271,39.3125],[-77.6271,39.3126]]]}},{"type":"Feature","properties":{"name":"Parkland","Location":"Pocket Park"},"geometry":{"type":"Polygon","coordinates":[[[-77.4113,39.4305],[-77.4114,39.4307],[-77.4116,39.4306],[-77.4116,39.4305],[-77.4114,39.4304],[-77.4113,39.4305]]]}},{"type":"Feature","properties":{"name":"Wormans Mill Park North","Location":"Community Park"},"geometry":{"type":"Polygon","coordinates":[[[-77.3862,39.4619],[-77.386,39.462],[-77.3861,39.4617],[-77.3862,39.4616],[-77.386,39.4615],[-77.3855,39.4623],[-77.3852,39.4622],[-77.3847,39.4622],[-77.3847,39.4621],[-77.3846,39.4621],[-77.3844,39.4621],[-77.3843,39.4621],[-77.3841,39.4621],[-77.384,39.4621],[-77.3838,39.4621],[-77.3836,39.4621],[-77.3835,39.4621],[-77.3833,39.4621],[-77.3832,39.4621],[-77.3829,39.4621],[-77.3829,39.4622],[-77.3827,39.4622],[-77.3825,39.4621],[-77.3823,39.462],[-77.382,39.4621],[-77.3819,39.462],[-77.3817,39.4618],[-77.3814,39.4619],[-77.3812,39.4618],[-77.3811,39.4616],[-77.3816,39.4611],[-77.3815,39.4611],[-77.3814,39.461],[-77.3813,39.461],[-77.3812,39.461],[-77.3811,39.4612],[-77.3809,39.4612],[-77.3808,39.4612],[-77.3807,39.4612],[-77.3805,39.4612],[-77.3804,39.4612],[-77.3803,39.4611],[-77.3802,39.4611],[-77.3801,39.461],[-77.3799,39.461],[-77.3798,39.4609],[-77.3797,39.4609],[-77.3796,39.4608],[-77.3793,39.461],[-77.3792,39.461],[-77.3791,39.461],[-77.379,39.461],[-77.3788,39.4609],[-77.3787,39.4619],[-77.3793,39.4621],[-77.3806,39.4623],[-77.382,39.4622],[-77.3829,39.4622],[-77.3846,39.4623],[-77.3847,39.4623],[-77.3855,39.4623],[-77.3924,39.4649],[-77.3923,39.4647],[-77.3923,39.4646],[-77.3922,39.4646],[-77.392,39.4645],[-77.3918,39.4645],[-77.3917,39.4646],[-77.3915,39.4645],[-77.3913,39.4643],[-77.3914,39.4643],[-77.3913,39.4642],[-77.3912,39.4642],[-77.3912,39.4641],[-77.3911,39.4642],[-77.3909,39.4641],[-77.3906,39.464],[-77.3903,39.4638],[-77.39,39.4637],[-77.3897,39.4636],[-77.3894,39.4634],[-77.3891,39.4632],[-77.3884,39.4628],[-77.3882,39.4628],[-77.3881,39.4627],[-77.388,39.4626],[-77.3878,39.4625],[-77.3877,39.4624],[-77.3876,39.4623],[-77.3875,39.4622],[-77.3874,39.4622],[-77.3874,39.4621],[-77.3873,39.4621],[-77.3871,39.462],[-77.387,39.462],[-77.3869,39.462],[-77.3867,39.4619],[-77.3865,39.462],[-77.3864,39.462],[-77.3862,39.4619]]]}},{"type":"Feature","properties":{"name":"Parkland","Location":"Community Park"},"geometry":{"type":"Polygon","coordinates":[[[-77.4624,39.4224],[-77.46,39.4223],[-77.4599,39.4227],[-77.461,39.4228],[-77.462,39.4228],[-77.4634,39.4231],[-77.4639,39.4232],[-77.4652,39.4235],[-77.4657,39.4228],[-77.4658,39.4227],[-77.4655,39.4224],[-77.4652,39.4223],[-77.4649,39.4222],[-77.4651,39.4217],[-77.4649,39.4216],[-77.4648,39.4221],[-77.4642,39.422],[-77.4641,39.4221],[-77.464,39.4228],[-77.4624,39.4224]]]}},{"type":"Feature","properties":{"name":"Free Medwid Park","Location":"Neighborhood Park"},"geometry":{"type":"MultiPolygon","coordinates":[[[[-77.4392,39.4402],[-77.4389,39.4409],[-77.439,39.4409],[-77.439,39.441],[-77.4391,39.441],[-77.4391,39.4411],[-77.4392,39.4411],[-77.4392,39.441],[-77.4392,39.4409],[-77.4392,39.4408],[-77.4392,39.4407],[-77.4398,39.4405],[-77.4396,39.4399],[-77.4391,39.4399],[-77.4392,39.4402]]],[[[-77.4388,39.4411],[-77.4387,39.4412],[-77.4387,39.4414],[-77.4391,39.4414],[-77.4391,39.4413],[-77.439,39.4413],[-77.439,39.4412],[-77.4389,39.4411],[-77.4388,39.4411]]]]}},{"type":"Feature","properties":{"name":"Wormans Mill Park South","Location":"Community Park"},"geometry":{"type":"MultiPolygon","coordinates":[[[[-77.3838,39.4587],[-77.3839,39.4588],[-77.3839,39.4589],[-77.384,39.4589],[-77.3842,39.459],[-77.3843,39.459],[-77.3844,39.459],[-77.3846,39.459],[-77.3848,39.459],[-77.3849,39.459],[-77.3851,39.459],[-77.3853,39.459],[-77.3854,39.4589],[-77.3855,39.4588],[-77.3856,39.4587],[-77.3857,39.4587],[-77.3859,39.4587],[-77.386,39.4587],[-77.3862,39.4587],[-77.3863,39.4587],[-77.3864,39.4587],[-77.3866,39.4587],[-77.387,39.4587],[-77.3876,39.4586],[-77.3878,39.4583],[-77.3875,39.4582],[-77.3869,39.4579],[-77.3867,39.4578],[-77.3864,39.4577],[-77.3859,39.4575],[-77.3853,39.4574],[-77.385,39.4574],[-77.3849,39.4573],[-77.3844,39.4572],[-77.3841,39.4572],[-77.3839,39.4572],[-77.3838,39.4571],[-77.3837,39.4571],[-77.3836,39.457],[-77.3835,39.4569],[-77.3834,39.457],[-77.3833,39.457],[-77.3832,39.4571],[-77.3829,39.4571],[-77.3826,39.4571],[-77.3822,39.4571],[-77.3819,39.4571],[-77.3816,39.4571],[-77.3813,39.457],[-77.3809,39.457],[-77.3806,39.4569],[-77.3804,39.4569],[-77.3801,39.4568],[-77.3798,39.4567],[-77.3793,39.4566],[-77.3789,39.4566],[-77.3793,39.4569],[-77.3791,39.4581],[-77.3793,39.4581],[-77.3794,39.4581],[-77.3795,39.4581],[-77.3796,39.4582],[-77.3797,39.4582],[-77.3799,39.4582],[-77.38,39.4582],[-77.3802,39.4582],[-77.3803,39.4583],[-77.3805,39.4583],[-77.3805,39.4584],[-77.3806,39.4584],[-77.3807,39.4587],[-77.3808,39.4587],[-77.381,39.4587],[-77.3811,39.4587],[-77.3812,39.4587],[-77.3813,39.4587],[-77.3814,39.4587],[-77.3817,39.4587],[-77.3816,39.459],[-77.3819,39.459],[-77.3819,39.4587],[-77.3821,39.4587],[-77.3822,39.4587],[-77.3824,39.4586],[-77.3826,39.4586],[-77.3828,39.4586],[-77.3829,39.4586],[-77.383,39.4586],[-77.3832,39.4587],[-77.3834,39.4587],[-77.3835,39.4587],[-77.3837,39.4587],[-77.3838,39.4587]]],[[[-77.3935,39.4635],[-77.3945,39.4617],[-77.3928,39.4599],[-77.3919,39.4595],[-77.3908,39.459],[-77.3905,39.4589],[-77.3896,39.4585],[-77.3882,39.4585],[-77.388,39.4584],[-77.3879,39.4584],[-77.3877,39.4586],[-77.3879,39.4589],[-77.3882,39.4591],[-77.3882,39.4592],[-77.3883,39.4593],[-77.3884,39.4593],[-77.3886,39.4594],[-77.3887,39.4595],[-77.3888,39.4595],[-77.389,39.4596],[-77.3891,39.4596],[-77.3892,39.4597],[-77.3894,39.4598],[-77.3895,39.4598],[-77.3896,39.4599],[-77.3897,39.4599],[-77.3899,39.46],[-77.3901,39.4601],[-77.3902,39.4602],[-77.3903,39.4602],[-77.3904,39.4603],[-77.3905,39.4603],[-77.3905,39.4604],[-77.3906,39.4604],[-77.3905,39.4609],[-77.3908,39.4611],[-77.391,39.4612],[-77.3912,39.4613],[-77.3915,39.4614],[-77.3917,39.4615],[-77.3918,39.4615],[-77.392,39.4616],[-77.3922,39.4617],[-77.3922,39.4618],[-77.3922,39.4619],[-77.3923,39.4621],[-77.3924,39.4625],[-77.3925,39.4626],[-77.3927,39.4627],[-77.3929,39.4629],[-77.393,39.4631],[-77.3933,39.4633],[-77.3935,39.4635]]]]}},{"type":"Feature","properties":{"name":"Parkland","Location":"Community Park"},"geometry":{"type":"Polygon","coordinates":[[[-77.4048,39.468],[-77.4061,39.4685],[-77.4068,39.4689],[-77.4079,39.4695],[-77.408,39.4698],[-77.4083,39.4698],[-77.4083,39.4696],[-77.4084,39.4696],[-77.4084,39.4693],[-77.4083,39.4691],[-77.4083,39.469],[-77.4081,39.4689],[-77.4081,39.469],[-77.408,39.469],[-77.408,39.4689],[-77.408,39.4688],[-77.4079,39.4689],[-77.4078,39.4689],[-77.4077,39.4689],[-77.4077,39.4688],[-77.4077,39.4687],[-77.4078,39.4687],[-77.4081,39.4684],[-77.4081,39.4683],[-77.408,39.4682],[-77.4081,39.4682],[-77.4081,39.4683],[-77.4081,39.4682],[-77.408,39.468],[-77.408,39.4679],[-77.4079,39.4678],[-77.4079,39.4677],[-77.4078,39.4676],[-77.4077,39.4675],[-77.4075,39.4673],[-77.4074,39.4673],[-77.4073,39.4673],[-77.4071,39.4673],[-77.407,39.4673],[-77.407,39.4674],[-77.4069,39.4675],[-77.4068,39.4675],[-77.4068,39.4676],[-77.4067,39.4676],[-77.4066,39.4676],[-77.4065,39.4676],[-77.4064,39.4677],[-77.4063,39.4677],[-77.4062,39.4677],[-77.4061,39.4677],[-77.406,39.4677],[-77.4059,39.4676],[-77.4057,39.4676],[-77.4056,39.4676],[-77.4056,39.4675],[-77.4063,39.4673],[-77.4062,39.4672],[-77.4061,39.4671],[-77.406,39.467],[-77.406,39.4669],[-77.4059,39.4669],[-77.4058,39.4668],[-77.4058,39.4667],[-77.4057,39.4666],[-77.4056,39.4665],[-77.4054,39.4664],[-77.4047,39.4659],[-77.4045,39.4657],[-77.4047,39.4656],[-77.4047,39.4655],[-77.405,39.4654],[-77.406,39.4651],[-77.4061,39.4651],[-77.406,39.4648],[-77.4056,39.4646],[-77.4053,39.4645],[-77.4051,39.4643],[-77.4051,39.4642],[-77.4052,39.4642],[-77.4052,39.4641],[-77.4053,39.4641],[-77.4053,39.464],[-77.4054,39.4639],[-77.405,39.4639],[-77.4052,39.4637],[-77.4054,39.4635],[-77.4057,39.4633],[-77.4058,39.4631],[-77.4062,39.4627],[-77.4064,39.4626],[-77.4063,39.4625],[-77.4063,39.4624],[-77.4062,39.4624],[-77.4062,39.4623],[-77.4062,39.4622],[-77.4061,39.4622],[-77.4061,39.4621],[-77.4061,39.462],[-77.4061,39.4619],[-77.406,39.4611],[-77.4057,39.461],[-77.4055,39.4612],[-77.405,39.4617],[-77.4052,39.4621],[-77.4048,39.4625],[-77.4042,39.4632],[-77.4033,39.4636],[-77.4027,39.4637],[-77.4022,39.4638],[-77.4023,39.4643],[-77.4024,39.465],[-77.4024,39.4659],[-77.4024,39.466],[-77.403,39.4659],[-77.4031,39.4667],[-77.4038,39.4678],[-77.4039,39.4678],[-77.4041,39.4683],[-77.4045,39.4684],[-77.4048,39.468]]]}},{"type":"Feature","properties":{"name":"Preserve at Tuscarora","Location":"Community Park"},"geometry":{"type":"Polygon","coordinates":[[[-77.4321,39.4676],[-77.4322,39.4676],[-77.4323,39.4677],[-77.4324,39.4677],[-77.4325,39.4677],[-77.4322,39.4676],[-77.4323,39.4675],[-77.4323,39.4674],[-77.4324,39.4673],[-77.4324,39.4672],[-77.4327,39.4673],[-77.4327,39.4674],[-77.4327,39.4673],[-77.4328,39.4671],[-77.4329,39.4671],[-77.433,39.4671],[-77.4331,39.4671],[-77.4332,39.4672],[-77.4332,39.4671],[-77.4329,39.467],[-77.433,39.467],[-77.433,39.4669],[-77.4331,39.4669],[-77.4331,39.4668],[-77.4332,39.4668],[-77.4332,39.4667],[-77.4334,39.4668],[-77.4335,39.4668],[-77.4332,39.4667],[-77.4333,39.4666],[-77.4333,39.4665],[-77.4334,39.4664],[-77.4335,39.4663],[-77.4337,39.4663],[-77.4336,39.4663],[-77.4336,39.4662],[-77.4336,39.4661],[-77.4337,39.4658],[-77.4336,39.4657],[-77.4333,39.4658],[-77.433,39.4658],[-77.4328,39.4658],[-77.4319,39.4658],[-77.4313,39.4663],[-77.4313,39.4664],[-77.4313,39.4665],[-77.4313,39.4666],[-77.4313,39.4669],[-77.4314,39.4672],[-77.4313,39.4672],[-77.4313,39.4676],[-77.4314,39.4676],[-77.4314,39.4674],[-77.4316,39.4673],[-77.4318,39.4673],[-77.432,39.4673],[-77.432,39.4676],[-77.4321,39.4676]]]}},{"type":"Feature","properties":{"name":"Kellerton Park","Location":"Community Park"},"geometry":{"type":"MultiPolygon","coordinates":[[[[-77.4539,39.4661],[-77.4544,39.4667],[-77.4565,39.4682],[-77.456,39.4668],[-77.4556,39.4657],[-77.4555,39.4657],[-77.4554,39.4657],[-77.4553,39.4657],[-77.4547,39.4658],[-77.4544,39.4657],[-77.454,39.4655],[-77.453,39.4651],[-77.4526,39.4646],[-77.4522,39.4645],[-77.4525,39.4643],[-77.4525,39.4642],[-77.4518,39.464],[-77.4517,39.464],[-77.4516,39.464],[-77.4514,39.464],[-77.4505,39.4639],[-77.4501,39.4639],[-77.4499,39.4639],[-77.4498,39.4639],[-77.4496,39.4639],[-77.4495,39.4639],[-77.4493,39.4639],[-77.4492,39.4639],[-77.449,39.4639],[-77.4489,39.464],[-77.4487,39.464],[-77.4486,39.4641],[-77.4483,39.4642],[-77.4482,39.4642],[-77.4482,39.4643],[-77.4482,39.4644],[-77.4487,39.4648],[-77.4487,39.4649],[-77.4491,39.4652],[-77.4492,39.4652],[-77.4493,39.4653],[-77.4494,39.4653],[-77.4494,39.4654],[-77.4514,39.4654],[-77.4521,39.4653],[-77.4524,39.4653],[-77.4529,39.4654],[-77.453,39.4654],[-77.4534,39.4655],[-77.4539,39.4661]]],[[[-77.4471,39.4654],[-77.4476,39.4654],[-77.4491,39.4654],[-77.449,39.4654],[-77.4489,39.4653],[-77.4487,39.4651],[-77.4485,39.4649],[-77.4482,39.4646],[-77.4481,39.4646],[-77.448,39.4649],[-77.448,39.465],[-77.4471,39.4649],[-77.4471,39.4654]]]]}},{"type":"Feature","properties":{"name":"Husky Park","Location":"Community Park"},"geometry":{"type":"Polygon","coordinates":[[[-77.3971,39.4158],[-77.3965,39.4156],[-77.3963,39.4155],[-77.3963,39.4153],[-77.3959,39.4151],[-77.3958,39.415],[-77.3956,39.4149],[-77.3955,39.4148],[-77.3951,39.4151],[-77.3938,39.4154],[-77.3936,39.4156],[-77.3938,39.4158],[-77.3927,39.4168],[-77.3929,39.417],[-77.3926,39.4172],[-77.3922,39.4172],[-77.3917,39.4177],[-77.3925,39.4182],[-77.3928,39.4184],[-77.3931,39.4186],[-77.3935,39.4189],[-77.3954,39.4171],[-77.3956,39.417],[-77.3957,39.4169],[-77.3958,39.4168],[-77.3964,39.4165],[-77.3965,39.4164],[-77.3969,39.4161],[-77.397,39.4159],[-77.3971,39.4158]]]}},{"type":"Feature","properties":{"name":"Canterbury Dog Park","Location":"Community Park"},"geometry":{"type":"Polygon","coordinates":[[[-77.3984,39.4384],[-77.3983,39.4384],[-77.3983,39.4383],[-77.3982,39.4383],[-77.3981,39.4383],[-77.398,39.4383],[-77.3979,39.4383],[-77.3978,39.4383],[-77.3977,39.4383],[-77.3977,39.4382],[-77.3977,39.4383],[-77.3976,39.4383],[-77.3975,39.4383],[-77.3974,39.4383],[-77.3965,39.4384],[-77.3964,39.4384],[-77.3963,39.4384],[-77.3962,39.4384],[-77.3961,39.4384],[-77.396,39.4384],[-77.396,39.4385],[-77.3959,39.4384],[-77.3958,39.4384],[-77.3957,39.4384],[-77.3956,39.4384],[-77.3955,39.4384],[-77.3954,39.4384],[-77.3953,39.4384],[-77.3952,39.4384],[-77.3951,39.4384],[-77.3951,39.4383],[-77.395,39.4383],[-77.3949,39.4383],[-77.3948,39.4383],[-77.3948,39.4382],[-77.3947,39.4382],[-77.3946,39.4382],[-77.3945,39.4382],[-77.3945,39.4381],[-77.3944,39.4381],[-77.3943,39.4381],[-77.3943,39.438],[-77.3942,39.438],[-77.3941,39.438],[-77.3941,39.4379],[-77.394,39.438],[-77.3938,39.4381],[-77.3953,39.4387],[-77.397,39.4395],[-77.397,39.4391],[-77.3976,39.439],[-77.3983,39.4384],[-77.3984,39.4384]]]}},{"type":"Feature","properties":{"name":"Old Camp Park","Location":"Neighborhood Park"},"geometry":{"type":"Polygon","coordinates":[[[-77.47,39.4251],[-77.4695,39.4249],[-77.4697,39.4247],[-77.4687,39.4242],[-77.4682,39.424],[-77.4678,39.4238],[-77.468,39.4236],[-77.4664,39.4229],[-77.4661,39.4228],[-77.466,39.4229],[-77.4659,39.4229],[-77.4659,39.423],[-77.4659,39.4231],[-77.4658,39.4231],[-77.4658,39.4232],[-77.4658,39.4233],[-77.4658,39.4234],[-77.4657,39.4234],[-77.4657,39.4235],[-77.4657,39.4236],[-77.4657,39.4237],[-77.4657,39.4238],[-77.4676,39.4245],[-77.4676,39.4246],[-77.4681,39.4248],[-77.4681,39.4249],[-77.4684,39.425],[-77.4684,39.4251],[-77.4685,39.4251],[-77.4686,39.4252],[-77.4686,39.4251],[-77.4689,39.4253],[-77.4689,39.4254],[-77.4694,39.4254],[-77.4695,39.4254],[-77.47,39.4253],[-77.4702,39.4253],[-77.4704,39.4253],[-77.4707,39.4255],[-77.4707,39.4252],[-77.4706,39.4251],[-77.4704,39.4251],[-77.47,39.4251]]]}},{"type":"Feature","properties":{"name":"Parkland","Location":"Community Park"},"geometry":{"type":"Polygon","coordinates":[[[-77.4625,39.4305],[-77.4631,39.4309],[-77.4642,39.4316],[-77.4647,39.432],[-77.4649,39.4317],[-77.4628,39.4303],[-77.4627,39.4303],[-77.4625,39.4301],[-77.4623,39.4302],[-77.4622,39.4301],[-77.462,39.43],[-77.4619,39.4298],[-77.4613,39.4302],[-77.4614,39.4302],[-77.4625,39.4305]]]}},{"type":"Feature","properties":{"name":"Sycamore Ridge","Location":"Neighborhood Park"},"geometry":{"type":"MultiPolygon","coordinates":[[[[-77.4566,39.4423],[-77.4567,39.4424],[-77.4568,39.4424],[-77.457,39.4424],[-77.4571,39.4424],[-77.4572,39.4424],[-77.4573,39.4424],[-77.4574,39.4424],[-77.4574,39.4423],[-77.4575,39.4423],[-77.4579,39.442],[-77.4576,39.4418],[-77.4578,39.4417],[-77.458,39.4416],[-77.4582,39.4415],[-77.4585,39.4415],[-77.4587,39.4415],[-77.4593,39.4415],[-77.4593,39.4414],[-77.4594,39.441],[-77.4591,39.441],[-77.4589,39.441],[-77.4587,39.441],[-77.4585,39.441],[-77.4583,39.4409],[-77.4581,39.4409],[-77.4582,39.4406],[-77.4581,39.4406],[-77.458,39.4406],[-77.458,39.4405],[-77.4577,39.4404],[-77.4576,39.4403],[-77.4575,39.4403],[-77.4574,39.4403],[-77.4573,39.4402],[-77.4572,39.4402],[-77.4571,39.4402],[-77.4569,39.4402],[-77.4568,39.4403],[-77.4568,39.4404],[-77.4566,39.4423]]],[[[-77.4571,39.4377],[-77.4571,39.4378],[-77.457,39.4378],[-77.4568,39.44],[-77.4569,39.4401],[-77.457,39.4401],[-77.457,39.4398],[-77.457,39.4397],[-77.457,39.4396],[-77.457,39.4395],[-77.4571,39.4394],[-77.4571,39.4392],[-77.4571,39.4391],[-77.4571,39.439],[-77.4571,39.4389],[-77.4571,39.4384],[-77.4571,39.4383],[-77.4571,39.4381],[-77.4572,39.438],[-77.4573,39.4379],[-77.4572,39.4377],[-77.4571,39.4377]]],[[[-77.4565,39.4439],[-77.4566,39.4438],[-77.4567,39.4436],[-77.4566,39.4436],[-77.4566,39.4435],[-77.4566,39.4432],[-77.4567,39.4432],[-77.4567,39.443],[-77.4568,39.4429],[-77.4568,39.4426],[-77.4567,39.4426],[-77.4567,39.4428],[-77.4566,39.4429],[-77.4566,39.443],[-77.4565,39.4439]]]]}},{"type":"Feature","properties":{"name":"Parkland","Location":"Pocket Park"},"geometry":{"type":"Polygon","coordinates":[[[-77.401,39.4257],[-77.4011,39.4257],[-77.4012,39.4257],[-77.4012,39.4256],[-77.4012,39.4255],[-77.4011,39.4255],[-77.401,39.4255],[-77.4009,39.4255],[-77.4009,39.4256],[-77.401,39.4257]]]}},{"type":"Feature","properties":{"name":"Millie's Delight","Location":"Neighborhood Park"},"geometry":{"type":"Polygon","coordinates":[[[-77.4541,39.4463],[-77.4542,39.4464],[-77.4541,39.4467],[-77.4542,39.4468],[-77.4544,39.4468],[-77.4547,39.4468],[-77.4549,39.4467],[-77.4552,39.4467],[-77.4555,39.4465],[-77.4543,39.4461],[-77.4542,39.4462],[-77.4541,39.4463]]]}},{"type":"Feature","properties":{"name":"Parkland","Location":"Community Park"},"geometry":{"type":"MultiPolygon","coordinates":[[[[-77.4538,39.4219],[-77.4538,39.422],[-77.4538,39.4221],[-77.4538,39.4222],[-77.4537,39.4222],[-77.4537,39.4223],[-77.4536,39.4223],[-77.4536,39.4224],[-77.4536,39.4225],[-77.4539,39.4227],[-77.454,39.4227],[-77.454,39.4226],[-77.4539,39.4226],[-77.454,39.4226],[-77.454,39.4225],[-77.4541,39.4224],[-77.4542,39.4223],[-77.4542,39.4222],[-77.4542,39.4221],[-77.4542,39.422],[-77.4543,39.4219],[-77.4544,39.4219],[-77.4545,39.4219],[-77.4546,39.4219],[-77.4547,39.4219],[-77.4547,39.422],[-77.4548,39.422],[-77.4549,39.4221],[-77.455,39.4222],[-77.4546,39.4214],[-77.454,39.4217],[-77.4539,39.4217],[-77.4538,39.4217],[-77.4539,39.4217],[-77.4539,39.4218],[-77.4539,39.4219],[-77.4538,39.4219]]],[[[-77.4536,39.4217],[-77.4534,39.4219],[-77.4532,39.4221],[-77.4531,39.4222],[-77.4533,39.4223],[-77.4534,39.4223],[-77.4534,39.4222],[-77.4535,39.4222],[-77.4535,39.4221],[-77.4536,39.4221],[-77.4536,39.422],[-77.4536,39.4219],[-77.4536,39.4218],[-77.4536,39.4217]]]]}},{"type":"Feature","properties":{"name":"Parkland","Location":"Community Park"},"geometry":{"type":"MultiPolygon","coordinates":[[[[-77.4418,39.4506],[-77.4418,39.4507],[-77.4419,39.4507],[-77.4419,39.4508],[-77.442,39.4508],[-77.442,39.4509],[-77.4421,39.451],[-77.4422,39.4511],[-77.4423,39.4512],[-77.4429,39.4519],[-77.4434,39.4518],[-77.4433,39.4517],[-77.4431,39.4514],[-77.4428,39.4512],[-77.4427,39.4511],[-77.4426,39.451],[-77.4424,39.4507],[-77.443,39.4506],[-77.4423,39.4506],[-77.442,39.4503],[-77.4419,39.4499],[-77.4419,39.4498],[-77.4419,39.4497],[-77.4418,39.4497],[-77.4417,39.4494],[-77.4418,39.4492],[-77.4418,39.449],[-77.4418,39.4489],[-77.4418,39.4488],[-77.4418,39.4487],[-77.4418,39.4486],[-77.4421,39.4484],[-77.4422,39.4484],[-77.4421,39.4482],[-77.442,39.448],[-77.442,39.4478],[-77.442,39.4476],[-77.4419,39.4474],[-77.4424,39.4473],[-77.4423,39.447],[-77.4423,39.4469],[-77.4423,39.4468],[-77.4424,39.4468],[-77.4424,39.4467],[-77.4424,39.4466],[-77.4424,39.4465],[-77.4424,39.4464],[-77.4425,39.4464],[-77.4423,39.4464],[-77.4414,39.4462],[-77.4413,39.4462],[-77.4411,39.4462],[-77.441,39.4461],[-77.4409,39.446],[-77.4404,39.4454],[-77.4403,39.4452],[-77.4402,39.445],[-77.4401,39.4443],[-77.44,39.4442],[-77.4399,39.4438],[-77.4396,39.4432],[-77.4397,39.4442],[-77.4398,39.4445],[-77.44,39.4457],[-77.44,39.446],[-77.44,39.4462],[-77.4401,39.4465],[-77.4401,39.4468],[-77.4401,39.447],[-77.4402,39.4471],[-77.4402,39.4472],[-77.4402,39.4474],[-77.4403,39.4477],[-77.4407,39.4478],[-77.4409,39.4481],[-77.441,39.4484],[-77.441,39.4487],[-77.4411,39.4489],[-77.4411,39.449],[-77.4412,39.4492],[-77.4413,39.4494],[-77.4413,39.4497],[-77.4414,39.4497],[-77.4414,39.4498],[-77.4414,39.4499],[-77.4414,39.45],[-77.4415,39.45],[-77.4415,39.4501],[-77.4415,39.4502],[-77.4416,39.4502],[-77.4416,39.4503],[-77.4416,39.4504],[-77.4417,39.4504],[-77.4417,39.4505],[-77.4418,39.4506]]],[[[-77.4427,39.4464],[-77.4427,39.4465],[-77.4427,39.4466],[-77.4426,39.4466],[-77.4426,39.4467],[-77.4426,39.4468],[-77.4426,39.4469],[-77.4425,39.4469],[-77.4429,39.4469],[-77.443,39.447],[-77.4434,39.447],[-77.4436,39.447],[-77.4437,39.4471],[-77.444,39.4471],[-77.4444,39.4472],[-77.4441,39.4464],[-77.4439,39.4464],[-77.4438,39.4464],[-77.4437,39.4464],[-77.4436,39.4464],[-77.4435,39.4464],[-77.4434,39.4464],[-77.4433,39.4464],[-77.4433,39.4463],[-77.4432,39.4463],[-77.4431,39.4463],[-77.443,39.4462],[-77.4429,39.4462],[-77.4429,39.4463],[-77.4428,39.4463],[-77.4428,39.4464],[-77.4427,39.4464]]]]}},{"type":"Feature","properties":{"name":"Linear Greenway Park","Location":"Community Park"},"geometry":{"type":"Polygon","coordinates":[[[-77.4415,39.4224],[-77.441,39.4226],[-77.441,39.4227],[-77.4405,39.4228],[-77.4404,39.4228],[-77.4402,39.4228],[-77.4382,39.4233],[-77.4379,39.4232],[-77.4377,39.4232],[-77.4376,39.4232],[-77.4374,39.4233],[-77.437,39.4233],[-77.437,39.4232],[-77.4369,39.4237],[-77.4376,39.4236],[-77.4377,39.4236],[-77.4382,39.4238],[-77.4387,39.4235],[-77.4388,39.4232],[-77.4396,39.4233],[-77.4405,39.4231],[-77.441,39.4228],[-77.4413,39.4229],[-77.4415,39.4228],[-77.4416,39.4231],[-77.4418,39.423],[-77.4417,39.4229],[-77.4417,39.4228],[-77.4417,39.4227],[-77.4417,39.4226],[-77.4416,39.4226],[-77.4416,39.4225],[-77.4415,39.4225],[-77.4415,39.4224]]]}},{"type":"Feature","properties":{"name":"Airport Parkland","Location":"Community Park"},"geometry":{"type":"Polygon","coordinates":[[[-77.377,39.4056],[-77.3781,39.4059],[-77.3788,39.4047],[-77.3787,39.4047],[-77.3783,39.4046],[-77.3778,39.4045],[-77.3777,39.4045],[-77.3776,39.4045],[-77.3775,39.4045],[-77.3774,39.4045],[-77.3773,39.4046],[-77.377,39.4056]]]}},{"type":"Feature","properties":{"name":"Sycamore Ridge","Location":"Community Park"},"geometry":{"type":"Polygon","coordinates":[[[-77.4613,39.4376],[-77.4608,39.4374],[-77.4607,39.4375],[-77.4606,39.4376],[-77.4602,39.438],[-77.4605,39.4382],[-77.4606,39.4383],[-77.4608,39.4384],[-77.4609,39.4385],[-77.4611,39.4386],[-77.4612,39.4387],[-77.4613,39.4387],[-77.4614,39.4387],[-77.4613,39.4377],[-77.4613,39.4376]]]}},{"type":"Feature","properties":{"name":"Renn Quarter Parkland","Location":"Community Park"},"geometry":{"type":"Polygon","coordinates":[[[-77.3894,39.4244],[-77.3895,39.4243],[-77.3896,39.4242],[-77.3897,39.4242],[-77.3898,39.4241],[-77.3899,39.4241],[-77.3899,39.424],[-77.39,39.424],[-77.3901,39.4239],[-77.3902,39.4238],[-77.3903,39.4238],[-77.3903,39.4237],[-77.3904,39.4237],[-77.3905,39.4236],[-77.3906,39.4235],[-77.3907,39.4234],[-77.3908,39.4233],[-77.3909,39.4232],[-77.3908,39.4232],[-77.3902,39.4227],[-77.3921,39.421],[-77.3929,39.4216],[-77.3935,39.4211],[-77.3941,39.4205],[-77.3942,39.4205],[-77.3943,39.4204],[-77.3944,39.4203],[-77.3945,39.4203],[-77.3946,39.4202],[-77.395,39.4201],[-77.3952,39.4198],[-77.3953,39.4197],[-77.3961,39.419],[-77.3962,39.4189],[-77.3963,39.4188],[-77.3964,39.4188],[-77.3965,39.4187],[-77.3969,39.4185],[-77.3964,39.4182],[-77.397,39.4179],[-77.3971,39.4178],[-77.3975,39.4176],[-77.3976,39.4174],[-77.3986,39.4166],[-77.3979,39.4162],[-77.3976,39.4161],[-77.3972,39.4162],[-77.3971,39.4161],[-77.3971,39.416],[-77.3971,39.4158],[-77.397,39.4159],[-77.3969,39.4161],[-77.3965,39.4164],[-77.3964,39.4165],[-77.396,39.4167],[-77.3958,39.4168],[-77.3957,39.4169],[-77.3956,39.417],[-77.3954,39.4171],[-77.3953,39.4172],[-77.3935,39.4189],[-77.3931,39.4186],[-77.393,39.4186],[-77.393,39.4187],[-77.3929,39.4188],[-77.3928,39.4188],[-77.3928,39.4189],[-77.3924,39.4194],[-77.3924,39.4195],[-77.3923,39.4196],[-77.3922,39.4196],[-77.3921,39.4197],[-77.392,39.4198],[-77.3919,39.4199],[-77.3918,39.42],[-77.3908,39.4205],[-77.3907,39.4206],[-77.3906,39.4206],[-77.3905,39.4206],[-77.3904,39.4207],[-77.3891,39.4214],[-77.389,39.4215],[-77.3888,39.4216],[-77.3886,39.4217],[-77.3884,39.4217],[-77.3883,39.4218],[-77.3882,39.4219],[-77.3881,39.422],[-77.3856,39.4232],[-77.3848,39.4233],[-77.3841,39.4235],[-77.384,39.4237],[-77.3842,39.424],[-77.3845,39.4244],[-77.3848,39.4247],[-77.3852,39.4254],[-77.3854,39.4259],[-77.3857,39.426],[-77.3862,39.4258],[-77.3863,39.4257],[-77.3864,39.4258],[-77.3868,39.4255],[-77.387,39.4255],[-77.387,39.4254],[-77.3871,39.4254],[-77.3872,39.4254],[-77.3872,39.4253],[-77.3873,39.4253],[-77.3874,39.4253],[-77.3875,39.4253],[-77.3875,39.4252],[-77.3876,39.4252],[-77.3877,39.4252],[-77.3878,39.4252],[-77.3879,39.4252],[-77.388,39.4251],[-77.3894,39.4244]]]}},{"type":"Feature","properties":{"name":"Preserve at Tuscarora","Location":"Community Park"},"geometry":{"type":"Polygon","coordinates":[[[-77.4374,39.4693],[-77.4375,39.4689],[-77.4364,39.4689],[-77.4362,39.4689],[-77.436,39.4689],[-77.4358,39.4689],[-77.4356,39.4689],[-77.4354,39.4689],[-77.4353,39.4689],[-77.4352,39.4689],[-77.4349,39.4689],[-77.4347,39.4689],[-77.4347,39.4686],[-77.4346,39.4686],[-77.4346,39.4689],[-77.4344,39.4689],[-77.4342,39.4689],[-77.434,39.4689],[-77.4338,39.4689],[-77.4335,39.4689],[-77.4333,39.4688],[-77.4331,39.4687],[-77.4329,39.4685],[-77.4327,39.4684],[-77.4331,39.4682],[-77.433,39.4682],[-77.4328,39.4682],[-77.4326,39.4682],[-77.4326,39.4679],[-77.4325,39.4679],[-77.4322,39.4678],[-77.4321,39.4678],[-77.432,39.4678],[-77.4314,39.4678],[-77.4313,39.4679],[-77.4315,39.4696],[-77.4322,39.4693],[-77.4352,39.4693],[-77.4354,39.4692],[-77.4364,39.4693],[-77.4374,39.4693]]]}},{"type":"Feature","properties":{"name":"Parkland"},"geometry":{"type":"Polygon","coordinates":[[[-77.3925,39.4429],[-77.3937,39.4445],[-77.3937,39.4444],[-77.3938,39.4444],[-77.3939,39.4444],[-77.3939,39.4443],[-77.394,39.4443],[-77.3941,39.4442],[-77.3942,39.4442],[-77.3942,39.4441],[-77.3943,39.4441],[-77.3943,39.444],[-77.3944,39.444],[-77.3945,39.4439],[-77.3946,39.4439],[-77.3946,39.4438],[-77.3947,39.4438],[-77.3947,39.4437],[-77.3948,39.4437],[-77.3948,39.4436],[-77.3949,39.4436],[-77.3949,39.4435],[-77.395,39.4435],[-77.395,39.4434],[-77.3951,39.4434],[-77.3951,39.4433],[-77.3952,39.4433],[-77.3952,39.4432],[-77.3935,39.4425],[-77.3934,39.4425],[-77.3932,39.4426],[-77.393,39.4427],[-77.3927,39.4428],[-77.3925,39.4429]]]}},{"type":"Feature","properties":{"name":"West Village Park","Location":"Community Park"},"geometry":{"type":"Polygon","coordinates":[[[-77.4641,39.4197],[-77.4643,39.4197],[-77.4644,39.4197],[-77.4658,39.4198],[-77.4664,39.4188],[-77.4663,39.4187],[-77.4662,39.4187],[-77.466,39.4186],[-77.4659,39.4185],[-77.4655,39.4184],[-77.4654,39.4185],[-77.4651,39.4184],[-77.4648,39.4184],[-77.4645,39.4184],[-77.4633,39.418],[-77.4626,39.4179],[-77.4625,39.418],[-77.4621,39.4182],[-77.4615,39.4178],[-77.4612,39.4182],[-77.4613,39.4184],[-77.461,39.4184],[-77.4607,39.4188],[-77.4609,39.4191],[-77.461,39.4191],[-77.4611,39.4189],[-77.462,39.4185],[-77.4631,39.4186],[-77.463,39.4189],[-77.4642,39.419],[-77.4641,39.4197]]]}},{"type":"Feature","properties":{"name":"Sycamore Ridge Playground #2","Location":"Neighborhood Park"},"geometry":{"type":"Polygon","coordinates":[[[-77.4571,39.4436],[-77.4576,39.4438],[-77.4577,39.4438],[-77.4577,39.4437],[-77.4574,39.4437],[-77.4574,39.4436],[-77.4574,39.4435],[-77.4575,39.4435],[-77.4575,39.4434],[-77.4575,39.4433],[-77.4578,39.4434],[-77.4575,39.4433],[-77.4575,39.4432],[-77.4576,39.4432],[-77.4576,39.4431],[-77.4576,39.443],[-77.4579,39.443],[-77.4578,39.4429],[-77.4577,39.4428],[-77.4574,39.443],[-77.4573,39.4429],[-77.4571,39.4429],[-77.4568,39.4429],[-77.4567,39.443],[-77.4568,39.443],[-77.4569,39.443],[-77.457,39.443],[-77.4571,39.443],[-77.4572,39.443],[-77.4572,39.4432],[-77.4571,39.4432],[-77.4572,39.4432],[-77.4572,39.4433],[-77.4572,39.4432],[-77.4575,39.4433],[-77.4575,39.4434],[-77.4574,39.4434],[-77.4574,39.4435],[-77.4574,39.4436],[-77.4571,39.4436]]]}},{"type":"Feature","properties":{"name":"West Village Park HOA","Location":"Neighborhood Park"},"geometry":{"type":"Polygon","coordinates":[[[-77.4639,39.4196],[-77.4641,39.4197],[-77.4642,39.419],[-77.463,39.4189],[-77.4631,39.4186],[-77.462,39.4185],[-77.4611,39.4189],[-77.461,39.4191],[-77.4612,39.4189],[-77.462,39.4186],[-77.4622,39.4186],[-77.4624,39.4186],[-77.4624,39.4187],[-77.4626,39.4187],[-77.4626,39.4188],[-77.4629,39.4188],[-77.463,39.4189],[-77.463,39.419],[-77.4631,39.419],[-77.4634,39.419],[-77.4636,39.4192],[-77.4639,39.4192],[-77.4639,39.4196]]]}},{"type":"Feature","properties":{"name":"Tuscarora Knolls HOA Parkland","Location":"Community Park"},"geometry":{"type":"Polygon","coordinates":[[[-77.3928,39.4599],[-77.3937,39.4593],[-77.3936,39.4593],[-77.3936,39.4592],[-77.3931,39.4596],[-77.3928,39.4596],[-77.3927,39.4595],[-77.3926,39.4595],[-77.3925,39.4595],[-77.3923,39.4594],[-77.3922,39.4594],[-77.3922,39.4593],[-77.3921,39.4593],[-77.392,39.4592],[-77.3918,39.4591],[-77.3917,39.4591],[-77.3916,39.4591],[-77.3916,39.459],[-77.3915,39.459],[-77.3914,39.459],[-77.3913,39.459],[-77.3912,39.4589],[-77.391,39.4589],[-77.3909,39.4588],[-77.391,39.4588],[-77.3909,39.4587],[-77.3908,39.4587],[-77.3907,39.4586],[-77.3905,39.4585],[-77.3904,39.4585],[-77.3903,39.4585],[-77.3902,39.4584],[-77.3901,39.4584],[-77.3899,39.4584],[-77.3897,39.4584],[-77.3896,39.4584],[-77.3892,39.4583],[-77.3889,39.4582],[-77.3889,39.4583],[-77.3888,39.4582],[-77.3887,39.4581],[-77.3885,39.458],[-77.3891,39.4571],[-77.389,39.4571],[-77.3889,39.4571],[-77.3883,39.458],[-77.3882,39.458],[-77.3882,39.4581],[-77.3882,39.4582],[-77.3881,39.4582],[-77.388,39.4584],[-77.3882,39.4585],[-77.3896,39.4585],[-77.3905,39.4589],[-77.3908,39.459],[-77.3919,39.4595],[-77.3928,39.4599]]]}},{"type":"Feature","properties":{"name":"Tuscarora Knolls Recreation Center (Private)","Location":"Recreation Center"},"geometry":{"type":"Polygon","coordinates":[[[-77.3923,39.4594],[-77.3925,39.4595],[-77.3926,39.4595],[-77.3927,39.4595],[-77.3928,39.4596],[-77.3931,39.4596],[-77.3936,39.4592],[-77.3935,39.4592],[-77.3935,39.4591],[-77.3934,39.4591],[-77.3934,39.459],[-77.3933,39.459],[-77.3933,39.4589],[-77.3932,39.4589],[-77.3932,39.4588],[-77.3931,39.4588],[-77.3931,39.4587],[-77.393,39.4587],[-77.3931,39.459],[-77.3927,39.4591],[-77.3926,39.4591],[-77.3923,39.4593],[-77.3923,39.4594]]]}},{"type":"Feature","properties":{"name":"Linear Greenway Park","Location":"Community Park"},"geometry":{"type":"Polygon","coordinates":[[[-77.4392,39.424],[-77.4394,39.424],[-77.4395,39.4241],[-77.4395,39.424],[-77.4395,39.4238],[-77.4396,39.4238],[-77.4397,39.4238],[-77.4398,39.4238],[-77.4399,39.4238],[-77.4399,39.4239],[-77.44,39.4239],[-77.4399,39.4235],[-77.4402,39.4234],[-77.4403,39.4235],[-77.4403,39.4234],[-77.4402,39.4232],[-77.4396,39.4233],[-77.4388,39.4232],[-77.4387,39.4235],[-77.4391,39.4239],[-77.4392,39.424]]]}},{"type":"Feature","properties":{"name":"Wormans Mill Park South","Location":"Community Park"},"geometry":{"type":"Polygon","coordinates":[[[-77.3789,39.4566],[-77.3793,39.4566],[-77.3798,39.4567],[-77.3801,39.4568],[-77.3804,39.4569],[-77.3806,39.4569],[-77.3809,39.457],[-77.3813,39.457],[-77.3816,39.4571],[-77.3819,39.4571],[-77.3822,39.4571],[-77.3826,39.4571],[-77.3829,39.4571],[-77.3832,39.4571],[-77.3833,39.457],[-77.3834,39.457],[-77.3835,39.4569],[-77.3836,39.457],[-77.3837,39.4571],[-77.3838,39.4571],[-77.3839,39.4572],[-77.3841,39.4572],[-77.3844,39.4572],[-77.3849,39.4573],[-77.385,39.4574],[-77.3853,39.4574],[-77.3859,39.4575],[-77.3864,39.4577],[-77.3867,39.4578],[-77.3869,39.4579],[-77.3875,39.4582],[-77.3878,39.4583],[-77.3879,39.4582],[-77.3869,39.4578],[-77.3861,39.4574],[-77.3861,39.4569],[-77.387,39.4565],[-77.3871,39.4563],[-77.3869,39.4562],[-77.3868,39.4562],[-77.3868,39.4561],[-77.3867,39.4561],[-77.3866,39.4561],[-77.3859,39.4565],[-77.3855,39.4566],[-77.3851,39.4568],[-77.3842,39.4567],[-77.3839,39.4563],[-77.3839,39.4562],[-77.3838,39.4562],[-77.3837,39.4561],[-77.3836,39.456],[-77.3835,39.456],[-77.3834,39.4559],[-77.3833,39.4559],[-77.3833,39.4558],[-77.3832,39.4558],[-77.3831,39.4557],[-77.383,39.4556],[-77.3829,39.4556],[-77.3826,39.4561],[-77.3824,39.4563],[-77.3823,39.4562],[-77.3819,39.4565],[-77.3812,39.456],[-77.3813,39.4552],[-77.3817,39.4548],[-77.3814,39.4546],[-77.3788,39.4564],[-77.3789,39.4566]]]}},{"type":"Feature","properties":{"name":"Hammaker Hills Pocket Park ","Location":"Neighborhood Park"},"geometry":{"type":"Polygon","coordinates":[[[-77.4066,39.6175],[-77.4067,39.6176],[-77.4068,39.6176],[-77.4069,39.6176],[-77.407,39.6176],[-77.4073,39.6175],[-77.4073,39.6174],[-77.4071,39.6174],[-77.4069,39.6174],[-77.4069,39.6173],[-77.4068,39.6171],[-77.4067,39.6171],[-77.4066,39.6173],[-77.4063,39.6173],[-77.4063,39.6174],[-77.4066,39.6175]]]}},{"type":"Feature","properties":{"name":"CANNON BLUFF HOA","Location":"Neighborhood Park"},"geometry":{"type":"Polygon","coordinates":[[[-77.4374,39.4693],[-77.4376,39.4696],[-77.4377,39.47],[-77.4377,39.4701],[-77.4378,39.4701],[-77.438,39.4702],[-77.4382,39.4703],[-77.4384,39.4703],[-77.4383,39.4701],[-77.4384,39.4698],[-77.4385,39.4696],[-77.4386,39.4693],[-77.4386,39.4692],[-77.4389,39.4691],[-77.439,39.469],[-77.4393,39.4691],[-77.4396,39.4691],[-77.4399,39.4691],[-77.44,39.4689],[-77.44,39.4688],[-77.4397,39.4688],[-77.4392,39.4687],[-77.439,39.4684],[-77.4376,39.4682],[-77.4375,39.4689],[-77.4374,39.4693]]]}},{"type":"Feature","properties":{"name":"Wormans Mill Recreation Center( Private)","Location":"Recreation Center"},"geometry":{"type":"Polygon","coordinates":[[[-77.3839,39.4563],[-77.3842,39.4567],[-77.3851,39.4568],[-77.3855,39.4566],[-77.3859,39.4565],[-77.3849,39.4555],[-77.3848,39.4555],[-77.3842,39.4561],[-77.3839,39.4563]]]}},{"type":"Feature","properties":{"name":"Free Medwid Park","Location":"Neighborhood Park"},"geometry":{"type":"Polygon","coordinates":[[[-77.4431,39.4381],[-77.4429,39.4381],[-77.4422,39.438],[-77.4421,39.4386],[-77.4413,39.4385],[-77.4412,39.4385],[-77.4411,39.4386],[-77.4411,39.4388],[-77.4411,39.4389],[-77.4411,39.439],[-77.4411,39.4391],[-77.4411,39.4392],[-77.441,39.4393],[-77.441,39.4394],[-77.441,39.4396],[-77.441,39.4398],[-77.441,39.4399],[-77.441,39.44],[-77.441,39.4401],[-77.441,39.4402],[-77.441,39.4403],[-77.441,39.4405],[-77.441,39.4406],[-77.4409,39.4406],[-77.4408,39.4406],[-77.4407,39.4406],[-77.4405,39.4406],[-77.4404,39.4406],[-77.4403,39.4406],[-77.4402,39.4406],[-77.4401,39.4406],[-77.44,39.4406],[-77.4398,39.4405],[-77.4397,39.4406],[-77.4396,39.4407],[-77.4395,39.4408],[-77.4395,39.4409],[-77.4394,39.441],[-77.4394,39.4411],[-77.4393,39.4411],[-77.4393,39.4412],[-77.4393,39.4413],[-77.4394,39.4411],[-77.4395,39.4409],[-77.4397,39.4407],[-77.4397,39.4406],[-77.4399,39.4406],[-77.44,39.4406],[-77.4402,39.4406],[-77.4402,39.4407],[-77.4403,39.4407],[-77.4405,39.4407],[-77.4406,39.4407],[-77.4408,39.4406],[-77.4409,39.4406],[-77.4409,39.4407],[-77.4409,39.4408],[-77.4411,39.4408],[-77.4411,39.4407],[-77.4411,39.4406],[-77.4411,39.4399],[-77.4411,39.4397],[-77.4411,39.4396],[-77.4411,39.4395],[-77.4411,39.4394],[-77.4411,39.4392],[-77.4418,39.4393],[-77.4421,39.4394],[-77.4422,39.4394],[-77.4423,39.4394],[-77.4423,39.4395],[-77.4423,39.4394],[-77.4427,39.4396],[-77.443,39.4389],[-77.443,39.4387],[-77.4432,39.4381],[-77.4431,39.4381]]]}},{"type":"Feature","properties":{"name":"Renn Quarter Community Center (Private)","Location":"Community Center"},"geometry":{"type":"Polygon","coordinates":[[[-77.3884,39.4217],[-77.3886,39.4217],[-77.3888,39.4216],[-77.389,39.4215],[-77.3891,39.4214],[-77.3904,39.4207],[-77.3903,39.4207],[-77.3902,39.4207],[-77.3901,39.4207],[-77.39,39.4208],[-77.3899,39.4208],[-77.3898,39.4208],[-77.3897,39.4208],[-77.3896,39.4208],[-77.3895,39.4208],[-77.3894,39.4208],[-77.3893,39.4208],[-77.3892,39.4208],[-77.3891,39.4208],[-77.389,39.4208],[-77.3887,39.4208],[-77.3886,39.4213],[-77.3886,39.4214],[-77.3885,39.4215],[-77.3885,39.4216],[-77.3884,39.4217]]]}},{"type":"Feature","properties":{"name":"Hammaker Hills Phase 2 Passive Park ","Location":"Neighborhood Park"},"geometry":{"type":"Polygon","coordinates":[[[-77.4077,39.615],[-77.4077,39.6151],[-77.4074,39.6154],[-77.4076,39.6154],[-77.4081,39.6151],[-77.4082,39.6145],[-77.408,39.6146],[-77.4081,39.6148],[-77.4081,39.615],[-77.4077,39.615]]]}},{"type":"Feature","properties":{"name":"Multi-use Field","Location":"Community Park"},"geometry":{"type":"Polygon","coordinates":[[[-77.3298,39.7021],[-77.3308,39.7025],[-77.3308,39.7024],[-77.3315,39.7016],[-77.331,39.7014],[-77.3309,39.7014],[-77.3308,39.7014],[-77.3308,39.7013],[-77.3302,39.7013],[-77.3301,39.7013],[-77.3298,39.7013],[-77.3299,39.7013],[-77.3299,39.7015],[-77.3298,39.7015],[-77.3297,39.7018],[-77.3297,39.7019],[-77.3298,39.7019],[-77.3298,39.7021]]]}},{"type":"Feature","properties":{"name":"Free Medwid Park HOA","Location":"Neighborhood Park"},"geometry":{"type":"Polygon","coordinates":[[[-77.4392,39.4407],[-77.4392,39.4408],[-77.4392,39.4409],[-77.4392,39.441],[-77.4392,39.4411],[-77.4392,39.4412],[-77.4393,39.4412],[-77.4393,39.4411],[-77.4394,39.4411],[-77.4394,39.441],[-77.4395,39.4409],[-77.4395,39.4408],[-77.4396,39.4407],[-77.4396,39.4406],[-77.4397,39.4406],[-77.4398,39.4406],[-77.4398,39.4405],[-77.4399,39.4405],[-77.44,39.4406],[-77.4401,39.4406],[-77.4402,39.4406],[-77.4403,39.4406],[-77.4404,39.4406],[-77.4405,39.4406],[-77.4407,39.4406],[-77.4408,39.4406],[-77.4409,39.4406],[-77.4406,39.4406],[-77.4405,39.4406],[-77.4404,39.4406],[-77.4403,39.4406],[-77.4402,39.4406],[-77.4401,39.4406],[-77.44,39.4405],[-77.4399,39.4405],[-77.4398,39.4405],[-77.4392,39.4407]]]}},{"type":"Feature","properties":{"name":"Mountain Gate Park","Location":"Community Park"},"geometry":{"type":"Polygon","coordinates":[[[-77.416,39.6134],[-77.4162,39.6134],[-77.4164,39.6135],[-77.4163,39.6137],[-77.4164,39.6138],[-77.4165,39.6138],[-77.4166,39.6138],[-77.4167,39.6138],[-77.4168,39.6137],[-77.4169,39.6137],[-77.417,39.6137],[-77.417,39.6136],[-77.4171,39.6136],[-77.4173,39.6134],[-77.4174,39.6133],[-77.4174,39.6132],[-77.4175,39.6132],[-77.4175,39.6131],[-77.4176,39.6131],[-77.4175,39.6131],[-77.4175,39.613],[-77.4174,39.613],[-77.4174,39.6129],[-77.4173,39.6129],[-77.4159,39.6122],[-77.4157,39.6123],[-77.4159,39.613],[-77.4159,39.6131],[-77.416,39.6134]]]}},{"type":"Feature","properties":{"name":"Linear Greenway Park","Location":"Community Park"},"geometry":{"type":"Polygon","coordinates":[[[-77.4368,39.4246],[-77.437,39.4246],[-77.437,39.4245],[-77.4371,39.4244],[-77.437,39.4241],[-77.4372,39.4241],[-77.4373,39.4241],[-77.4376,39.424],[-77.4383,39.4241],[-77.4385,39.424],[-77.4391,39.4239],[-77.4387,39.4235],[-77.4382,39.4238],[-77.4377,39.4236],[-77.4376,39.4236],[-77.4369,39.4237],[-77.4369,39.424],[-77.4369,39.4241],[-77.4368,39.4246]]]}},{"type":"Feature","properties":{"name":"Wormans Mill HOA Parkland (Private)","Location":"Neighborhood Park"},"geometry":{"type":"MultiPolygon","coordinates":[[[[-77.3876,39.4587],[-77.3876,39.4588],[-77.3875,39.4588],[-77.3875,39.4589],[-77.3875,39.459],[-77.3874,39.459],[-77.3874,39.4591],[-77.3873,39.4592],[-77.3872,39.4592],[-77.3872,39.4593],[-77.3872,39.4594],[-77.3873,39.4594],[-77.3874,39.4594],[-77.3875,39.4594],[-77.3876,39.4594],[-77.3876,39.4595],[-77.3877,39.4595],[-77.3879,39.4592],[-77.3882,39.4591],[-77.3879,39.4589],[-77.3877,39.4586],[-77.3876,39.4587]]],[[[-77.3874,39.4588],[-77.3873,39.4588],[-77.3873,39.4589],[-77.3872,39.4589],[-77.3872,39.459],[-77.3872,39.4591],[-77.3873,39.459],[-77.3874,39.459],[-77.3874,39.4589],[-77.3874,39.4588]]],[[[-77.3866,39.4591],[-77.3867,39.4591],[-77.3867,39.4592],[-77.3868,39.4592],[-77.3869,39.4592],[-77.387,39.4592],[-77.3871,39.4592],[-77.3871,39.459],[-77.3871,39.4589],[-77.3871,39.4588],[-77.3872,39.4588],[-77.3873,39.4588],[-77.3874,39.4587],[-77.3875,39.4587],[-77.3876,39.4586],[-77.387,39.4587],[-77.3866,39.4587],[-77.3866,39.4591]]],[[[-77.3863,39.4603],[-77.3864,39.4603],[-77.3865,39.4603],[-77.3866,39.4603],[-77.3867,39.4603],[-77.3867,39.4604],[-77.3868,39.4604],[-77.3868,39.4603],[-77.3869,39.4602],[-77.3869,39.4601],[-77.3869,39.46],[-77.3869,39.4599],[-77.3869,39.4598],[-77.3869,39.4597],[-77.3869,39.4596],[-77.3869,39.4595],[-77.387,39.4595],[-77.387,39.4594],[-77.3869,39.4594],[-77.3869,39.4593],[-77.3868,39.4593],[-77.3867,39.4593],[-77.3867,39.4594],[-77.3867,39.4595],[-77.3867,39.4596],[-77.3867,39.4598],[-77.3863,39.4597],[-77.3863,39.4598],[-77.3867,39.4598],[-77.3866,39.4599],[-77.3866,39.46],[-77.3866,39.4601],[-77.3866,39.4603],[-77.3863,39.4602],[-77.3863,39.4603]]],[[[-77.3871,39.46],[-77.3871,39.4601],[-77.3871,39.4602],[-77.3871,39.4603],[-77.387,39.4603],[-77.387,39.4604],[-77.3871,39.4604],[-77.3871,39.4605],[-77.3872,39.4603],[-77.3873,39.4602],[-77.3874,39.4602],[-77.3875,39.46],[-77.3878,39.4602],[-77.3875,39.46],[-77.3876,39.4599],[-77.3876,39.4598],[-77.3877,39.4597],[-77.3878,39.4596],[-77.388,39.4597],[-77.388,39.4596],[-77.3879,39.4596],[-77.3878,39.4596],[-77.3877,39.4596],[-77.3876,39.4596],[-77.3875,39.4596],[-77.3875,39.4595],[-77.3874,39.4595],[-77.3873,39.4595],[-77.3872,39.4595],[-77.3871,39.4596],[-77.3871,39.4597],[-77.3871,39.4598],[-77.3871,39.4599],[-77.3871,39.46]]],[[[-77.383,39.46],[-77.3829,39.46],[-77.3829,39.4601],[-77.3828,39.4601],[-77.3828,39.4602],[-77.3828,39.4603],[-77.3828,39.4604],[-77.3828,39.4605],[-77.3828,39.4606],[-77.3829,39.4606],[-77.3829,39.4607],[-77.383,39.4607],[-77.3831,39.4607],[-77.3832,39.4607],[-77.3832,39.4606],[-77.3833,39.4606],[-77.3833,39.4605],[-77.3833,39.4604],[-77.3833,39.4603],[-77.3833,39.4602],[-77.3833,39.4601],[-77.3832,39.4601],[-77.3832,39.46],[-77.3831,39.46],[-77.383,39.46]]],[[[-77.3863,39.4608],[-77.3864,39.4608],[-77.3865,39.4607],[-77.3866,39.4607],[-77.3866,39.4606],[-77.3866,39.4605],[-77.3865,39.4605],[-77.3864,39.4605],[-77.3863,39.4608]]],[[[-77.3869,39.4606],[-77.3868,39.4607],[-77.3867,39.4608],[-77.3866,39.4608],[-77.3866,39.4609],[-77.3865,39.4609],[-77.3864,39.4609],[-77.3864,39.461],[-77.3863,39.461],[-77.3862,39.461],[-77.3862,39.4611],[-77.3862,39.4612],[-77.3861,39.4612],[-77.3861,39.4613],[-77.3861,39.4614],[-77.3862,39.4614],[-77.3862,39.4615],[-77.3863,39.4615],[-77.3864,39.4615],[-77.3865,39.4615],[-77.3865,39.4616],[-77.3866,39.4616],[-77.3867,39.4616],[-77.3864,39.4614],[-77.3865,39.4613],[-77.3865,39.4612],[-77.3866,39.4611],[-77.3867,39.461],[-77.3867,39.4609],[-77.3868,39.4609],[-77.3869,39.4608],[-77.387,39.4606],[-77.3869,39.4606]]],[[[-77.3892,39.4613],[-77.3888,39.4618],[-77.3891,39.462],[-77.3892,39.462],[-77.3896,39.4615],[-77.3896,39.4614],[-77.3895,39.4614],[-77.3893,39.4613],[-77.3892,39.4613]]],[[[-77.3884,39.4628],[-77.3891,39.4632],[-77.3892,39.463],[-77.3886,39.4626],[-77.3884,39.4628]]],[[[-77.3933,39.4633],[-77.393,39.4635],[-77.393,39.4636],[-77.3931,39.4636],[-77.3934,39.4637],[-77.3935,39.4635],[-77.3933,39.4633]]]]}},{"type":"Feature","properties":{"name":"Sycamore Ridge Playground #1","Location":"Neighborhood Park"},"geometry":{"type":"Polygon","coordinates":[[[-77.459,39.4383],[-77.4591,39.4383],[-77.4592,39.4382],[-77.4594,39.4381],[-77.4595,39.438],[-77.4596,39.4379],[-77.4597,39.4377],[-77.4598,39.4376],[-77.4599,39.4376],[-77.4598,39.4376],[-77.4595,39.4376],[-77.4594,39.4376],[-77.4595,39.4379],[-77.4594,39.4379],[-77.4593,39.4379],[-77.4592,39.4379],[-77.4591,39.4379],[-77.4591,39.438],[-77.459,39.438],[-77.4589,39.4377],[-77.459,39.438],[-77.4589,39.438],[-77.4588,39.438],[-77.4587,39.438],[-77.4586,39.438],[-77.4585,39.4381],[-77.4584,39.4381],[-77.4583,39.4382],[-77.4584,39.4382],[-77.4585,39.4382],[-77.4586,39.4382],[-77.4587,39.4382],[-77.4588,39.4382],[-77.4589,39.4382],[-77.459,39.4383]]]}},{"type":"Feature","properties":{"name":"Rails to Trails West","Location":"Community Trail"},"geometry":{"type":"Polygon","coordinates":[[[-77.1608,39.378],[-77.1609,39.3781],[-77.1612,39.3779],[-77.1622,39.377],[-77.1621,39.3769],[-77.162,39.3771],[-77.1619,39.3772],[-77.1611,39.3778],[-77.1608,39.378]]]}},{"type":"Feature","properties":{"name":"Linear Greenway Park","Location":"Community Park"},"geometry":{"type":"Polygon","coordinates":[[[-77.4403,39.4235],[-77.4404,39.4234],[-77.4409,39.4232],[-77.441,39.4231],[-77.4413,39.4231],[-77.4415,39.4232],[-77.4415,39.4233],[-77.4417,39.4232],[-77.4416,39.4231],[-77.4415,39.4228],[-77.4413,39.4229],[-77.441,39.4228],[-77.4405,39.4231],[-77.4402,39.4232],[-77.4403,39.4234],[-77.4403,39.4235]]]}},{"type":"Feature","properties":{"name":"Community Garden","Location":"Community Park"},"geometry":{"type":"Polygon","coordinates":[[[-77.1682,39.373],[-77.1685,39.3731],[-77.1688,39.3729],[-77.1691,39.3728],[-77.1694,39.3726],[-77.1696,39.3724],[-77.1699,39.3723],[-77.1689,39.3718],[-77.1688,39.3718],[-77.1687,39.3719],[-77.1687,39.372],[-77.1686,39.3721],[-77.1685,39.3722],[-77.1682,39.373]]]}},{"type":"Feature","properties":{"name":"Preserve at Tuscarora Park","Location":"Neighborhood Park"},"geometry":{"type":"MultiPolygon","coordinates":[[[[-77.4252,39.4701],[-77.4253,39.4701],[-77.4265,39.4705],[-77.4264,39.4703],[-77.4273,39.4701],[-77.4286,39.4702],[-77.43,39.47],[-77.4313,39.4699],[-77.4313,39.4696],[-77.4312,39.4693],[-77.4313,39.4693],[-77.4313,39.4692],[-77.4313,39.4691],[-77.4312,39.469],[-77.4312,39.4689],[-77.4312,39.4688],[-77.43,39.4688],[-77.4295,39.4688],[-77.4288,39.4691],[-77.4273,39.4695],[-77.4271,39.4691],[-77.427,39.4688],[-77.4258,39.4684],[-77.4248,39.4686],[-77.4249,39.4687],[-77.4252,39.4698],[-77.4252,39.4701]]],[[[-77.4315,39.4699],[-77.4316,39.4699],[-77.4316,39.47],[-77.4316,39.4701],[-77.4316,39.4702],[-77.4317,39.4701],[-77.4319,39.47],[-77.4321,39.4699],[-77.4323,39.4698],[-77.4327,39.4697],[-77.4331,39.4697],[-77.4342,39.4697],[-77.4344,39.4697],[-77.4346,39.4697],[-77.4348,39.4697],[-77.4351,39.4697],[-77.4353,39.4697],[-77.4354,39.4697],[-77.4356,39.4697],[-77.4359,39.4698],[-77.4361,39.4698],[-77.4363,39.4698],[-77.4365,39.4699],[-77.4376,39.47],[-77.4377,39.47],[-77.4376,39.4696],[-77.4374,39.4693],[-77.4364,39.4693],[-77.4354,39.4692],[-77.4352,39.4693],[-77.4322,39.4693],[-77.4316,39.4696],[-77.4315,39.4696],[-77.4315,39.4697],[-77.4315,39.4699]]]]}},{"type":"Feature","properties":{"name":"Rails to Trails West","Location":"Community Trail"},"geometry":{"type":"Polygon","coordinates":[[[-77.159,39.3788],[-77.1592,39.3788],[-77.1595,39.3788],[-77.1597,39.3787],[-77.1598,39.3787],[-77.1602,39.3786],[-77.1605,39.3784],[-77.1608,39.3783],[-77.161,39.3782],[-77.1611,39.3782],[-77.1613,39.3781],[-77.1616,39.378],[-77.1618,39.3777],[-77.1621,39.3774],[-77.1622,39.3773],[-77.1623,39.3772],[-77.1623,39.3771],[-77.1625,39.3769],[-77.1627,39.3767],[-77.1629,39.3764],[-77.1629,39.3763],[-77.1632,39.376],[-77.1636,39.3754],[-77.1638,39.3751],[-77.1642,39.375],[-77.1643,39.3748],[-77.1645,39.3745],[-77.1646,39.3745],[-77.1649,39.3741],[-77.1651,39.3738],[-77.1653,39.3736],[-77.1656,39.3733],[-77.1657,39.3733],[-77.1659,39.3731],[-77.1661,39.3729],[-77.166,39.3729],[-77.166,39.3728],[-77.1659,39.3728],[-77.1659,39.3727],[-77.1654,39.373],[-77.165,39.3733],[-77.1647,39.3735],[-77.1639,39.3742],[-77.1639,39.3744],[-77.1634,39.3751],[-77.1633,39.3753],[-77.1632,39.3753],[-77.163,39.3757],[-77.1629,39.3759],[-77.1625,39.3764],[-77.1625,39.3765],[-77.1621,39.3769],[-77.1622,39.377],[-77.1612,39.3779],[-77.1609,39.3781],[-77.1608,39.378],[-77.1608,39.3781],[-77.1602,39.3783],[-77.1598,39.3784],[-77.1596,39.3785],[-77.1583,39.3787],[-77.1584,39.3787],[-77.1584,39.3788],[-77.1588,39.3788],[-77.159,39.3788]]]}},{"type":"Feature","properties":{"name":"Linear Greenway Park","Location":"Neighborhood Park"},"geometry":{"type":"Polygon","coordinates":[[[-77.437,39.4246],[-77.437,39.4248],[-77.4371,39.4248],[-77.4371,39.4247],[-77.4372,39.4247],[-77.4373,39.4246],[-77.4374,39.4246],[-77.4375,39.4246],[-77.4376,39.4245],[-77.4377,39.4245],[-77.4378,39.4245],[-77.4379,39.4245],[-77.438,39.4245],[-77.4381,39.4244],[-77.4382,39.4244],[-77.4383,39.4244],[-77.4384,39.4244],[-77.4385,39.4244],[-77.4386,39.4244],[-77.4386,39.4243],[-77.4387,39.4243],[-77.4388,39.4242],[-77.4389,39.4242],[-77.439,39.4242],[-77.4391,39.4242],[-77.4391,39.4241],[-77.4392,39.424],[-77.4391,39.4239],[-77.4385,39.424],[-77.4383,39.4241],[-77.4376,39.424],[-77.4373,39.4241],[-77.4372,39.4241],[-77.437,39.4241],[-77.4371,39.4244],[-77.437,39.4245],[-77.437,39.4246]]]}},{"type":"Feature","properties":{"name":"Emmitsburg Farmers Market","Location":"Community Park"},"geometry":{"type":"Polygon","coordinates":[[[-77.3286,39.7008],[-77.3285,39.701],[-77.329,39.7011],[-77.3296,39.7011],[-77.3296,39.701],[-77.3297,39.7008],[-77.3292,39.7007],[-77.3291,39.7008],[-77.3286,39.7007],[-77.3286,39.7008]]]}},{"type":"Feature","properties":{"name":"Burnt Bridge Crossing Park","Location":"Community Park"},"geometry":{"type":"Polygon","coordinates":[[[-77.5613,39.4438],[-77.5613,39.4444],[-77.5613,39.4447],[-77.5613,39.4449],[-77.5613,39.4451],[-77.5613,39.4454],[-77.5613,39.4456],[-77.5613,39.4458],[-77.5613,39.4461],[-77.5613,39.4463],[-77.5612,39.4465],[-77.5612,39.4466],[-77.5612,39.4468],[-77.5611,39.4471],[-77.5611,39.4474],[-77.561,39.4476],[-77.561,39.448],[-77.5609,39.4483],[-77.5608,39.4486],[-77.5607,39.4491],[-77.5624,39.45],[-77.5624,39.4496],[-77.5624,39.4494],[-77.5624,39.4492],[-77.5624,39.4491],[-77.5625,39.449],[-77.5626,39.4488],[-77.5628,39.4485],[-77.5629,39.4484],[-77.563,39.4483],[-77.5633,39.4481],[-77.5635,39.448],[-77.5636,39.4479],[-77.5637,39.4479],[-77.5639,39.4477],[-77.5641,39.4476],[-77.5642,39.4475],[-77.5643,39.4473],[-77.5644,39.447],[-77.5644,39.4469],[-77.5644,39.4467],[-77.5644,39.4462],[-77.5643,39.446],[-77.5641,39.4459],[-77.564,39.4457],[-77.5639,39.4456],[-77.5638,39.4456],[-77.5636,39.4455],[-77.5633,39.4453],[-77.5632,39.4452],[-77.5632,39.4451],[-77.563,39.4449],[-77.5626,39.4446],[-77.5624,39.4444],[-77.5621,39.4441],[-77.5619,39.4439],[-77.5618,39.4438],[-77.5618,39.4437],[-77.5616,39.4435],[-77.5615,39.4433],[-77.5614,39.443],[-77.5614,39.4425],[-77.5613,39.443],[-77.5613,39.4438]]]}},{"type":"Feature","properties":{"name":"Ballenger Creek Park","Address":"5420 Ballenger Creek Pike"},"geometry":{"type":"Point","coordinates":[-77.44718,39.38301]}},{"type":"Feature","properties":{"name":"Buckeystown Park","Address":"7221 Michaels Mill Rd"},"geometry":{"type":"Point","coordinates":[-77.41507,39.32672]}},{"type":"Feature","properties":{"name":"Creagerstown Park","Address":"12014 Penterra Manor Ln"},"geometry":{"type":"Point","coordinates":[-77.35251,39.56512]}},{"type":"Feature","properties":{"name":"Fountain Rock Park","Address":"8511 Nature Center Pl"},"geometry":{"type":"Point","coordinates":[-77.36969,39.47564]}},{"type":"Feature","properties":{"name":"Kemptown Park","Address":"3456-B Kemptown Church Rd"},"geometry":{"type":"Point","coordinates":[-77.23629,39.33338]}},{"type":"Feature","properties":{"name":"Libertytown Park","Address":"12201 Liberty Rd"},"geometry":{"type":"Point","coordinates":[-77.23721,39.48316]}},{"type":"Feature","properties":{"name":"Loys Station Park","Address":"3600 Old Frederick Rd"},"geometry":{"type":"Point","coordinates":[-77.35203,39.60885]}},{"type":"Feature","properties":{"name":"Middletown Park","Address":"7628 Coblentz Rd"},"geometry":{"type":"Point","coordinates":[-77.52956,39.44586]}},{"type":"Feature","properties":{"name":"Pinecliff Park","Address":"8350 Pinecliff Park Rd"},"geometry":{"type":"Point","coordinates":[-77.3774,39.38978]}},{"type":"Feature","properties":{"name":"Point of Rocks Park","Address":"1637 Ballenger Creek Pike"},"geometry":{"type":"Point","coordinates":[-77.53638,39.27796]}},{"type":"Feature","properties":{"name":"Roddy Road Park","Address":"14760 Roddy Rd"},"geometry":{"type":"Point","coordinates":[-77.39429,39.6412]}},{"type":"Feature","properties":{"name":"Rose Hill Manor Park","Address":"1611 N Market St"},"geometry":{"type":"Point","coordinates":[-77.40554,39.43634]}},{"type":"Feature","properties":{"name":"Urbana Community Park","Address":"3636 Urbana Pike"},"geometry":{"type":"Point","coordinates":[-77.36162,39.32768]}},{"type":"Feature","properties":{"name":"Green Hill Park","Address":"2810 Decatur Dr"},"geometry":{"type":"Point","coordinates":[-77.47113,39.31122]}},{"type":"Feature","properties":{"name":"Utica District Park","Address":"10200-B Old Frederick Rd"},"geometry":{"type":"Point","coordinates":[-77.40271,39.51591]}},{"type":"Feature","properties":{"name":"Old National Pike Park","Address":"12406 Old National Pike"},"geometry":{"type":"Point","coordinates":[-77.22746,39.38014]}},{"type":"Feature","properties":{"name":"Urbana District Park","Address":"3805 Urbana Pike"},"geometry":{"type":"Point","coordinates":[-77.36331,39.33981]}},{"type":"Feature","properties":{"name":"Fountaindale Park","Address":"7213 Beechtree Dr"},"geometry":{"type":"Point","coordinates":[-77.51415,39.43117]}},{"type":"Feature","properties":{"name":"Catoctin Creek Park","Address":"2929 Sumantown Rd"},"geometry":{"type":"Point","coordinates":[-77.56478,39.39186]}},{"type":"Feature","properties":{"name":"Thurmont Recreation Center","Address":"408 E Main St"},"geometry":{"type":"Point","coordinates":[-77.40435,39.62088]}},{"type":"Feature","properties":{"name":"Deer Crossing Recreation Center","Address":"10601 Finn Dr"},"geometry":{"type":"Point","coordinates":[-77.29182,39.40358]}},{"type":"Feature","properties":{"name":"Oakdale Recreation Center","Address":"9850 Old National Pike"},"geometry":{"type":"Point","coordinates":[-77.31875,39.3957]}},{"type":"Feature","properties":{"name":"Centerville Recreation Center","Address":"3601 Carriage Hill Dr"},"geometry":{"type":"Point","coordinates":[-77.33412,39.33494]}},{"type":"Feature","properties":{"name":"Middletown Recreation Center","Address":"403 Franklin St"},"geometry":{"type":"Point","coordinates":[-77.53959,39.43695]}},{"type":"Feature","properties":{"name":"Tuscarora Recreation Center","Address":"6321 Lambert Dr"},"geometry":{"type":"Point","coordinates":[-77.44418,39.37038]}},{"type":"Feature","properties":{"name":"Walkersville Recreation Center","Address":"87 Frederick St"},"geometry":{"type":"Point","coordinates":[-77.36258,39.4743]}},{"type":"Feature","properties":{"name":"Othello Regoinal Park","Address":"1901A Jefferson Pike"},"geometry":{"type":"Point","coordinates":[-77.60394,39.34498]}},{"type":"Feature","properties":{"name":"Richard W. Kanode Farm Park","Address":"8213A Stevens Rd"},"geometry":{"type":"Point","coordinates":[-77.38008,39.55475]}},{"type":"Feature","properties":{"name":"Calico Rocks Regional Park","Address":"2141 Ballenger Creek Pike"},"geometry":{"type":"Point","coordinates":[-77.51873,39.28207]}},{"type":"Feature","properties":{"name":"Rock Creek Recreation Center","Address":"55-B West Frederick St"},"geometry":{"type":"Point","coordinates":[-77.35428,39.48067]}}]}
