{"type":"FeatureCollection","features":[{"type":"Feature","properties":{"land_value":50000},"geometry":{"type":"Polygon","coordinates":[[[-77.58627763166467,39.25755062955788],[-77.58918821965943,39.26144480096352],[-77.59500939564896,39.26144480096352],[-77.59791998364372,39.25755062955788],[-77.59500939564896,39.25365645815225],[-77.58918821965943,39.25365645815225],[-77.58627763166467,39.25755062955788]]]}},{"type":"Feature","properties":{"land_value":50000},"geometry":{"type":"Polygon","coordinates":[[[-77.58627763166467,39.26533897236914],[-77.58918821965943,39.26923314377478],[-77.59500939564896,39.26923314377478],[-77.59791998364372,39.26533897236914],[-77.59500939564896,39.26144480096351],[-77.58918821965943,39.26144480096351],[-77.58627763166467,39.26533897236914]]]}},{"type":"Feature","properties":{"land_value":50000},"geometry":{"type":"Polygon","coordinates":[[[-77.58627763166467,39.2731273151804],[-77.58918821965943,39.27702148658604],[-77.59500939564896,39.27702148658604],[-77.59791998364372,39.2731273151804],[-77.59500939564896,39.26923314377477],[-77.58918821965943,39.26923314377477],[-77.58627763166467,39.2731273151804]]]}},{"type":"Feature","properties":{"land_value":50000},"geometry":{"type":"Polygon","coordinates":[[[-77.58627763166467,39.28091565799166],[-77.58918821965943,39.2848098293973],[-77.59500939564896,39.2848098293973],[-77.59791998364372,39.28091565799166],[-77.59500939564896,39.27702148658603],[-77.58918821965943,39.27702148658603],[-77.58627763166467,39.28091565799166]]]}},{"type":"Feature","properties":{"land_value":50000},"geometry":{"type":"Polygon","coordinates":[[[-77.58627763166467,39.28870400080293],[-77.58918821965943,39.292598172208564],[-77.59500939564896,39.292598172208564],[-77.59791998364372,39.28870400080293],[-77.59500939564896,39.2848098293973],[-77.58918821965943,39.2848098293973],[-77.58627763166467,39.28870400080293]]]}},{"type":"Feature","properties":{"land_value":50000},"geometry":{"type":"Polygon","coordinates":[[[-77.58627763166467,39.29649234361419],[-77.58918821965943,39.300386515019824],[-77.59500939564896,39.300386515019824],[-77.59791998364372,39.29649234361419],[-77.59500939564896,39.29259817220856],[-77.58918821965943,39.29259817220856],[-77.58627763166467,39.29649234361419]]]}},{"type":"Feature","properties":{"land_value":50000},"geometry":{"type":"Polygon","coordinates":[[[-77.58627763166467,39.30428068642545],[-77.58918821965943,39.308174857831084],[-77.59500939564896,39.308174857831084],[-77.59791998364372,39.30428068642545],[-77.59500939564896,39.30038651501982],[-77.58918821965943,39.30038651501982],[-77.58627763166467,39.30428068642545]]]}},{"type":"Feature","properties":{"land_value":50000},"geometry":{"type":"Polygon","coordinates":[[[-77.58627763166467,39.31206902923671],[-77.58918821965943,39.315963200642344],[-77.59500939564896,39.315963200642344],[-77.59791998364372,39.31206902923671],[-77.59500939564896,39.30817485783108],[-77.58918821965943,39.30817485783108],[-77.58627763166467,39.31206902923671]]]}},{"type":"Feature","properties":{"land_value":50000},"geometry":{"type":"Polygon","coordinates":[[[-77.58627763166467,39.31985737204797],[-77.58918821965943,39.323751543453604],[-77.59500939564896,39.323751543453604],[-77.59791998364372,39.31985737204797],[-77.59500939564896,39.31596320064234],[-77.58918821965943,39.31596320064234],[-77.58627763166467,39.31985737204797]]]}},{"type":"Feature","properties":{"land_value":50000},"geometry":{"type":"Polygon","coordinates":[[[-77.58627763166467,39.32764571485923],[-77.58918821965943,39.33153988626486],[-77.59500939564896,39.33153988626486],[-77.59791998364372,39.32764571485923],[-77.59500939564896,39.3237515434536],[-77.58918821965943,39.3237515434536],[-77.58627763166467,39.32764571485923]]]}},{"type":"Feature","properties":{"land_value":50000},"geometry":{"type":"Polygon","coordinates":[[[-77.58627763166467,39.3354340576705],[-77.58918821965943,39.33932822907613],[-77.59500939564896,39.33932822907613],[-77.59791998364372,39.3354340576705],[-77.59500939564896,39.33153988626486],[-77.58918821965943,39.33153988626486],[-77.58627763166467,39.3354340576705]]]}},{"type":"Feature","properties":{"land_value":50000},"geometry":{"type":"Polygon","coordinates":[[[-77.58627763166467,39.34322240048176],[-77.58918821965943,39.34711657188739],[-77.59500939564896,39.34711657188739],[-77.59791998364372,39.34322240048176],[-77.59500939564896,39.33932822907612],[-77.58918821965943,39.33932822907612],[-77.58627763166467,39.34322240048176]]]}},{"type":"Feature","properties":{"land_value":50000},"geometry":{"type":"Polygon","coordinates":[[[-77.58627763166467,39.35101074329302],[-77.58918821965943,39.35490491469865],[-77.59500939564896,39.35490491469865],[-77.59791998364372,39.35101074329302],[-77.59500939564896,39.34711657188738],[-77.58918821965943,39.34711657188738],[-77.58627763166467,39.35101074329302]]]}},{"type":"Feature","properties":{"land_value":50000},"geometry":{"type":"Polygon","coordinates":[[[-77.58627763166467,39.35879908610428],[-77.58918821965943,39.36269325750991],[-77.59500939564896,39.36269325750991],[-77.59791998364372,39.35879908610428],[-77.59500939564896,39.35490491469864],[-77.58918821965943,39.35490491469864],[-77.58627763166467,39.35879908610428]]]}},{"type":"Feature","properties":{"land_value":50000},"geometry":{"type":"Polygon","coordinates":[[[-77.58627763166467,39.36658742891554],[-77.58918821965943,39.37048160032117],[-77.59500939564896,39.37048160032117],[-77.59791998364372,39.36658742891554],[-77.59500939564896,39.3626932575099],[-77.58918821965943,39.3626932575099],[-77.58627763166467,39.36658742891554]]]}},{"type":"Feature","properties":{"land_value":50000},"geometry":{"type":"Polygon","coordinates":[[[-77.58627763166467,39.3743757717268],[-77.58918821965943,39.37826994313243],[-77.59500939564896,39.37826994313243],[-77.59791998364372,39.3743757717268],[-77.59500939564896,39.37048160032116],[-77.58918821965943,39.37048160032116],[-77.58627763166467,39.3743757717268]]]}},{"type":"Feature","properties":{"land_value":50000},"geometry":{"type":"Polygon","coordinates":[[[-77.58627763166467,39.382164114538064],[-77.58918821965943,39.3860582859437],[-77.59500939564896,39.3860582859437],[-77.59791998364372,39.382164114538064],[-77.59500939564896,39.37826994313243],[-77.58918821965943,39.37826994313243],[-77.58627763166467,39.382164114538064]]]}},{"type":"Feature","properties":{"land_value":50000},"geometry":{"type":"Polygon","coordinates":[[[-77.58627763166467,39.389952457349324],[-77.58918821965943,39.39384662875496],[-77.59500939564896,39.39384662875496],[-77.59791998364372,39.389952457349324],[-77.59500939564896,39.38605828594369],[-77.58918821965943,39.38605828594369],[-77.58627763166467,39.389952457349324]]]}},{"type":"Feature","properties":{"land_value":50000},"geometry":{"type":"Polygon","coordinates":[[[-77.58627763166467,39.397740800160584],[-77.58918821965943,39.40163497156622],[-77.59500939564896,39.40163497156622],[-77.59791998364372,39.397740800160584],[-77.59500939564896,39.39384662875495],[-77.58918821965943,39.39384662875495],[-77.58627763166467,39.397740800160584]]]}},{"type":"Feature","properties":{"land_value":50000},"geometry":{"type":"Polygon","coordinates":[[[-77.58627763166467,39.405529142971844],[-77.58918821965943,39.40942331437748],[-77.59500939564896,39.40942331437748],[-77.59791998364372,39.405529142971844],[-77.59500939564896,39.40163497156621],[-77.58918821965943,39.40163497156621],[-77.58627763166467,39.405529142971844]]]}},{"type":"Feature","properties":{"land_value":50000},"geometry":{"type":"Polygon","coordinates":[[[-77.58627763166467,39.413317485783104],[-77.58918821965943,39.41721165718874],[-77.59500939564896,39.41721165718874],[-77.59791998364372,39.413317485783104],[-77.59500939564896,39.40942331437747],[-77.58918821965943,39.40942331437747],[-77.58627763166467,39.413317485783104]]]}},{"type":"Feature","properties":{"land_value":50000},"geometry":{"type":"Polygon","coordinates":[[[-77.58627763166467,39.421105828594364],[-77.58918821965943,39.425],[-77.59500939564896,39.425],[-77.59791998364372,39.421105828594364],[-77.59500939564896,39.41721165718873],[-77.58918821965943,39.41721165718873],[-77.58627763166467,39.421105828594364]]]}},{"type":"Feature","properties":{"land_value":50000},"geometry":{"type":"Polygon","coordinates":[[[-77.58627763166467,39.42889417140563],[-77.58918821965943,39.432788342811264],[-77.59500939564896,39.432788342811264],[-77.59791998364372,39.42889417140563],[-77.59500939564896,39.425],[-77.58918821965943,39.425],[-77.58627763166467,39.42889417140563]]]}},{"type":"Feature","properties":{"land_value":50000},"geometry":{"type":"Polygon","coordinates":[[[-77.58627763166467,39.43668251421689],[-77.58918821965943,39.440576685622524],[-77.59500939564896,39.440576685622524],[-77.59791998364372,39.43668251421689],[-77.59500939564896,39.43278834281126],[-77.58918821965943,39.43278834281126],[-77.58627763166467,39.43668251421689]]]}},{"type":"Feature","properties":{"land_value":50000},"geometry":{"type":"Polygon","coordinates":[[[-77.58627763166467,39.44447085702815],[-77.58918821965943,39.448365028433784],[-77.59500939564896,39.448365028433784],[-77.59791998364372,39.44447085702815],[-77.59500939564896,39.44057668562252],[-77.58918821965943,39.44057668562252],[-77.58627763166467,39.44447085702815]]]}},{"type":"Feature","properties":{"land_value":50000},"geometry":{"type":"Polygon","coordinates":[[[-77.58627763166467,39.45225919983941],[-77.58918821965943,39.456153371245044],[-77.59500939564896,39.456153371245044],[-77.59791998364372,39.45225919983941],[-77.59500939564896,39.44836502843378],[-77.58918821965943,39.44836502843378],[-77.58627763166467,39.45225919983941]]]}},{"type":"Feature","properties":{"land_value":50000},"geometry":{"type":"Polygon","coordinates":[[[-77.58627763166467,39.46004754265067],[-77.58918821965943,39.463941714056304],[-77.59500939564896,39.463941714056304],[-77.59791998364372,39.46004754265067],[-77.59500939564896,39.45615337124504],[-77.58918821965943,39.45615337124504],[-77.58627763166467,39.46004754265067]]]}},{"type":"Feature","properties":{"land_value":50000},"geometry":{"type":"Polygon","coordinates":[[[-77.58627763166467,39.46783588546193],[-77.58918821965943,39.471730056867564],[-77.59500939564896,39.471730056867564],[-77.59791998364372,39.46783588546193],[-77.59500939564896,39.4639417140563],[-77.58918821965943,39.4639417140563],[-77.58627763166467,39.46783588546193]]]}},{"type":"Feature","properties":{"land_value":50000},"geometry":{"type":"Polygon","coordinates":[[[-77.58627763166467,39.4756242282732],[-77.58918821965943,39.47951839967883],[-77.59500939564896,39.47951839967883],[-77.59791998364372,39.4756242282732],[-77.59500939564896,39.471730056867564],[-77.58918821965943,39.471730056867564],[-77.58627763166467,39.4756242282732]]]}},{"type":"Feature","properties":{"land_value":50000},"geometry":{"type":"Polygon","coordinates":[[[-77.58627763166467,39.48341257108446],[-77.58918821965943,39.48730674249009],[-77.59500939564896,39.48730674249009],[-77.59791998364372,39.48341257108446],[-77.59500939564896,39.479518399678824],[-77.58918821965943,39.479518399678824],[-77.58627763166467,39.48341257108446]]]}},{"type":"Feature","properties":{"land_value":50000},"geometry":{"type":"Polygon","coordinates":[[[-77.58627763166467,39.49120091389572],[-77.58918821965943,39.49509508530135],[-77.59500939564896,39.49509508530135],[-77.59791998364372,39.49120091389572],[-77.59500939564896,39.487306742490084],[-77.58918821965943,39.487306742490084],[-77.58627763166467,39.49120091389572]]]}},{"type":"Feature","properties":{"land_value":50000},"geometry":{"type":"Polygon","coordinates":[[[-77.58627763166467,39.49898925670698],[-77.58918821965943,39.50288342811261],[-77.59500939564896,39.50288342811261],[-77.59791998364372,39.49898925670698],[-77.59500939564896,39.495095085301344],[-77.58918821965943,39.495095085301344],[-77.58627763166467,39.49898925670698]]]}},{"type":"Feature","properties":{"land_value":50000},"geometry":{"type":"Polygon","coordinates":[[[-77.58627763166467,39.50677759951824],[-77.58918821965943,39.51067177092387],[-77.59500939564896,39.51067177092387],[-77.59791998364372,39.50677759951824],[-77.59500939564896,39.502883428112604],[-77.58918821965943,39.502883428112604],[-77.58627763166467,39.50677759951824]]]}},{"type":"Feature","properties":{"land_value":50000},"geometry":{"type":"Polygon","coordinates":[[[-77.58627763166467,39.5145659423295],[-77.58918821965943,39.51846011373513],[-77.59500939564896,39.51846011373513],[-77.59791998364372,39.5145659423295],[-77.59500939564896,39.510671770923864],[-77.58918821965943,39.510671770923864],[-77.58627763166467,39.5145659423295]]]}},{"type":"Feature","properties":{"land_value":50000},"geometry":{"type":"Polygon","coordinates":[[[-77.58627763166467,39.522354285140764],[-77.58918821965943,39.5262484565464],[-77.59500939564896,39.5262484565464],[-77.59791998364372,39.522354285140764],[-77.59500939564896,39.51846011373513],[-77.58918821965943,39.51846011373513],[-77.58627763166467,39.522354285140764]]]}},{"type":"Feature","properties":{"land_value":50000},"geometry":{"type":"Polygon","coordinates":[[[-77.58627763166467,39.530142627952024],[-77.58918821965943,39.53403679935766],[-77.59500939564896,39.53403679935766],[-77.59791998364372,39.530142627952024],[-77.59500939564896,39.52624845654639],[-77.58918821965943,39.52624845654639],[-77.58627763166467,39.530142627952024]]]}},{"type":"Feature","properties":{"land_value":50000},"geometry":{"type":"Polygon","coordinates":[[[-77.58627763166467,39.537930970763284],[-77.58918821965943,39.54182514216892],[-77.59500939564896,39.54182514216892],[-77.59791998364372,39.537930970763284],[-77.59500939564896,39.53403679935765],[-77.58918821965943,39.53403679935765],[-77.58627763166467,39.537930970763284]]]}},{"type":"Feature","properties":{"land_value":50000},"geometry":{"type":"Polygon","coordinates":[[[-77.58627763166467,39.545719313574544],[-77.58918821965943,39.54961348498018],[-77.59500939564896,39.54961348498018],[-77.59791998364372,39.545719313574544],[-77.59500939564896,39.54182514216891],[-77.58918821965943,39.54182514216891],[-77.58627763166467,39.545719313574544]]]}},{"type":"Feature","properties":{"land_value":50000},"geometry":{"type":"Polygon","coordinates":[[[-77.58627763166467,39.553507656385804],[-77.58918821965943,39.55740182779144],[-77.59500939564896,39.55740182779144],[-77.59791998364372,39.553507656385804],[-77.59500939564896,39.54961348498017],[-77.58918821965943,39.54961348498017],[-77.58627763166467,39.553507656385804]]]}},{"type":"Feature","properties":{"land_value":50000},"geometry":{"type":"Polygon","coordinates":[[[-77.58627763166467,39.561295999197064],[-77.58918821965943,39.5651901706027],[-77.59500939564896,39.5651901706027],[-77.59791998364372,39.561295999197064],[-77.59500939564896,39.55740182779143],[-77.58918821965943,39.55740182779143],[-77.58627763166467,39.561295999197064]]]}},{"type":"Feature","properties":{"land_value":50000},"geometry":{"type":"Polygon","coordinates":[[[-77.58627763166467,39.56908434200833],[-77.58918821965943,39.572978513413965],[-77.59500939564896,39.572978513413965],[-77.59791998364372,39.56908434200833],[-77.59500939564896,39.5651901706027],[-77.58918821965943,39.5651901706027],[-77.58627763166467,39.56908434200833]]]}},{"type":"Feature","properties":{"land_value":50000},"geometry":{"type":"Polygon","coordinates":[[[-77.58627763166467,39.57687268481959],[-77.58918821965943,39.580766856225225],[-77.59500939564896,39.580766856225225],[-77.59791998364372,39.57687268481959],[-77.59500939564896,39.57297851341396],[-77.58918821965943,39.57297851341396],[-77.58627763166467,39.57687268481959]]]}},{"type":"Feature","properties":{"land_value":50000},"geometry":{"type":"Polygon","coordinates":[[[-77.58627763166467,39.58466102763085],[-77.58918821965943,39.588555199036485],[-77.59500939564896,39.588555199036485],[-77.59791998364372,39.58466102763085],[-77.59500939564896,39.58076685622522],[-77.58918821965943,39.58076685622522],[-77.58627763166467,39.58466102763085]]]}},{"type":"Feature","properties":{"land_value":50000},"geometry":{"type":"Polygon","coordinates":[[[-77.58627763166467,39.59244937044211],[-77.58918821965943,39.596343541847745],[-77.59500939564896,39.596343541847745],[-77.59791998364372,39.59244937044211],[-77.59500939564896,39.58855519903648],[-77.58918821965943,39.58855519903648],[-77.58627763166467,39.59244937044211]]]}},{"type":"Feature","properties":{"land_value":50000},"geometry":{"type":"Polygon","coordinates":[[[-77.57754586768039,39.26144480096351],[-77.58045645567515,39.26533897236914],[-77.58627763166467,39.26533897236914],[-77.58918821965943,39.26144480096351],[-77.58627763166467,39.257550629557876],[-77.58045645567515,39.257550629557876],[-77.57754586768039,39.26144480096351]]]}},{"type":"Feature","properties":{"land_value":50000},"geometry":{"type":"Polygon","coordinates":[[[-77.57754586768039,39.26923314377477],[-77.58045645567515,39.2731273151804],[-77.58627763166467,39.2731273151804],[-77.58918821965943,39.26923314377477],[-77.58627763166467,39.265338972369136],[-77.58045645567515,39.265338972369136],[-77.57754586768039,39.26923314377477]]]}},{"type":"Feature","properties":{"land_value":50000},"geometry":{"type":"Polygon","coordinates":[[[-77.57754586768039,39.27702148658603],[-77.58045645567515,39.28091565799166],[-77.58627763166467,39.28091565799166],[-77.58918821965943,39.27702148658603],[-77.58627763166467,39.273127315180396],[-77.58045645567515,39.273127315180396],[-77.57754586768039,39.27702148658603]]]}},{"type":"Feature","properties":{"land_value":50000},"geometry":{"type":"Polygon","coordinates":[[[-77.57754586768039,39.2848098293973],[-77.58045645567515,39.28870400080293],[-77.58627763166467,39.28870400080293],[-77.58918821965943,39.2848098293973],[-77.58627763166467,39.28091565799166],[-77.58045645567515,39.28091565799166],[-77.57754586768039,39.2848098293973]]]}},{"type":"Feature","properties":{"land_value":50000},"geometry":{"type":"Polygon","coordinates":[[[-77.57754586768039,39.29259817220856],[-77.58045645567515,39.29649234361419],[-77.58627763166467,39.29649234361419],[-77.58918821965943,39.29259817220856],[-77.58627763166467,39.28870400080292],[-77.58045645567515,39.28870400080292],[-77.57754586768039,39.29259817220856]]]}},{"type":"Feature","properties":{"land_value":50000},"geometry":{"type":"Polygon","coordinates":[[[-77.57754586768039,39.30038651501982],[-77.58045645567515,39.30428068642545],[-77.58627763166467,39.30428068642545],[-77.58918821965943,39.30038651501982],[-77.58627763166467,39.29649234361418],[-77.58045645567515,39.29649234361418],[-77.57754586768039,39.30038651501982]]]}},{"type":"Feature","properties":{"land_value":50000},"geometry":{"type":"Polygon","coordinates":[[[-77.57754586768039,39.30817485783108],[-77.58045645567515,39.31206902923671],[-77.58627763166467,39.31206902923671],[-77.58918821965943,39.30817485783108],[-77.58627763166467,39.30428068642544],[-77.58045645567515,39.30428068642544],[-77.57754586768039,39.30817485783108]]]}},{"type":"Feature","properties":{"land_value":50000},"geometry":{"type":"Polygon","coordinates":[[[-77.57754586768039,39.31596320064234],[-77.58045645567515,39.31985737204797],[-77.58627763166467,39.31985737204797],[-77.58918821965943,39.31596320064234],[-77.58627763166467,39.3120690292367],[-77.58045645567515,39.3120690292367],[-77.57754586768039,39.31596320064234]]]}},{"type":"Feature","properties":{"land_value":50000},"geometry":{"type":"Polygon","coordinates":[[[-77.57754586768039,39.3237515434536],[-77.58045645567515,39.32764571485923],[-77.58627763166467,39.32764571485923],[-77.58918821965943,39.3237515434536],[-77.58627763166467,39.31985737204796],[-77.58045645567515,39.31985737204796],[-77.57754586768039,39.3237515434536]]]}},{"type":"Feature","properties":{"land_value":50000},"geometry":{"type":"Polygon","coordinates":[[[-77.57754586768039,39.33153988626486],[-77.58045645567515,39.3354340576705],[-77.58627763166467,39.3354340576705],[-77.58918821965943,39.33153988626486],[-77.58627763166467,39.32764571485923],[-77.58045645567515,39.32764571485923],[-77.57754586768039,39.33153988626486]]]}},{"type":"Feature","properties":{"land_value":50000},"geometry":{"type":"Polygon","coordinates":[[[-77.57754586768039,39.33932822907612],[-77.58045645567515,39.34322240048176],[-77.58627763166467,39.34322240048176],[-77.58918821965943,39.33932822907612],[-77.58627763166467,39.33543405767049],[-77.58045645567515,39.33543405767049],[-77.57754586768039,39.33932822907612]]]}},{"type":"Feature","properties":{"land_value":50000},"geometry":{"type":"Polygon","coordinates":[[[-77.57754586768039,39.34711657188738],[-77.58045645567515,39.35101074329302],[-77.58627763166467,39.35101074329302],[-77.58918821965943,39.34711657188738],[-77.58627763166467,39.34322240048175],[-77.58045645567515,39.34322240048175],[-77.57754586768039,39.34711657188738]]]}},{"type":"Feature","properties":{"land_value":50000},"geometry":{"type":"Polygon","coordinates":[[[-77.57754586768039,39.35490491469864],[-77.58045645567515,39.35879908610428],[-77.58627763166467,39.35879908610428],[-77.58918821965943,39.35490491469864],[-77.58627763166467,39.35101074329301],[-77.58045645567515,39.35101074329301],[-77.57754586768039,39.35490491469864]]]}},{"type":"Feature","properties":{"land_value":50000},"geometry":{"type":"Polygon","coordinates":[[[-77.57754586768039,39.3626932575099],[-77.58045645567515,39.36658742891554],[-77.58627763166467,39.36658742891554],[-77.58918821965943,39.3626932575099],[-77.58627763166467,39.35879908610427],[-77.58045645567515,39.35879908610427],[-77.57754586768039,39.3626932575099]]]}},{"type":"Feature","properties":{"land_value":50000},"geometry":{"type":"Polygon","coordinates":[[[-77.57754586768039,39.37048160032116],[-77.58045645567515,39.3743757717268],[-77.58627763166467,39.3743757717268],[-77.58918821965943,39.37048160032116],[-77.58627763166467,39.36658742891553],[-77.58045645567515,39.36658742891553],[-77.57754586768039,39.37048160032116]]]}},{"type":"Feature","properties":{"land_value":50000},"geometry":{"type":"Polygon","coordinates":[[[-77.57754586768039,39.37826994313243],[-77.58045645567515,39.382164114538064],[-77.58627763166467,39.382164114538064],[-77.58918821965943,39.37826994313243],[-77.58627763166467,39.3743757717268],[-77.58045645567515,39.3743757717268],[-77.57754586768039,39.37826994313243]]]}},{"type":"Feature","properties":{"land_value":50000},"geometry":{"type":"Polygon","coordinates":[[[-77.57754586768039,39.38605828594369],[-77.58045645567515,39.389952457349324],[-77.58627763166467,39.389952457349324],[-77.58918821965943,39.38605828594369],[-77.58627763166467,39.38216411453806],[-77.58045645567515,39.38216411453806],[-77.57754586768039,39.38605828594369]]]}},{"type":"Feature","properties":{"land_value":50000},"geometry":{"type":"Polygon","coordinates":[[[-77.57754586768039,39.39384662875495],[-77.58045645567515,39.397740800160584],[-77.58627763166467,39.397740800160584],[-77.58918821965943,39.39384662875495],[-77.58627763166467,39.38995245734932],[-77.58045645567515,39.38995245734932],[-77.57754586768039,39.39384662875495]]]}},{"type":"Feature","properties":{"land_value":50000},"geometry":{"type":"Polygon","coordinates":[[[-77.57754586768039,39.40163497156621],[-77.58045645567515,39.405529142971844],[-77.58627763166467,39.405529142971844],[-77.58918821965943,39.40163497156621],[-77.58627763166467,39.39774080016058],[-77.58045645567515,39.39774080016058],[-77.57754586768039,39.40163497156621]]]}},{"type":"Feature","properties":{"land_value":50000},"geometry":{"type":"Polygon","coordinates":[[[-77.57754586768039,39.40942331437747],[-77.58045645567515,39.413317485783104],[-77.58627763166467,39.413317485783104],[-77.58918821965943,39.40942331437747],[-77.58627763166467,39.40552914297184],[-77.58045645567515,39.40552914297184],[-77.57754586768039,39.40942331437747]]]}},{"type":"Feature","properties":{"land_value":50000},"geometry":{"type":"Polygon","coordinates":[[[-77.57754586768039,39.41721165718873],[-77.58045645567515,39.421105828594364],[-77.58627763166467,39.421105828594364],[-77.58918821965943,39.41721165718873],[-77.58627763166467,39.4133174857831],[-77.58045645567515,39.4133174857831],[-77.57754586768039,39.41721165718873]]]}},{"type":"Feature","properties":{"land_value":50000},"geometry":{"type":"Polygon","coordinates":[[[-77.57754586768039,39.425],[-77.58045645567515,39.42889417140563],[-77.58627763166467,39.42889417140563],[-77.58918821965943,39.425],[-77.58627763166467,39.421105828594364],[-77.58045645567515,39.421105828594364],[-77.57754586768039,39.425]]]}},{"type":"Feature","properties":{"land_value":50000},"geometry":{"type":"Polygon","coordinates":[[[-77.57754586768039,39.43278834281126],[-77.58045645567515,39.43668251421689],[-77.58627763166467,39.43668251421689],[-77.58918821965943,39.43278834281126],[-77.58627763166467,39.428894171405624],[-77.58045645567515,39.428894171405624],[-77.57754586768039,39.43278834281126]]]}},{"type":"Feature","properties":{"land_value":50000},"geometry":{"type":"Polygon","coordinates":[[[-77.57754586768039,39.44057668562252],[-77.58045645567515,39.44447085702815],[-77.58627763166467,39.44447085702815],[-77.58918821965943,39.44057668562252],[-77.58627763166467,39.43668251421688],[-77.58045645567515,39.43668251421688],[-77.57754586768039,39.44057668562252]]]}},{"type":"Feature","properties":{"land_value":50000},"geometry":{"type":"Polygon","coordinates":[[[-77.57754586768039,39.44836502843378],[-77.58045645567515,39.45225919983941],[-77.58627763166467,39.45225919983941],[-77.58918821965943,39.44836502843378],[-77.58627763166467,39.44447085702814],[-77.58045645567515,39.44447085702814],[-77.57754586768039,39.44836502843378]]]}},{"type":"Feature","properties":{"land_value":50000},"geometry":{"type":"Polygon","coordinates":[[[-77.57754586768039,39.45615337124504],[-77.58045645567515,39.46004754265067],[-77.58627763166467,39.46004754265067],[-77.58918821965943,39.45615337124504],[-77.58627763166467,39.4522591998394],[-77.58045645567515,39.4522591998394],[-77.57754586768039,39.45615337124504]]]}},{"type":"Feature","properties":{"land_value":50000},"geometry":{"type":"Polygon","coordinates":[[[-77.57754586768039,39.4639417140563],[-77.58045645567515,39.46783588546193],[-77.58627763166467,39.46783588546193],[-77.58918821965943,39.4639417140563],[-77.58627763166467,39.46004754265066],[-77.58045645567515,39.46004754265066],[-77.57754586768039,39.4639417140563]]]}},{"type":"Feature","properties":{"land_value":50000},"geometry":{"type":"Polygon","coordinates":[[[-77.57754586768039,39.471730056867564],[-77.58045645567515,39.4756242282732],[-77.58627763166467,39.4756242282732],[-77.58918821965943,39.471730056867564],[-77.58627763166467,39.46783588546193],[-77.58045645567515,39.46783588546193],[-77.57754586768039,39.471730056867564]]]}},{"type":"Feature","properties":{"land_value":50000},"geometry":{"type":"Polygon","coordinates":[[[-77.57754586768039,39.479518399678824],[-77.58045645567515,39.48341257108446],[-77.58627763166467,39.48341257108446],[-77.58918821965943,39.479518399678824],[-77.58627763166467,39.47562422827319],[-77.58045645567515,39.47562422827319],[-77.57754586768039,39.479518399678824]]]}},{"type":"Feature","properties":{"land_value":50000},"geometry":{"type":"Polygon","coordinates":[[[-77.57754586768039,39.487306742490084],[-77.58045645567515,39.49120091389572],[-77.58627763166467,39.49120091389572],[-77.58918821965943,39.487306742490084],[-77.58627763166467,39.48341257108445],[-77.58045645567515,39.48341257108445],[-77.57754586768039,39.487306742490084]]]}},{"type":"Feature","properties":{"land_value":50000},"geometry":{"type":"Polygon","coordinates":[[[-77.57754586768039,39.495095085301344],[-77.58045645567515,39.49898925670698],[-77.58627763166467,39.49898925670698],[-77.58918821965943,39.495095085301344],[-77.58627763166467,39.49120091389571],[-77.58045645567515,39.49120091389571],[-77.57754586768039,39.495095085301344]]]}},{"type":"Feature","properties":{"land_value":50000},"geometry":{"type":"Polygon","coordinates":[[[-77.57754586768039,39.502883428112604],[-77.58045645567515,39.50677759951824],[-77.58627763166467,39.50677759951824],[-77.58918821965943,39.502883428112604],[-77.58627763166467,39.49898925670697],[-77.58045645567515,39.49898925670697],[-77.57754586768039,39.502883428112604]]]}},{"type":"Feature","properties":{"land_value":50000},"geometry":{"type":"Polygon","coordinates":[[[-77.57754586768039,39.510671770923864],[-77.58045645567515,39.5145659423295],[-77.58627763166467,39.5145659423295],[-77.58918821965943,39.510671770923864],[-77.58627763166467,39.50677759951823],[-77.58045645567515,39.50677759951823],[-77.57754586768039,39.510671770923864]]]}},{"type":"Feature","properties":{"land_value":50000},"geometry":{"type":"Polygon","coordinates":[[[-77.57754586768039,39.51846011373513],[-77.58045645567515,39.522354285140764],[-77.58627763166467,39.522354285140764],[-77.58918821965943,39.51846011373513],[-77.58627763166467,39.5145659423295],[-77.58045645567515,39.5145659423295],[-77.57754586768039,39.51846011373513]]]}},{"type":"Feature","properties":{"land_value":50000},"geometry":{"type":"Polygon","coordinates":[[[-77.57754586768039,39.52624845654639],[-77.58045645567515,39.530142627952024],[-77.58627763166467,39.530142627952024],[-77.58918821965943,39.52624845654639],[-77.58627763166467,39.52235428514076],[-77.58045645567515,39.52235428514076],[-77.57754586768039,39.52624845654639]]]}},{"type":"Feature","properties":{"land_value":50000},"geometry":{"type":"Polygon","coordinates":[[[-77.57754586768039,39.53403679935765],[-77.58045645567515,39.537930970763284],[-77.58627763166467,39.537930970763284],[-77.58918821965943,39.53403679935765],[-77.58627763166467,39.53014262795202],[-77.58045645567515,39.53014262795202],[-77.57754586768039,39.53403679935765]]]}},{"type":"Feature","properties":{"land_value":50000},"geometry":{"type":"Polygon","coordinates":[[[-77.57754586768039,39.54182514216891],[-77.58045645567515,39.545719313574544],[-77.58627763166467,39.545719313574544],[-77.58918821965943,39.54182514216891],[-77.58627763166467,39.53793097076328],[-77.58045645567515,39.53793097076328],[-77.57754586768039,39.54182514216891]]]}},{"type":"Feature","properties":{"land_value":50000},"geometry":{"type":"Polygon","coordinates":[[[-77.57754586768039,39.54961348498017],[-77.58045645567515,39.553507656385804],[-77.58627763166467,39.553507656385804],[-77.58918821965943,39.54961348498017],[-77.58627763166467,39.54571931357454],[-77.58045645567515,39.54571931357454],[-77.57754586768039,39.54961348498017]]]}},{"type":"Feature","properties":{"land_value":50000},"geometry":{"type":"Polygon","coordinates":[[[-77.57754586768039,39.55740182779143],[-77.58045645567515,39.561295999197064],[-77.58627763166467,39.561295999197064],[-77.58918821965943,39.55740182779143],[-77.58627763166467,39.5535076563858],[-77.58045645567515,39.5535076563858],[-77.57754586768039,39.55740182779143]]]}},{"type":"Feature","properties":{"land_value":50000},"geometry":{"type":"Polygon","coordinates":[[[-77.57754586768039,39.5651901706027],[-77.58045645567515,39.56908434200833],[-77.58627763166467,39.56908434200833],[-77.58918821965943,39.5651901706027],[-77.58627763166467,39.561295999197064],[-77.58045645567515,39.561295999197064],[-77.57754586768039,39.5651901706027]]]}},{"type":"Feature","properties":{"land_value":50000},"geometry":{"type":"Polygon","coordinates":[[[-77.57754586768039,39.57297851341396],[-77.58045645567515,39.57687268481959],[-77.58627763166467,39.57687268481959],[-77.58918821965943,39.57297851341396],[-77.58627763166467,39.569084342008324],[-77.58045645567515,39.569084342008324],[-77.57754586768039,39.57297851341396]]]}},{"type":"Feature","properties":{"land_value":50000},"geometry":{"type":"Polygon","coordinates":[[[-77.57754586768039,39.58076685622522],[-77.58045645567515,39.58466102763085],[-77.58627763166467,39.58466102763085],[-77.58918821965943,39.58076685622522],[-77.58627763166467,39.576872684819584],[-77.58045645567515,39.576872684819584],[-77.57754586768039,39.58076685622522]]]}},{"type":"Feature","properties":{"land_value":50000},"geometry":{"type":"Polygon","coordinates":[[[-77.57754586768039,39.58855519903648],[-77.58045645567515,39.59244937044211],[-77.58627763166467,39.59244937044211],[-77.58918821965943,39.58855519903648],[-77.58627763166467,39.584661027630844],[-77.58045645567515,39.584661027630844],[-77.57754586768039,39.58855519903648]]]}},{"type":"Feature","properties":{"land_value":50000},"geometry":{"type":"Polygon","coordinates":[[[-77.56881410369611,39.25755062955788],[-77.57172469169087,39.26144480096352],[-77.5775458676804,39.26144480096352],[-77.58045645567516,39.25755062955788],[-77.5775458676804,39.25365645815225],[-77.57172469169087,39.25365645815225],[-77.56881410369611,39.25755062955788]]]}},{"type":"Feature","properties":{"land_value":50000},"geometry":{"type":"Polygon","coordinates":[[[-77.56881410369611,39.26533897236914],[-77.57172469169087,39.26923314377478],[-77.5775458676804,39.26923314377478],[-77.58045645567516,39.26533897236914],[-77.5775458676804,39.26144480096351],[-77.57172469169087,39.26144480096351],[-77.56881410369611,39.26533897236914]]]}},{"type":"Feature","properties":{"land_value":50000},"geometry":{"type":"Polygon","coordinates":[[[-77.56881410369611,39.2731273151804],[-77.57172469169087,39.27702148658604],[-77.5775458676804,39.27702148658604],[-77.58045645567516,39.2731273151804],[-77.5775458676804,39.26923314377477],[-77.57172469169087,39.26923314377477],[-77.56881410369611,39.2731273151804]]]}},{"type":"Feature","properties":{"land_value":50000},"geometry":{"type":"Polygon","coordinates":[[[-77.56881410369611,39.28091565799166],[-77.57172469169087,39.2848098293973],[-77.5775458676804,39.2848098293973],[-77.58045645567516,39.28091565799166],[-77.5775458676804,39.27702148658603],[-77.57172469169087,39.27702148658603],[-77.56881410369611,39.28091565799166]]]}},{"type":"Feature","properties":{"land_value":50000},"geometry":{"type":"Polygon","coordinates":[[[-77.56881410369611,39.28870400080293],[-77.57172469169087,39.292598172208564],[-77.5775458676804,39.292598172208564],[-77.58045645567516,39.28870400080293],[-77.5775458676804,39.2848098293973],[-77.57172469169087,39.2848098293973],[-77.56881410369611,39.28870400080293]]]}},{"type":"Feature","properties":{"land_value":50000},"geometry":{"type":"Polygon","coordinates":[[[-77.56881410369611,39.29649234361419],[-77.57172469169087,39.300386515019824],[-77.5775458676804,39.300386515019824],[-77.58045645567516,39.29649234361419],[-77.5775458676804,39.29259817220856],[-77.57172469169087,39.29259817220856],[-77.56881410369611,39.29649234361419]]]}},{"type":"Feature","properties":{"land_value":50000},"geometry":{"type":"Polygon","coordinates":[[[-77.56881410369611,39.30428068642545],[-77.57172469169087,39.308174857831084],[-77.5775458676804,39.308174857831084],[-77.58045645567516,39.30428068642545],[-77.5775458676804,39.30038651501982],[-77.57172469169087,39.30038651501982],[-77.56881410369611,39.30428068642545]]]}},{"type":"Feature","properties":{"land_value":50000},"geometry":{"type":"Polygon","coordinates":[[[-77.56881410369611,39.31206902923671],[-77.57172469169087,39.315963200642344],[-77.5775458676804,39.315963200642344],[-77.58045645567516,39.31206902923671],[-77.5775458676804,39.30817485783108],[-77.57172469169087,39.30817485783108],[-77.56881410369611,39.31206902923671]]]}},{"type":"Feature","properties":{"land_value":50000},"geometry":{"type":"Polygon","coordinates":[[[-77.56881410369611,39.31985737204797],[-77.57172469169087,39.323751543453604],[-77.5775458676804,39.323751543453604],[-77.58045645567516,39.31985737204797],[-77.5775458676804,39.31596320064234],[-77.57172469169087,39.31596320064234],[-77.56881410369611,39.31985737204797]]]}},{"type":"Feature","properties":{"land_value":50000},"geometry":{"type":"Polygon","coordinates":[[[-77.56881410369611,39.32764571485923],[-77.57172469169087,39.33153988626486],[-77.5775458676804,39.33153988626486],[-77.58045645567516,39.32764571485923],[-77.5775458676804,39.3237515434536],[-77.57172469169087,39.3237515434536],[-77.56881410369611,39.32764571485923]]]}},{"type":"Feature","properties":{"land_value":50000},"geometry":{"type":"Polygon","coordinates":[[[-77.56881410369611,39.3354340576705],[-77.57172469169087,39.33932822907613],[-77.5775458676804,39.33932822907613],[-77.58045645567516,39.3354340576705],[-77.5775458676804,39.33153988626486],[-77.57172469169087,39.33153988626486],[-77.56881410369611,39.3354340576705]]]}},{"type":"Feature","properties":{"land_value":50000},"geometry":{"type":"Polygon","coordinates":[[[-77.56881410369611,39.34322240048176],[-77.57172469169087,39.34711657188739],[-77.5775458676804,39.34711657188739],[-77.58045645567516,39.34322240048176],[-77.5775458676804,39.33932822907612],[-77.57172469169087,39.33932822907612],[-77.56881410369611,39.34322240048176]]]}},{"type":"Feature","properties":{"land_value":50000},"geometry":{"type":"Polygon","coordinates":[[[-77.56881410369611,39.35101074329302],[-77.57172469169087,39.35490491469865],[-77.5775458676804,39.35490491469865],[-77.58045645567516,39.35101074329302],[-77.5775458676804,39.34711657188738],[-77.57172469169087,39.34711657188738],[-77.56881410369611,39.35101074329302]]]}},{"type":"Feature","properties":{"land_value":50000},"geometry":{"type":"Polygon","coordinates":[[[-77.56881410369611,39.35879908610428],[-77.57172469169087,39.36269325750991],[-77.5775458676804,39.36269325750991],[-77.58045645567516,39.35879908610428],[-77.5775458676804,39.35490491469864],[-77.57172469169087,39.35490491469864],[-77.56881410369611,39.35879908610428]]]}},{"type":"Feature","properties":{"land_value":50000},"geometry":{"type":"Polygon","coordinates":[[[-77.56881410369611,39.36658742891554],[-77.57172469169087,39.37048160032117],[-77.5775458676804,39.37048160032117],[-77.58045645567516,39.36658742891554],[-77.5775458676804,39.3626932575099],[-77.57172469169087,39.3626932575099],[-77.56881410369611,39.36658742891554]]]}},{"type":"Feature","properties":{"land_value":50000},"geometry":{"type":"Polygon","coordinates":[[[-77.56881410369611,39.3743757717268],[-77.57172469169087,39.37826994313243],[-77.5775458676804,39.37826994313243],[-77.58045645567516,39.3743757717268],[-77.5775458676804,39.37048160032116],[-77.57172469169087,39.37048160032116],[-77.56881410369611,39.3743757717268]]]}},{"type":"Feature","properties":{"land_value":50000},"geometry":{"type":"Polygon","coordinates":[[[-77.56881410369611,39.382164114538064],[-77.57172469169087,39.3860582859437],[-77.5775458676804,39.3860582859437],[-77.58045645567516,39.382164114538064],[-77.5775458676804,39.37826994313243],[-77.57172469169087,39.37826994313243],[-77.56881410369611,39.382164114538064]]]}},{"type":"Feature","properties":{"land_value":50000},"geometry":{"type":"Polygon","coordinates":[[[-77.56881410369611,39.389952457349324],[-77.57172469169087,39.39384662875496],[-77.5775458676804,39.39384662875496],[-77.58045645567516,39.389952457349324],[-77.5775458676804,39.38605828594369],[-77.57172469169087,39.38605828594369],[-77.56881410369611,39.389952457349324]]]}},{"type":"Feature","properties":{"land_value":50000},"geometry":{"type":"Polygon","coordinates":[[[-77.56881410369611,39.397740800160584],[-77.57172469169087,39.40163497156622],[-77.5775458676804,39.40163497156622],[-77.58045645567516,39.397740800160584],[-77.5775458676804,39.39384662875495],[-77.57172469169087,39.39384662875495],[-77.56881410369611,39.397740800160584]]]}},{"type":"Feature","properties":{"land_value":50000},"geometry":{"type":"Polygon","coordinates":[[[-77.56881410369611,39.405529142971844],[-77.57172469169087,39.40942331437748],[-77.5775458676804,39.40942331437748],[-77.58045645567516,39.405529142971844],[-77.5775458676804,39.40163497156621],[-77.57172469169087,39.40163497156621],[-77.56881410369611,39.405529142971844]]]}},{"type":"Feature","properties":{"land_value":50000},"geometry":{"type":"Polygon","coordinates":[[[-77.56881410369611,39.413317485783104],[-77.57172469169087,39.41721165718874],[-77.5775458676804,39.41721165718874],[-77.58045645567516,39.413317485783104],[-77.5775458676804,39.40942331437747],[-77.57172469169087,39.40942331437747],[-77.56881410369611,39.413317485783104]]]}},{"type":"Feature","properties":{"land_value":50000},"geometry":{"type":"Polygon","coordinates":[[[-77.56881410369611,39.421105828594364],[-77.57172469169087,39.425],[-77.5775458676804,39.425],[-77.58045645567516,39.421105828594364],[-77.5775458676804,39.41721165718873],[-77.57172469169087,39.41721165718873],[-77.56881410369611,39.421105828594364]]]}},{"type":"Feature","properties":{"land_value":50000},"geometry":{"type":"Polygon","coordinates":[[[-77.56881410369611,39.42889417140563],[-77.57172469169087,39.432788342811264],[-77.5775458676804,39.432788342811264],[-77.58045645567516,39.42889417140563],[-77.5775458676804,39.425],[-77.57172469169087,39.425],[-77.56881410369611,39.42889417140563]]]}},{"type":"Feature","properties":{"land_value":50000},"geometry":{"type":"Polygon","coordinates":[[[-77.56881410369611,39.43668251421689],[-77.57172469169087,39.440576685622524],[-77.5775458676804,39.440576685622524],[-77.58045645567516,39.43668251421689],[-77.5775458676804,39.43278834281126],[-77.57172469169087,39.43278834281126],[-77.56881410369611,39.43668251421689]]]}},{"type":"Feature","properties":{"land_value":50000},"geometry":{"type":"Polygon","coordinates":[[[-77.56881410369611,39.44447085702815],[-77.57172469169087,39.448365028433784],[-77.5775458676804,39.448365028433784],[-77.58045645567516,39.44447085702815],[-77.5775458676804,39.44057668562252],[-77.57172469169087,39.44057668562252],[-77.56881410369611,39.44447085702815]]]}},{"type":"Feature","properties":{"land_value":50000},"geometry":{"type":"Polygon","coordinates":[[[-77.56881410369611,39.45225919983941],[-77.57172469169087,39.456153371245044],[-77.5775458676804,39.456153371245044],[-77.58045645567516,39.45225919983941],[-77.5775458676804,39.44836502843378],[-77.57172469169087,39.44836502843378],[-77.56881410369611,39.45225919983941]]]}},{"type":"Feature","properties":{"land_value":50000},"geometry":{"type":"Polygon","coordinates":[[[-77.56881410369611,39.46004754265067],[-77.57172469169087,39.463941714056304],[-77.5775458676804,39.463941714056304],[-77.58045645567516,39.46004754265067],[-77.5775458676804,39.45615337124504],[-77.57172469169087,39.45615337124504],[-77.56881410369611,39.46004754265067]]]}},{"type":"Feature","properties":{"land_value":50000},"geometry":{"type":"Polygon","coordinates":[[[-77.56881410369611,39.46783588546193],[-77.57172469169087,39.471730056867564],[-77.5775458676804,39.471730056867564],[-77.58045645567516,39.46783588546193],[-77.5775458676804,39.4639417140563],[-77.57172469169087,39.4639417140563],[-77.56881410369611,39.46783588546193]]]}},{"type":"Feature","properties":{"land_value":50000},"geometry":{"type":"Polygon","coordinates":[[[-77.56881410369611,39.4756242282732],[-77.57172469169087,39.47951839967883],[-77.5775458676804,39.47951839967883],[-77.58045645567516,39.4756242282732],[-77.5775458676804,39.471730056867564],[-77.57172469169087,39.471730056867564],[-77.56881410369611,39.4756242282732]]]}},{"type":"Feature","properties":{"land_value":50000},"geometry":{"type":"Polygon","coordinates":[[[-77.56881410369611,39.48341257108446],[-77.57172469169087,39.48730674249009],[-77.5775458676804,39.48730674249009],[-77.58045645567516,39.48341257108446],[-77.5775458676804,39.479518399678824],[-77.57172469169087,39.479518399678824],[-77.56881410369611,39.48341257108446]]]}},{"type":"Feature","properties":{"land_value":50000},"geometry":{"type":"Polygon","coordinates":[[[-77.56881410369611,39.49120091389572],[-77.57172469169087,39.49509508530135],[-77.5775458676804,39.49509508530135],[-77.58045645567516,39.49120091389572],[-77.5775458676804,39.487306742490084],[-77.57172469169087,39.487306742490084],[-77.56881410369611,39.49120091389572]]]}},{"type":"Feature","properties":{"land_value":50000},"geometry":{"type":"Polygon","coordinates":[[[-77.56881410369611,39.49898925670698],[-77.57172469169087,39.50288342811261],[-77.5775458676804,39.50288342811261],[-77.58045645567516,39.49898925670698],[-77.5775458676804,39.495095085301344],[-77.57172469169087,39.495095085301344],[-77.56881410369611,39.49898925670698]]]}},{"type":"Feature","properties":{"land_value":50000},"geometry":{"type":"Polygon","coordinates":[[[-77.56881410369611,39.50677759951824],[-77.57172469169087,39.51067177092387],[-77.5775458676804,39.51067177092387],[-77.58045645567516,39.50677759951824],[-77.5775458676804,39.502883428112604],[-77.57172469169087,39.502883428112604],[-77.56881410369611,39.50677759951824]]]}},{"type":"Feature","properties":{"land_value":50000},"geometry":{"type":"Polygon","coordinates":[[[-77.56881410369611,39.5145659423295],[-77.57172469169087,39.51846011373513],[-77.5775458676804,39.51846011373513],[-77.58045645567516,39.5145659423295],[-77.5775458676804,39.510671770923864],[-77.57172469169087,39.510671770923864],[-77.56881410369611,39.5145659423295]]]}},{"type":"Feature","properties":{"land_value":50000},"geometry":{"type":"Polygon","coordinates":[[[-77.56881410369611,39.522354285140764],[-77.57172469169087,39.5262484565464],[-77.5775458676804,39.5262484565464],[-77.58045645567516,39.522354285140764],[-77.5775458676804,39.51846011373513],[-77.57172469169087,39.51846011373513],[-77.56881410369611,39.522354285140764]]]}},{"type":"Feature","properties":{"land_value":50000},"geometry":{"type":"Polygon","coordinates":[[[-77.56881410369611,39.530142627952024],[-77.57172469169087,39.53403679935766],[-77.5775458676804,39.53403679935766],[-77.58045645567516,39.530142627952024],[-77.5775458676804,39.52624845654639],[-77.57172469169087,39.52624845654639],[-77.56881410369611,39.530142627952024]]]}},{"type":"Feature","properties":{"land_value":50000},"geometry":{"type":"Polygon","coordinates":[[[-77.56881410369611,39.537930970763284],[-77.57172469169087,39.54182514216892],[-77.5775458676804,39.54182514216892],[-77.58045645567516,39.537930970763284],[-77.5775458676804,39.53403679935765],[-77.57172469169087,39.53403679935765],[-77.56881410369611,39.537930970763284]]]}},{"type":"Feature","properties":{"land_value":50000},"geometry":{"type":"Polygon","coordinates":[[[-77.56881410369611,39.545719313574544],[-77.57172469169087,39.54961348498018],[-77.5775458676804,39.54961348498018],[-77.58045645567516,39.545719313574544],[-77.5775458676804,39.54182514216891],[-77.57172469169087,39.54182514216891],[-77.56881410369611,39.545719313574544]]]}},{"type":"Feature","properties":{"land_value":50000},"geometry":{"type":"Polygon","coordinates":[[[-77.56881410369611,39.553507656385804],[-77.57172469169087,39.55740182779144],[-77.5775458676804,39.55740182779144],[-77.58045645567516,39.553507656385804],[-77.5775458676804,39.54961348498017],[-77.57172469169087,39.54961348498017],[-77.56881410369611,39.553507656385804]]]}},{"type":"Feature","properties":{"land_value":50000},"geometry":{"type":"Polygon","coordinates":[[[-77.56881410369611,39.561295999197064],[-77.57172469169087,39.5651901706027],[-77.5775458676804,39.5651901706027],[-77.58045645567516,39.561295999197064],[-77.5775458676804,39.55740182779143],[-77.57172469169087,39.55740182779143],[-77.56881410369611,39.561295999197064]]]}},{"type":"Feature","properties":{"land_value":50000},"geometry":{"type":"Polygon","coordinates":[[[-77.56881410369611,39.56908434200833],[-77.57172469169087,39.572978513413965],[-77.5775458676804,39.572978513413965],[-77.58045645567516,39.56908434200833],[-77.5775458676804,39.5651901706027],[-77.57172469169087,39.5651901706027],[-77.56881410369611,39.56908434200833]]]}},{"type":"Feature","properties":{"land_value":50000},"geometry":{"type":"Polygon","coordinates":[[[-77.56881410369611,39.57687268481959],[-77.57172469169087,39.580766856225225],[-77.5775458676804,39.580766856225225],[-77.58045645567516,39.57687268481959],[-77.5775458676804,39.57297851341396],[-77.57172469169087,39.57297851341396],[-77.56881410369611,39.57687268481959]]]}},{"type":"Feature","properties":{"land_value":50000},"geometry":{"type":"Polygon","coordinates":[[[-77.56881410369611,39.58466102763085],[-77.57172469169087,39.588555199036485],[-77.5775458676804,39.588555199036485],[-77.58045645567516,39.58466102763085],[-77.5775458676804,39.58076685622522],[-77.57172469169087,39.58076685622522],[-77.56881410369611,39.58466102763085]]]}},{"type":"Feature","properties":{"land_value":50000},"geometry":{"type":"Polygon","coordinates":[[[-77.56881410369611,39.59244937044211],[-77.57172469169087,39.596343541847745],[-77.5775458676804,39.596343541847745],[-77.58045645567516,39.59244937044211],[-77.5775458676804,39.58855519903648],[-77.57172469169087,39.58855519903648],[-77.56881410369611,39.59244937044211]]]}},{"type":"Feature","properties":{"land_value":50000},"geometry":{"type":"Polygon","coordinates":[[[-77.56008233971183,39.26144480096351],[-77.56299292770659,39.26533897236914],[-77.56881410369611,39.26533897236914],[-77.57172469169087,39.26144480096351],[-77.56881410369611,39.257550629557876],[-77.56299292770659,39.257550629557876],[-77.56008233971183,39.26144480096351]]]}},{"type":"Feature","properties":{"land_value":50000},"geometry":{"type":"Polygon","coordinates":[[[-77.56008233971183,39.26923314377477],[-77.56299292770659,39.2731273151804],[-77.56881410369611,39.2731273151804],[-77.57172469169087,39.26923314377477],[-77.56881410369611,39.265338972369136],[-77.56299292770659,39.265338972369136],[-77.56008233971183,39.26923314377477]]]}},{"type":"Feature","properties":{"land_value":50000},"geometry":{"type":"Polygon","coordinates":[[[-77.56008233971183,39.27702148658603],[-77.56299292770659,39.28091565799166],[-77.56881410369611,39.28091565799166],[-77.57172469169087,39.27702148658603],[-77.56881410369611,39.273127315180396],[-77.56299292770659,39.273127315180396],[-77.56008233971183,39.27702148658603]]]}},{"type":"Feature","properties":{"land_value":50000},"geometry":{"type":"Polygon","coordinates":[[[-77.56008233971183,39.2848098293973],[-77.56299292770659,39.28870400080293],[-77.56881410369611,39.28870400080293],[-77.57172469169087,39.2848098293973],[-77.56881410369611,39.28091565799166],[-77.56299292770659,39.28091565799166],[-77.56008233971183,39.2848098293973]]]}},{"type":"Feature","properties":{"land_value":50000},"geometry":{"type":"Polygon","coordinates":[[[-77.56008233971183,39.29259817220856],[-77.56299292770659,39.29649234361419],[-77.56881410369611,39.29649234361419],[-77.57172469169087,39.29259817220856],[-77.56881410369611,39.28870400080292],[-77.56299292770659,39.28870400080292],[-77.56008233971183,39.29259817220856]]]}},{"type":"Feature","properties":{"land_value":50000},"geometry":{"type":"Polygon","coordinates":[[[-77.56008233971183,39.30038651501982],[-77.56299292770659,39.30428068642545],[-77.56881410369611,39.30428068642545],[-77.57172469169087,39.30038651501982],[-77.56881410369611,39.29649234361418],[-77.56299292770659,39.29649234361418],[-77.56008233971183,39.30038651501982]]]}},{"type":"Feature","properties":{"land_value":50000},"geometry":{"type":"Polygon","coordinates":[[[-77.56008233971183,39.30817485783108],[-77.56299292770659,39.31206902923671],[-77.56881410369611,39.31206902923671],[-77.57172469169087,39.30817485783108],[-77.56881410369611,39.30428068642544],[-77.56299292770659,39.30428068642544],[-77.56008233971183,39.30817485783108]]]}},{"type":"Feature","properties":{"land_value":50000},"geometry":{"type":"Polygon","coordinates":[[[-77.56008233971183,39.31596320064234],[-77.56299292770659,39.31985737204797],[-77.56881410369611,39.31985737204797],[-77.57172469169087,39.31596320064234],[-77.56881410369611,39.3120690292367],[-77.56299292770659,39.3120690292367],[-77.56008233971183,39.31596320064234]]]}},{"type":"Feature","properties":{"land_value":50000},"geometry":{"type":"Polygon","coordinates":[[[-77.56008233971183,39.3237515434536],[-77.56299292770659,39.32764571485923],[-77.56881410369611,39.32764571485923],[-77.57172469169087,39.3237515434536],[-77.56881410369611,39.31985737204796],[-77.56299292770659,39.31985737204796],[-77.56008233971183,39.3237515434536]]]}},{"type":"Feature","properties":{"land_value":50000},"geometry":{"type":"Polygon","coordinates":[[[-77.56008233971183,39.33153988626486],[-77.56299292770659,39.3354340576705],[-77.56881410369611,39.3354340576705],[-77.57172469169087,39.33153988626486],[-77.56881410369611,39.32764571485923],[-77.56299292770659,39.32764571485923],[-77.56008233971183,39.33153988626486]]]}},{"type":"Feature","properties":{"land_value":50000},"geometry":{"type":"Polygon","coordinates":[[[-77.56008233971183,39.33932822907612],[-77.56299292770659,39.34322240048176],[-77.56881410369611,39.34322240048176],[-77.57172469169087,39.33932822907612],[-77.56881410369611,39.33543405767049],[-77.56299292770659,39.33543405767049],[-77.56008233971183,39.33932822907612]]]}},{"type":"Feature","properties":{"land_value":50000},"geometry":{"type":"Polygon","coordinates":[[[-77.56008233971183,39.34711657188738],[-77.56299292770659,39.35101074329302],[-77.56881410369611,39.35101074329302],[-77.57172469169087,39.34711657188738],[-77.56881410369611,39.34322240048175],[-77.56299292770659,39.34322240048175],[-77.56008233971183,39.34711657188738]]]}},{"type":"Feature","properties":{"land_value":50000},"geometry":{"type":"Polygon","coordinates":[[[-77.56008233971183,39.35490491469864],[-77.56299292770659,39.35879908610428],[-77.56881410369611,39.35879908610428],[-77.57172469169087,39.35490491469864],[-77.56881410369611,39.35101074329301],[-77.56299292770659,39.35101074329301],[-77.56008233971183,39.35490491469864]]]}},{"type":"Feature","properties":{"land_value":52862},"geometry":{"type":"Polygon","coordinates":[[[-77.56008233971183,39.3626932575099],[-77.56299292770659,39.36658742891554],[-77.56881410369611,39.36658742891554],[-77.57172469169087,39.3626932575099],[-77.56881410369611,39.35879908610427],[-77.56299292770659,39.35879908610427],[-77.56008233971183,39.3626932575099]]]}},{"type":"Feature","properties":{"land_value":50000},"geometry":{"type":"Polygon","coordinates":[[[-77.56008233971183,39.37048160032116],[-77.56299292770659,39.3743757717268],[-77.56881410369611,39.3743757717268],[-77.57172469169087,39.37048160032116],[-77.56881410369611,39.36658742891553],[-77.56299292770659,39.36658742891553],[-77.56008233971183,39.37048160032116]]]}},{"type":"Feature","properties":{"land_value":50000},"geometry":{"type":"Polygon","coordinates":[[[-77.56008233971183,39.37826994313243],[-77.56299292770659,39.382164114538064],[-77.56881410369611,39.382164114538064],[-77.57172469169087,39.37826994313243],[-77.56881410369611,39.3743757717268],[-77.56299292770659,39.3743757717268],[-77.56008233971183,39.37826994313243]]]}},{"type":"Feature","properties":{"land_value":50000},"geometry":{"type":"Polygon","coordinates":[[[-77.56008233971183,39.38605828594369],[-77.56299292770659,39.389952457349324],[-77.56881410369611,39.389952457349324],[-77.57172469169087,39.38605828594369],[-77.56881410369611,39.38216411453806],[-77.56299292770659,39.38216411453806],[-77.56008233971183,39.38605828594369]]]}},{"type":"Feature","properties":{"land_value":50000},"geometry":{"type":"Polygon","coordinates":[[[-77.56008233971183,39.39384662875495],[-77.56299292770659,39.397740800160584],[-77.56881410369611,39.397740800160584],[-77.57172469169087,39.39384662875495],[-77.56881410369611,39.38995245734932],[-77.56299292770659,39.38995245734932],[-77.56008233971183,39.39384662875495]]]}},{"type":"Feature","properties":{"land_value":57125},"geometry":{"type":"Polygon","coordinates":[[[-77.56008233971183,39.40163497156621],[-77.56299292770659,39.405529142971844],[-77.56881410369611,39.405529142971844],[-77.57172469169087,39.40163497156621],[-77.56881410369611,39.39774080016058],[-77.56299292770659,39.39774080016058],[-77.56008233971183,39.40163497156621]]]}},{"type":"Feature","properties":{"land_value":50000},"geometry":{"type":"Polygon","coordinates":[[[-77.56008233971183,39.40942331437747],[-77.56299292770659,39.413317485783104],[-77.56881410369611,39.413317485783104],[-77.57172469169087,39.40942331437747],[-77.56881410369611,39.40552914297184],[-77.56299292770659,39.40552914297184],[-77.56008233971183,39.40942331437747]]]}},{"type":"Feature","properties":{"land_value":50000},"geometry":{"type":"Polygon","coordinates":[[[-77.56008233971183,39.41721165718873],[-77.56299292770659,39.421105828594364],[-77.56881410369611,39.421105828594364],[-77.57172469169087,39.41721165718873],[-77.56881410369611,39.4133174857831],[-77.56299292770659,39.4133174857831],[-77.56008233971183,39.41721165718873]]]}},{"type":"Feature","properties":{"land_value":80340},"geometry":{"type":"Polygon","coordinates":[[[-77.56008233971183,39.425],[-77.56299292770659,39.42889417140563],[-77.56881410369611,39.42889417140563],[-77.57172469169087,39.425],[-77.56881410369611,39.421105828594364],[-77.56299292770659,39.421105828594364],[-77.56008233971183,39.425]]]}},{"type":"Feature","properties":{"land_value":50000},"geometry":{"type":"Polygon","coordinates":[[[-77.56008233971183,39.43278834281126],[-77.56299292770659,39.43668251421689],[-77.56881410369611,39.43668251421689],[-77.57172469169087,39.43278834281126],[-77.56881410369611,39.428894171405624],[-77.56299292770659,39.428894171405624],[-77.56008233971183,39.43278834281126]]]}},{"type":"Feature","properties":{"land_value":50000},"geometry":{"type":"Polygon","coordinates":[[[-77.56008233971183,39.44057668562252],[-77.56299292770659,39.44447085702815],[-77.56881410369611,39.44447085702815],[-77.57172469169087,39.44057668562252],[-77.56881410369611,39.43668251421688],[-77.56299292770659,39.43668251421688],[-77.56008233971183,39.44057668562252]]]}},{"type":"Feature","properties":{"land_value":50000},"geometry":{"type":"Polygon","coordinates":[[[-77.56008233971183,39.44836502843378],[-77.56299292770659,39.45225919983941],[-77.56881410369611,39.45225919983941],[-77.57172469169087,39.44836502843378],[-77.56881410369611,39.44447085702814],[-77.56299292770659,39.44447085702814],[-77.56008233971183,39.44836502843378]]]}},{"type":"Feature","properties":{"land_value":52810},"geometry":{"type":"Polygon","coordinates":[[[-77.56008233971183,39.45615337124504],[-77.56299292770659,39.46004754265067],[-77.56881410369611,39.46004754265067],[-77.57172469169087,39.45615337124504],[-77.56881410369611,39.4522591998394],[-77.56299292770659,39.4522591998394],[-77.56008233971183,39.45615337124504]]]}},{"type":"Feature","properties":{"land_value":54887},"geometry":{"type":"Polygon","coordinates":[[[-77.56008233971183,39.4639417140563],[-77.56299292770659,39.46783588546193],[-77.56881410369611,39.46783588546193],[-77.57172469169087,39.4639417140563],[-77.56881410369611,39.46004754265066],[-77.56299292770659,39.46004754265066],[-77.56008233971183,39.4639417140563]]]}},{"type":"Feature","properties":{"land_value":50000},"geometry":{"type":"Polygon","coordinates":[[[-77.56008233971183,39.471730056867564],[-77.56299292770659,39.4756242282732],[-77.56881410369611,39.4756242282732],[-77.57172469169087,39.471730056867564],[-77.56881410369611,39.46783588546193],[-77.56299292770659,39.46783588546193],[-77.56008233971183,39.471730056867564]]]}},{"type":"Feature","properties":{"land_value":50000},"geometry":{"type":"Polygon","coordinates":[[[-77.56008233971183,39.479518399678824],[-77.56299292770659,39.48341257108446],[-77.56881410369611,39.48341257108446],[-77.57172469169087,39.479518399678824],[-77.56881410369611,39.47562422827319],[-77.56299292770659,39.47562422827319],[-77.56008233971183,39.479518399678824]]]}},{"type":"Feature","properties":{"land_value":50000},"geometry":{"type":"Polygon","coordinates":[[[-77.56008233971183,39.487306742490084],[-77.56299292770659,39.49120091389572],[-77.56881410369611,39.49120091389572],[-77.57172469169087,39.487306742490084],[-77.56881410369611,39.48341257108445],[-77.56299292770659,39.48341257108445],[-77.56008233971183,39.487306742490084]]]}},{"type":"Feature","properties":{"land_value":50000},"geometry":{"type":"Polygon","coordinates":[[[-77.56008233971183,39.495095085301344],[-77.56299292770659,39.49898925670698],[-77.56881410369611,39.49898925670698],[-77.57172469169087,39.495095085301344],[-77.56881410369611,39.49120091389571],[-77.56299292770659,39.49120091389571],[-77.56008233971183,39.495095085301344]]]}},{"type":"Feature","properties":{"land_value":50000},"geometry":{"type":"Polygon","coordinates":[[[-77.56008233971183,39.502883428112604],[-77.56299292770659,39.50677759951824],[-77.56881410369611,39.50677759951824],[-77.57172469169087,39.502883428112604],[-77.56881410369611,39.49898925670697],[-77.56299292770659,39.49898925670697],[-77.56008233971183,39.502883428112604]]]}},{"type":"Feature","properties":{"land_value":50000},"geometry":{"type":"Polygon","coordinates":[[[-77.56008233971183,39.510671770923864],[-77.56299292770659,39.5145659423295],[-77.56881410369611,39.5145659423295],[-77.57172469169087,39.510671770923864],[-77.56881410369611,39.50677759951823],[-77.56299292770659,39.50677759951823],[-77.56008233971183,39.510671770923864]]]}},{"type":"Feature","properties":{"land_value":50000},"geometry":{"type":"Polygon","coordinates":[[[-77.56008233971183,39.51846011373513],[-77.56299292770659,39.522354285140764],[-77.56881410369611,39.522354285140764],[-77.57172469169087,39.51846011373513],[-77.56881410369611,39.5145659423295],[-77.56299292770659,39.5145659423295],[-77.56008233971183,39.51846011373513]]]}},{"type":"Feature","properties":{"land_value":50000},"geometry":{"type":"Polygon","coordinates":[[[-77.56008233971183,39.52624845654639],[-77.56299292770659,39.530142627952024],[-77.56881410369611,39.530142627952024],[-77.57172469169087,39.52624845654639],[-77.56881410369611,39.52235428514076],[-77.56299292770659,39.52235428514076],[-77.56008233971183,39.52624845654639]]]}},{"type":"Feature","properties":{"land_value":50000},"geometry":{"type":"Polygon","coordinates":[[[-77.56008233971183,39.53403679935765],[-77.56299292770659,39.537930970763284],[-77.56881410369611,39.537930970763284],[-77.57172469169087,39.53403679935765],[-77.56881410369611,39.53014262795202],[-77.56299292770659,39.53014262795202],[-77.56008233971183,39.53403679935765]]]}},{"type":"Feature","properties":{"land_value":50000},"geometry":{"type":"Polygon","coordinates":[[[-77.56008233971183,39.54182514216891],[-77.56299292770659,39.545719313574544],[-77.56881410369611,39.545719313574544],[-77.57172469169087,39.54182514216891],[-77.56881410369611,39.53793097076328],[-77.56299292770659,39.53793097076328],[-77.56008233971183,39.54182514216891]]]}},{"type":"Feature","properties":{"land_value":50000},"geometry":{"type":"Polygon","coordinates":[[[-77.56008233971183,39.54961348498017],[-77.56299292770659,39.553507656385804],[-77.56881410369611,39.553507656385804],[-77.57172469169087,39.54961348498017],[-77.56881410369611,39.54571931357454],[-77.56299292770659,39.54571931357454],[-77.56008233971183,39.54961348498017]]]}},{"type":"Feature","properties":{"land_value":50000},"geometry":{"type":"Polygon","coordinates":[[[-77.56008233971183,39.55740182779143],[-77.56299292770659,39.561295999197064],[-77.56881410369611,39.561295999197064],[-77.57172469169087,39.55740182779143],[-77.56881410369611,39.5535076563858],[-77.56299292770659,39.5535076563858],[-77.56008233971183,39.55740182779143]]]}},{"type":"Feature","properties":{"land_value":50000},"geometry":{"type":"Polygon","coordinates":[[[-77.56008233971183,39.5651901706027],[-77.56299292770659,39.56908434200833],[-77.56881410369611,39.56908434200833],[-77.57172469169087,39.5651901706027],[-77.56881410369611,39.561295999197064],[-77.56299292770659,39.561295999197064],[-77.56008233971183,39.5651901706027]]]}},{"type":"Feature","properties":{"land_value":50000},"geometry":{"type":"Polygon","coordinates":[[[-77.56008233971183,39.57297851341396],[-77.56299292770659,39.57687268481959],[-77.56881410369611,39.57687268481959],[-77.57172469169087,39.57297851341396],[-77.56881410369611,39.569084342008324],[-77.56299292770659,39.569084342008324],[-77.56008233971183,39.57297851341396]]]}},{"type":"Feature","properties":{"land_value":50000},"geometry":{"type":"Polygon","coordinates":[[[-77.56008233971183,39.58076685622522],[-77.56299292770659,39.58466102763085],[-77.56881410369611,39.58466102763085],[-77.57172469169087,39.58076685622522],[-77.56881410369611,39.576872684819584],[-77.56299292770659,39.576872684819584],[-77.56008233971183,39.58076685622522]]]}},{"type":"Feature","properties":{"land_value":50000},"geometry":{"type":"Polygon","coordinates":[[[-77.56008233971183,39.58855519903648],[-77.56299292770659,39.59244937044211],[-77.56881410369611,39.59244937044211],[-77.57172469169087,39.58855519903648],[-77.56881410369611,39.584661027630844],[-77.56299292770659,39.584661027630844],[-77.56008233971183,39.58855519903648]]]}},{"type":"Feature","properties":{"land_value":50000},"geometry":{"type":"Polygon","coordinates":[[[-77.55135057572754,39.25755062955788],[-77.5542611637223,39.26144480096352],[-77.56008233971183,39.26144480096352],[-77.56299292770659,39.25755062955788],[-77.56008233971183,39.25365645815225],[-77.5542611637223,39.25365645815225],[-77.55135057572754,39.25755062955788]]]}},{"type":"Feature","properties":{"land_value":50000},"geometry":{"type":"Polygon","coordinates":[[[-77.55135057572754,39.26533897236914],[-77.5542611637223,39.26923314377478],[-77.56008233971183,39.26923314377478],[-77.56299292770659,39.26533897236914],[-77.56008233971183,39.26144480096351],[-77.5542611637223,39.26144480096351],[-77.55135057572754,39.26533897236914]]]}},{"type":"Feature","properties":{"land_value":50000},"geometry":{"type":"Polygon","coordinates":[[[-77.55135057572754,39.2731273151804],[-77.5542611637223,39.27702148658604],[-77.56008233971183,39.27702148658604],[-77.56299292770659,39.2731273151804],[-77.56008233971183,39.26923314377477],[-77.5542611637223,39.26923314377477],[-77.55135057572754,39.2731273151804]]]}},{"type":"Feature","properties":{"land_value":50000},"geometry":{"type":"Polygon","coordinates":[[[-77.55135057572754,39.28091565799166],[-77.5542611637223,39.2848098293973],[-77.56008233971183,39.2848098293973],[-77.56299292770659,39.28091565799166],[-77.56008233971183,39.27702148658603],[-77.5542611637223,39.27702148658603],[-77.55135057572754,39.28091565799166]]]}},{"type":"Feature","properties":{"land_value":50000},"geometry":{"type":"Polygon","coordinates":[[[-77.55135057572754,39.28870400080293],[-77.5542611637223,39.292598172208564],[-77.56008233971183,39.292598172208564],[-77.56299292770659,39.28870400080293],[-77.56008233971183,39.2848098293973],[-77.5542611637223,39.2848098293973],[-77.55135057572754,39.28870400080293]]]}},{"type":"Feature","properties":{"land_value":50000},"geometry":{"type":"Polygon","coordinates":[[[-77.55135057572754,39.29649234361419],[-77.5542611637223,39.300386515019824],[-77.56008233971183,39.300386515019824],[-77.56299292770659,39.29649234361419],[-77.56008233971183,39.29259817220856],[-77.5542611637223,39.29259817220856],[-77.55135057572754,39.29649234361419]]]}},{"type":"Feature","properties":{"land_value":50000},"geometry":{"type":"Polygon","coordinates":[[[-77.55135057572754,39.30428068642545],[-77.5542611637223,39.308174857831084],[-77.56008233971183,39.308174857831084],[-77.56299292770659,39.30428068642545],[-77.56008233971183,39.30038651501982],[-77.5542611637223,39.30038651501982],[-77.55135057572754,39.30428068642545]]]}},{"type":"Feature","properties":{"land_value":50000},"geometry":{"type":"Polygon","coordinates":[[[-77.55135057572754,39.31206902923671],[-77.5542611637223,39.315963200642344],[-77.56008233971183,39.315963200642344],[-77.56299292770659,39.31206902923671],[-77.56008233971183,39.30817485783108],[-77.5542611637223,39.30817485783108],[-77.55135057572754,39.31206902923671]]]}},{"type":"Feature","properties":{"land_value":50000},"geometry":{"type":"Polygon","coordinates":[[[-77.55135057572754,39.31985737204797],[-77.5542611637223,39.323751543453604],[-77.56008233971183,39.323751543453604],[-77.56299292770659,39.31985737204797],[-77.56008233971183,39.31596320064234],[-77.5542611637223,39.31596320064234],[-77.55135057572754,39.31985737204797]]]}},{"type":"Feature","properties":{"land_value":50000},"geometry":{"type":"Polygon","coordinates":[[[-77.55135057572754,39.32764571485923],[-77.5542611637223,39.33153988626486],[-77.56008233971183,39.33153988626486],[-77.56299292770659,39.32764571485923],[-77.56008233971183,39.3237515434536],[-77.5542611637223,39.3237515434536],[-77.55135057572754,39.32764571485923]]]}},{"type":"Feature","properties":{"land_value":50000},"geometry":{"type":"Polygon","coordinates":[[[-77.55135057572754,39.3354340576705],[-77.5542611637223,39.33932822907613],[-77.56008233971183,39.33932822907613],[-77.56299292770659,39.3354340576705],[-77.56008233971183,39.33153988626486],[-77.5542611637223,39.33153988626486],[-77.55135057572754,39.3354340576705]]]}},{"type":"Feature","properties":{"land_value":52192},"geometry":{"type":"Polygon","coordinates":[[[-77.55135057572754,39.34322240048176],[-77.5542611637223,39.34711657188739],[-77.56008233971183,39.34711657188739],[-77.56299292770659,39.34322240048176],[-77.56008233971183,39.33932822907612],[-77.5542611637223,39.33932822907612],[-77.55135057572754,39.34322240048176]]]}},{"type":"Feature","properties":{"land_value":50000},"geometry":{"type":"Polygon","coordinates":[[[-77.55135057572754,39.35101074329302],[-77.5542611637223,39.35490491469865],[-77.56008233971183,39.35490491469865],[-77.56299292770659,39.35101074329302],[-77.56008233971183,39.34711657188738],[-77.5542611637223,39.34711657188738],[-77.55135057572754,39.35101074329302]]]}},{"type":"Feature","properties":{"land_value":50000},"geometry":{"type":"Polygon","coordinates":[[[-77.55135057572754,39.35879908610428],[-77.5542611637223,39.36269325750991],[-77.56008233971183,39.36269325750991],[-77.56299292770659,39.35879908610428],[-77.56008233971183,39.35490491469864],[-77.5542611637223,39.35490491469864],[-77.55135057572754,39.35879908610428]]]}},{"type":"Feature","properties":{"land_value":50000},"geometry":{"type":"Polygon","coordinates":[[[-77.55135057572754,39.36658742891554],[-77.5542611637223,39.37048160032117],[-77.56008233971183,39.37048160032117],[-77.56299292770659,39.36658742891554],[-77.56008233971183,39.3626932575099],[-77.5542611637223,39.3626932575099],[-77.55135057572754,39.36658742891554]]]}},{"type":"Feature","properties":{"land_value":50000},"geometry":{"type":"Polygon","coordinates":[[[-77.55135057572754,39.3743757717268],[-77.5542611637223,39.37826994313243],[-77.56008233971183,39.37826994313243],[-77.56299292770659,39.3743757717268],[-77.56008233971183,39.37048160032116],[-77.5542611637223,39.37048160032116],[-77.55135057572754,39.3743757717268]]]}},{"type":"Feature","properties":{"land_value":69488},"geometry":{"type":"Polygon","coordinates":[[[-77.55135057572754,39.382164114538064],[-77.5542611637223,39.3860582859437],[-77.56008233971183,39.3860582859437],[-77.56299292770659,39.382164114538064],[-77.56008233971183,39.37826994313243],[-77.5542611637223,39.37826994313243],[-77.55135057572754,39.382164114538064]]]}},{"type":"Feature","properties":{"land_value":56187},"geometry":{"type":"Polygon","coordinates":[[[-77.55135057572754,39.389952457349324],[-77.5542611637223,39.39384662875496],[-77.56008233971183,39.39384662875496],[-77.56299292770659,39.389952457349324],[-77.56008233971183,39.38605828594369],[-77.5542611637223,39.38605828594369],[-77.55135057572754,39.389952457349324]]]}},{"type":"Feature","properties":{"land_value":74757},"geometry":{"type":"Polygon","coordinates":[[[-77.55135057572754,39.397740800160584],[-77.5542611637223,39.40163497156622],[-77.56008233971183,39.40163497156622],[-77.56299292770659,39.397740800160584],[-77.56008233971183,39.39384662875495],[-77.5542611637223,39.39384662875495],[-77.55135057572754,39.397740800160584]]]}},{"type":"Feature","properties":{"land_value":50000},"geometry":{"type":"Polygon","coordinates":[[[-77.55135057572754,39.405529142971844],[-77.5542611637223,39.40942331437748],[-77.56008233971183,39.40942331437748],[-77.56299292770659,39.405529142971844],[-77.56008233971183,39.40163497156621],[-77.5542611637223,39.40163497156621],[-77.55135057572754,39.405529142971844]]]}},{"type":"Feature","properties":{"land_value":121170},"geometry":{"type":"Polygon","coordinates":[[[-77.55135057572754,39.413317485783104],[-77.5542611637223,39.41721165718874],[-77.56008233971183,39.41721165718874],[-77.56299292770659,39.413317485783104],[-77.56008233971183,39.40942331437747],[-77.5542611637223,39.40942331437747],[-77.55135057572754,39.413317485783104]]]}},{"type":"Feature","properties":{"land_value":121699},"geometry":{"type":"Polygon","coordinates":[[[-77.55135057572754,39.421105828594364],[-77.5542611637223,39.425],[-77.56008233971183,39.425],[-77.56299292770659,39.421105828594364],[-77.56008233971183,39.41721165718873],[-77.5542611637223,39.41721165718873],[-77.55135057572754,39.421105828594364]]]}},{"type":"Feature","properties":{"land_value":58840},"geometry":{"type":"Polygon","coordinates":[[[-77.55135057572754,39.42889417140563],[-77.5542611637223,39.432788342811264],[-77.56008233971183,39.432788342811264],[-77.56299292770659,39.42889417140563],[-77.56008233971183,39.425],[-77.5542611637223,39.425],[-77.55135057572754,39.42889417140563]]]}},{"type":"Feature","properties":{"land_value":58416},"geometry":{"type":"Polygon","coordinates":[[[-77.55135057572754,39.43668251421689],[-77.5542611637223,39.440576685622524],[-77.56008233971183,39.440576685622524],[-77.56299292770659,39.43668251421689],[-77.56008233971183,39.43278834281126],[-77.5542611637223,39.43278834281126],[-77.55135057572754,39.43668251421689]]]}},{"type":"Feature","properties":{"land_value":113321},"geometry":{"type":"Polygon","coordinates":[[[-77.55135057572754,39.44447085702815],[-77.5542611637223,39.448365028433784],[-77.56008233971183,39.448365028433784],[-77.56299292770659,39.44447085702815],[-77.56008233971183,39.44057668562252],[-77.5542611637223,39.44057668562252],[-77.55135057572754,39.44447085702815]]]}},{"type":"Feature","properties":{"land_value":50000},"geometry":{"type":"Polygon","coordinates":[[[-77.55135057572754,39.45225919983941],[-77.5542611637223,39.456153371245044],[-77.56008233971183,39.456153371245044],[-77.56299292770659,39.45225919983941],[-77.56008233971183,39.44836502843378],[-77.5542611637223,39.44836502843378],[-77.55135057572754,39.45225919983941]]]}},{"type":"Feature","properties":{"land_value":50000},"geometry":{"type":"Polygon","coordinates":[[[-77.55135057572754,39.46004754265067],[-77.5542611637223,39.463941714056304],[-77.56008233971183,39.463941714056304],[-77.56299292770659,39.46004754265067],[-77.56008233971183,39.45615337124504],[-77.5542611637223,39.45615337124504],[-77.55135057572754,39.46004754265067]]]}},{"type":"Feature","properties":{"land_value":53321},"geometry":{"type":"Polygon","coordinates":[[[-77.55135057572754,39.46783588546193],[-77.5542611637223,39.471730056867564],[-77.56008233971183,39.471730056867564],[-77.56299292770659,39.46783588546193],[-77.56008233971183,39.4639417140563],[-77.5542611637223,39.4639417140563],[-77.55135057572754,39.46783588546193]]]}},{"type":"Feature","properties":{"land_value":50000},"geometry":{"type":"Polygon","coordinates":[[[-77.55135057572754,39.4756242282732],[-77.5542611637223,39.47951839967883],[-77.56008233971183,39.47951839967883],[-77.56299292770659,39.4756242282732],[-77.56008233971183,39.471730056867564],[-77.5542611637223,39.471730056867564],[-77.55135057572754,39.4756242282732]]]}},{"type":"Feature","properties":{"land_value":50000},"geometry":{"type":"Polygon","coordinates":[[[-77.55135057572754,39.48341257108446],[-77.5542611637223,39.48730674249009],[-77.56008233971183,39.48730674249009],[-77.56299292770659,39.48341257108446],[-77.56008233971183,39.479518399678824],[-77.5542611637223,39.479518399678824],[-77.55135057572754,39.48341257108446]]]}},{"type":"Feature","properties":{"land_value":50000},"geometry":{"type":"Polygon","coordinates":[[[-77.55135057572754,39.49120091389572],[-77.5542611637223,39.49509508530135],[-77.56008233971183,39.49509508530135],[-77.56299292770659,39.49120091389572],[-77.56008233971183,39.487306742490084],[-77.5542611637223,39.487306742490084],[-77.55135057572754,39.49120091389572]]]}},{"type":"Feature","properties":{"land_value":50000},"geometry":{"type":"Polygon","coordinates":[[[-77.55135057572754,39.49898925670698],[-77.5542611637223,39.50288342811261],[-77.56008233971183,39.50288342811261],[-77.56299292770659,39.49898925670698],[-77.56008233971183,39.495095085301344],[-77.5542611637223,39.495095085301344],[-77.55135057572754,39.49898925670698]]]}},{"type":"Feature","properties":{"land_value":50000},"geometry":{"type":"Polygon","coordinates":[[[-77.55135057572754,39.50677759951824],[-77.5542611637223,39.51067177092387],[-77.56008233971183,39.51067177092387],[-77.56299292770659,39.50677759951824],[-77.56008233971183,39.502883428112604],[-77.5542611637223,39.502883428112604],[-77.55135057572754,39.50677759951824]]]}},{"type":"Feature","properties":{"land_value":50000},"geometry":{"type":"Polygon","coordinates":[[[-77.55135057572754,39.5145659423295],[-77.5542611637223,39.51846011373513],[-77.56008233971183,39.51846011373513],[-77.56299292770659,39.5145659423295],[-77.56008233971183,39.510671770923864],[-77.5542611637223,39.510671770923864],[-77.55135057572754,39.5145659423295]]]}},{"type":"Feature","properties":{"land_value":50000},"geometry":{"type":"Polygon","coordinates":[[[-77.55135057572754,39.522354285140764],[-77.5542611637223,39.5262484565464],[-77.56008233971183,39.5262484565464],[-77.56299292770659,39.522354285140764],[-77.56008233971183,39.51846011373513],[-77.5542611637223,39.51846011373513],[-77.55135057572754,39.522354285140764]]]}},{"type":"Feature","properties":{"land_value":50000},"geometry":{"type":"Polygon","coordinates":[[[-77.55135057572754,39.530142627952024],[-77.5542611637223,39.53403679935766],[-77.56008233971183,39.53403679935766],[-77.56299292770659,39.530142627952024],[-77.56008233971183,39.52624845654639],[-77.5542611637223,39.52624845654639],[-77.55135057572754,39.530142627952024]]]}},{"type":"Feature","properties":{"land_value":50000},"geometry":{"type":"Polygon","coordinates":[[[-77.55135057572754,39.537930970763284],[-77.5542611637223,39.54182514216892],[-77.56008233971183,39.54182514216892],[-77.56299292770659,39.537930970763284],[-77.56008233971183,39.53403679935765],[-77.5542611637223,39.53403679935765],[-77.55135057572754,39.537930970763284]]]}},{"type":"Feature","properties":{"land_value":50000},"geometry":{"type":"Polygon","coordinates":[[[-77.55135057572754,39.545719313574544],[-77.5542611637223,39.54961348498018],[-77.56008233971183,39.54961348498018],[-77.56299292770659,39.545719313574544],[-77.56008233971183,39.54182514216891],[-77.5542611637223,39.54182514216891],[-77.55135057572754,39.545719313574544]]]}},{"type":"Feature","properties":{"land_value":50000},"geometry":{"type":"Polygon","coordinates":[[[-77.55135057572754,39.553507656385804],[-77.5542611637223,39.55740182779144],[-77.56008233971183,39.55740182779144],[-77.56299292770659,39.553507656385804],[-77.56008233971183,39.54961348498017],[-77.5542611637223,39.54961348498017],[-77.55135057572754,39.553507656385804]]]}},{"type":"Feature","properties":{"land_value":50000},"geometry":{"type":"Polygon","coordinates":[[[-77.55135057572754,39.561295999197064],[-77.5542611637223,39.5651901706027],[-77.56008233971183,39.5651901706027],[-77.56299292770659,39.561295999197064],[-77.56008233971183,39.55740182779143],[-77.5542611637223,39.55740182779143],[-77.55135057572754,39.561295999197064]]]}},{"type":"Feature","properties":{"land_value":50000},"geometry":{"type":"Polygon","coordinates":[[[-77.55135057572754,39.56908434200833],[-77.5542611637223,39.572978513413965],[-77.56008233971183,39.572978513413965],[-77.56299292770659,39.56908434200833],[-77.56008233971183,39.5651901706027],[-77.5542611637223,39.5651901706027],[-77.55135057572754,39.56908434200833]]]}},{"type":"Feature","properties":{"land_value":50000},"geometry":{"type":"Polygon","coordinates":[[[-77.55135057572754,39.57687268481959],[-77.5542611637223,39.580766856225225],[-77.56008233971183,39.580766856225225],[-77.56299292770659,39.57687268481959],[-77.56008233971183,39.57297851341396],[-77.5542611637223,39.57297851341396],[-77.55135057572754,39.57687268481959]]]}},{"type":"Feature","properties":{"land_value":50000},"geometry":{"type":"Polygon","coordinates":[[[-77.55135057572754,39.58466102763085],[-77.5542611637223,39.588555199036485],[-77.56008233971183,39.588555199036485],[-77.56299292770659,39.58466102763085],[-77.56008233971183,39.58076685622522],[-77.5542611637223,39.58076685622522],[-77.55135057572754,39.58466102763085]]]}},{"type":"Feature","properties":{"land_value":50000},"geometry":{"type":"Polygon","coordinates":[[[-77.55135057572754,39.59244937044211],[-77.5542611637223,39.596343541847745],[-77.56008233971183,39.596343541847745],[-77.56299292770659,39.59244937044211],[-77.56008233971183,39.58855519903648],[-77.5542611637223,39.58855519903648],[-77.55135057572754,39.59244937044211]]]}},{"type":"Feature","properties":{"land_value":50000},"geometry":{"type":"Polygon","coordinates":[[[-77.54261881174327,39.26144480096351],[-77.54552939973803,39.26533897236914],[-77.55135057572755,39.26533897236914],[-77.55426116372232,39.26144480096351],[-77.55135057572755,39.257550629557876],[-77.54552939973803,39.257550629557876],[-77.54261881174327,39.26144480096351]]]}},{"type":"Feature","properties":{"land_value":50000},"geometry":{"type":"Polygon","coordinates":[[[-77.54261881174327,39.26923314377477],[-77.54552939973803,39.2731273151804],[-77.55135057572755,39.2731273151804],[-77.55426116372232,39.26923314377477],[-77.55135057572755,39.265338972369136],[-77.54552939973803,39.265338972369136],[-77.54261881174327,39.26923314377477]]]}},{"type":"Feature","properties":{"land_value":50000},"geometry":{"type":"Polygon","coordinates":[[[-77.54261881174327,39.27702148658603],[-77.54552939973803,39.28091565799166],[-77.55135057572755,39.28091565799166],[-77.55426116372232,39.27702148658603],[-77.55135057572755,39.273127315180396],[-77.54552939973803,39.273127315180396],[-77.54261881174327,39.27702148658603]]]}},{"type":"Feature","properties":{"land_value":50000},"geometry":{"type":"Polygon","coordinates":[[[-77.54261881174327,39.2848098293973],[-77.54552939973803,39.28870400080293],[-77.55135057572755,39.28870400080293],[-77.55426116372232,39.2848098293973],[-77.55135057572755,39.28091565799166],[-77.54552939973803,39.28091565799166],[-77.54261881174327,39.2848098293973]]]}},{"type":"Feature","properties":{"land_value":50000},"geometry":{"type":"Polygon","coordinates":[[[-77.54261881174327,39.29259817220856],[-77.54552939973803,39.29649234361419],[-77.55135057572755,39.29649234361419],[-77.55426116372232,39.29259817220856],[-77.55135057572755,39.28870400080292],[-77.54552939973803,39.28870400080292],[-77.54261881174327,39.29259817220856]]]}},{"type":"Feature","properties":{"land_value":50000},"geometry":{"type":"Polygon","coordinates":[[[-77.54261881174327,39.30038651501982],[-77.54552939973803,39.30428068642545],[-77.55135057572755,39.30428068642545],[-77.55426116372232,39.30038651501982],[-77.55135057572755,39.29649234361418],[-77.54552939973803,39.29649234361418],[-77.54261881174327,39.30038651501982]]]}},{"type":"Feature","properties":{"land_value":50000},"geometry":{"type":"Polygon","coordinates":[[[-77.54261881174327,39.30817485783108],[-77.54552939973803,39.31206902923671],[-77.55135057572755,39.31206902923671],[-77.55426116372232,39.30817485783108],[-77.55135057572755,39.30428068642544],[-77.54552939973803,39.30428068642544],[-77.54261881174327,39.30817485783108]]]}},{"type":"Feature","properties":{"land_value":50000},"geometry":{"type":"Polygon","coordinates":[[[-77.54261881174327,39.31596320064234],[-77.54552939973803,39.31985737204797],[-77.55135057572755,39.31985737204797],[-77.55426116372232,39.31596320064234],[-77.55135057572755,39.3120690292367],[-77.54552939973803,39.3120690292367],[-77.54261881174327,39.31596320064234]]]}},{"type":"Feature","properties":{"land_value":50000},"geometry":{"type":"Polygon","coordinates":[[[-77.54261881174327,39.3237515434536],[-77.54552939973803,39.32764571485923],[-77.55135057572755,39.32764571485923],[-77.55426116372232,39.3237515434536],[-77.55135057572755,39.31985737204796],[-77.54552939973803,39.31985737204796],[-77.54261881174327,39.3237515434536]]]}},{"type":"Feature","properties":{"land_value":50000},"geometry":{"type":"Polygon","coordinates":[[[-77.54261881174327,39.33153988626486],[-77.54552939973803,39.3354340576705],[-77.55135057572755,39.3354340576705],[-77.55426116372232,39.33153988626486],[-77.55135057572755,39.32764571485923],[-77.54552939973803,39.32764571485923],[-77.54261881174327,39.33153988626486]]]}},{"type":"Feature","properties":{"land_value":50000},"geometry":{"type":"Polygon","coordinates":[[[-77.54261881174327,39.33932822907612],[-77.54552939973803,39.34322240048176],[-77.55135057572755,39.34322240048176],[-77.55426116372232,39.33932822907612],[-77.55135057572755,39.33543405767049],[-77.54552939973803,39.33543405767049],[-77.54261881174327,39.33932822907612]]]}},{"type":"Feature","properties":{"land_value":50000},"geometry":{"type":"Polygon","coordinates":[[[-77.54261881174327,39.34711657188738],[-77.54552939973803,39.35101074329302],[-77.55135057572755,39.35101074329302],[-77.55426116372232,39.34711657188738],[-77.55135057572755,39.34322240048175],[-77.54552939973803,39.34322240048175],[-77.54261881174327,39.34711657188738]]]}},{"type":"Feature","properties":{"land_value":68804},"geometry":{"type":"Polygon","coordinates":[[[-77.54261881174327,39.35490491469864],[-77.54552939973803,39.35879908610428],[-77.55135057572755,39.35879908610428],[-77.55426116372232,39.35490491469864],[-77.55135057572755,39.35101074329301],[-77.54552939973803,39.35101074329301],[-77.54261881174327,39.35490491469864]]]}},{"type":"Feature","properties":{"land_value":50000},"geometry":{"type":"Polygon","coordinates":[[[-77.54261881174327,39.3626932575099],[-77.54552939973803,39.36658742891554],[-77.55135057572755,39.36658742891554],[-77.55426116372232,39.3626932575099],[-77.55135057572755,39.35879908610427],[-77.54552939973803,39.35879908610427],[-77.54261881174327,39.3626932575099]]]}},{"type":"Feature","properties":{"land_value":107507},"geometry":{"type":"Polygon","coordinates":[[[-77.54261881174327,39.37048160032116],[-77.54552939973803,39.3743757717268],[-77.55135057572755,39.3743757717268],[-77.55426116372232,39.37048160032116],[-77.55135057572755,39.36658742891553],[-77.54552939973803,39.36658742891553],[-77.54261881174327,39.37048160032116]]]}},{"type":"Feature","properties":{"land_value":61053},"geometry":{"type":"Polygon","coordinates":[[[-77.54261881174327,39.37826994313243],[-77.54552939973803,39.382164114538064],[-77.55135057572755,39.382164114538064],[-77.55426116372232,39.37826994313243],[-77.55135057572755,39.3743757717268],[-77.54552939973803,39.3743757717268],[-77.54261881174327,39.37826994313243]]]}},{"type":"Feature","properties":{"land_value":80330},"geometry":{"type":"Polygon","coordinates":[[[-77.54261881174327,39.38605828594369],[-77.54552939973803,39.389952457349324],[-77.55135057572755,39.389952457349324],[-77.55426116372232,39.38605828594369],[-77.55135057572755,39.38216411453806],[-77.54552939973803,39.38216411453806],[-77.54261881174327,39.38605828594369]]]}},{"type":"Feature","properties":{"land_value":112300},"geometry":{"type":"Polygon","coordinates":[[[-77.54261881174327,39.39384662875495],[-77.54552939973803,39.397740800160584],[-77.55135057572755,39.397740800160584],[-77.55426116372232,39.39384662875495],[-77.55135057572755,39.38995245734932],[-77.54552939973803,39.38995245734932],[-77.54261881174327,39.39384662875495]]]}},{"type":"Feature","properties":{"land_value":78307},"geometry":{"type":"Polygon","coordinates":[[[-77.54261881174327,39.40163497156621],[-77.54552939973803,39.405529142971844],[-77.55135057572755,39.405529142971844],[-77.55426116372232,39.40163497156621],[-77.55135057572755,39.39774080016058],[-77.54552939973803,39.39774080016058],[-77.54261881174327,39.40163497156621]]]}},{"type":"Feature","properties":{"land_value":117777},"geometry":{"type":"Polygon","coordinates":[[[-77.54261881174327,39.40942331437747],[-77.54552939973803,39.413317485783104],[-77.55135057572755,39.413317485783104],[-77.55426116372232,39.40942331437747],[-77.55135057572755,39.40552914297184],[-77.54552939973803,39.40552914297184],[-77.54261881174327,39.40942331437747]]]}},{"type":"Feature","properties":{"land_value":140246},"geometry":{"type":"Polygon","coordinates":[[[-77.54261881174327,39.41721165718873],[-77.54552939973803,39.421105828594364],[-77.55135057572755,39.421105828594364],[-77.55426116372232,39.41721165718873],[-77.55135057572755,39.4133174857831],[-77.54552939973803,39.4133174857831],[-77.54261881174327,39.41721165718873]]]}},{"type":"Feature","properties":{"land_value":117920},"geometry":{"type":"Polygon","coordinates":[[[-77.54261881174327,39.425],[-77.54552939973803,39.42889417140563],[-77.55135057572755,39.42889417140563],[-77.55426116372232,39.425],[-77.55135057572755,39.421105828594364],[-77.54552939973803,39.421105828594364],[-77.54261881174327,39.425]]]}},{"type":"Feature","properties":{"land_value":99660},"geometry":{"type":"Polygon","coordinates":[[[-77.54261881174327,39.43278834281126],[-77.54552939973803,39.43668251421689],[-77.55135057572755,39.43668251421689],[-77.55426116372232,39.43278834281126],[-77.55135057572755,39.428894171405624],[-77.54552939973803,39.428894171405624],[-77.54261881174327,39.43278834281126]]]}},{"type":"Feature","properties":{"land_value":72186},"geometry":{"type":"Polygon","coordinates":[[[-77.54261881174327,39.44057668562252],[-77.54552939973803,39.44447085702815],[-77.55135057572755,39.44447085702815],[-77.55426116372232,39.44057668562252],[-77.55135057572755,39.43668251421688],[-77.54552939973803,39.43668251421688],[-77.54261881174327,39.44057668562252]]]}},{"type":"Feature","properties":{"land_value":116210},"geometry":{"type":"Polygon","coordinates":[[[-77.54261881174327,39.44836502843378],[-77.54552939973803,39.45225919983941],[-77.55135057572755,39.45225919983941],[-77.55426116372232,39.44836502843378],[-77.55135057572755,39.44447085702814],[-77.54552939973803,39.44447085702814],[-77.54261881174327,39.44836502843378]]]}},{"type":"Feature","properties":{"land_value":110150},"geometry":{"type":"Polygon","coordinates":[[[-77.54261881174327,39.45615337124504],[-77.54552939973803,39.46004754265067],[-77.55135057572755,39.46004754265067],[-77.55426116372232,39.45615337124504],[-77.55135057572755,39.4522591998394],[-77.54552939973803,39.4522591998394],[-77.54261881174327,39.45615337124504]]]}},{"type":"Feature","properties":{"land_value":74762},"geometry":{"type":"Polygon","coordinates":[[[-77.54261881174327,39.4639417140563],[-77.54552939973803,39.46783588546193],[-77.55135057572755,39.46783588546193],[-77.55426116372232,39.4639417140563],[-77.55135057572755,39.46004754265066],[-77.54552939973803,39.46004754265066],[-77.54261881174327,39.4639417140563]]]}},{"type":"Feature","properties":{"land_value":50000},"geometry":{"type":"Polygon","coordinates":[[[-77.54261881174327,39.471730056867564],[-77.54552939973803,39.4756242282732],[-77.55135057572755,39.4756242282732],[-77.55426116372232,39.471730056867564],[-77.55135057572755,39.46783588546193],[-77.54552939973803,39.46783588546193],[-77.54261881174327,39.471730056867564]]]}},{"type":"Feature","properties":{"land_value":50000},"geometry":{"type":"Polygon","coordinates":[[[-77.54261881174327,39.479518399678824],[-77.54552939973803,39.48341257108446],[-77.55135057572755,39.48341257108446],[-77.55426116372232,39.479518399678824],[-77.55135057572755,39.47562422827319],[-77.54552939973803,39.47562422827319],[-77.54261881174327,39.479518399678824]]]}},{"type":"Feature","properties":{"land_value":50000},"geometry":{"type":"Polygon","coordinates":[[[-77.54261881174327,39.487306742490084],[-77.54552939973803,39.49120091389572],[-77.55135057572755,39.49120091389572],[-77.55426116372232,39.487306742490084],[-77.55135057572755,39.48341257108445],[-77.54552939973803,39.48341257108445],[-77.54261881174327,39.487306742490084]]]}},{"type":"Feature","properties":{"land_value":50000},"geometry":{"type":"Polygon","coordinates":[[[-77.54261881174327,39.495095085301344],[-77.54552939973803,39.49898925670698],[-77.55135057572755,39.49898925670698],[-77.55426116372232,39.495095085301344],[-77.55135057572755,39.49120091389571],[-77.54552939973803,39.49120091389571],[-77.54261881174327,39.495095085301344]]]}},{"type":"Feature","properties":{"land_value":50000},"geometry":{"type":"Polygon","coordinates":[[[-77.54261881174327,39.502883428112604],[-77.54552939973803,39.50677759951824],[-77.55135057572755,39.50677759951824],[-77.55426116372232,39.502883428112604],[-77.55135057572755,39.49898925670697],[-77.54552939973803,39.49898925670697],[-77.54261881174327,39.502883428112604]]]}},{"type":"Feature","properties":{"land_value":50000},"geometry":{"type":"Polygon","coordinates":[[[-77.54261881174327,39.510671770923864],[-77.54552939973803,39.5145659423295],[-77.55135057572755,39.5145659423295],[-77.55426116372232,39.510671770923864],[-77.55135057572755,39.50677759951823],[-77.54552939973803,39.50677759951823],[-77.54261881174327,39.510671770923864]]]}},{"type":"Feature","properties":{"land_value":50000},"geometry":{"type":"Polygon","coordinates":[[[-77.54261881174327,39.51846011373513],[-77.54552939973803,39.522354285140764],[-77.55135057572755,39.522354285140764],[-77.55426116372232,39.51846011373513],[-77.55135057572755,39.5145659423295],[-77.54552939973803,39.5145659423295],[-77.54261881174327,39.51846011373513]]]}},{"type":"Feature","properties":{"land_value":50000},"geometry":{"type":"Polygon","coordinates":[[[-77.54261881174327,39.52624845654639],[-77.54552939973803,39.530142627952024],[-77.55135057572755,39.530142627952024],[-77.55426116372232,39.52624845654639],[-77.55135057572755,39.52235428514076],[-77.54552939973803,39.52235428514076],[-77.54261881174327,39.52624845654639]]]}},{"type":"Feature","properties":{"land_value":50000},"geometry":{"type":"Polygon","coordinates":[[[-77.54261881174327,39.53403679935765],[-77.54552939973803,39.537930970763284],[-77.55135057572755,39.537930970763284],[-77.55426116372232,39.53403679935765],[-77.55135057572755,39.53014262795202],[-77.54552939973803,39.53014262795202],[-77.54261881174327,39.53403679935765]]]}},{"type":"Feature","properties":{"land_value":50000},"geometry":{"type":"Polygon","coordinates":[[[-77.54261881174327,39.54182514216891],[-77.54552939973803,39.545719313574544],[-77.55135057572755,39.545719313574544],[-77.55426116372232,39.54182514216891],[-77.55135057572755,39.53793097076328],[-77.54552939973803,39.53793097076328],[-77.54261881174327,39.54182514216891]]]}},{"type":"Feature","properties":{"land_value":50000},"geometry":{"type":"Polygon","coordinates":[[[-77.54261881174327,39.54961348498017],[-77.54552939973803,39.553507656385804],[-77.55135057572755,39.553507656385804],[-77.55426116372232,39.54961348498017],[-77.55135057572755,39.54571931357454],[-77.54552939973803,39.54571931357454],[-77.54261881174327,39.54961348498017]]]}},{"type":"Feature","properties":{"land_value":50000},"geometry":{"type":"Polygon","coordinates":[[[-77.54261881174327,39.55740182779143],[-77.54552939973803,39.561295999197064],[-77.55135057572755,39.561295999197064],[-77.55426116372232,39.55740182779143],[-77.55135057572755,39.5535076563858],[-77.54552939973803,39.5535076563858],[-77.54261881174327,39.55740182779143]]]}},{"type":"Feature","properties":{"land_value":50000},"geometry":{"type":"Polygon","coordinates":[[[-77.54261881174327,39.5651901706027],[-77.54552939973803,39.56908434200833],[-77.55135057572755,39.56908434200833],[-77.55426116372232,39.5651901706027],[-77.55135057572755,39.561295999197064],[-77.54552939973803,39.561295999197064],[-77.54261881174327,39.5651901706027]]]}},{"type":"Feature","properties":{"land_value":50000},"geometry":{"type":"Polygon","coordinates":[[[-77.54261881174327,39.57297851341396],[-77.54552939973803,39.57687268481959],[-77.55135057572755,39.57687268481959],[-77.55426116372232,39.57297851341396],[-77.55135057572755,39.569084342008324],[-77.54552939973803,39.569084342008324],[-77.54261881174327,39.57297851341396]]]}},{"type":"Feature","properties":{"land_value":50000},"geometry":{"type":"Polygon","coordinates":[[[-77.54261881174327,39.58076685622522],[-77.54552939973803,39.58466102763085],[-77.55135057572755,39.58466102763085],[-77.55426116372232,39.58076685622522],[-77.55135057572755,39.576872684819584],[-77.54552939973803,39.576872684819584],[-77.54261881174327,39.58076685622522]]]}},{"type":"Feature","properties":{"land_value":50000},"geometry":{"type":"Polygon","coordinates":[[[-77.54261881174327,39.58855519903648],[-77.54552939973803,39.59244937044211],[-77.55135057572755,39.59244937044211],[-77.55426116372232,39.58855519903648],[-77.55135057572755,39.584661027630844],[-77.54552939973803,39.584661027630844],[-77.54261881174327,39.58855519903648]]]}},{"type":"Feature","properties":{"land_value":50000},"geometry":{"type":"Polygon","coordinates":[[[-77.53388704775898,39.25755062955788],[-77.53679763575374,39.26144480096352],[-77.54261881174327,39.26144480096352],[-77.54552939973803,39.25755062955788],[-77.54261881174327,39.25365645815225],[-77.53679763575374,39.25365645815225],[-77.53388704775898,39.25755062955788]]]}},{"type":"Feature","properties":{"land_value":50000},"geometry":{"type":"Polygon","coordinates":[[[-77.53388704775898,39.26533897236914],[-77.53679763575374,39.26923314377478],[-77.54261881174327,39.26923314377478],[-77.54552939973803,39.26533897236914],[-77.54261881174327,39.26144480096351],[-77.53679763575374,39.26144480096351],[-77.53388704775898,39.26533897236914]]]}},{"type":"Feature","properties":{"land_value":50000},"geometry":{"type":"Polygon","coordinates":[[[-77.53388704775898,39.2731273151804],[-77.53679763575374,39.27702148658604],[-77.54261881174327,39.27702148658604],[-77.54552939973803,39.2731273151804],[-77.54261881174327,39.26923314377477],[-77.53679763575374,39.26923314377477],[-77.53388704775898,39.2731273151804]]]}},{"type":"Feature","properties":{"land_value":50000},"geometry":{"type":"Polygon","coordinates":[[[-77.53388704775898,39.28091565799166],[-77.53679763575374,39.2848098293973],[-77.54261881174327,39.2848098293973],[-77.54552939973803,39.28091565799166],[-77.54261881174327,39.27702148658603],[-77.53679763575374,39.27702148658603],[-77.53388704775898,39.28091565799166]]]}},{"type":"Feature","properties":{"land_value":50000},"geometry":{"type":"Polygon","coordinates":[[[-77.53388704775898,39.28870400080293],[-77.53679763575374,39.292598172208564],[-77.54261881174327,39.292598172208564],[-77.54552939973803,39.28870400080293],[-77.54261881174327,39.2848098293973],[-77.53679763575374,39.2848098293973],[-77.53388704775898,39.28870400080293]]]}},{"type":"Feature","properties":{"land_value":50000},"geometry":{"type":"Polygon","coordinates":[[[-77.53388704775898,39.29649234361419],[-77.53679763575374,39.300386515019824],[-77.54261881174327,39.300386515019824],[-77.54552939973803,39.29649234361419],[-77.54261881174327,39.29259817220856],[-77.53679763575374,39.29259817220856],[-77.53388704775898,39.29649234361419]]]}},{"type":"Feature","properties":{"land_value":50000},"geometry":{"type":"Polygon","coordinates":[[[-77.53388704775898,39.30428068642545],[-77.53679763575374,39.308174857831084],[-77.54261881174327,39.308174857831084],[-77.54552939973803,39.30428068642545],[-77.54261881174327,39.30038651501982],[-77.53679763575374,39.30038651501982],[-77.53388704775898,39.30428068642545]]]}},{"type":"Feature","properties":{"land_value":50000},"geometry":{"type":"Polygon","coordinates":[[[-77.53388704775898,39.31206902923671],[-77.53679763575374,39.315963200642344],[-77.54261881174327,39.315963200642344],[-77.54552939973803,39.31206902923671],[-77.54261881174327,39.30817485783108],[-77.53679763575374,39.30817485783108],[-77.53388704775898,39.31206902923671]]]}},{"type":"Feature","properties":{"land_value":50000},"geometry":{"type":"Polygon","coordinates":[[[-77.53388704775898,39.31985737204797],[-77.53679763575374,39.323751543453604],[-77.54261881174327,39.323751543453604],[-77.54552939973803,39.31985737204797],[-77.54261881174327,39.31596320064234],[-77.53679763575374,39.31596320064234],[-77.53388704775898,39.31985737204797]]]}},{"type":"Feature","properties":{"land_value":50000},"geometry":{"type":"Polygon","coordinates":[[[-77.53388704775898,39.32764571485923],[-77.53679763575374,39.33153988626486],[-77.54261881174327,39.33153988626486],[-77.54552939973803,39.32764571485923],[-77.54261881174327,39.3237515434536],[-77.53679763575374,39.3237515434536],[-77.53388704775898,39.32764571485923]]]}},{"type":"Feature","properties":{"land_value":51947},"geometry":{"type":"Polygon","coordinates":[[[-77.53388704775898,39.3354340576705],[-77.53679763575374,39.33932822907613],[-77.54261881174327,39.33932822907613],[-77.54552939973803,39.3354340576705],[-77.54261881174327,39.33153988626486],[-77.53679763575374,39.33153988626486],[-77.53388704775898,39.3354340576705]]]}},{"type":"Feature","properties":{"land_value":85527},"geometry":{"type":"Polygon","coordinates":[[[-77.53388704775898,39.34322240048176],[-77.53679763575374,39.34711657188739],[-77.54261881174327,39.34711657188739],[-77.54552939973803,39.34322240048176],[-77.54261881174327,39.33932822907612],[-77.53679763575374,39.33932822907612],[-77.53388704775898,39.34322240048176]]]}},{"type":"Feature","properties":{"land_value":68406},"geometry":{"type":"Polygon","coordinates":[[[-77.53388704775898,39.35101074329302],[-77.53679763575374,39.35490491469865],[-77.54261881174327,39.35490491469865],[-77.54552939973803,39.35101074329302],[-77.54261881174327,39.34711657188738],[-77.53679763575374,39.34711657188738],[-77.53388704775898,39.35101074329302]]]}},{"type":"Feature","properties":{"land_value":89843},"geometry":{"type":"Polygon","coordinates":[[[-77.53388704775898,39.35879908610428],[-77.53679763575374,39.36269325750991],[-77.54261881174327,39.36269325750991],[-77.54552939973803,39.35879908610428],[-77.54261881174327,39.35490491469864],[-77.53679763575374,39.35490491469864],[-77.53388704775898,39.35879908610428]]]}},{"type":"Feature","properties":{"land_value":50000},"geometry":{"type":"Polygon","coordinates":[[[-77.53388704775898,39.36658742891554],[-77.53679763575374,39.37048160032117],[-77.54261881174327,39.37048160032117],[-77.54552939973803,39.36658742891554],[-77.54261881174327,39.3626932575099],[-77.53679763575374,39.3626932575099],[-77.53388704775898,39.36658742891554]]]}},{"type":"Feature","properties":{"land_value":151198},"geometry":{"type":"Polygon","coordinates":[[[-77.53388704775898,39.3743757717268],[-77.53679763575374,39.37826994313243],[-77.54261881174327,39.37826994313243],[-77.54552939973803,39.3743757717268],[-77.54261881174327,39.37048160032116],[-77.53679763575374,39.37048160032116],[-77.53388704775898,39.3743757717268]]]}},{"type":"Feature","properties":{"land_value":158090},"geometry":{"type":"Polygon","coordinates":[[[-77.53388704775898,39.382164114538064],[-77.53679763575374,39.3860582859437],[-77.54261881174327,39.3860582859437],[-77.54552939973803,39.382164114538064],[-77.54261881174327,39.37826994313243],[-77.53679763575374,39.37826994313243],[-77.53388704775898,39.382164114538064]]]}},{"type":"Feature","properties":{"land_value":129504},"geometry":{"type":"Polygon","coordinates":[[[-77.53388704775898,39.389952457349324],[-77.53679763575374,39.39384662875496],[-77.54261881174327,39.39384662875496],[-77.54552939973803,39.389952457349324],[-77.54261881174327,39.38605828594369],[-77.53679763575374,39.38605828594369],[-77.53388704775898,39.389952457349324]]]}},{"type":"Feature","properties":{"land_value":157685},"geometry":{"type":"Polygon","coordinates":[[[-77.53388704775898,39.397740800160584],[-77.53679763575374,39.40163497156622],[-77.54261881174327,39.40163497156622],[-77.54552939973803,39.397740800160584],[-77.54261881174327,39.39384662875495],[-77.53679763575374,39.39384662875495],[-77.53388704775898,39.397740800160584]]]}},{"type":"Feature","properties":{"land_value":133808},"geometry":{"type":"Polygon","coordinates":[[[-77.53388704775898,39.405529142971844],[-77.53679763575374,39.40942331437748],[-77.54261881174327,39.40942331437748],[-77.54552939973803,39.405529142971844],[-77.54261881174327,39.40163497156621],[-77.53679763575374,39.40163497156621],[-77.53388704775898,39.405529142971844]]]}},{"type":"Feature","properties":{"land_value":160803},"geometry":{"type":"Polygon","coordinates":[[[-77.53388704775898,39.413317485783104],[-77.53679763575374,39.41721165718874],[-77.54261881174327,39.41721165718874],[-77.54552939973803,39.413317485783104],[-77.54261881174327,39.40942331437747],[-77.53679763575374,39.40942331437747],[-77.53388704775898,39.413317485783104]]]}},{"type":"Feature","properties":{"land_value":105757},"geometry":{"type":"Polygon","coordinates":[[[-77.53388704775898,39.421105828594364],[-77.53679763575374,39.425],[-77.54261881174327,39.425],[-77.54552939973803,39.421105828594364],[-77.54261881174327,39.41721165718873],[-77.53679763575374,39.41721165718873],[-77.53388704775898,39.421105828594364]]]}},{"type":"Feature","properties":{"land_value":104319},"geometry":{"type":"Polygon","coordinates":[[[-77.53388704775898,39.42889417140563],[-77.53679763575374,39.432788342811264],[-77.54261881174327,39.432788342811264],[-77.54552939973803,39.42889417140563],[-77.54261881174327,39.425],[-77.53679763575374,39.425],[-77.53388704775898,39.42889417140563]]]}},{"type":"Feature","properties":{"land_value":105424},"geometry":{"type":"Polygon","coordinates":[[[-77.53388704775898,39.43668251421689],[-77.53679763575374,39.440576685622524],[-77.54261881174327,39.440576685622524],[-77.54552939973803,39.43668251421689],[-77.54261881174327,39.43278834281126],[-77.53679763575374,39.43278834281126],[-77.53388704775898,39.43668251421689]]]}},{"type":"Feature","properties":{"land_value":91208},"geometry":{"type":"Polygon","coordinates":[[[-77.53388704775898,39.44447085702815],[-77.53679763575374,39.448365028433784],[-77.54261881174327,39.448365028433784],[-77.54552939973803,39.44447085702815],[-77.54261881174327,39.44057668562252],[-77.53679763575374,39.44057668562252],[-77.53388704775898,39.44447085702815]]]}},{"type":"Feature","properties":{"land_value":126659},"geometry":{"type":"Polygon","coordinates":[[[-77.53388704775898,39.45225919983941],[-77.53679763575374,39.456153371245044],[-77.54261881174327,39.456153371245044],[-77.54552939973803,39.45225919983941],[-77.54261881174327,39.44836502843378],[-77.53679763575374,39.44836502843378],[-77.53388704775898,39.45225919983941]]]}},{"type":"Feature","properties":{"land_value":130814},"geometry":{"type":"Polygon","coordinates":[[[-77.53388704775898,39.46004754265067],[-77.53679763575374,39.463941714056304],[-77.54261881174327,39.463941714056304],[-77.54552939973803,39.46004754265067],[-77.54261881174327,39.45615337124504],[-77.53679763575374,39.45615337124504],[-77.53388704775898,39.46004754265067]]]}},{"type":"Feature","properties":{"land_value":129603},"geometry":{"type":"Polygon","coordinates":[[[-77.53388704775898,39.46783588546193],[-77.53679763575374,39.471730056867564],[-77.54261881174327,39.471730056867564],[-77.54552939973803,39.46783588546193],[-77.54261881174327,39.4639417140563],[-77.53679763575374,39.4639417140563],[-77.53388704775898,39.46783588546193]]]}},{"type":"Feature","properties":{"land_value":73123},"geometry":{"type":"Polygon","coordinates":[[[-77.53388704775898,39.4756242282732],[-77.53679763575374,39.47951839967883],[-77.54261881174327,39.47951839967883],[-77.54552939973803,39.4756242282732],[-77.54261881174327,39.471730056867564],[-77.53679763575374,39.471730056867564],[-77.53388704775898,39.4756242282732]]]}},{"type":"Feature","properties":{"land_value":75312},"geometry":{"type":"Polygon","coordinates":[[[-77.53388704775898,39.48341257108446],[-77.53679763575374,39.48730674249009],[-77.54261881174327,39.48730674249009],[-77.54552939973803,39.48341257108446],[-77.54261881174327,39.479518399678824],[-77.53679763575374,39.479518399678824],[-77.53388704775898,39.48341257108446]]]}},{"type":"Feature","properties":{"land_value":50000},"geometry":{"type":"Polygon","coordinates":[[[-77.53388704775898,39.49120091389572],[-77.53679763575374,39.49509508530135],[-77.54261881174327,39.49509508530135],[-77.54552939973803,39.49120091389572],[-77.54261881174327,39.487306742490084],[-77.53679763575374,39.487306742490084],[-77.53388704775898,39.49120091389572]]]}},{"type":"Feature","properties":{"land_value":50000},"geometry":{"type":"Polygon","coordinates":[[[-77.53388704775898,39.49898925670698],[-77.53679763575374,39.50288342811261],[-77.54261881174327,39.50288342811261],[-77.54552939973803,39.49898925670698],[-77.54261881174327,39.495095085301344],[-77.53679763575374,39.495095085301344],[-77.53388704775898,39.49898925670698]]]}},{"type":"Feature","properties":{"land_value":50000},"geometry":{"type":"Polygon","coordinates":[[[-77.53388704775898,39.50677759951824],[-77.53679763575374,39.51067177092387],[-77.54261881174327,39.51067177092387],[-77.54552939973803,39.50677759951824],[-77.54261881174327,39.502883428112604],[-77.53679763575374,39.502883428112604],[-77.53388704775898,39.50677759951824]]]}},{"type":"Feature","properties":{"land_value":50000},"geometry":{"type":"Polygon","coordinates":[[[-77.53388704775898,39.5145659423295],[-77.53679763575374,39.51846011373513],[-77.54261881174327,39.51846011373513],[-77.54552939973803,39.5145659423295],[-77.54261881174327,39.510671770923864],[-77.53679763575374,39.510671770923864],[-77.53388704775898,39.5145659423295]]]}},{"type":"Feature","properties":{"land_value":50000},"geometry":{"type":"Polygon","coordinates":[[[-77.53388704775898,39.522354285140764],[-77.53679763575374,39.5262484565464],[-77.54261881174327,39.5262484565464],[-77.54552939973803,39.522354285140764],[-77.54261881174327,39.51846011373513],[-77.53679763575374,39.51846011373513],[-77.53388704775898,39.522354285140764]]]}},{"type":"Feature","properties":{"land_value":50000},"geometry":{"type":"Polygon","coordinates":[[[-77.53388704775898,39.530142627952024],[-77.53679763575374,39.53403679935766],[-77.54261881174327,39.53403679935766],[-77.54552939973803,39.530142627952024],[-77.54261881174327,39.52624845654639],[-77.53679763575374,39.52624845654639],[-77.53388704775898,39.530142627952024]]]}},{"type":"Feature","properties":{"land_value":50000},"geometry":{"type":"Polygon","coordinates":[[[-77.53388704775898,39.537930970763284],[-77.53679763575374,39.54182514216892],[-77.54261881174327,39.54182514216892],[-77.54552939973803,39.537930970763284],[-77.54261881174327,39.53403679935765],[-77.53679763575374,39.53403679935765],[-77.53388704775898,39.537930970763284]]]}},{"type":"Feature","properties":{"land_value":50000},"geometry":{"type":"Polygon","coordinates":[[[-77.53388704775898,39.545719313574544],[-77.53679763575374,39.54961348498018],[-77.54261881174327,39.54961348498018],[-77.54552939973803,39.545719313574544],[-77.54261881174327,39.54182514216891],[-77.53679763575374,39.54182514216891],[-77.53388704775898,39.545719313574544]]]}},{"type":"Feature","properties":{"land_value":50000},"geometry":{"type":"Polygon","coordinates":[[[-77.53388704775898,39.553507656385804],[-77.53679763575374,39.55740182779144],[-77.54261881174327,39.55740182779144],[-77.54552939973803,39.553507656385804],[-77.54261881174327,39.54961348498017],[-77.53679763575374,39.54961348498017],[-77.53388704775898,39.553507656385804]]]}},{"type":"Feature","properties":{"land_value":50000},"geometry":{"type":"Polygon","coordinates":[[[-77.53388704775898,39.561295999197064],[-77.53679763575374,39.5651901706027],[-77.54261881174327,39.5651901706027],[-77.54552939973803,39.561295999197064],[-77.54261881174327,39.55740182779143],[-77.53679763575374,39.55740182779143],[-77.53388704775898,39.561295999197064]]]}},{"type":"Feature","properties":{"land_value":50000},"geometry":{"type":"Polygon","coordinates":[[[-77.53388704775898,39.56908434200833],[-77.53679763575374,39.572978513413965],[-77.54261881174327,39.572978513413965],[-77.54552939973803,39.56908434200833],[-77.54261881174327,39.5651901706027],[-77.53679763575374,39.5651901706027],[-77.53388704775898,39.56908434200833]]]}},{"type":"Feature","properties":{"land_value":50000},"geometry":{"type":"Polygon","coordinates":[[[-77.53388704775898,39.57687268481959],[-77.53679763575374,39.580766856225225],[-77.54261881174327,39.580766856225225],[-77.54552939973803,39.57687268481959],[-77.54261881174327,39.57297851341396],[-77.53679763575374,39.57297851341396],[-77.53388704775898,39.57687268481959]]]}},{"type":"Feature","properties":{"land_value":50000},"geometry":{"type":"Polygon","coordinates":[[[-77.53388704775898,39.58466102763085],[-77.53679763575374,39.588555199036485],[-77.54261881174327,39.588555199036485],[-77.54552939973803,39.58466102763085],[-77.54261881174327,39.58076685622522],[-77.53679763575374,39.58076685622522],[-77.53388704775898,39.58466102763085]]]}},{"type":"Feature","properties":{"land_value":50000},"geometry":{"type":"Polygon","coordinates":[[[-77.53388704775898,39.59244937044211],[-77.53679763575374,39.596343541847745],[-77.54261881174327,39.596343541847745],[-77.54552939973803,39.59244937044211],[-77.54261881174327,39.58855519903648],[-77.53679763575374,39.58855519903648],[-77.53388704775898,39.59244937044211]]]}},{"type":"Feature","properties":{"land_value":50000},"geometry":{"type":"Polygon","coordinates":[[[-77.52515528377471,39.26144480096351],[-77.52806587176947,39.26533897236914],[-77.533887047759,39.26533897236914],[-77.53679763575376,39.26144480096351],[-77.533887047759,39.257550629557876],[-77.52806587176947,39.257550629557876],[-77.52515528377471,39.26144480096351]]]}},{"type":"Feature","properties":{"land_value":50000},"geometry":{"type":"Polygon","coordinates":[[[-77.52515528377471,39.26923314377477],[-77.52806587176947,39.2731273151804],[-77.533887047759,39.2731273151804],[-77.53679763575376,39.26923314377477],[-77.533887047759,39.265338972369136],[-77.52806587176947,39.265338972369136],[-77.52515528377471,39.26923314377477]]]}},{"type":"Feature","properties":{"land_value":50000},"geometry":{"type":"Polygon","coordinates":[[[-77.52515528377471,39.27702148658603],[-77.52806587176947,39.28091565799166],[-77.533887047759,39.28091565799166],[-77.53679763575376,39.27702148658603],[-77.533887047759,39.273127315180396],[-77.52806587176947,39.273127315180396],[-77.52515528377471,39.27702148658603]]]}},{"type":"Feature","properties":{"land_value":50000},"geometry":{"type":"Polygon","coordinates":[[[-77.52515528377471,39.2848098293973],[-77.52806587176947,39.28870400080293],[-77.533887047759,39.28870400080293],[-77.53679763575376,39.2848098293973],[-77.533887047759,39.28091565799166],[-77.52806587176947,39.28091565799166],[-77.52515528377471,39.2848098293973]]]}},{"type":"Feature","properties":{"land_value":50000},"geometry":{"type":"Polygon","coordinates":[[[-77.52515528377471,39.29259817220856],[-77.52806587176947,39.29649234361419],[-77.533887047759,39.29649234361419],[-77.53679763575376,39.29259817220856],[-77.533887047759,39.28870400080292],[-77.52806587176947,39.28870400080292],[-77.52515528377471,39.29259817220856]]]}},{"type":"Feature","properties":{"land_value":50000},"geometry":{"type":"Polygon","coordinates":[[[-77.52515528377471,39.30038651501982],[-77.52806587176947,39.30428068642545],[-77.533887047759,39.30428068642545],[-77.53679763575376,39.30038651501982],[-77.533887047759,39.29649234361418],[-77.52806587176947,39.29649234361418],[-77.52515528377471,39.30038651501982]]]}},{"type":"Feature","properties":{"land_value":50000},"geometry":{"type":"Polygon","coordinates":[[[-77.52515528377471,39.30817485783108],[-77.52806587176947,39.31206902923671],[-77.533887047759,39.31206902923671],[-77.53679763575376,39.30817485783108],[-77.533887047759,39.30428068642544],[-77.52806587176947,39.30428068642544],[-77.52515528377471,39.30817485783108]]]}},{"type":"Feature","properties":{"land_value":50000},"geometry":{"type":"Polygon","coordinates":[[[-77.52515528377471,39.31596320064234],[-77.52806587176947,39.31985737204797],[-77.533887047759,39.31985737204797],[-77.53679763575376,39.31596320064234],[-77.533887047759,39.3120690292367],[-77.52806587176947,39.3120690292367],[-77.52515528377471,39.31596320064234]]]}},{"type":"Feature","properties":{"land_value":50000},"geometry":{"type":"Polygon","coordinates":[[[-77.52515528377471,39.3237515434536],[-77.52806587176947,39.32764571485923],[-77.533887047759,39.32764571485923],[-77.53679763575376,39.3237515434536],[-77.533887047759,39.31985737204796],[-77.52806587176947,39.31985737204796],[-77.52515528377471,39.3237515434536]]]}},{"type":"Feature","properties":{"land_value":50000},"geometry":{"type":"Polygon","coordinates":[[[-77.52515528377471,39.33153988626486],[-77.52806587176947,39.3354340576705],[-77.533887047759,39.3354340576705],[-77.53679763575376,39.33153988626486],[-77.533887047759,39.32764571485923],[-77.52806587176947,39.32764571485923],[-77.52515528377471,39.33153988626486]]]}},{"type":"Feature","properties":{"land_value":50000},"geometry":{"type":"Polygon","coordinates":[[[-77.52515528377471,39.33932822907612],[-77.52806587176947,39.34322240048176],[-77.533887047759,39.34322240048176],[-77.53679763575376,39.33932822907612],[-77.533887047759,39.33543405767049],[-77.52806587176947,39.33543405767049],[-77.52515528377471,39.33932822907612]]]}},{"type":"Feature","properties":{"land_value":101843},"geometry":{"type":"Polygon","coordinates":[[[-77.52515528377471,39.34711657188738],[-77.52806587176947,39.35101074329302],[-77.533887047759,39.35101074329302],[-77.53679763575376,39.34711657188738],[-77.533887047759,39.34322240048175],[-77.52806587176947,39.34322240048175],[-77.52515528377471,39.34711657188738]]]}},{"type":"Feature","properties":{"land_value":110973},"geometry":{"type":"Polygon","coordinates":[[[-77.52515528377471,39.35490491469864],[-77.52806587176947,39.35879908610428],[-77.533887047759,39.35879908610428],[-77.53679763575376,39.35490491469864],[-77.533887047759,39.35101074329301],[-77.52806587176947,39.35101074329301],[-77.52515528377471,39.35490491469864]]]}},{"type":"Feature","properties":{"land_value":75489},"geometry":{"type":"Polygon","coordinates":[[[-77.52515528377471,39.3626932575099],[-77.52806587176947,39.36658742891554],[-77.533887047759,39.36658742891554],[-77.53679763575376,39.3626932575099],[-77.533887047759,39.35879908610427],[-77.52806587176947,39.35879908610427],[-77.52515528377471,39.3626932575099]]]}},{"type":"Feature","properties":{"land_value":95660},"geometry":{"type":"Polygon","coordinates":[[[-77.52515528377471,39.37048160032116],[-77.52806587176947,39.3743757717268],[-77.533887047759,39.3743757717268],[-77.53679763575376,39.37048160032116],[-77.533887047759,39.36658742891553],[-77.52806587176947,39.36658742891553],[-77.52515528377471,39.37048160032116]]]}},{"type":"Feature","properties":{"land_value":118379},"geometry":{"type":"Polygon","coordinates":[[[-77.52515528377471,39.37826994313243],[-77.52806587176947,39.382164114538064],[-77.533887047759,39.382164114538064],[-77.53679763575376,39.37826994313243],[-77.533887047759,39.3743757717268],[-77.52806587176947,39.3743757717268],[-77.52515528377471,39.37826994313243]]]}},{"type":"Feature","properties":{"land_value":141012},"geometry":{"type":"Polygon","coordinates":[[[-77.52515528377471,39.38605828594369],[-77.52806587176947,39.389952457349324],[-77.533887047759,39.389952457349324],[-77.53679763575376,39.38605828594369],[-77.533887047759,39.38216411453806],[-77.52806587176947,39.38216411453806],[-77.52515528377471,39.38605828594369]]]}},{"type":"Feature","properties":{"land_value":153605},"geometry":{"type":"Polygon","coordinates":[[[-77.52515528377471,39.39384662875495],[-77.52806587176947,39.397740800160584],[-77.533887047759,39.397740800160584],[-77.53679763575376,39.39384662875495],[-77.533887047759,39.38995245734932],[-77.52806587176947,39.38995245734932],[-77.52515528377471,39.39384662875495]]]}},{"type":"Feature","properties":{"land_value":142138},"geometry":{"type":"Polygon","coordinates":[[[-77.52515528377471,39.40163497156621],[-77.52806587176947,39.405529142971844],[-77.533887047759,39.405529142971844],[-77.53679763575376,39.40163497156621],[-77.533887047759,39.39774080016058],[-77.52806587176947,39.39774080016058],[-77.52515528377471,39.40163497156621]]]}},{"type":"Feature","properties":{"land_value":119619},"geometry":{"type":"Polygon","coordinates":[[[-77.52515528377471,39.40942331437747],[-77.52806587176947,39.413317485783104],[-77.533887047759,39.413317485783104],[-77.53679763575376,39.40942331437747],[-77.533887047759,39.40552914297184],[-77.52806587176947,39.40552914297184],[-77.52515528377471,39.40942331437747]]]}},{"type":"Feature","properties":{"land_value":122938},"geometry":{"type":"Polygon","coordinates":[[[-77.52515528377471,39.41721165718873],[-77.52806587176947,39.421105828594364],[-77.533887047759,39.421105828594364],[-77.53679763575376,39.41721165718873],[-77.533887047759,39.4133174857831],[-77.52806587176947,39.4133174857831],[-77.52515528377471,39.41721165718873]]]}},{"type":"Feature","properties":{"land_value":107676},"geometry":{"type":"Polygon","coordinates":[[[-77.52515528377471,39.425],[-77.52806587176947,39.42889417140563],[-77.533887047759,39.42889417140563],[-77.53679763575376,39.425],[-77.533887047759,39.421105828594364],[-77.52806587176947,39.421105828594364],[-77.52515528377471,39.425]]]}},{"type":"Feature","properties":{"land_value":180374},"geometry":{"type":"Polygon","coordinates":[[[-77.52515528377471,39.43278834281126],[-77.52806587176947,39.43668251421689],[-77.533887047759,39.43668251421689],[-77.53679763575376,39.43278834281126],[-77.533887047759,39.428894171405624],[-77.52806587176947,39.428894171405624],[-77.52515528377471,39.43278834281126]]]}},{"type":"Feature","properties":{"land_value":180951},"geometry":{"type":"Polygon","coordinates":[[[-77.52515528377471,39.44057668562252],[-77.52806587176947,39.44447085702815],[-77.533887047759,39.44447085702815],[-77.53679763575376,39.44057668562252],[-77.533887047759,39.43668251421688],[-77.52806587176947,39.43668251421688],[-77.52515528377471,39.44057668562252]]]}},{"type":"Feature","properties":{"land_value":135925},"geometry":{"type":"Polygon","coordinates":[[[-77.52515528377471,39.44836502843378],[-77.52806587176947,39.45225919983941],[-77.533887047759,39.45225919983941],[-77.53679763575376,39.44836502843378],[-77.533887047759,39.44447085702814],[-77.52806587176947,39.44447085702814],[-77.52515528377471,39.44836502843378]]]}},{"type":"Feature","properties":{"land_value":75688},"geometry":{"type":"Polygon","coordinates":[[[-77.52515528377471,39.45615337124504],[-77.52806587176947,39.46004754265067],[-77.533887047759,39.46004754265067],[-77.53679763575376,39.45615337124504],[-77.533887047759,39.4522591998394],[-77.52806587176947,39.4522591998394],[-77.52515528377471,39.45615337124504]]]}},{"type":"Feature","properties":{"land_value":153596},"geometry":{"type":"Polygon","coordinates":[[[-77.52515528377471,39.4639417140563],[-77.52806587176947,39.46783588546193],[-77.533887047759,39.46783588546193],[-77.53679763575376,39.4639417140563],[-77.533887047759,39.46004754265066],[-77.52806587176947,39.46004754265066],[-77.52515528377471,39.4639417140563]]]}},{"type":"Feature","properties":{"land_value":143015},"geometry":{"type":"Polygon","coordinates":[[[-77.52515528377471,39.471730056867564],[-77.52806587176947,39.4756242282732],[-77.533887047759,39.4756242282732],[-77.53679763575376,39.471730056867564],[-77.533887047759,39.46783588546193],[-77.52806587176947,39.46783588546193],[-77.52515528377471,39.471730056867564]]]}},{"type":"Feature","properties":{"land_value":59660},"geometry":{"type":"Polygon","coordinates":[[[-77.52515528377471,39.479518399678824],[-77.52806587176947,39.48341257108446],[-77.533887047759,39.48341257108446],[-77.53679763575376,39.479518399678824],[-77.533887047759,39.47562422827319],[-77.52806587176947,39.47562422827319],[-77.52515528377471,39.479518399678824]]]}},{"type":"Feature","properties":{"land_value":111057},"geometry":{"type":"Polygon","coordinates":[[[-77.52515528377471,39.487306742490084],[-77.52806587176947,39.49120091389572],[-77.533887047759,39.49120091389572],[-77.53679763575376,39.487306742490084],[-77.533887047759,39.48341257108445],[-77.52806587176947,39.48341257108445],[-77.52515528377471,39.487306742490084]]]}},{"type":"Feature","properties":{"land_value":80983},"geometry":{"type":"Polygon","coordinates":[[[-77.52515528377471,39.495095085301344],[-77.52806587176947,39.49898925670698],[-77.533887047759,39.49898925670698],[-77.53679763575376,39.495095085301344],[-77.533887047759,39.49120091389571],[-77.52806587176947,39.49120091389571],[-77.52515528377471,39.495095085301344]]]}},{"type":"Feature","properties":{"land_value":50000},"geometry":{"type":"Polygon","coordinates":[[[-77.52515528377471,39.502883428112604],[-77.52806587176947,39.50677759951824],[-77.533887047759,39.50677759951824],[-77.53679763575376,39.502883428112604],[-77.533887047759,39.49898925670697],[-77.52806587176947,39.49898925670697],[-77.52515528377471,39.502883428112604]]]}},{"type":"Feature","properties":{"land_value":50000},"geometry":{"type":"Polygon","coordinates":[[[-77.52515528377471,39.510671770923864],[-77.52806587176947,39.5145659423295],[-77.533887047759,39.5145659423295],[-77.53679763575376,39.510671770923864],[-77.533887047759,39.50677759951823],[-77.52806587176947,39.50677759951823],[-77.52515528377471,39.510671770923864]]]}},{"type":"Feature","properties":{"land_value":50000},"geometry":{"type":"Polygon","coordinates":[[[-77.52515528377471,39.51846011373513],[-77.52806587176947,39.522354285140764],[-77.533887047759,39.522354285140764],[-77.53679763575376,39.51846011373513],[-77.533887047759,39.5145659423295],[-77.52806587176947,39.5145659423295],[-77.52515528377471,39.51846011373513]]]}},{"type":"Feature","properties":{"land_value":50000},"geometry":{"type":"Polygon","coordinates":[[[-77.52515528377471,39.52624845654639],[-77.52806587176947,39.530142627952024],[-77.533887047759,39.530142627952024],[-77.53679763575376,39.52624845654639],[-77.533887047759,39.52235428514076],[-77.52806587176947,39.52235428514076],[-77.52515528377471,39.52624845654639]]]}},{"type":"Feature","properties":{"land_value":50000},"geometry":{"type":"Polygon","coordinates":[[[-77.52515528377471,39.53403679935765],[-77.52806587176947,39.537930970763284],[-77.533887047759,39.537930970763284],[-77.53679763575376,39.53403679935765],[-77.533887047759,39.53014262795202],[-77.52806587176947,39.53014262795202],[-77.52515528377471,39.53403679935765]]]}},{"type":"Feature","properties":{"land_value":50000},"geometry":{"type":"Polygon","coordinates":[[[-77.52515528377471,39.54182514216891],[-77.52806587176947,39.545719313574544],[-77.533887047759,39.545719313574544],[-77.53679763575376,39.54182514216891],[-77.533887047759,39.53793097076328],[-77.52806587176947,39.53793097076328],[-77.52515528377471,39.54182514216891]]]}},{"type":"Feature","properties":{"land_value":50000},"geometry":{"type":"Polygon","coordinates":[[[-77.52515528377471,39.54961348498017],[-77.52806587176947,39.553507656385804],[-77.533887047759,39.553507656385804],[-77.53679763575376,39.54961348498017],[-77.533887047759,39.54571931357454],[-77.52806587176947,39.54571931357454],[-77.52515528377471,39.54961348498017]]]}},{"type":"Feature","properties":{"land_value":50000},"geometry":{"type":"Polygon","coordinates":[[[-77.52515528377471,39.55740182779143],[-77.52806587176947,39.561295999197064],[-77.533887047759,39.561295999197064],[-77.53679763575376,39.55740182779143],[-77.533887047759,39.5535076563858],[-77.52806587176947,39.5535076563858],[-77.52515528377471,39.55740182779143]]]}},{"type":"Feature","properties":{"land_value":50000},"geometry":{"type":"Polygon","coordinates":[[[-77.52515528377471,39.5651901706027],[-77.52806587176947,39.56908434200833],[-77.533887047759,39.56908434200833],[-77.53679763575376,39.5651901706027],[-77.533887047759,39.561295999197064],[-77.52806587176947,39.561295999197064],[-77.52515528377471,39.5651901706027]]]}},{"type":"Feature","properties":{"land_value":50000},"geometry":{"type":"Polygon","coordinates":[[[-77.52515528377471,39.57297851341396],[-77.52806587176947,39.57687268481959],[-77.533887047759,39.57687268481959],[-77.53679763575376,39.57297851341396],[-77.533887047759,39.569084342008324],[-77.52806587176947,39.569084342008324],[-77.52515528377471,39.57297851341396]]]}},{"type":"Feature","properties":{"land_value":50000},"geometry":{"type":"Polygon","coordinates":[[[-77.52515528377471,39.58076685622522],[-77.52806587176947,39.58466102763085],[-77.533887047759,39.58466102763085],[-77.53679763575376,39.58076685622522],[-77.533887047759,39.576872684819584],[-77.52806587176947,39.576872684819584],[-77.52515528377471,39.58076685622522]]]}},{"type":"Feature","properties":{"land_value":50000},"geometry":{"type":"Polygon","coordinates":[[[-77.52515528377471,39.58855519903648],[-77.52806587176947,39.59244937044211],[-77.533887047759,39.59244937044211],[-77.53679763575376,39.58855519903648],[-77.533887047759,39.584661027630844],[-77.52806587176947,39.584661027630844],[-77.52515528377471,39.58855519903648]]]}},{"type":"Feature","properties":{"land_value":50000},"geometry":{"type":"Polygon","coordinates":[[[-77.51642351979042,39.25755062955788],[-77.51933410778518,39.26144480096352],[-77.52515528377471,39.26144480096352],[-77.52806587176947,39.25755062955788],[-77.52515528377471,39.25365645815225],[-77.51933410778518,39.25365645815225],[-77.51642351979042,39.25755062955788]]]}},{"type":"Feature","properties":{"land_value":50000},"geometry":{"type":"Polygon","coordinates":[[[-77.51642351979042,39.26533897236914],[-77.51933410778518,39.26923314377478],[-77.52515528377471,39.26923314377478],[-77.52806587176947,39.26533897236914],[-77.52515528377471,39.26144480096351],[-77.51933410778518,39.26144480096351],[-77.51642351979042,39.26533897236914]]]}},{"type":"Feature","properties":{"land_value":50000},"geometry":{"type":"Polygon","coordinates":[[[-77.51642351979042,39.2731273151804],[-77.51933410778518,39.27702148658604],[-77.52515528377471,39.27702148658604],[-77.52806587176947,39.2731273151804],[-77.52515528377471,39.26923314377477],[-77.51933410778518,39.26923314377477],[-77.51642351979042,39.2731273151804]]]}},{"type":"Feature","properties":{"land_value":50000},"geometry":{"type":"Polygon","coordinates":[[[-77.51642351979042,39.28091565799166],[-77.51933410778518,39.2848098293973],[-77.52515528377471,39.2848098293973],[-77.52806587176947,39.28091565799166],[-77.52515528377471,39.27702148658603],[-77.51933410778518,39.27702148658603],[-77.51642351979042,39.28091565799166]]]}},{"type":"Feature","properties":{"land_value":50000},"geometry":{"type":"Polygon","coordinates":[[[-77.51642351979042,39.28870400080293],[-77.51933410778518,39.292598172208564],[-77.52515528377471,39.292598172208564],[-77.52806587176947,39.28870400080293],[-77.52515528377471,39.2848098293973],[-77.51933410778518,39.2848098293973],[-77.51642351979042,39.28870400080293]]]}},{"type":"Feature","properties":{"land_value":50000},"geometry":{"type":"Polygon","coordinates":[[[-77.51642351979042,39.29649234361419],[-77.51933410778518,39.300386515019824],[-77.52515528377471,39.300386515019824],[-77.52806587176947,39.29649234361419],[-77.52515528377471,39.29259817220856],[-77.51933410778518,39.29259817220856],[-77.51642351979042,39.29649234361419]]]}},{"type":"Feature","properties":{"land_value":50000},"geometry":{"type":"Polygon","coordinates":[[[-77.51642351979042,39.30428068642545],[-77.51933410778518,39.308174857831084],[-77.52515528377471,39.308174857831084],[-77.52806587176947,39.30428068642545],[-77.52515528377471,39.30038651501982],[-77.51933410778518,39.30038651501982],[-77.51642351979042,39.30428068642545]]]}},{"type":"Feature","properties":{"land_value":50000},"geometry":{"type":"Polygon","coordinates":[[[-77.51642351979042,39.31206902923671],[-77.51933410778518,39.315963200642344],[-77.52515528377471,39.315963200642344],[-77.52806587176947,39.31206902923671],[-77.52515528377471,39.30817485783108],[-77.51933410778518,39.30817485783108],[-77.51642351979042,39.31206902923671]]]}},{"type":"Feature","properties":{"land_value":68548},"geometry":{"type":"Polygon","coordinates":[[[-77.51642351979042,39.31985737204797],[-77.51933410778518,39.323751543453604],[-77.52515528377471,39.323751543453604],[-77.52806587176947,39.31985737204797],[-77.52515528377471,39.31596320064234],[-77.51933410778518,39.31596320064234],[-77.51642351979042,39.31985737204797]]]}},{"type":"Feature","properties":{"land_value":88253},"geometry":{"type":"Polygon","coordinates":[[[-77.51642351979042,39.32764571485923],[-77.51933410778518,39.33153988626486],[-77.52515528377471,39.33153988626486],[-77.52806587176947,39.32764571485923],[-77.52515528377471,39.3237515434536],[-77.51933410778518,39.3237515434536],[-77.51642351979042,39.32764571485923]]]}},{"type":"Feature","properties":{"land_value":50000},"geometry":{"type":"Polygon","coordinates":[[[-77.51642351979042,39.3354340576705],[-77.51933410778518,39.33932822907613],[-77.52515528377471,39.33932822907613],[-77.52806587176947,39.3354340576705],[-77.52515528377471,39.33153988626486],[-77.51933410778518,39.33153988626486],[-77.51642351979042,39.3354340576705]]]}},{"type":"Feature","properties":{"land_value":118115},"geometry":{"type":"Polygon","coordinates":[[[-77.51642351979042,39.34322240048176],[-77.51933410778518,39.34711657188739],[-77.52515528377471,39.34711657188739],[-77.52806587176947,39.34322240048176],[-77.52515528377471,39.33932822907612],[-77.51933410778518,39.33932822907612],[-77.51642351979042,39.34322240048176]]]}},{"type":"Feature","properties":{"land_value":148377},"geometry":{"type":"Polygon","coordinates":[[[-77.51642351979042,39.35101074329302],[-77.51933410778518,39.35490491469865],[-77.52515528377471,39.35490491469865],[-77.52806587176947,39.35101074329302],[-77.52515528377471,39.34711657188738],[-77.51933410778518,39.34711657188738],[-77.51642351979042,39.35101074329302]]]}},{"type":"Feature","properties":{"land_value":150227},"geometry":{"type":"Polygon","coordinates":[[[-77.51642351979042,39.35879908610428],[-77.51933410778518,39.36269325750991],[-77.52515528377471,39.36269325750991],[-77.52806587176947,39.35879908610428],[-77.52515528377471,39.35490491469864],[-77.51933410778518,39.35490491469864],[-77.51642351979042,39.35879908610428]]]}},{"type":"Feature","properties":{"land_value":131127},"geometry":{"type":"Polygon","coordinates":[[[-77.51642351979042,39.36658742891554],[-77.51933410778518,39.37048160032117],[-77.52515528377471,39.37048160032117],[-77.52806587176947,39.36658742891554],[-77.52515528377471,39.3626932575099],[-77.51933410778518,39.3626932575099],[-77.51642351979042,39.36658742891554]]]}},{"type":"Feature","properties":{"land_value":100180},"geometry":{"type":"Polygon","coordinates":[[[-77.51642351979042,39.3743757717268],[-77.51933410778518,39.37826994313243],[-77.52515528377471,39.37826994313243],[-77.52806587176947,39.3743757717268],[-77.52515528377471,39.37048160032116],[-77.51933410778518,39.37048160032116],[-77.51642351979042,39.3743757717268]]]}},{"type":"Feature","properties":{"land_value":139190},"geometry":{"type":"Polygon","coordinates":[[[-77.51642351979042,39.382164114538064],[-77.51933410778518,39.3860582859437],[-77.52515528377471,39.3860582859437],[-77.52806587176947,39.382164114538064],[-77.52515528377471,39.37826994313243],[-77.51933410778518,39.37826994313243],[-77.51642351979042,39.382164114538064]]]}},{"type":"Feature","properties":{"land_value":200721},"geometry":{"type":"Polygon","coordinates":[[[-77.51642351979042,39.389952457349324],[-77.51933410778518,39.39384662875496],[-77.52515528377471,39.39384662875496],[-77.52806587176947,39.389952457349324],[-77.52515528377471,39.38605828594369],[-77.51933410778518,39.38605828594369],[-77.51642351979042,39.389952457349324]]]}},{"type":"Feature","properties":{"land_value":201022},"geometry":{"type":"Polygon","coordinates":[[[-77.51642351979042,39.397740800160584],[-77.51933410778518,39.40163497156622],[-77.52515528377471,39.40163497156622],[-77.52806587176947,39.397740800160584],[-77.52515528377471,39.39384662875495],[-77.51933410778518,39.39384662875495],[-77.51642351979042,39.397740800160584]]]}},{"type":"Feature","properties":{"land_value":217854},"geometry":{"type":"Polygon","coordinates":[[[-77.51642351979042,39.405529142971844],[-77.51933410778518,39.40942331437748],[-77.52515528377471,39.40942331437748],[-77.52806587176947,39.405529142971844],[-77.52515528377471,39.40163497156621],[-77.51933410778518,39.40163497156621],[-77.51642351979042,39.405529142971844]]]}},{"type":"Feature","properties":{"land_value":196508},"geometry":{"type":"Polygon","coordinates":[[[-77.51642351979042,39.413317485783104],[-77.51933410778518,39.41721165718874],[-77.52515528377471,39.41721165718874],[-77.52806587176947,39.413317485783104],[-77.52515528377471,39.40942331437747],[-77.51933410778518,39.40942331437747],[-77.51642351979042,39.413317485783104]]]}},{"type":"Feature","properties":{"land_value":190495},"geometry":{"type":"Polygon","coordinates":[[[-77.51642351979042,39.421105828594364],[-77.51933410778518,39.425],[-77.52515528377471,39.425],[-77.52806587176947,39.421105828594364],[-77.52515528377471,39.41721165718873],[-77.51933410778518,39.41721165718873],[-77.51642351979042,39.421105828594364]]]}},{"type":"Feature","properties":{"land_value":193384},"geometry":{"type":"Polygon","coordinates":[[[-77.51642351979042,39.42889417140563],[-77.51933410778518,39.432788342811264],[-77.52515528377471,39.432788342811264],[-77.52806587176947,39.42889417140563],[-77.52515528377471,39.425],[-77.51933410778518,39.425],[-77.51642351979042,39.42889417140563]]]}},{"type":"Feature","properties":{"land_value":209752},"geometry":{"type":"Polygon","coordinates":[[[-77.51642351979042,39.43668251421689],[-77.51933410778518,39.440576685622524],[-77.52515528377471,39.440576685622524],[-77.52806587176947,39.43668251421689],[-77.52515528377471,39.43278834281126],[-77.51933410778518,39.43278834281126],[-77.51642351979042,39.43668251421689]]]}},{"type":"Feature","properties":{"land_value":169778},"geometry":{"type":"Polygon","coordinates":[[[-77.51642351979042,39.44447085702815],[-77.51933410778518,39.448365028433784],[-77.52515528377471,39.448365028433784],[-77.52806587176947,39.44447085702815],[-77.52515528377471,39.44057668562252],[-77.51933410778518,39.44057668562252],[-77.51642351979042,39.44447085702815]]]}},{"type":"Feature","properties":{"land_value":156839},"geometry":{"type":"Polygon","coordinates":[[[-77.51642351979042,39.45225919983941],[-77.51933410778518,39.456153371245044],[-77.52515528377471,39.456153371245044],[-77.52806587176947,39.45225919983941],[-77.52515528377471,39.44836502843378],[-77.51933410778518,39.44836502843378],[-77.51642351979042,39.45225919983941]]]}},{"type":"Feature","properties":{"land_value":116992},"geometry":{"type":"Polygon","coordinates":[[[-77.51642351979042,39.46004754265067],[-77.51933410778518,39.463941714056304],[-77.52515528377471,39.463941714056304],[-77.52806587176947,39.46004754265067],[-77.52515528377471,39.45615337124504],[-77.51933410778518,39.45615337124504],[-77.51642351979042,39.46004754265067]]]}},{"type":"Feature","properties":{"land_value":117295},"geometry":{"type":"Polygon","coordinates":[[[-77.51642351979042,39.46783588546193],[-77.51933410778518,39.471730056867564],[-77.52515528377471,39.471730056867564],[-77.52806587176947,39.46783588546193],[-77.52515528377471,39.4639417140563],[-77.51933410778518,39.4639417140563],[-77.51642351979042,39.46783588546193]]]}},{"type":"Feature","properties":{"land_value":89472},"geometry":{"type":"Polygon","coordinates":[[[-77.51642351979042,39.4756242282732],[-77.51933410778518,39.47951839967883],[-77.52515528377471,39.47951839967883],[-77.52806587176947,39.4756242282732],[-77.52515528377471,39.471730056867564],[-77.51933410778518,39.471730056867564],[-77.51642351979042,39.4756242282732]]]}},{"type":"Feature","properties":{"land_value":136509},"geometry":{"type":"Polygon","coordinates":[[[-77.51642351979042,39.48341257108446],[-77.51933410778518,39.48730674249009],[-77.52515528377471,39.48730674249009],[-77.52806587176947,39.48341257108446],[-77.52515528377471,39.479518399678824],[-77.51933410778518,39.479518399678824],[-77.51642351979042,39.48341257108446]]]}},{"type":"Feature","properties":{"land_value":98688},"geometry":{"type":"Polygon","coordinates":[[[-77.51642351979042,39.49120091389572],[-77.51933410778518,39.49509508530135],[-77.52515528377471,39.49509508530135],[-77.52806587176947,39.49120091389572],[-77.52515528377471,39.487306742490084],[-77.51933410778518,39.487306742490084],[-77.51642351979042,39.49120091389572]]]}},{"type":"Feature","properties":{"land_value":50000},"geometry":{"type":"Polygon","coordinates":[[[-77.51642351979042,39.49898925670698],[-77.51933410778518,39.50288342811261],[-77.52515528377471,39.50288342811261],[-77.52806587176947,39.49898925670698],[-77.52515528377471,39.495095085301344],[-77.51933410778518,39.495095085301344],[-77.51642351979042,39.49898925670698]]]}},{"type":"Feature","properties":{"land_value":77917},"geometry":{"type":"Polygon","coordinates":[[[-77.51642351979042,39.50677759951824],[-77.51933410778518,39.51067177092387],[-77.52515528377471,39.51067177092387],[-77.52806587176947,39.50677759951824],[-77.52515528377471,39.502883428112604],[-77.51933410778518,39.502883428112604],[-77.51642351979042,39.50677759951824]]]}},{"type":"Feature","properties":{"land_value":59423},"geometry":{"type":"Polygon","coordinates":[[[-77.51642351979042,39.5145659423295],[-77.51933410778518,39.51846011373513],[-77.52515528377471,39.51846011373513],[-77.52806587176947,39.5145659423295],[-77.52515528377471,39.510671770923864],[-77.51933410778518,39.510671770923864],[-77.51642351979042,39.5145659423295]]]}},{"type":"Feature","properties":{"land_value":50000},"geometry":{"type":"Polygon","coordinates":[[[-77.51642351979042,39.522354285140764],[-77.51933410778518,39.5262484565464],[-77.52515528377471,39.5262484565464],[-77.52806587176947,39.522354285140764],[-77.52515528377471,39.51846011373513],[-77.51933410778518,39.51846011373513],[-77.51642351979042,39.522354285140764]]]}},{"type":"Feature","properties":{"land_value":50000},"geometry":{"type":"Polygon","coordinates":[[[-77.51642351979042,39.530142627952024],[-77.51933410778518,39.53403679935766],[-77.52515528377471,39.53403679935766],[-77.52806587176947,39.530142627952024],[-77.52515528377471,39.52624845654639],[-77.51933410778518,39.52624845654639],[-77.51642351979042,39.530142627952024]]]}},{"type":"Feature","properties":{"land_value":50000},"geometry":{"type":"Polygon","coordinates":[[[-77.51642351979042,39.537930970763284],[-77.51933410778518,39.54182514216892],[-77.52515528377471,39.54182514216892],[-77.52806587176947,39.537930970763284],[-77.52515528377471,39.53403679935765],[-77.51933410778518,39.53403679935765],[-77.51642351979042,39.537930970763284]]]}},{"type":"Feature","properties":{"land_value":50000},"geometry":{"type":"Polygon","coordinates":[[[-77.51642351979042,39.545719313574544],[-77.51933410778518,39.54961348498018],[-77.52515528377471,39.54961348498018],[-77.52806587176947,39.545719313574544],[-77.52515528377471,39.54182514216891],[-77.51933410778518,39.54182514216891],[-77.51642351979042,39.545719313574544]]]}},{"type":"Feature","properties":{"land_value":50000},"geometry":{"type":"Polygon","coordinates":[[[-77.51642351979042,39.553507656385804],[-77.51933410778518,39.55740182779144],[-77.52515528377471,39.55740182779144],[-77.52806587176947,39.553507656385804],[-77.52515528377471,39.54961348498017],[-77.51933410778518,39.54961348498017],[-77.51642351979042,39.553507656385804]]]}},{"type":"Feature","properties":{"land_value":50000},"geometry":{"type":"Polygon","coordinates":[[[-77.51642351979042,39.561295999197064],[-77.51933410778518,39.5651901706027],[-77.52515528377471,39.5651901706027],[-77.52806587176947,39.561295999197064],[-77.52515528377471,39.55740182779143],[-77.51933410778518,39.55740182779143],[-77.51642351979042,39.561295999197064]]]}},{"type":"Feature","properties":{"land_value":50000},"geometry":{"type":"Polygon","coordinates":[[[-77.51642351979042,39.56908434200833],[-77.51933410778518,39.572978513413965],[-77.52515528377471,39.572978513413965],[-77.52806587176947,39.56908434200833],[-77.52515528377471,39.5651901706027],[-77.51933410778518,39.5651901706027],[-77.51642351979042,39.56908434200833]]]}},{"type":"Feature","properties":{"land_value":50000},"geometry":{"type":"Polygon","coordinates":[[[-77.51642351979042,39.57687268481959],[-77.51933410778518,39.580766856225225],[-77.52515528377471,39.580766856225225],[-77.52806587176947,39.57687268481959],[-77.52515528377471,39.57297851341396],[-77.51933410778518,39.57297851341396],[-77.51642351979042,39.57687268481959]]]}},{"type":"Feature","properties":{"land_value":50000},"geometry":{"type":"Polygon","coordinates":[[[-77.51642351979042,39.58466102763085],[-77.51933410778518,39.588555199036485],[-77.52515528377471,39.588555199036485],[-77.52806587176947,39.58466102763085],[-77.52515528377471,39.58076685622522],[-77.51933410778518,39.58076685622522],[-77.51642351979042,39.58466102763085]]]}},{"type":"Feature","properties":{"land_value":50000},"geometry":{"type":"Polygon","coordinates":[[[-77.51642351979042,39.59244937044211],[-77.51933410778518,39.596343541847745],[-77.52515528377471,39.596343541847745],[-77.52806587176947,39.59244937044211],[-77.52515528377471,39.58855519903648],[-77.51933410778518,39.58855519903648],[-77.51642351979042,39.59244937044211]]]}},{"type":"Feature","properties":{"land_value":50000},"geometry":{"type":"Polygon","coordinates":[[[-77.50769175580614,39.26144480096351],[-77.5106023438009,39.26533897236914],[-77.51642351979042,39.26533897236914],[-77.51933410778518,39.26144480096351],[-77.51642351979042,39.257550629557876],[-77.5106023438009,39.257550629557876],[-77.50769175580614,39.26144480096351]]]}},{"type":"Feature","properties":{"land_value":50000},"geometry":{"type":"Polygon","coordinates":[[[-77.50769175580614,39.26923314377477],[-77.5106023438009,39.2731273151804],[-77.51642351979042,39.2731273151804],[-77.51933410778518,39.26923314377477],[-77.51642351979042,39.265338972369136],[-77.5106023438009,39.265338972369136],[-77.50769175580614,39.26923314377477]]]}},{"type":"Feature","properties":{"land_value":50000},"geometry":{"type":"Polygon","coordinates":[[[-77.50769175580614,39.27702148658603],[-77.5106023438009,39.28091565799166],[-77.51642351979042,39.28091565799166],[-77.51933410778518,39.27702148658603],[-77.51642351979042,39.273127315180396],[-77.5106023438009,39.273127315180396],[-77.50769175580614,39.27702148658603]]]}},{"type":"Feature","properties":{"land_value":50000},"geometry":{"type":"Polygon","coordinates":[[[-77.50769175580614,39.2848098293973],[-77.5106023438009,39.28870400080293],[-77.51642351979042,39.28870400080293],[-77.51933410778518,39.2848098293973],[-77.51642351979042,39.28091565799166],[-77.5106023438009,39.28091565799166],[-77.50769175580614,39.2848098293973]]]}},{"type":"Feature","properties":{"land_value":50000},"geometry":{"type":"Polygon","coordinates":[[[-77.50769175580614,39.29259817220856],[-77.5106023438009,39.29649234361419],[-77.51642351979042,39.29649234361419],[-77.51933410778518,39.29259817220856],[-77.51642351979042,39.28870400080292],[-77.5106023438009,39.28870400080292],[-77.50769175580614,39.29259817220856]]]}},{"type":"Feature","properties":{"land_value":50000},"geometry":{"type":"Polygon","coordinates":[[[-77.50769175580614,39.30038651501982],[-77.5106023438009,39.30428068642545],[-77.51642351979042,39.30428068642545],[-77.51933410778518,39.30038651501982],[-77.51642351979042,39.29649234361418],[-77.5106023438009,39.29649234361418],[-77.50769175580614,39.30038651501982]]]}},{"type":"Feature","properties":{"land_value":50000},"geometry":{"type":"Polygon","coordinates":[[[-77.50769175580614,39.30817485783108],[-77.5106023438009,39.31206902923671],[-77.51642351979042,39.31206902923671],[-77.51933410778518,39.30817485783108],[-77.51642351979042,39.30428068642544],[-77.5106023438009,39.30428068642544],[-77.50769175580614,39.30817485783108]]]}},{"type":"Feature","properties":{"land_value":61483},"geometry":{"type":"Polygon","coordinates":[[[-77.50769175580614,39.31596320064234],[-77.5106023438009,39.31985737204797],[-77.51642351979042,39.31985737204797],[-77.51933410778518,39.31596320064234],[-77.51642351979042,39.3120690292367],[-77.5106023438009,39.3120690292367],[-77.50769175580614,39.31596320064234]]]}},{"type":"Feature","properties":{"land_value":50000},"geometry":{"type":"Polygon","coordinates":[[[-77.50769175580614,39.3237515434536],[-77.5106023438009,39.32764571485923],[-77.51642351979042,39.32764571485923],[-77.51933410778518,39.3237515434536],[-77.51642351979042,39.31985737204796],[-77.5106023438009,39.31985737204796],[-77.50769175580614,39.3237515434536]]]}},{"type":"Feature","properties":{"land_value":86371},"geometry":{"type":"Polygon","coordinates":[[[-77.50769175580614,39.33153988626486],[-77.5106023438009,39.3354340576705],[-77.51642351979042,39.3354340576705],[-77.51933410778518,39.33153988626486],[-77.51642351979042,39.32764571485923],[-77.5106023438009,39.32764571485923],[-77.50769175580614,39.33153988626486]]]}},{"type":"Feature","properties":{"land_value":113995},"geometry":{"type":"Polygon","coordinates":[[[-77.50769175580614,39.33932822907612],[-77.5106023438009,39.34322240048176],[-77.51642351979042,39.34322240048176],[-77.51933410778518,39.33932822907612],[-77.51642351979042,39.33543405767049],[-77.5106023438009,39.33543405767049],[-77.50769175580614,39.33932822907612]]]}},{"type":"Feature","properties":{"land_value":108580},"geometry":{"type":"Polygon","coordinates":[[[-77.50769175580614,39.34711657188738],[-77.5106023438009,39.35101074329302],[-77.51642351979042,39.35101074329302],[-77.51933410778518,39.34711657188738],[-77.51642351979042,39.34322240048175],[-77.5106023438009,39.34322240048175],[-77.50769175580614,39.34711657188738]]]}},{"type":"Feature","properties":{"land_value":120284},"geometry":{"type":"Polygon","coordinates":[[[-77.50769175580614,39.35490491469864],[-77.5106023438009,39.35879908610428],[-77.51642351979042,39.35879908610428],[-77.51933410778518,39.35490491469864],[-77.51642351979042,39.35101074329301],[-77.5106023438009,39.35101074329301],[-77.50769175580614,39.35490491469864]]]}},{"type":"Feature","properties":{"land_value":144043},"geometry":{"type":"Polygon","coordinates":[[[-77.50769175580614,39.3626932575099],[-77.5106023438009,39.36658742891554],[-77.51642351979042,39.36658742891554],[-77.51933410778518,39.3626932575099],[-77.51642351979042,39.35879908610427],[-77.5106023438009,39.35879908610427],[-77.50769175580614,39.3626932575099]]]}},{"type":"Feature","properties":{"land_value":131055},"geometry":{"type":"Polygon","coordinates":[[[-77.50769175580614,39.37048160032116],[-77.5106023438009,39.3743757717268],[-77.51642351979042,39.3743757717268],[-77.51933410778518,39.37048160032116],[-77.51642351979042,39.36658742891553],[-77.5106023438009,39.36658742891553],[-77.50769175580614,39.37048160032116]]]}},{"type":"Feature","properties":{"land_value":202623},"geometry":{"type":"Polygon","coordinates":[[[-77.50769175580614,39.37826994313243],[-77.5106023438009,39.382164114538064],[-77.51642351979042,39.382164114538064],[-77.51933410778518,39.37826994313243],[-77.51642351979042,39.3743757717268],[-77.5106023438009,39.3743757717268],[-77.50769175580614,39.37826994313243]]]}},{"type":"Feature","properties":{"land_value":139332},"geometry":{"type":"Polygon","coordinates":[[[-77.50769175580614,39.38605828594369],[-77.5106023438009,39.389952457349324],[-77.51642351979042,39.389952457349324],[-77.51933410778518,39.38605828594369],[-77.51642351979042,39.38216411453806],[-77.5106023438009,39.38216411453806],[-77.50769175580614,39.38605828594369]]]}},{"type":"Feature","properties":{"land_value":151478},"geometry":{"type":"Polygon","coordinates":[[[-77.50769175580614,39.39384662875495],[-77.5106023438009,39.397740800160584],[-77.51642351979042,39.397740800160584],[-77.51933410778518,39.39384662875495],[-77.51642351979042,39.38995245734932],[-77.5106023438009,39.38995245734932],[-77.50769175580614,39.39384662875495]]]}},{"type":"Feature","properties":{"land_value":206672},"geometry":{"type":"Polygon","coordinates":[[[-77.50769175580614,39.40163497156621],[-77.5106023438009,39.405529142971844],[-77.51642351979042,39.405529142971844],[-77.51933410778518,39.40163497156621],[-77.51642351979042,39.39774080016058],[-77.5106023438009,39.39774080016058],[-77.50769175580614,39.40163497156621]]]}},{"type":"Feature","properties":{"land_value":174795},"geometry":{"type":"Polygon","coordinates":[[[-77.50769175580614,39.40942331437747],[-77.5106023438009,39.413317485783104],[-77.51642351979042,39.413317485783104],[-77.51933410778518,39.40942331437747],[-77.51642351979042,39.40552914297184],[-77.5106023438009,39.40552914297184],[-77.50769175580614,39.40942331437747]]]}},{"type":"Feature","properties":{"land_value":213803},"geometry":{"type":"Polygon","coordinates":[[[-77.50769175580614,39.41721165718873],[-77.5106023438009,39.421105828594364],[-77.51642351979042,39.421105828594364],[-77.51933410778518,39.41721165718873],[-77.51642351979042,39.4133174857831],[-77.5106023438009,39.4133174857831],[-77.50769175580614,39.41721165718873]]]}},{"type":"Feature","properties":{"land_value":223249},"geometry":{"type":"Polygon","coordinates":[[[-77.50769175580614,39.425],[-77.5106023438009,39.42889417140563],[-77.51642351979042,39.42889417140563],[-77.51933410778518,39.425],[-77.51642351979042,39.421105828594364],[-77.5106023438009,39.421105828594364],[-77.50769175580614,39.425]]]}},{"type":"Feature","properties":{"land_value":198510},"geometry":{"type":"Polygon","coordinates":[[[-77.50769175580614,39.43278834281126],[-77.5106023438009,39.43668251421689],[-77.51642351979042,39.43668251421689],[-77.51933410778518,39.43278834281126],[-77.51642351979042,39.428894171405624],[-77.5106023438009,39.428894171405624],[-77.50769175580614,39.43278834281126]]]}},{"type":"Feature","properties":{"land_value":237178},"geometry":{"type":"Polygon","coordinates":[[[-77.50769175580614,39.44057668562252],[-77.5106023438009,39.44447085702815],[-77.51642351979042,39.44447085702815],[-77.51933410778518,39.44057668562252],[-77.51642351979042,39.43668251421688],[-77.5106023438009,39.43668251421688],[-77.50769175580614,39.44057668562252]]]}},{"type":"Feature","properties":{"land_value":149973},"geometry":{"type":"Polygon","coordinates":[[[-77.50769175580614,39.44836502843378],[-77.5106023438009,39.45225919983941],[-77.51642351979042,39.45225919983941],[-77.51933410778518,39.44836502843378],[-77.51642351979042,39.44447085702814],[-77.5106023438009,39.44447085702814],[-77.50769175580614,39.44836502843378]]]}},{"type":"Feature","properties":{"land_value":135670},"geometry":{"type":"Polygon","coordinates":[[[-77.50769175580614,39.45615337124504],[-77.5106023438009,39.46004754265067],[-77.51642351979042,39.46004754265067],[-77.51933410778518,39.45615337124504],[-77.51642351979042,39.4522591998394],[-77.5106023438009,39.4522591998394],[-77.50769175580614,39.45615337124504]]]}},{"type":"Feature","properties":{"land_value":170360},"geometry":{"type":"Polygon","coordinates":[[[-77.50769175580614,39.4639417140563],[-77.5106023438009,39.46783588546193],[-77.51642351979042,39.46783588546193],[-77.51933410778518,39.4639417140563],[-77.51642351979042,39.46004754265066],[-77.5106023438009,39.46004754265066],[-77.50769175580614,39.4639417140563]]]}},{"type":"Feature","properties":{"land_value":136599},"geometry":{"type":"Polygon","coordinates":[[[-77.50769175580614,39.471730056867564],[-77.5106023438009,39.4756242282732],[-77.51642351979042,39.4756242282732],[-77.51933410778518,39.471730056867564],[-77.51642351979042,39.46783588546193],[-77.5106023438009,39.46783588546193],[-77.50769175580614,39.471730056867564]]]}},{"type":"Feature","properties":{"land_value":108106},"geometry":{"type":"Polygon","coordinates":[[[-77.50769175580614,39.479518399678824],[-77.5106023438009,39.48341257108446],[-77.51642351979042,39.48341257108446],[-77.51933410778518,39.479518399678824],[-77.51642351979042,39.47562422827319],[-77.5106023438009,39.47562422827319],[-77.50769175580614,39.479518399678824]]]}},{"type":"Feature","properties":{"land_value":70821},"geometry":{"type":"Polygon","coordinates":[[[-77.50769175580614,39.487306742490084],[-77.5106023438009,39.49120091389572],[-77.51642351979042,39.49120091389572],[-77.51933410778518,39.487306742490084],[-77.51642351979042,39.48341257108445],[-77.5106023438009,39.48341257108445],[-77.50769175580614,39.487306742490084]]]}},{"type":"Feature","properties":{"land_value":90594},"geometry":{"type":"Polygon","coordinates":[[[-77.50769175580614,39.495095085301344],[-77.5106023438009,39.49898925670698],[-77.51642351979042,39.49898925670698],[-77.51933410778518,39.495095085301344],[-77.51642351979042,39.49120091389571],[-77.5106023438009,39.49120091389571],[-77.50769175580614,39.495095085301344]]]}},{"type":"Feature","properties":{"land_value":105351},"geometry":{"type":"Polygon","coordinates":[[[-77.50769175580614,39.502883428112604],[-77.5106023438009,39.50677759951824],[-77.51642351979042,39.50677759951824],[-77.51933410778518,39.502883428112604],[-77.51642351979042,39.49898925670697],[-77.5106023438009,39.49898925670697],[-77.50769175580614,39.502883428112604]]]}},{"type":"Feature","properties":{"land_value":54012},"geometry":{"type":"Polygon","coordinates":[[[-77.50769175580614,39.510671770923864],[-77.5106023438009,39.5145659423295],[-77.51642351979042,39.5145659423295],[-77.51933410778518,39.510671770923864],[-77.51642351979042,39.50677759951823],[-77.5106023438009,39.50677759951823],[-77.50769175580614,39.510671770923864]]]}},{"type":"Feature","properties":{"land_value":50000},"geometry":{"type":"Polygon","coordinates":[[[-77.50769175580614,39.51846011373513],[-77.5106023438009,39.522354285140764],[-77.51642351979042,39.522354285140764],[-77.51933410778518,39.51846011373513],[-77.51642351979042,39.5145659423295],[-77.5106023438009,39.5145659423295],[-77.50769175580614,39.51846011373513]]]}},{"type":"Feature","properties":{"land_value":50000},"geometry":{"type":"Polygon","coordinates":[[[-77.50769175580614,39.52624845654639],[-77.5106023438009,39.530142627952024],[-77.51642351979042,39.530142627952024],[-77.51933410778518,39.52624845654639],[-77.51642351979042,39.52235428514076],[-77.5106023438009,39.52235428514076],[-77.50769175580614,39.52624845654639]]]}},{"type":"Feature","properties":{"land_value":50000},"geometry":{"type":"Polygon","coordinates":[[[-77.50769175580614,39.53403679935765],[-77.5106023438009,39.537930970763284],[-77.51642351979042,39.537930970763284],[-77.51933410778518,39.53403679935765],[-77.51642351979042,39.53014262795202],[-77.5106023438009,39.53014262795202],[-77.50769175580614,39.53403679935765]]]}},{"type":"Feature","properties":{"land_value":50000},"geometry":{"type":"Polygon","coordinates":[[[-77.50769175580614,39.54182514216891],[-77.5106023438009,39.545719313574544],[-77.51642351979042,39.545719313574544],[-77.51933410778518,39.54182514216891],[-77.51642351979042,39.53793097076328],[-77.5106023438009,39.53793097076328],[-77.50769175580614,39.54182514216891]]]}},{"type":"Feature","properties":{"land_value":50000},"geometry":{"type":"Polygon","coordinates":[[[-77.50769175580614,39.54961348498017],[-77.5106023438009,39.553507656385804],[-77.51642351979042,39.553507656385804],[-77.51933410778518,39.54961348498017],[-77.51642351979042,39.54571931357454],[-77.5106023438009,39.54571931357454],[-77.50769175580614,39.54961348498017]]]}},{"type":"Feature","properties":{"land_value":50000},"geometry":{"type":"Polygon","coordinates":[[[-77.50769175580614,39.55740182779143],[-77.5106023438009,39.561295999197064],[-77.51642351979042,39.561295999197064],[-77.51933410778518,39.55740182779143],[-77.51642351979042,39.5535076563858],[-77.5106023438009,39.5535076563858],[-77.50769175580614,39.55740182779143]]]}},{"type":"Feature","properties":{"land_value":50000},"geometry":{"type":"Polygon","coordinates":[[[-77.50769175580614,39.5651901706027],[-77.5106023438009,39.56908434200833],[-77.51642351979042,39.56908434200833],[-77.51933410778518,39.5651901706027],[-77.51642351979042,39.561295999197064],[-77.5106023438009,39.561295999197064],[-77.50769175580614,39.5651901706027]]]}},{"type":"Feature","properties":{"land_value":50000},"geometry":{"type":"Polygon","coordinates":[[[-77.50769175580614,39.57297851341396],[-77.5106023438009,39.57687268481959],[-77.51642351979042,39.57687268481959],[-77.51933410778518,39.57297851341396],[-77.51642351979042,39.569084342008324],[-77.5106023438009,39.569084342008324],[-77.50769175580614,39.57297851341396]]]}},{"type":"Feature","properties":{"land_value":50000},"geometry":{"type":"Polygon","coordinates":[[[-77.50769175580614,39.58076685622522],[-77.5106023438009,39.58466102763085],[-77.51642351979042,39.58466102763085],[-77.51933410778518,39.58076685622522],[-77.51642351979042,39.576872684819584],[-77.5106023438009,39.576872684819584],[-77.50769175580614,39.58076685622522]]]}},{"type":"Feature","properties":{"land_value":50000},"geometry":{"type":"Polygon","coordinates":[[[-77.50769175580614,39.58855519903648],[-77.5106023438009,39.59244937044211],[-77.51642351979042,39.59244937044211],[-77.51933410778518,39.58855519903648],[-77.51642351979042,39.584661027630844],[-77.5106023438009,39.584661027630844],[-77.50769175580614,39.58855519903648]]]}},{"type":"Feature","properties":{"land_value":50000},"geometry":{"type":"Polygon","coordinates":[[[-77.49895999182186,39.25755062955788],[-77.50187057981663,39.26144480096352],[-77.50769175580615,39.26144480096352],[-77.51060234380091,39.25755062955788],[-77.50769175580615,39.25365645815225],[-77.50187057981663,39.25365645815225],[-77.49895999182186,39.25755062955788]]]}},{"type":"Feature","properties":{"land_value":50000},"geometry":{"type":"Polygon","coordinates":[[[-77.49895999182186,39.26533897236914],[-77.50187057981663,39.26923314377478],[-77.50769175580615,39.26923314377478],[-77.51060234380091,39.26533897236914],[-77.50769175580615,39.26144480096351],[-77.50187057981663,39.26144480096351],[-77.49895999182186,39.26533897236914]]]}},{"type":"Feature","properties":{"land_value":50000},"geometry":{"type":"Polygon","coordinates":[[[-77.49895999182186,39.2731273151804],[-77.50187057981663,39.27702148658604],[-77.50769175580615,39.27702148658604],[-77.51060234380091,39.2731273151804],[-77.50769175580615,39.26923314377477],[-77.50187057981663,39.26923314377477],[-77.49895999182186,39.2731273151804]]]}},{"type":"Feature","properties":{"land_value":50000},"geometry":{"type":"Polygon","coordinates":[[[-77.49895999182186,39.28091565799166],[-77.50187057981663,39.2848098293973],[-77.50769175580615,39.2848098293973],[-77.51060234380091,39.28091565799166],[-77.50769175580615,39.27702148658603],[-77.50187057981663,39.27702148658603],[-77.49895999182186,39.28091565799166]]]}},{"type":"Feature","properties":{"land_value":50000},"geometry":{"type":"Polygon","coordinates":[[[-77.49895999182186,39.28870400080293],[-77.50187057981663,39.292598172208564],[-77.50769175580615,39.292598172208564],[-77.51060234380091,39.28870400080293],[-77.50769175580615,39.2848098293973],[-77.50187057981663,39.2848098293973],[-77.49895999182186,39.28870400080293]]]}},{"type":"Feature","properties":{"land_value":50000},"geometry":{"type":"Polygon","coordinates":[[[-77.49895999182186,39.29649234361419],[-77.50187057981663,39.300386515019824],[-77.50769175580615,39.300386515019824],[-77.51060234380091,39.29649234361419],[-77.50769175580615,39.29259817220856],[-77.50187057981663,39.29259817220856],[-77.49895999182186,39.29649234361419]]]}},{"type":"Feature","properties":{"land_value":50000},"geometry":{"type":"Polygon","coordinates":[[[-77.49895999182186,39.30428068642545],[-77.50187057981663,39.308174857831084],[-77.50769175580615,39.308174857831084],[-77.51060234380091,39.30428068642545],[-77.50769175580615,39.30038651501982],[-77.50187057981663,39.30038651501982],[-77.49895999182186,39.30428068642545]]]}},{"type":"Feature","properties":{"land_value":84419},"geometry":{"type":"Polygon","coordinates":[[[-77.49895999182186,39.31206902923671],[-77.50187057981663,39.315963200642344],[-77.50769175580615,39.315963200642344],[-77.51060234380091,39.31206902923671],[-77.50769175580615,39.30817485783108],[-77.50187057981663,39.30817485783108],[-77.49895999182186,39.31206902923671]]]}},{"type":"Feature","properties":{"land_value":77806},"geometry":{"type":"Polygon","coordinates":[[[-77.49895999182186,39.31985737204797],[-77.50187057981663,39.323751543453604],[-77.50769175580615,39.323751543453604],[-77.51060234380091,39.31985737204797],[-77.50769175580615,39.31596320064234],[-77.50187057981663,39.31596320064234],[-77.49895999182186,39.31985737204797]]]}},{"type":"Feature","properties":{"land_value":105803},"geometry":{"type":"Polygon","coordinates":[[[-77.49895999182186,39.32764571485923],[-77.50187057981663,39.33153988626486],[-77.50769175580615,39.33153988626486],[-77.51060234380091,39.32764571485923],[-77.50769175580615,39.3237515434536],[-77.50187057981663,39.3237515434536],[-77.49895999182186,39.32764571485923]]]}},{"type":"Feature","properties":{"land_value":147312},"geometry":{"type":"Polygon","coordinates":[[[-77.49895999182186,39.3354340576705],[-77.50187057981663,39.33932822907613],[-77.50769175580615,39.33932822907613],[-77.51060234380091,39.3354340576705],[-77.50769175580615,39.33153988626486],[-77.50187057981663,39.33153988626486],[-77.49895999182186,39.3354340576705]]]}},{"type":"Feature","properties":{"land_value":132735},"geometry":{"type":"Polygon","coordinates":[[[-77.49895999182186,39.34322240048176],[-77.50187057981663,39.34711657188739],[-77.50769175580615,39.34711657188739],[-77.51060234380091,39.34322240048176],[-77.50769175580615,39.33932822907612],[-77.50187057981663,39.33932822907612],[-77.49895999182186,39.34322240048176]]]}},{"type":"Feature","properties":{"land_value":172819},"geometry":{"type":"Polygon","coordinates":[[[-77.49895999182186,39.35101074329302],[-77.50187057981663,39.35490491469865],[-77.50769175580615,39.35490491469865],[-77.51060234380091,39.35101074329302],[-77.50769175580615,39.34711657188738],[-77.50187057981663,39.34711657188738],[-77.49895999182186,39.35101074329302]]]}},{"type":"Feature","properties":{"land_value":125600},"geometry":{"type":"Polygon","coordinates":[[[-77.49895999182186,39.35879908610428],[-77.50187057981663,39.36269325750991],[-77.50769175580615,39.36269325750991],[-77.51060234380091,39.35879908610428],[-77.50769175580615,39.35490491469864],[-77.50187057981663,39.35490491469864],[-77.49895999182186,39.35879908610428]]]}},{"type":"Feature","properties":{"land_value":133307},"geometry":{"type":"Polygon","coordinates":[[[-77.49895999182186,39.36658742891554],[-77.50187057981663,39.37048160032117],[-77.50769175580615,39.37048160032117],[-77.51060234380091,39.36658742891554],[-77.50769175580615,39.3626932575099],[-77.50187057981663,39.3626932575099],[-77.49895999182186,39.36658742891554]]]}},{"type":"Feature","properties":{"land_value":147685},"geometry":{"type":"Polygon","coordinates":[[[-77.49895999182186,39.3743757717268],[-77.50187057981663,39.37826994313243],[-77.50769175580615,39.37826994313243],[-77.51060234380091,39.3743757717268],[-77.50769175580615,39.37048160032116],[-77.50187057981663,39.37048160032116],[-77.49895999182186,39.3743757717268]]]}},{"type":"Feature","properties":{"land_value":162633},"geometry":{"type":"Polygon","coordinates":[[[-77.49895999182186,39.382164114538064],[-77.50187057981663,39.3860582859437],[-77.50769175580615,39.3860582859437],[-77.51060234380091,39.382164114538064],[-77.50769175580615,39.37826994313243],[-77.50187057981663,39.37826994313243],[-77.49895999182186,39.382164114538064]]]}},{"type":"Feature","properties":{"land_value":211408},"geometry":{"type":"Polygon","coordinates":[[[-77.49895999182186,39.389952457349324],[-77.50187057981663,39.39384662875496],[-77.50769175580615,39.39384662875496],[-77.51060234380091,39.389952457349324],[-77.50769175580615,39.38605828594369],[-77.50187057981663,39.38605828594369],[-77.49895999182186,39.389952457349324]]]}},{"type":"Feature","properties":{"land_value":201557},"geometry":{"type":"Polygon","coordinates":[[[-77.49895999182186,39.397740800160584],[-77.50187057981663,39.40163497156622],[-77.50769175580615,39.40163497156622],[-77.51060234380091,39.397740800160584],[-77.50769175580615,39.39384662875495],[-77.50187057981663,39.39384662875495],[-77.49895999182186,39.397740800160584]]]}},{"type":"Feature","properties":{"land_value":190288},"geometry":{"type":"Polygon","coordinates":[[[-77.49895999182186,39.405529142971844],[-77.50187057981663,39.40942331437748],[-77.50769175580615,39.40942331437748],[-77.51060234380091,39.405529142971844],[-77.50769175580615,39.40163497156621],[-77.50187057981663,39.40163497156621],[-77.49895999182186,39.405529142971844]]]}},{"type":"Feature","properties":{"land_value":269865},"geometry":{"type":"Polygon","coordinates":[[[-77.49895999182186,39.413317485783104],[-77.50187057981663,39.41721165718874],[-77.50769175580615,39.41721165718874],[-77.51060234380091,39.413317485783104],[-77.50769175580615,39.40942331437747],[-77.50187057981663,39.40942331437747],[-77.49895999182186,39.413317485783104]]]}},{"type":"Feature","properties":{"land_value":208999},"geometry":{"type":"Polygon","coordinates":[[[-77.49895999182186,39.421105828594364],[-77.50187057981663,39.425],[-77.50769175580615,39.425],[-77.51060234380091,39.421105828594364],[-77.50769175580615,39.41721165718873],[-77.50187057981663,39.41721165718873],[-77.49895999182186,39.421105828594364]]]}},{"type":"Feature","properties":{"land_value":263142},"geometry":{"type":"Polygon","coordinates":[[[-77.49895999182186,39.42889417140563],[-77.50187057981663,39.432788342811264],[-77.50769175580615,39.432788342811264],[-77.51060234380091,39.42889417140563],[-77.50769175580615,39.425],[-77.50187057981663,39.425],[-77.49895999182186,39.42889417140563]]]}},{"type":"Feature","properties":{"land_value":247447},"geometry":{"type":"Polygon","coordinates":[[[-77.49895999182186,39.43668251421689],[-77.50187057981663,39.440576685622524],[-77.50769175580615,39.440576685622524],[-77.51060234380091,39.43668251421689],[-77.50769175580615,39.43278834281126],[-77.50187057981663,39.43278834281126],[-77.49895999182186,39.43668251421689]]]}},{"type":"Feature","properties":{"land_value":218630},"geometry":{"type":"Polygon","coordinates":[[[-77.49895999182186,39.44447085702815],[-77.50187057981663,39.448365028433784],[-77.50769175580615,39.448365028433784],[-77.51060234380091,39.44447085702815],[-77.50769175580615,39.44057668562252],[-77.50187057981663,39.44057668562252],[-77.49895999182186,39.44447085702815]]]}},{"type":"Feature","properties":{"land_value":149323},"geometry":{"type":"Polygon","coordinates":[[[-77.49895999182186,39.45225919983941],[-77.50187057981663,39.456153371245044],[-77.50769175580615,39.456153371245044],[-77.51060234380091,39.45225919983941],[-77.50769175580615,39.44836502843378],[-77.50187057981663,39.44836502843378],[-77.49895999182186,39.45225919983941]]]}},{"type":"Feature","properties":{"land_value":185535},"geometry":{"type":"Polygon","coordinates":[[[-77.49895999182186,39.46004754265067],[-77.50187057981663,39.463941714056304],[-77.50769175580615,39.463941714056304],[-77.51060234380091,39.46004754265067],[-77.50769175580615,39.45615337124504],[-77.50187057981663,39.45615337124504],[-77.49895999182186,39.46004754265067]]]}},{"type":"Feature","properties":{"land_value":149701},"geometry":{"type":"Polygon","coordinates":[[[-77.49895999182186,39.46783588546193],[-77.50187057981663,39.471730056867564],[-77.50769175580615,39.471730056867564],[-77.51060234380091,39.46783588546193],[-77.50769175580615,39.4639417140563],[-77.50187057981663,39.4639417140563],[-77.49895999182186,39.46783588546193]]]}},{"type":"Feature","properties":{"land_value":131329},"geometry":{"type":"Polygon","coordinates":[[[-77.49895999182186,39.4756242282732],[-77.50187057981663,39.47951839967883],[-77.50769175580615,39.47951839967883],[-77.51060234380091,39.4756242282732],[-77.50769175580615,39.471730056867564],[-77.50187057981663,39.471730056867564],[-77.49895999182186,39.4756242282732]]]}},{"type":"Feature","properties":{"land_value":125140},"geometry":{"type":"Polygon","coordinates":[[[-77.49895999182186,39.48341257108446],[-77.50187057981663,39.48730674249009],[-77.50769175580615,39.48730674249009],[-77.51060234380091,39.48341257108446],[-77.50769175580615,39.479518399678824],[-77.50187057981663,39.479518399678824],[-77.49895999182186,39.48341257108446]]]}},{"type":"Feature","properties":{"land_value":76564},"geometry":{"type":"Polygon","coordinates":[[[-77.49895999182186,39.49120091389572],[-77.50187057981663,39.49509508530135],[-77.50769175580615,39.49509508530135],[-77.51060234380091,39.49120091389572],[-77.50769175580615,39.487306742490084],[-77.50187057981663,39.487306742490084],[-77.49895999182186,39.49120091389572]]]}},{"type":"Feature","properties":{"land_value":112761},"geometry":{"type":"Polygon","coordinates":[[[-77.49895999182186,39.49898925670698],[-77.50187057981663,39.50288342811261],[-77.50769175580615,39.50288342811261],[-77.51060234380091,39.49898925670698],[-77.50769175580615,39.495095085301344],[-77.50187057981663,39.495095085301344],[-77.49895999182186,39.49898925670698]]]}},{"type":"Feature","properties":{"land_value":55109},"geometry":{"type":"Polygon","coordinates":[[[-77.49895999182186,39.50677759951824],[-77.50187057981663,39.51067177092387],[-77.50769175580615,39.51067177092387],[-77.51060234380091,39.50677759951824],[-77.50769175580615,39.502883428112604],[-77.50187057981663,39.502883428112604],[-77.49895999182186,39.50677759951824]]]}},{"type":"Feature","properties":{"land_value":55278},"geometry":{"type":"Polygon","coordinates":[[[-77.49895999182186,39.5145659423295],[-77.50187057981663,39.51846011373513],[-77.50769175580615,39.51846011373513],[-77.51060234380091,39.5145659423295],[-77.50769175580615,39.510671770923864],[-77.50187057981663,39.510671770923864],[-77.49895999182186,39.5145659423295]]]}},{"type":"Feature","properties":{"land_value":50000},"geometry":{"type":"Polygon","coordinates":[[[-77.49895999182186,39.522354285140764],[-77.50187057981663,39.5262484565464],[-77.50769175580615,39.5262484565464],[-77.51060234380091,39.522354285140764],[-77.50769175580615,39.51846011373513],[-77.50187057981663,39.51846011373513],[-77.49895999182186,39.522354285140764]]]}},{"type":"Feature","properties":{"land_value":50000},"geometry":{"type":"Polygon","coordinates":[[[-77.49895999182186,39.530142627952024],[-77.50187057981663,39.53403679935766],[-77.50769175580615,39.53403679935766],[-77.51060234380091,39.530142627952024],[-77.50769175580615,39.52624845654639],[-77.50187057981663,39.52624845654639],[-77.49895999182186,39.530142627952024]]]}},{"type":"Feature","properties":{"land_value":50000},"geometry":{"type":"Polygon","coordinates":[[[-77.49895999182186,39.537930970763284],[-77.50187057981663,39.54182514216892],[-77.50769175580615,39.54182514216892],[-77.51060234380091,39.537930970763284],[-77.50769175580615,39.53403679935765],[-77.50187057981663,39.53403679935765],[-77.49895999182186,39.537930970763284]]]}},{"type":"Feature","properties":{"land_value":50000},"geometry":{"type":"Polygon","coordinates":[[[-77.49895999182186,39.545719313574544],[-77.50187057981663,39.54961348498018],[-77.50769175580615,39.54961348498018],[-77.51060234380091,39.545719313574544],[-77.50769175580615,39.54182514216891],[-77.50187057981663,39.54182514216891],[-77.49895999182186,39.545719313574544]]]}},{"type":"Feature","properties":{"land_value":50000},"geometry":{"type":"Polygon","coordinates":[[[-77.49895999182186,39.553507656385804],[-77.50187057981663,39.55740182779144],[-77.50769175580615,39.55740182779144],[-77.51060234380091,39.553507656385804],[-77.50769175580615,39.54961348498017],[-77.50187057981663,39.54961348498017],[-77.49895999182186,39.553507656385804]]]}},{"type":"Feature","properties":{"land_value":50000},"geometry":{"type":"Polygon","coordinates":[[[-77.49895999182186,39.561295999197064],[-77.50187057981663,39.5651901706027],[-77.50769175580615,39.5651901706027],[-77.51060234380091,39.561295999197064],[-77.50769175580615,39.55740182779143],[-77.50187057981663,39.55740182779143],[-77.49895999182186,39.561295999197064]]]}},{"type":"Feature","properties":{"land_value":50000},"geometry":{"type":"Polygon","coordinates":[[[-77.49895999182186,39.56908434200833],[-77.50187057981663,39.572978513413965],[-77.50769175580615,39.572978513413965],[-77.51060234380091,39.56908434200833],[-77.50769175580615,39.5651901706027],[-77.50187057981663,39.5651901706027],[-77.49895999182186,39.56908434200833]]]}},{"type":"Feature","properties":{"land_value":50000},"geometry":{"type":"Polygon","coordinates":[[[-77.49895999182186,39.57687268481959],[-77.50187057981663,39.580766856225225],[-77.50769175580615,39.580766856225225],[-77.51060234380091,39.57687268481959],[-77.50769175580615,39.57297851341396],[-77.50187057981663,39.57297851341396],[-77.49895999182186,39.57687268481959]]]}},{"type":"Feature","properties":{"land_value":50000},"geometry":{"type":"Polygon","coordinates":[[[-77.49895999182186,39.58466102763085],[-77.50187057981663,39.588555199036485],[-77.50769175580615,39.588555199036485],[-77.51060234380091,39.58466102763085],[-77.50769175580615,39.58076685622522],[-77.50187057981663,39.58076685622522],[-77.49895999182186,39.58466102763085]]]}},{"type":"Feature","properties":{"land_value":50000},"geometry":{"type":"Polygon","coordinates":[[[-77.49895999182186,39.59244937044211],[-77.50187057981663,39.596343541847745],[-77.50769175580615,39.596343541847745],[-77.51060234380091,39.59244937044211],[-77.50769175580615,39.58855519903648],[-77.50187057981663,39.58855519903648],[-77.49895999182186,39.59244937044211]]]}},{"type":"Feature","properties":{"land_value":50000},"geometry":{"type":"Polygon","coordinates":[[[-77.49022822783758,39.26144480096351],[-77.49313881583234,39.26533897236914],[-77.49895999182186,39.26533897236914],[-77.50187057981663,39.26144480096351],[-77.49895999182186,39.257550629557876],[-77.49313881583234,39.257550629557876],[-77.49022822783758,39.26144480096351]]]}},{"type":"Feature","properties":{"land_value":50000},"geometry":{"type":"Polygon","coordinates":[[[-77.49022822783758,39.26923314377477],[-77.49313881583234,39.2731273151804],[-77.49895999182186,39.2731273151804],[-77.50187057981663,39.26923314377477],[-77.49895999182186,39.265338972369136],[-77.49313881583234,39.265338972369136],[-77.49022822783758,39.26923314377477]]]}},{"type":"Feature","properties":{"land_value":50000},"geometry":{"type":"Polygon","coordinates":[[[-77.49022822783758,39.27702148658603],[-77.49313881583234,39.28091565799166],[-77.49895999182186,39.28091565799166],[-77.50187057981663,39.27702148658603],[-77.49895999182186,39.273127315180396],[-77.49313881583234,39.273127315180396],[-77.49022822783758,39.27702148658603]]]}},{"type":"Feature","properties":{"land_value":50000},"geometry":{"type":"Polygon","coordinates":[[[-77.49022822783758,39.2848098293973],[-77.49313881583234,39.28870400080293],[-77.49895999182186,39.28870400080293],[-77.50187057981663,39.2848098293973],[-77.49895999182186,39.28091565799166],[-77.49313881583234,39.28091565799166],[-77.49022822783758,39.2848098293973]]]}},{"type":"Feature","properties":{"land_value":50000},"geometry":{"type":"Polygon","coordinates":[[[-77.49022822783758,39.29259817220856],[-77.49313881583234,39.29649234361419],[-77.49895999182186,39.29649234361419],[-77.50187057981663,39.29259817220856],[-77.49895999182186,39.28870400080292],[-77.49313881583234,39.28870400080292],[-77.49022822783758,39.29259817220856]]]}},{"type":"Feature","properties":{"land_value":50000},"geometry":{"type":"Polygon","coordinates":[[[-77.49022822783758,39.30038651501982],[-77.49313881583234,39.30428068642545],[-77.49895999182186,39.30428068642545],[-77.50187057981663,39.30038651501982],[-77.49895999182186,39.29649234361418],[-77.49313881583234,39.29649234361418],[-77.49022822783758,39.30038651501982]]]}},{"type":"Feature","properties":{"land_value":67551},"geometry":{"type":"Polygon","coordinates":[[[-77.49022822783758,39.30817485783108],[-77.49313881583234,39.31206902923671],[-77.49895999182186,39.31206902923671],[-77.50187057981663,39.30817485783108],[-77.49895999182186,39.30428068642544],[-77.49313881583234,39.30428068642544],[-77.49022822783758,39.30817485783108]]]}},{"type":"Feature","properties":{"land_value":51522},"geometry":{"type":"Polygon","coordinates":[[[-77.49022822783758,39.31596320064234],[-77.49313881583234,39.31985737204797],[-77.49895999182186,39.31985737204797],[-77.50187057981663,39.31596320064234],[-77.49895999182186,39.3120690292367],[-77.49313881583234,39.3120690292367],[-77.49022822783758,39.31596320064234]]]}},{"type":"Feature","properties":{"land_value":131138},"geometry":{"type":"Polygon","coordinates":[[[-77.49022822783758,39.3237515434536],[-77.49313881583234,39.32764571485923],[-77.49895999182186,39.32764571485923],[-77.50187057981663,39.3237515434536],[-77.49895999182186,39.31985737204796],[-77.49313881583234,39.31985737204796],[-77.49022822783758,39.3237515434536]]]}},{"type":"Feature","properties":{"land_value":80016},"geometry":{"type":"Polygon","coordinates":[[[-77.49022822783758,39.33153988626486],[-77.49313881583234,39.3354340576705],[-77.49895999182186,39.3354340576705],[-77.50187057981663,39.33153988626486],[-77.49895999182186,39.32764571485923],[-77.49313881583234,39.32764571485923],[-77.49022822783758,39.33153988626486]]]}},{"type":"Feature","properties":{"land_value":113861},"geometry":{"type":"Polygon","coordinates":[[[-77.49022822783758,39.33932822907612],[-77.49313881583234,39.34322240048176],[-77.49895999182186,39.34322240048176],[-77.50187057981663,39.33932822907612],[-77.49895999182186,39.33543405767049],[-77.49313881583234,39.33543405767049],[-77.49022822783758,39.33932822907612]]]}},{"type":"Feature","properties":{"land_value":105088},"geometry":{"type":"Polygon","coordinates":[[[-77.49022822783758,39.34711657188738],[-77.49313881583234,39.35101074329302],[-77.49895999182186,39.35101074329302],[-77.50187057981663,39.34711657188738],[-77.49895999182186,39.34322240048175],[-77.49313881583234,39.34322240048175],[-77.49022822783758,39.34711657188738]]]}},{"type":"Feature","properties":{"land_value":168079},"geometry":{"type":"Polygon","coordinates":[[[-77.49022822783758,39.35490491469864],[-77.49313881583234,39.35879908610428],[-77.49895999182186,39.35879908610428],[-77.50187057981663,39.35490491469864],[-77.49895999182186,39.35101074329301],[-77.49313881583234,39.35101074329301],[-77.49022822783758,39.35490491469864]]]}},{"type":"Feature","properties":{"land_value":175774},"geometry":{"type":"Polygon","coordinates":[[[-77.49022822783758,39.3626932575099],[-77.49313881583234,39.36658742891554],[-77.49895999182186,39.36658742891554],[-77.50187057981663,39.3626932575099],[-77.49895999182186,39.35879908610427],[-77.49313881583234,39.35879908610427],[-77.49022822783758,39.3626932575099]]]}},{"type":"Feature","properties":{"land_value":226687},"geometry":{"type":"Polygon","coordinates":[[[-77.49022822783758,39.37048160032116],[-77.49313881583234,39.3743757717268],[-77.49895999182186,39.3743757717268],[-77.50187057981663,39.37048160032116],[-77.49895999182186,39.36658742891553],[-77.49313881583234,39.36658742891553],[-77.49022822783758,39.37048160032116]]]}},{"type":"Feature","properties":{"land_value":172557},"geometry":{"type":"Polygon","coordinates":[[[-77.49022822783758,39.37826994313243],[-77.49313881583234,39.382164114538064],[-77.49895999182186,39.382164114538064],[-77.50187057981663,39.37826994313243],[-77.49895999182186,39.3743757717268],[-77.49313881583234,39.3743757717268],[-77.49022822783758,39.37826994313243]]]}},{"type":"Feature","properties":{"land_value":199008},"geometry":{"type":"Polygon","coordinates":[[[-77.49022822783758,39.38605828594369],[-77.49313881583234,39.389952457349324],[-77.49895999182186,39.389952457349324],[-77.50187057981663,39.38605828594369],[-77.49895999182186,39.38216411453806],[-77.49313881583234,39.38216411453806],[-77.49022822783758,39.38605828594369]]]}},{"type":"Feature","properties":{"land_value":206075},"geometry":{"type":"Polygon","coordinates":[[[-77.49022822783758,39.39384662875495],[-77.49313881583234,39.397740800160584],[-77.49895999182186,39.397740800160584],[-77.50187057981663,39.39384662875495],[-77.49895999182186,39.38995245734932],[-77.49313881583234,39.38995245734932],[-77.49022822783758,39.39384662875495]]]}},{"type":"Feature","properties":{"land_value":244487},"geometry":{"type":"Polygon","coordinates":[[[-77.49022822783758,39.40163497156621],[-77.49313881583234,39.405529142971844],[-77.49895999182186,39.405529142971844],[-77.50187057981663,39.40163497156621],[-77.49895999182186,39.39774080016058],[-77.49313881583234,39.39774080016058],[-77.49022822783758,39.40163497156621]]]}},{"type":"Feature","properties":{"land_value":255415},"geometry":{"type":"Polygon","coordinates":[[[-77.49022822783758,39.40942331437747],[-77.49313881583234,39.413317485783104],[-77.49895999182186,39.413317485783104],[-77.50187057981663,39.40942331437747],[-77.49895999182186,39.40552914297184],[-77.49313881583234,39.40552914297184],[-77.49022822783758,39.40942331437747]]]}},{"type":"Feature","properties":{"land_value":284944},"geometry":{"type":"Polygon","coordinates":[[[-77.49022822783758,39.41721165718873],[-77.49313881583234,39.421105828594364],[-77.49895999182186,39.421105828594364],[-77.50187057981663,39.41721165718873],[-77.49895999182186,39.4133174857831],[-77.49313881583234,39.4133174857831],[-77.49022822783758,39.41721165718873]]]}},{"type":"Feature","properties":{"land_value":281637},"geometry":{"type":"Polygon","coordinates":[[[-77.49022822783758,39.425],[-77.49313881583234,39.42889417140563],[-77.49895999182186,39.42889417140563],[-77.50187057981663,39.425],[-77.49895999182186,39.421105828594364],[-77.49313881583234,39.421105828594364],[-77.49022822783758,39.425]]]}},{"type":"Feature","properties":{"land_value":238193},"geometry":{"type":"Polygon","coordinates":[[[-77.49022822783758,39.43278834281126],[-77.49313881583234,39.43668251421689],[-77.49895999182186,39.43668251421689],[-77.50187057981663,39.43278834281126],[-77.49895999182186,39.428894171405624],[-77.49313881583234,39.428894171405624],[-77.49022822783758,39.43278834281126]]]}},{"type":"Feature","properties":{"land_value":191947},"geometry":{"type":"Polygon","coordinates":[[[-77.49022822783758,39.44057668562252],[-77.49313881583234,39.44447085702815],[-77.49895999182186,39.44447085702815],[-77.50187057981663,39.44057668562252],[-77.49895999182186,39.43668251421688],[-77.49313881583234,39.43668251421688],[-77.49022822783758,39.44057668562252]]]}},{"type":"Feature","properties":{"land_value":263228},"geometry":{"type":"Polygon","coordinates":[[[-77.49022822783758,39.44836502843378],[-77.49313881583234,39.45225919983941],[-77.49895999182186,39.45225919983941],[-77.50187057981663,39.44836502843378],[-77.49895999182186,39.44447085702814],[-77.49313881583234,39.44447085702814],[-77.49022822783758,39.44836502843378]]]}},{"type":"Feature","properties":{"land_value":240437},"geometry":{"type":"Polygon","coordinates":[[[-77.49022822783758,39.45615337124504],[-77.49313881583234,39.46004754265067],[-77.49895999182186,39.46004754265067],[-77.50187057981663,39.45615337124504],[-77.49895999182186,39.4522591998394],[-77.49313881583234,39.4522591998394],[-77.49022822783758,39.45615337124504]]]}},{"type":"Feature","properties":{"land_value":179107},"geometry":{"type":"Polygon","coordinates":[[[-77.49022822783758,39.4639417140563],[-77.49313881583234,39.46783588546193],[-77.49895999182186,39.46783588546193],[-77.50187057981663,39.4639417140563],[-77.49895999182186,39.46004754265066],[-77.49313881583234,39.46004754265066],[-77.49022822783758,39.4639417140563]]]}},{"type":"Feature","properties":{"land_value":158404},"geometry":{"type":"Polygon","coordinates":[[[-77.49022822783758,39.471730056867564],[-77.49313881583234,39.4756242282732],[-77.49895999182186,39.4756242282732],[-77.50187057981663,39.471730056867564],[-77.49895999182186,39.46783588546193],[-77.49313881583234,39.46783588546193],[-77.49022822783758,39.471730056867564]]]}},{"type":"Feature","properties":{"land_value":121260},"geometry":{"type":"Polygon","coordinates":[[[-77.49022822783758,39.479518399678824],[-77.49313881583234,39.48341257108446],[-77.49895999182186,39.48341257108446],[-77.50187057981663,39.479518399678824],[-77.49895999182186,39.47562422827319],[-77.49313881583234,39.47562422827319],[-77.49022822783758,39.479518399678824]]]}},{"type":"Feature","properties":{"land_value":135671},"geometry":{"type":"Polygon","coordinates":[[[-77.49022822783758,39.487306742490084],[-77.49313881583234,39.49120091389572],[-77.49895999182186,39.49120091389572],[-77.50187057981663,39.487306742490084],[-77.49895999182186,39.48341257108445],[-77.49313881583234,39.48341257108445],[-77.49022822783758,39.487306742490084]]]}},{"type":"Feature","properties":{"land_value":123329},"geometry":{"type":"Polygon","coordinates":[[[-77.49022822783758,39.495095085301344],[-77.49313881583234,39.49898925670698],[-77.49895999182186,39.49898925670698],[-77.50187057981663,39.495095085301344],[-77.49895999182186,39.49120091389571],[-77.49313881583234,39.49120091389571],[-77.49022822783758,39.495095085301344]]]}},{"type":"Feature","properties":{"land_value":87354},"geometry":{"type":"Polygon","coordinates":[[[-77.49022822783758,39.502883428112604],[-77.49313881583234,39.50677759951824],[-77.49895999182186,39.50677759951824],[-77.50187057981663,39.502883428112604],[-77.49895999182186,39.49898925670697],[-77.49313881583234,39.49898925670697],[-77.49022822783758,39.502883428112604]]]}},{"type":"Feature","properties":{"land_value":50000},"geometry":{"type":"Polygon","coordinates":[[[-77.49022822783758,39.510671770923864],[-77.49313881583234,39.5145659423295],[-77.49895999182186,39.5145659423295],[-77.50187057981663,39.510671770923864],[-77.49895999182186,39.50677759951823],[-77.49313881583234,39.50677759951823],[-77.49022822783758,39.510671770923864]]]}},{"type":"Feature","properties":{"land_value":50000},"geometry":{"type":"Polygon","coordinates":[[[-77.49022822783758,39.51846011373513],[-77.49313881583234,39.522354285140764],[-77.49895999182186,39.522354285140764],[-77.50187057981663,39.51846011373513],[-77.49895999182186,39.5145659423295],[-77.49313881583234,39.5145659423295],[-77.49022822783758,39.51846011373513]]]}},{"type":"Feature","properties":{"land_value":50000},"geometry":{"type":"Polygon","coordinates":[[[-77.49022822783758,39.52624845654639],[-77.49313881583234,39.530142627952024],[-77.49895999182186,39.530142627952024],[-77.50187057981663,39.52624845654639],[-77.49895999182186,39.52235428514076],[-77.49313881583234,39.52235428514076],[-77.49022822783758,39.52624845654639]]]}},{"type":"Feature","properties":{"land_value":50000},"geometry":{"type":"Polygon","coordinates":[[[-77.49022822783758,39.53403679935765],[-77.49313881583234,39.537930970763284],[-77.49895999182186,39.537930970763284],[-77.50187057981663,39.53403679935765],[-77.49895999182186,39.53014262795202],[-77.49313881583234,39.53014262795202],[-77.49022822783758,39.53403679935765]]]}},{"type":"Feature","properties":{"land_value":50000},"geometry":{"type":"Polygon","coordinates":[[[-77.49022822783758,39.54182514216891],[-77.49313881583234,39.545719313574544],[-77.49895999182186,39.545719313574544],[-77.50187057981663,39.54182514216891],[-77.49895999182186,39.53793097076328],[-77.49313881583234,39.53793097076328],[-77.49022822783758,39.54182514216891]]]}},{"type":"Feature","properties":{"land_value":50000},"geometry":{"type":"Polygon","coordinates":[[[-77.49022822783758,39.54961348498017],[-77.49313881583234,39.553507656385804],[-77.49895999182186,39.553507656385804],[-77.50187057981663,39.54961348498017],[-77.49895999182186,39.54571931357454],[-77.49313881583234,39.54571931357454],[-77.49022822783758,39.54961348498017]]]}},{"type":"Feature","properties":{"land_value":50000},"geometry":{"type":"Polygon","coordinates":[[[-77.49022822783758,39.55740182779143],[-77.49313881583234,39.561295999197064],[-77.49895999182186,39.561295999197064],[-77.50187057981663,39.55740182779143],[-77.49895999182186,39.5535076563858],[-77.49313881583234,39.5535076563858],[-77.49022822783758,39.55740182779143]]]}},{"type":"Feature","properties":{"land_value":50000},"geometry":{"type":"Polygon","coordinates":[[[-77.49022822783758,39.5651901706027],[-77.49313881583234,39.56908434200833],[-77.49895999182186,39.56908434200833],[-77.50187057981663,39.5651901706027],[-77.49895999182186,39.561295999197064],[-77.49313881583234,39.561295999197064],[-77.49022822783758,39.5651901706027]]]}},{"type":"Feature","properties":{"land_value":50000},"geometry":{"type":"Polygon","coordinates":[[[-77.49022822783758,39.57297851341396],[-77.49313881583234,39.57687268481959],[-77.49895999182186,39.57687268481959],[-77.50187057981663,39.57297851341396],[-77.49895999182186,39.569084342008324],[-77.49313881583234,39.569084342008324],[-77.49022822783758,39.57297851341396]]]}},{"type":"Feature","properties":{"land_value":50000},"geometry":{"type":"Polygon","coordinates":[[[-77.49022822783758,39.58076685622522],[-77.49313881583234,39.58466102763085],[-77.49895999182186,39.58466102763085],[-77.50187057981663,39.58076685622522],[-77.49895999182186,39.576872684819584],[-77.49313881583234,39.576872684819584],[-77.49022822783758,39.58076685622522]]]}},{"type":"Feature","properties":{"land_value":50000},"geometry":{"type":"Polygon","coordinates":[[[-77.49022822783758,39.58855519903648],[-77.49313881583234,39.59244937044211],[-77.49895999182186,39.59244937044211],[-77.50187057981663,39.58855519903648],[-77.49895999182186,39.584661027630844],[-77.49313881583234,39.584661027630844],[-77.49022822783758,39.58855519903648]]]}},{"type":"Feature","properties":{"land_value":50000},"geometry":{"type":"Polygon","coordinates":[[[-77.48149646385329,39.25755062955788],[-77.48440705184805,39.26144480096352],[-77.49022822783758,39.26144480096352],[-77.49313881583234,39.25755062955788],[-77.49022822783758,39.25365645815225],[-77.48440705184805,39.25365645815225],[-77.48149646385329,39.25755062955788]]]}},{"type":"Feature","properties":{"land_value":50000},"geometry":{"type":"Polygon","coordinates":[[[-77.48149646385329,39.26533897236914],[-77.48440705184805,39.26923314377478],[-77.49022822783758,39.26923314377478],[-77.49313881583234,39.26533897236914],[-77.49022822783758,39.26144480096351],[-77.48440705184805,39.26144480096351],[-77.48149646385329,39.26533897236914]]]}},{"type":"Feature","properties":{"land_value":50000},"geometry":{"type":"Polygon","coordinates":[[[-77.48149646385329,39.2731273151804],[-77.48440705184805,39.27702148658604],[-77.49022822783758,39.27702148658604],[-77.49313881583234,39.2731273151804],[-77.49022822783758,39.26923314377477],[-77.48440705184805,39.26923314377477],[-77.48149646385329,39.2731273151804]]]}},{"type":"Feature","properties":{"land_value":50000},"geometry":{"type":"Polygon","coordinates":[[[-77.48149646385329,39.28091565799166],[-77.48440705184805,39.2848098293973],[-77.49022822783758,39.2848098293973],[-77.49313881583234,39.28091565799166],[-77.49022822783758,39.27702148658603],[-77.48440705184805,39.27702148658603],[-77.48149646385329,39.28091565799166]]]}},{"type":"Feature","properties":{"land_value":50000},"geometry":{"type":"Polygon","coordinates":[[[-77.48149646385329,39.28870400080293],[-77.48440705184805,39.292598172208564],[-77.49022822783758,39.292598172208564],[-77.49313881583234,39.28870400080293],[-77.49022822783758,39.2848098293973],[-77.48440705184805,39.2848098293973],[-77.48149646385329,39.28870400080293]]]}},{"type":"Feature","properties":{"land_value":50000},"geometry":{"type":"Polygon","coordinates":[[[-77.48149646385329,39.29649234361419],[-77.48440705184805,39.300386515019824],[-77.49022822783758,39.300386515019824],[-77.49313881583234,39.29649234361419],[-77.49022822783758,39.29259817220856],[-77.48440705184805,39.29259817220856],[-77.48149646385329,39.29649234361419]]]}},{"type":"Feature","properties":{"land_value":50000},"geometry":{"type":"Polygon","coordinates":[[[-77.48149646385329,39.30428068642545],[-77.48440705184805,39.308174857831084],[-77.49022822783758,39.308174857831084],[-77.49313881583234,39.30428068642545],[-77.49022822783758,39.30038651501982],[-77.48440705184805,39.30038651501982],[-77.48149646385329,39.30428068642545]]]}},{"type":"Feature","properties":{"land_value":50000},"geometry":{"type":"Polygon","coordinates":[[[-77.48149646385329,39.31206902923671],[-77.48440705184805,39.315963200642344],[-77.49022822783758,39.315963200642344],[-77.49313881583234,39.31206902923671],[-77.49022822783758,39.30817485783108],[-77.48440705184805,39.30817485783108],[-77.48149646385329,39.31206902923671]]]}},{"type":"Feature","properties":{"land_value":59498},"geometry":{"type":"Polygon","coordinates":[[[-77.48149646385329,39.31985737204797],[-77.48440705184805,39.323751543453604],[-77.49022822783758,39.323751543453604],[-77.49313881583234,39.31985737204797],[-77.49022822783758,39.31596320064234],[-77.48440705184805,39.31596320064234],[-77.48149646385329,39.31985737204797]]]}},{"type":"Feature","properties":{"land_value":110477},"geometry":{"type":"Polygon","coordinates":[[[-77.48149646385329,39.32764571485923],[-77.48440705184805,39.33153988626486],[-77.49022822783758,39.33153988626486],[-77.49313881583234,39.32764571485923],[-77.49022822783758,39.3237515434536],[-77.48440705184805,39.3237515434536],[-77.48149646385329,39.32764571485923]]]}},{"type":"Feature","properties":{"land_value":108761},"geometry":{"type":"Polygon","coordinates":[[[-77.48149646385329,39.3354340576705],[-77.48440705184805,39.33932822907613],[-77.49022822783758,39.33932822907613],[-77.49313881583234,39.3354340576705],[-77.49022822783758,39.33153988626486],[-77.48440705184805,39.33153988626486],[-77.48149646385329,39.3354340576705]]]}},{"type":"Feature","properties":{"land_value":194705},"geometry":{"type":"Polygon","coordinates":[[[-77.48149646385329,39.34322240048176],[-77.48440705184805,39.34711657188739],[-77.49022822783758,39.34711657188739],[-77.49313881583234,39.34322240048176],[-77.49022822783758,39.33932822907612],[-77.48440705184805,39.33932822907612],[-77.48149646385329,39.34322240048176]]]}},{"type":"Feature","properties":{"land_value":173734},"geometry":{"type":"Polygon","coordinates":[[[-77.48149646385329,39.35101074329302],[-77.48440705184805,39.35490491469865],[-77.49022822783758,39.35490491469865],[-77.49313881583234,39.35101074329302],[-77.49022822783758,39.34711657188738],[-77.48440705184805,39.34711657188738],[-77.48149646385329,39.35101074329302]]]}},{"type":"Feature","properties":{"land_value":156448},"geometry":{"type":"Polygon","coordinates":[[[-77.48149646385329,39.35879908610428],[-77.48440705184805,39.36269325750991],[-77.49022822783758,39.36269325750991],[-77.49313881583234,39.35879908610428],[-77.49022822783758,39.35490491469864],[-77.48440705184805,39.35490491469864],[-77.48149646385329,39.35879908610428]]]}},{"type":"Feature","properties":{"land_value":219156},"geometry":{"type":"Polygon","coordinates":[[[-77.48149646385329,39.36658742891554],[-77.48440705184805,39.37048160032117],[-77.49022822783758,39.37048160032117],[-77.49313881583234,39.36658742891554],[-77.49022822783758,39.3626932575099],[-77.48440705184805,39.3626932575099],[-77.48149646385329,39.36658742891554]]]}},{"type":"Feature","properties":{"land_value":239139},"geometry":{"type":"Polygon","coordinates":[[[-77.48149646385329,39.3743757717268],[-77.48440705184805,39.37826994313243],[-77.49022822783758,39.37826994313243],[-77.49313881583234,39.3743757717268],[-77.49022822783758,39.37048160032116],[-77.48440705184805,39.37048160032116],[-77.48149646385329,39.3743757717268]]]}},{"type":"Feature","properties":{"land_value":252904},"geometry":{"type":"Polygon","coordinates":[[[-77.48149646385329,39.382164114538064],[-77.48440705184805,39.3860582859437],[-77.49022822783758,39.3860582859437],[-77.49313881583234,39.382164114538064],[-77.49022822783758,39.37826994313243],[-77.48440705184805,39.37826994313243],[-77.48149646385329,39.382164114538064]]]}},{"type":"Feature","properties":{"land_value":309357},"geometry":{"type":"Polygon","coordinates":[[[-77.48149646385329,39.389952457349324],[-77.48440705184805,39.39384662875496],[-77.49022822783758,39.39384662875496],[-77.49313881583234,39.389952457349324],[-77.49022822783758,39.38605828594369],[-77.48440705184805,39.38605828594369],[-77.48149646385329,39.389952457349324]]]}},{"type":"Feature","properties":{"land_value":230721},"geometry":{"type":"Polygon","coordinates":[[[-77.48149646385329,39.397740800160584],[-77.48440705184805,39.40163497156622],[-77.49022822783758,39.40163497156622],[-77.49313881583234,39.397740800160584],[-77.49022822783758,39.39384662875495],[-77.48440705184805,39.39384662875495],[-77.48149646385329,39.397740800160584]]]}},{"type":"Feature","properties":{"land_value":235858},"geometry":{"type":"Polygon","coordinates":[[[-77.48149646385329,39.405529142971844],[-77.48440705184805,39.40942331437748],[-77.49022822783758,39.40942331437748],[-77.49313881583234,39.405529142971844],[-77.49022822783758,39.40163497156621],[-77.48440705184805,39.40163497156621],[-77.48149646385329,39.405529142971844]]]}},{"type":"Feature","properties":{"land_value":299297},"geometry":{"type":"Polygon","coordinates":[[[-77.48149646385329,39.413317485783104],[-77.48440705184805,39.41721165718874],[-77.49022822783758,39.41721165718874],[-77.49313881583234,39.413317485783104],[-77.49022822783758,39.40942331437747],[-77.48440705184805,39.40942331437747],[-77.48149646385329,39.413317485783104]]]}},{"type":"Feature","properties":{"land_value":324894},"geometry":{"type":"Polygon","coordinates":[[[-77.48149646385329,39.421105828594364],[-77.48440705184805,39.425],[-77.49022822783758,39.425],[-77.49313881583234,39.421105828594364],[-77.49022822783758,39.41721165718873],[-77.48440705184805,39.41721165718873],[-77.48149646385329,39.421105828594364]]]}},{"type":"Feature","properties":{"land_value":288314},"geometry":{"type":"Polygon","coordinates":[[[-77.48149646385329,39.42889417140563],[-77.48440705184805,39.432788342811264],[-77.49022822783758,39.432788342811264],[-77.49313881583234,39.42889417140563],[-77.49022822783758,39.425],[-77.48440705184805,39.425],[-77.48149646385329,39.42889417140563]]]}},{"type":"Feature","properties":{"land_value":278290},"geometry":{"type":"Polygon","coordinates":[[[-77.48149646385329,39.43668251421689],[-77.48440705184805,39.440576685622524],[-77.49022822783758,39.440576685622524],[-77.49313881583234,39.43668251421689],[-77.49022822783758,39.43278834281126],[-77.48440705184805,39.43278834281126],[-77.48149646385329,39.43668251421689]]]}},{"type":"Feature","properties":{"land_value":262521},"geometry":{"type":"Polygon","coordinates":[[[-77.48149646385329,39.44447085702815],[-77.48440705184805,39.448365028433784],[-77.49022822783758,39.448365028433784],[-77.49313881583234,39.44447085702815],[-77.49022822783758,39.44057668562252],[-77.48440705184805,39.44057668562252],[-77.48149646385329,39.44447085702815]]]}},{"type":"Feature","properties":{"land_value":237011},"geometry":{"type":"Polygon","coordinates":[[[-77.48149646385329,39.45225919983941],[-77.48440705184805,39.456153371245044],[-77.49022822783758,39.456153371245044],[-77.49313881583234,39.45225919983941],[-77.49022822783758,39.44836502843378],[-77.48440705184805,39.44836502843378],[-77.48149646385329,39.45225919983941]]]}},{"type":"Feature","properties":{"land_value":177294},"geometry":{"type":"Polygon","coordinates":[[[-77.48149646385329,39.46004754265067],[-77.48440705184805,39.463941714056304],[-77.49022822783758,39.463941714056304],[-77.49313881583234,39.46004754265067],[-77.49022822783758,39.45615337124504],[-77.48440705184805,39.45615337124504],[-77.48149646385329,39.46004754265067]]]}},{"type":"Feature","properties":{"land_value":244613},"geometry":{"type":"Polygon","coordinates":[[[-77.48149646385329,39.46783588546193],[-77.48440705184805,39.471730056867564],[-77.49022822783758,39.471730056867564],[-77.49313881583234,39.46783588546193],[-77.49022822783758,39.4639417140563],[-77.48440705184805,39.4639417140563],[-77.48149646385329,39.46783588546193]]]}},{"type":"Feature","properties":{"land_value":225638},"geometry":{"type":"Polygon","coordinates":[[[-77.48149646385329,39.4756242282732],[-77.48440705184805,39.47951839967883],[-77.49022822783758,39.47951839967883],[-77.49313881583234,39.4756242282732],[-77.49022822783758,39.471730056867564],[-77.48440705184805,39.471730056867564],[-77.48149646385329,39.4756242282732]]]}},{"type":"Feature","properties":{"land_value":192673},"geometry":{"type":"Polygon","coordinates":[[[-77.48149646385329,39.48341257108446],[-77.48440705184805,39.48730674249009],[-77.49022822783758,39.48730674249009],[-77.49313881583234,39.48341257108446],[-77.49022822783758,39.479518399678824],[-77.48440705184805,39.479518399678824],[-77.48149646385329,39.48341257108446]]]}},{"type":"Feature","properties":{"land_value":140919},"geometry":{"type":"Polygon","coordinates":[[[-77.48149646385329,39.49120091389572],[-77.48440705184805,39.49509508530135],[-77.49022822783758,39.49509508530135],[-77.49313881583234,39.49120091389572],[-77.49022822783758,39.487306742490084],[-77.48440705184805,39.487306742490084],[-77.48149646385329,39.49120091389572]]]}},{"type":"Feature","properties":{"land_value":129307},"geometry":{"type":"Polygon","coordinates":[[[-77.48149646385329,39.49898925670698],[-77.48440705184805,39.50288342811261],[-77.49022822783758,39.50288342811261],[-77.49313881583234,39.49898925670698],[-77.49022822783758,39.495095085301344],[-77.48440705184805,39.495095085301344],[-77.48149646385329,39.49898925670698]]]}},{"type":"Feature","properties":{"land_value":74477},"geometry":{"type":"Polygon","coordinates":[[[-77.48149646385329,39.50677759951824],[-77.48440705184805,39.51067177092387],[-77.49022822783758,39.51067177092387],[-77.49313881583234,39.50677759951824],[-77.49022822783758,39.502883428112604],[-77.48440705184805,39.502883428112604],[-77.48149646385329,39.50677759951824]]]}},{"type":"Feature","properties":{"land_value":114646},"geometry":{"type":"Polygon","coordinates":[[[-77.48149646385329,39.5145659423295],[-77.48440705184805,39.51846011373513],[-77.49022822783758,39.51846011373513],[-77.49313881583234,39.5145659423295],[-77.49022822783758,39.510671770923864],[-77.48440705184805,39.510671770923864],[-77.48149646385329,39.5145659423295]]]}},{"type":"Feature","properties":{"land_value":50000},"geometry":{"type":"Polygon","coordinates":[[[-77.48149646385329,39.522354285140764],[-77.48440705184805,39.5262484565464],[-77.49022822783758,39.5262484565464],[-77.49313881583234,39.522354285140764],[-77.49022822783758,39.51846011373513],[-77.48440705184805,39.51846011373513],[-77.48149646385329,39.522354285140764]]]}},{"type":"Feature","properties":{"land_value":50000},"geometry":{"type":"Polygon","coordinates":[[[-77.48149646385329,39.530142627952024],[-77.48440705184805,39.53403679935766],[-77.49022822783758,39.53403679935766],[-77.49313881583234,39.530142627952024],[-77.49022822783758,39.52624845654639],[-77.48440705184805,39.52624845654639],[-77.48149646385329,39.530142627952024]]]}},{"type":"Feature","properties":{"land_value":50000},"geometry":{"type":"Polygon","coordinates":[[[-77.48149646385329,39.537930970763284],[-77.48440705184805,39.54182514216892],[-77.49022822783758,39.54182514216892],[-77.49313881583234,39.537930970763284],[-77.49022822783758,39.53403679935765],[-77.48440705184805,39.53403679935765],[-77.48149646385329,39.537930970763284]]]}},{"type":"Feature","properties":{"land_value":50000},"geometry":{"type":"Polygon","coordinates":[[[-77.48149646385329,39.545719313574544],[-77.48440705184805,39.54961348498018],[-77.49022822783758,39.54961348498018],[-77.49313881583234,39.545719313574544],[-77.49022822783758,39.54182514216891],[-77.48440705184805,39.54182514216891],[-77.48149646385329,39.545719313574544]]]}},{"type":"Feature","properties":{"land_value":50000},"geometry":{"type":"Polygon","coordinates":[[[-77.48149646385329,39.553507656385804],[-77.48440705184805,39.55740182779144],[-77.49022822783758,39.55740182779144],[-77.49313881583234,39.553507656385804],[-77.49022822783758,39.54961348498017],[-77.48440705184805,39.54961348498017],[-77.48149646385329,39.553507656385804]]]}},{"type":"Feature","properties":{"land_value":50000},"geometry":{"type":"Polygon","coordinates":[[[-77.48149646385329,39.561295999197064],[-77.48440705184805,39.5651901706027],[-77.49022822783758,39.5651901706027],[-77.49313881583234,39.561295999197064],[-77.49022822783758,39.55740182779143],[-77.48440705184805,39.55740182779143],[-77.48149646385329,39.561295999197064]]]}},{"type":"Feature","properties":{"land_value":50000},"geometry":{"type":"Polygon","coordinates":[[[-77.48149646385329,39.56908434200833],[-77.48440705184805,39.572978513413965],[-77.49022822783758,39.572978513413965],[-77.49313881583234,39.56908434200833],[-77.49022822783758,39.5651901706027],[-77.48440705184805,39.5651901706027],[-77.48149646385329,39.56908434200833]]]}},{"type":"Feature","properties":{"land_value":50000},"geometry":{"type":"Polygon","coordinates":[[[-77.48149646385329,39.57687268481959],[-77.48440705184805,39.580766856225225],[-77.49022822783758,39.580766856225225],[-77.49313881583234,39.57687268481959],[-77.49022822783758,39.57297851341396],[-77.48440705184805,39.57297851341396],[-77.48149646385329,39.57687268481959]]]}},{"type":"Feature","properties":{"land_value":50000},"geometry":{"type":"Polygon","coordinates":[[[-77.48149646385329,39.58466102763085],[-77.48440705184805,39.588555199036485],[-77.49022822783758,39.588555199036485],[-77.49313881583234,39.58466102763085],[-77.49022822783758,39.58076685622522],[-77.48440705184805,39.58076685622522],[-77.48149646385329,39.58466102763085]]]}},{"type":"Feature","properties":{"land_value":50000},"geometry":{"type":"Polygon","coordinates":[[[-77.48149646385329,39.59244937044211],[-77.48440705184805,39.596343541847745],[-77.49022822783758,39.596343541847745],[-77.49313881583234,39.59244937044211],[-77.49022822783758,39.58855519903648],[-77.48440705184805,39.58855519903648],[-77.48149646385329,39.59244937044211]]]}},{"type":"Feature","properties":{"land_value":50000},"geometry":{"type":"Polygon","coordinates":[[[-77.47276469986902,39.26144480096351],[-77.47567528786378,39.26533897236914],[-77.4814964638533,39.26533897236914],[-77.48440705184807,39.26144480096351],[-77.4814964638533,39.257550629557876],[-77.47567528786378,39.257550629557876],[-77.47276469986902,39.26144480096351]]]}},{"type":"Feature","properties":{"land_value":50000},"geometry":{"type":"Polygon","coordinates":[[[-77.47276469986902,39.26923314377477],[-77.47567528786378,39.2731273151804],[-77.4814964638533,39.2731273151804],[-77.48440705184807,39.26923314377477],[-77.4814964638533,39.265338972369136],[-77.47567528786378,39.265338972369136],[-77.47276469986902,39.26923314377477]]]}},{"type":"Feature","properties":{"land_value":50000},"geometry":{"type":"Polygon","coordinates":[[[-77.47276469986902,39.27702148658603],[-77.47567528786378,39.28091565799166],[-77.4814964638533,39.28091565799166],[-77.48440705184807,39.27702148658603],[-77.4814964638533,39.273127315180396],[-77.47567528786378,39.273127315180396],[-77.47276469986902,39.27702148658603]]]}},{"type":"Feature","properties":{"land_value":50000},"geometry":{"type":"Polygon","coordinates":[[[-77.47276469986902,39.2848098293973],[-77.47567528786378,39.28870400080293],[-77.4814964638533,39.28870400080293],[-77.48440705184807,39.2848098293973],[-77.4814964638533,39.28091565799166],[-77.47567528786378,39.28091565799166],[-77.47276469986902,39.2848098293973]]]}},{"type":"Feature","properties":{"land_value":50000},"geometry":{"type":"Polygon","coordinates":[[[-77.47276469986902,39.29259817220856],[-77.47567528786378,39.29649234361419],[-77.4814964638533,39.29649234361419],[-77.48440705184807,39.29259817220856],[-77.4814964638533,39.28870400080292],[-77.47567528786378,39.28870400080292],[-77.47276469986902,39.29259817220856]]]}},{"type":"Feature","properties":{"land_value":50000},"geometry":{"type":"Polygon","coordinates":[[[-77.47276469986902,39.30038651501982],[-77.47567528786378,39.30428068642545],[-77.4814964638533,39.30428068642545],[-77.48440705184807,39.30038651501982],[-77.4814964638533,39.29649234361418],[-77.47567528786378,39.29649234361418],[-77.47276469986902,39.30038651501982]]]}},{"type":"Feature","properties":{"land_value":50000},"geometry":{"type":"Polygon","coordinates":[[[-77.47276469986902,39.30817485783108],[-77.47567528786378,39.31206902923671],[-77.4814964638533,39.31206902923671],[-77.48440705184807,39.30817485783108],[-77.4814964638533,39.30428068642544],[-77.47567528786378,39.30428068642544],[-77.47276469986902,39.30817485783108]]]}},{"type":"Feature","properties":{"land_value":109365},"geometry":{"type":"Polygon","coordinates":[[[-77.47276469986902,39.31596320064234],[-77.47567528786378,39.31985737204797],[-77.4814964638533,39.31985737204797],[-77.48440705184807,39.31596320064234],[-77.4814964638533,39.3120690292367],[-77.47567528786378,39.3120690292367],[-77.47276469986902,39.31596320064234]]]}},{"type":"Feature","properties":{"land_value":140304},"geometry":{"type":"Polygon","coordinates":[[[-77.47276469986902,39.3237515434536],[-77.47567528786378,39.32764571485923],[-77.4814964638533,39.32764571485923],[-77.48440705184807,39.3237515434536],[-77.4814964638533,39.31985737204796],[-77.47567528786378,39.31985737204796],[-77.47276469986902,39.3237515434536]]]}},{"type":"Feature","properties":{"land_value":154152},"geometry":{"type":"Polygon","coordinates":[[[-77.47276469986902,39.33153988626486],[-77.47567528786378,39.3354340576705],[-77.4814964638533,39.3354340576705],[-77.48440705184807,39.33153988626486],[-77.4814964638533,39.32764571485923],[-77.47567528786378,39.32764571485923],[-77.47276469986902,39.33153988626486]]]}},{"type":"Feature","properties":{"land_value":138054},"geometry":{"type":"Polygon","coordinates":[[[-77.47276469986902,39.33932822907612],[-77.47567528786378,39.34322240048176],[-77.4814964638533,39.34322240048176],[-77.48440705184807,39.33932822907612],[-77.4814964638533,39.33543405767049],[-77.47567528786378,39.33543405767049],[-77.47276469986902,39.33932822907612]]]}},{"type":"Feature","properties":{"land_value":184955},"geometry":{"type":"Polygon","coordinates":[[[-77.47276469986902,39.34711657188738],[-77.47567528786378,39.35101074329302],[-77.4814964638533,39.35101074329302],[-77.48440705184807,39.34711657188738],[-77.4814964638533,39.34322240048175],[-77.47567528786378,39.34322240048175],[-77.47276469986902,39.34711657188738]]]}},{"type":"Feature","properties":{"land_value":173302},"geometry":{"type":"Polygon","coordinates":[[[-77.47276469986902,39.35490491469864],[-77.47567528786378,39.35879908610428],[-77.4814964638533,39.35879908610428],[-77.48440705184807,39.35490491469864],[-77.4814964638533,39.35101074329301],[-77.47567528786378,39.35101074329301],[-77.47276469986902,39.35490491469864]]]}},{"type":"Feature","properties":{"land_value":253990},"geometry":{"type":"Polygon","coordinates":[[[-77.47276469986902,39.3626932575099],[-77.47567528786378,39.36658742891554],[-77.4814964638533,39.36658742891554],[-77.48440705184807,39.3626932575099],[-77.4814964638533,39.35879908610427],[-77.47567528786378,39.35879908610427],[-77.47276469986902,39.3626932575099]]]}},{"type":"Feature","properties":{"land_value":242523},"geometry":{"type":"Polygon","coordinates":[[[-77.47276469986902,39.37048160032116],[-77.47567528786378,39.3743757717268],[-77.4814964638533,39.3743757717268],[-77.48440705184807,39.37048160032116],[-77.4814964638533,39.36658742891553],[-77.47567528786378,39.36658742891553],[-77.47276469986902,39.37048160032116]]]}},{"type":"Feature","properties":{"land_value":300550},"geometry":{"type":"Polygon","coordinates":[[[-77.47276469986902,39.37826994313243],[-77.47567528786378,39.382164114538064],[-77.4814964638533,39.382164114538064],[-77.48440705184807,39.37826994313243],[-77.4814964638533,39.3743757717268],[-77.47567528786378,39.3743757717268],[-77.47276469986902,39.37826994313243]]]}},{"type":"Feature","properties":{"land_value":298557},"geometry":{"type":"Polygon","coordinates":[[[-77.47276469986902,39.38605828594369],[-77.47567528786378,39.389952457349324],[-77.4814964638533,39.389952457349324],[-77.48440705184807,39.38605828594369],[-77.4814964638533,39.38216411453806],[-77.47567528786378,39.38216411453806],[-77.47276469986902,39.38605828594369]]]}},{"type":"Feature","properties":{"land_value":295125},"geometry":{"type":"Polygon","coordinates":[[[-77.47276469986902,39.39384662875495],[-77.47567528786378,39.397740800160584],[-77.4814964638533,39.397740800160584],[-77.48440705184807,39.39384662875495],[-77.4814964638533,39.38995245734932],[-77.47567528786378,39.38995245734932],[-77.47276469986902,39.39384662875495]]]}},{"type":"Feature","properties":{"land_value":315615},"geometry":{"type":"Polygon","coordinates":[[[-77.47276469986902,39.40163497156621],[-77.47567528786378,39.405529142971844],[-77.4814964638533,39.405529142971844],[-77.48440705184807,39.40163497156621],[-77.4814964638533,39.39774080016058],[-77.47567528786378,39.39774080016058],[-77.47276469986902,39.40163497156621]]]}},{"type":"Feature","properties":{"land_value":319693},"geometry":{"type":"Polygon","coordinates":[[[-77.47276469986902,39.40942331437747],[-77.47567528786378,39.413317485783104],[-77.4814964638533,39.413317485783104],[-77.48440705184807,39.40942331437747],[-77.4814964638533,39.40552914297184],[-77.47567528786378,39.40552914297184],[-77.47276469986902,39.40942331437747]]]}},{"type":"Feature","properties":{"land_value":353347},"geometry":{"type":"Polygon","coordinates":[[[-77.47276469986902,39.41721165718873],[-77.47567528786378,39.421105828594364],[-77.4814964638533,39.421105828594364],[-77.48440705184807,39.41721165718873],[-77.4814964638533,39.4133174857831],[-77.47567528786378,39.4133174857831],[-77.47276469986902,39.41721165718873]]]}},{"type":"Feature","properties":{"land_value":345125},"geometry":{"type":"Polygon","coordinates":[[[-77.47276469986902,39.425],[-77.47567528786378,39.42889417140563],[-77.4814964638533,39.42889417140563],[-77.48440705184807,39.425],[-77.4814964638533,39.421105828594364],[-77.47567528786378,39.421105828594364],[-77.47276469986902,39.425]]]}},{"type":"Feature","properties":{"land_value":280462},"geometry":{"type":"Polygon","coordinates":[[[-77.47276469986902,39.43278834281126],[-77.47567528786378,39.43668251421689],[-77.4814964638533,39.43668251421689],[-77.48440705184807,39.43278834281126],[-77.4814964638533,39.428894171405624],[-77.47567528786378,39.428894171405624],[-77.47276469986902,39.43278834281126]]]}},{"type":"Feature","properties":{"land_value":263064},"geometry":{"type":"Polygon","coordinates":[[[-77.47276469986902,39.44057668562252],[-77.47567528786378,39.44447085702815],[-77.4814964638533,39.44447085702815],[-77.48440705184807,39.44057668562252],[-77.4814964638533,39.43668251421688],[-77.47567528786378,39.43668251421688],[-77.47276469986902,39.44057668562252]]]}},{"type":"Feature","properties":{"land_value":237626},"geometry":{"type":"Polygon","coordinates":[[[-77.47276469986902,39.44836502843378],[-77.47567528786378,39.45225919983941],[-77.4814964638533,39.45225919983941],[-77.48440705184807,39.44836502843378],[-77.4814964638533,39.44447085702814],[-77.47567528786378,39.44447085702814],[-77.47276469986902,39.44836502843378]]]}},{"type":"Feature","properties":{"land_value":239865},"geometry":{"type":"Polygon","coordinates":[[[-77.47276469986902,39.45615337124504],[-77.47567528786378,39.46004754265067],[-77.4814964638533,39.46004754265067],[-77.48440705184807,39.45615337124504],[-77.4814964638533,39.4522591998394],[-77.47567528786378,39.4522591998394],[-77.47276469986902,39.45615337124504]]]}},{"type":"Feature","properties":{"land_value":278553},"geometry":{"type":"Polygon","coordinates":[[[-77.47276469986902,39.4639417140563],[-77.47567528786378,39.46783588546193],[-77.4814964638533,39.46783588546193],[-77.48440705184807,39.4639417140563],[-77.4814964638533,39.46004754265066],[-77.47567528786378,39.46004754265066],[-77.47276469986902,39.4639417140563]]]}},{"type":"Feature","properties":{"land_value":219686},"geometry":{"type":"Polygon","coordinates":[[[-77.47276469986902,39.471730056867564],[-77.47567528786378,39.4756242282732],[-77.4814964638533,39.4756242282732],[-77.48440705184807,39.471730056867564],[-77.4814964638533,39.46783588546193],[-77.47567528786378,39.46783588546193],[-77.47276469986902,39.471730056867564]]]}},{"type":"Feature","properties":{"land_value":231949},"geometry":{"type":"Polygon","coordinates":[[[-77.47276469986902,39.479518399678824],[-77.47567528786378,39.48341257108446],[-77.4814964638533,39.48341257108446],[-77.48440705184807,39.479518399678824],[-77.4814964638533,39.47562422827319],[-77.47567528786378,39.47562422827319],[-77.47276469986902,39.479518399678824]]]}},{"type":"Feature","properties":{"land_value":210408},"geometry":{"type":"Polygon","coordinates":[[[-77.47276469986902,39.487306742490084],[-77.47567528786378,39.49120091389572],[-77.4814964638533,39.49120091389572],[-77.48440705184807,39.487306742490084],[-77.4814964638533,39.48341257108445],[-77.47567528786378,39.48341257108445],[-77.47276469986902,39.487306742490084]]]}},{"type":"Feature","properties":{"land_value":137149},"geometry":{"type":"Polygon","coordinates":[[[-77.47276469986902,39.495095085301344],[-77.47567528786378,39.49898925670698],[-77.4814964638533,39.49898925670698],[-77.48440705184807,39.495095085301344],[-77.4814964638533,39.49120091389571],[-77.47567528786378,39.49120091389571],[-77.47276469986902,39.495095085301344]]]}},{"type":"Feature","properties":{"land_value":164640},"geometry":{"type":"Polygon","coordinates":[[[-77.47276469986902,39.502883428112604],[-77.47567528786378,39.50677759951824],[-77.4814964638533,39.50677759951824],[-77.48440705184807,39.502883428112604],[-77.4814964638533,39.49898925670697],[-77.47567528786378,39.49898925670697],[-77.47276469986902,39.502883428112604]]]}},{"type":"Feature","properties":{"land_value":115087},"geometry":{"type":"Polygon","coordinates":[[[-77.47276469986902,39.510671770923864],[-77.47567528786378,39.5145659423295],[-77.4814964638533,39.5145659423295],[-77.48440705184807,39.510671770923864],[-77.4814964638533,39.50677759951823],[-77.47567528786378,39.50677759951823],[-77.47276469986902,39.510671770923864]]]}},{"type":"Feature","properties":{"land_value":51075},"geometry":{"type":"Polygon","coordinates":[[[-77.47276469986902,39.51846011373513],[-77.47567528786378,39.522354285140764],[-77.4814964638533,39.522354285140764],[-77.48440705184807,39.51846011373513],[-77.4814964638533,39.5145659423295],[-77.47567528786378,39.5145659423295],[-77.47276469986902,39.51846011373513]]]}},{"type":"Feature","properties":{"land_value":66659},"geometry":{"type":"Polygon","coordinates":[[[-77.47276469986902,39.52624845654639],[-77.47567528786378,39.530142627952024],[-77.4814964638533,39.530142627952024],[-77.48440705184807,39.52624845654639],[-77.4814964638533,39.52235428514076],[-77.47567528786378,39.52235428514076],[-77.47276469986902,39.52624845654639]]]}},{"type":"Feature","properties":{"land_value":50000},"geometry":{"type":"Polygon","coordinates":[[[-77.47276469986902,39.53403679935765],[-77.47567528786378,39.537930970763284],[-77.4814964638533,39.537930970763284],[-77.48440705184807,39.53403679935765],[-77.4814964638533,39.53014262795202],[-77.47567528786378,39.53014262795202],[-77.47276469986902,39.53403679935765]]]}},{"type":"Feature","properties":{"land_value":50000},"geometry":{"type":"Polygon","coordinates":[[[-77.47276469986902,39.54182514216891],[-77.47567528786378,39.545719313574544],[-77.4814964638533,39.545719313574544],[-77.48440705184807,39.54182514216891],[-77.4814964638533,39.53793097076328],[-77.47567528786378,39.53793097076328],[-77.47276469986902,39.54182514216891]]]}},{"type":"Feature","properties":{"land_value":50000},"geometry":{"type":"Polygon","coordinates":[[[-77.47276469986902,39.54961348498017],[-77.47567528786378,39.553507656385804],[-77.4814964638533,39.553507656385804],[-77.48440705184807,39.54961348498017],[-77.4814964638533,39.54571931357454],[-77.47567528786378,39.54571931357454],[-77.47276469986902,39.54961348498017]]]}},{"type":"Feature","properties":{"land_value":50000},"geometry":{"type":"Polygon","coordinates":[[[-77.47276469986902,39.55740182779143],[-77.47567528786378,39.561295999197064],[-77.4814964638533,39.561295999197064],[-77.48440705184807,39.55740182779143],[-77.4814964638533,39.5535076563858],[-77.47567528786378,39.5535076563858],[-77.47276469986902,39.55740182779143]]]}},{"type":"Feature","properties":{"land_value":50000},"geometry":{"type":"Polygon","coordinates":[[[-77.47276469986902,39.5651901706027],[-77.47567528786378,39.56908434200833],[-77.4814964638533,39.56908434200833],[-77.48440705184807,39.5651901706027],[-77.4814964638533,39.561295999197064],[-77.47567528786378,39.561295999197064],[-77.47276469986902,39.5651901706027]]]}},{"type":"Feature","properties":{"land_value":50000},"geometry":{"type":"Polygon","coordinates":[[[-77.47276469986902,39.57297851341396],[-77.47567528786378,39.57687268481959],[-77.4814964638533,39.57687268481959],[-77.48440705184807,39.57297851341396],[-77.4814964638533,39.569084342008324],[-77.47567528786378,39.569084342008324],[-77.47276469986902,39.57297851341396]]]}},{"type":"Feature","properties":{"land_value":50000},"geometry":{"type":"Polygon","coordinates":[[[-77.47276469986902,39.58076685622522],[-77.47567528786378,39.58466102763085],[-77.4814964638533,39.58466102763085],[-77.48440705184807,39.58076685622522],[-77.4814964638533,39.576872684819584],[-77.47567528786378,39.576872684819584],[-77.47276469986902,39.58076685622522]]]}},{"type":"Feature","properties":{"land_value":50000},"geometry":{"type":"Polygon","coordinates":[[[-77.47276469986902,39.58855519903648],[-77.47567528786378,39.59244937044211],[-77.4814964638533,39.59244937044211],[-77.48440705184807,39.58855519903648],[-77.4814964638533,39.584661027630844],[-77.47567528786378,39.584661027630844],[-77.47276469986902,39.58855519903648]]]}},{"type":"Feature","properties":{"land_value":50000},"geometry":{"type":"Polygon","coordinates":[[[-77.46403293588473,39.25755062955788],[-77.4669435238795,39.26144480096352],[-77.47276469986902,39.26144480096352],[-77.47567528786378,39.25755062955788],[-77.47276469986902,39.25365645815225],[-77.4669435238795,39.25365645815225],[-77.46403293588473,39.25755062955788]]]}},{"type":"Feature","properties":{"land_value":50000},"geometry":{"type":"Polygon","coordinates":[[[-77.46403293588473,39.26533897236914],[-77.4669435238795,39.26923314377478],[-77.47276469986902,39.26923314377478],[-77.47567528786378,39.26533897236914],[-77.47276469986902,39.26144480096351],[-77.4669435238795,39.26144480096351],[-77.46403293588473,39.26533897236914]]]}},{"type":"Feature","properties":{"land_value":50000},"geometry":{"type":"Polygon","coordinates":[[[-77.46403293588473,39.2731273151804],[-77.4669435238795,39.27702148658604],[-77.47276469986902,39.27702148658604],[-77.47567528786378,39.2731273151804],[-77.47276469986902,39.26923314377477],[-77.4669435238795,39.26923314377477],[-77.46403293588473,39.2731273151804]]]}},{"type":"Feature","properties":{"land_value":50000},"geometry":{"type":"Polygon","coordinates":[[[-77.46403293588473,39.28091565799166],[-77.4669435238795,39.2848098293973],[-77.47276469986902,39.2848098293973],[-77.47567528786378,39.28091565799166],[-77.47276469986902,39.27702148658603],[-77.4669435238795,39.27702148658603],[-77.46403293588473,39.28091565799166]]]}},{"type":"Feature","properties":{"land_value":50000},"geometry":{"type":"Polygon","coordinates":[[[-77.46403293588473,39.28870400080293],[-77.4669435238795,39.292598172208564],[-77.47276469986902,39.292598172208564],[-77.47567528786378,39.28870400080293],[-77.47276469986902,39.2848098293973],[-77.4669435238795,39.2848098293973],[-77.46403293588473,39.28870400080293]]]}},{"type":"Feature","properties":{"land_value":50000},"geometry":{"type":"Polygon","coordinates":[[[-77.46403293588473,39.29649234361419],[-77.4669435238795,39.300386515019824],[-77.47276469986902,39.300386515019824],[-77.47567528786378,39.29649234361419],[-77.47276469986902,39.29259817220856],[-77.4669435238795,39.29259817220856],[-77.46403293588473,39.29649234361419]]]}},{"type":"Feature","properties":{"land_value":53890},"geometry":{"type":"Polygon","coordinates":[[[-77.46403293588473,39.30428068642545],[-77.4669435238795,39.308174857831084],[-77.47276469986902,39.308174857831084],[-77.47567528786378,39.30428068642545],[-77.47276469986902,39.30038651501982],[-77.4669435238795,39.30038651501982],[-77.46403293588473,39.30428068642545]]]}},{"type":"Feature","properties":{"land_value":93912},"geometry":{"type":"Polygon","coordinates":[[[-77.46403293588473,39.31206902923671],[-77.4669435238795,39.315963200642344],[-77.47276469986902,39.315963200642344],[-77.47567528786378,39.31206902923671],[-77.47276469986902,39.30817485783108],[-77.4669435238795,39.30817485783108],[-77.46403293588473,39.31206902923671]]]}},{"type":"Feature","properties":{"land_value":145339},"geometry":{"type":"Polygon","coordinates":[[[-77.46403293588473,39.31985737204797],[-77.4669435238795,39.323751543453604],[-77.47276469986902,39.323751543453604],[-77.47567528786378,39.31985737204797],[-77.47276469986902,39.31596320064234],[-77.4669435238795,39.31596320064234],[-77.46403293588473,39.31985737204797]]]}},{"type":"Feature","properties":{"land_value":119054},"geometry":{"type":"Polygon","coordinates":[[[-77.46403293588473,39.32764571485923],[-77.4669435238795,39.33153988626486],[-77.47276469986902,39.33153988626486],[-77.47567528786378,39.32764571485923],[-77.47276469986902,39.3237515434536],[-77.4669435238795,39.3237515434536],[-77.46403293588473,39.32764571485923]]]}},{"type":"Feature","properties":{"land_value":143363},"geometry":{"type":"Polygon","coordinates":[[[-77.46403293588473,39.3354340576705],[-77.4669435238795,39.33932822907613],[-77.47276469986902,39.33932822907613],[-77.47567528786378,39.3354340576705],[-77.47276469986902,39.33153988626486],[-77.4669435238795,39.33153988626486],[-77.46403293588473,39.3354340576705]]]}},{"type":"Feature","properties":{"land_value":162483},"geometry":{"type":"Polygon","coordinates":[[[-77.46403293588473,39.34322240048176],[-77.4669435238795,39.34711657188739],[-77.47276469986902,39.34711657188739],[-77.47567528786378,39.34322240048176],[-77.47276469986902,39.33932822907612],[-77.4669435238795,39.33932822907612],[-77.46403293588473,39.34322240048176]]]}},{"type":"Feature","properties":{"land_value":192971},"geometry":{"type":"Polygon","coordinates":[[[-77.46403293588473,39.35101074329302],[-77.4669435238795,39.35490491469865],[-77.47276469986902,39.35490491469865],[-77.47567528786378,39.35101074329302],[-77.47276469986902,39.34711657188738],[-77.4669435238795,39.34711657188738],[-77.46403293588473,39.35101074329302]]]}},{"type":"Feature","properties":{"land_value":226809},"geometry":{"type":"Polygon","coordinates":[[[-77.46403293588473,39.35879908610428],[-77.4669435238795,39.36269325750991],[-77.47276469986902,39.36269325750991],[-77.47567528786378,39.35879908610428],[-77.47276469986902,39.35490491469864],[-77.4669435238795,39.35490491469864],[-77.46403293588473,39.35879908610428]]]}},{"type":"Feature","properties":{"land_value":286147},"geometry":{"type":"Polygon","coordinates":[[[-77.46403293588473,39.36658742891554],[-77.4669435238795,39.37048160032117],[-77.47276469986902,39.37048160032117],[-77.47567528786378,39.36658742891554],[-77.47276469986902,39.3626932575099],[-77.4669435238795,39.3626932575099],[-77.46403293588473,39.36658742891554]]]}},{"type":"Feature","properties":{"land_value":231242},"geometry":{"type":"Polygon","coordinates":[[[-77.46403293588473,39.3743757717268],[-77.4669435238795,39.37826994313243],[-77.47276469986902,39.37826994313243],[-77.47567528786378,39.3743757717268],[-77.47276469986902,39.37048160032116],[-77.4669435238795,39.37048160032116],[-77.46403293588473,39.3743757717268]]]}},{"type":"Feature","properties":{"land_value":334898},"geometry":{"type":"Polygon","coordinates":[[[-77.46403293588473,39.382164114538064],[-77.4669435238795,39.3860582859437],[-77.47276469986902,39.3860582859437],[-77.47567528786378,39.382164114538064],[-77.47276469986902,39.37826994313243],[-77.4669435238795,39.37826994313243],[-77.46403293588473,39.382164114538064]]]}},{"type":"Feature","properties":{"land_value":280363},"geometry":{"type":"Polygon","coordinates":[[[-77.46403293588473,39.389952457349324],[-77.4669435238795,39.39384662875496],[-77.47276469986902,39.39384662875496],[-77.47567528786378,39.389952457349324],[-77.47276469986902,39.38605828594369],[-77.4669435238795,39.38605828594369],[-77.46403293588473,39.389952457349324]]]}},{"type":"Feature","properties":{"land_value":292951},"geometry":{"type":"Polygon","coordinates":[[[-77.46403293588473,39.397740800160584],[-77.4669435238795,39.40163497156622],[-77.47276469986902,39.40163497156622],[-77.47567528786378,39.397740800160584],[-77.47276469986902,39.39384662875495],[-77.4669435238795,39.39384662875495],[-77.46403293588473,39.397740800160584]]]}},{"type":"Feature","properties":{"land_value":328997},"geometry":{"type":"Polygon","coordinates":[[[-77.46403293588473,39.405529142971844],[-77.4669435238795,39.40942331437748],[-77.47276469986902,39.40942331437748],[-77.47567528786378,39.405529142971844],[-77.47276469986902,39.40163497156621],[-77.4669435238795,39.40163497156621],[-77.46403293588473,39.405529142971844]]]}},{"type":"Feature","properties":{"land_value":340420},"geometry":{"type":"Polygon","coordinates":[[[-77.46403293588473,39.413317485783104],[-77.4669435238795,39.41721165718874],[-77.47276469986902,39.41721165718874],[-77.47567528786378,39.413317485783104],[-77.47276469986902,39.40942331437747],[-77.4669435238795,39.40942331437747],[-77.46403293588473,39.413317485783104]]]}},{"type":"Feature","properties":{"land_value":323451},"geometry":{"type":"Polygon","coordinates":[[[-77.46403293588473,39.421105828594364],[-77.4669435238795,39.425],[-77.47276469986902,39.425],[-77.47567528786378,39.421105828594364],[-77.47276469986902,39.41721165718873],[-77.4669435238795,39.41721165718873],[-77.46403293588473,39.421105828594364]]]}},{"type":"Feature","properties":{"land_value":283506},"geometry":{"type":"Polygon","coordinates":[[[-77.46403293588473,39.42889417140563],[-77.4669435238795,39.432788342811264],[-77.47276469986902,39.432788342811264],[-77.47567528786378,39.42889417140563],[-77.47276469986902,39.425],[-77.4669435238795,39.425],[-77.46403293588473,39.42889417140563]]]}},{"type":"Feature","properties":{"land_value":346939},"geometry":{"type":"Polygon","coordinates":[[[-77.46403293588473,39.43668251421689],[-77.4669435238795,39.440576685622524],[-77.47276469986902,39.440576685622524],[-77.47567528786378,39.43668251421689],[-77.47276469986902,39.43278834281126],[-77.4669435238795,39.43278834281126],[-77.46403293588473,39.43668251421689]]]}},{"type":"Feature","properties":{"land_value":264711},"geometry":{"type":"Polygon","coordinates":[[[-77.46403293588473,39.44447085702815],[-77.4669435238795,39.448365028433784],[-77.47276469986902,39.448365028433784],[-77.47567528786378,39.44447085702815],[-77.47276469986902,39.44057668562252],[-77.4669435238795,39.44057668562252],[-77.46403293588473,39.44447085702815]]]}},{"type":"Feature","properties":{"land_value":306165},"geometry":{"type":"Polygon","coordinates":[[[-77.46403293588473,39.45225919983941],[-77.4669435238795,39.456153371245044],[-77.47276469986902,39.456153371245044],[-77.47567528786378,39.45225919983941],[-77.47276469986902,39.44836502843378],[-77.4669435238795,39.44836502843378],[-77.46403293588473,39.45225919983941]]]}},{"type":"Feature","properties":{"land_value":272349},"geometry":{"type":"Polygon","coordinates":[[[-77.46403293588473,39.46004754265067],[-77.4669435238795,39.463941714056304],[-77.47276469986902,39.463941714056304],[-77.47567528786378,39.46004754265067],[-77.47276469986902,39.45615337124504],[-77.4669435238795,39.45615337124504],[-77.46403293588473,39.46004754265067]]]}},{"type":"Feature","properties":{"land_value":240223},"geometry":{"type":"Polygon","coordinates":[[[-77.46403293588473,39.46783588546193],[-77.4669435238795,39.471730056867564],[-77.47276469986902,39.471730056867564],[-77.47567528786378,39.46783588546193],[-77.47276469986902,39.4639417140563],[-77.4669435238795,39.4639417140563],[-77.46403293588473,39.46783588546193]]]}},{"type":"Feature","properties":{"land_value":181287},"geometry":{"type":"Polygon","coordinates":[[[-77.46403293588473,39.4756242282732],[-77.4669435238795,39.47951839967883],[-77.47276469986902,39.47951839967883],[-77.47567528786378,39.4756242282732],[-77.47276469986902,39.471730056867564],[-77.4669435238795,39.471730056867564],[-77.46403293588473,39.4756242282732]]]}},{"type":"Feature","properties":{"land_value":180396},"geometry":{"type":"Polygon","coordinates":[[[-77.46403293588473,39.48341257108446],[-77.4669435238795,39.48730674249009],[-77.47276469986902,39.48730674249009],[-77.47567528786378,39.48341257108446],[-77.47276469986902,39.479518399678824],[-77.4669435238795,39.479518399678824],[-77.46403293588473,39.48341257108446]]]}},{"type":"Feature","properties":{"land_value":126568},"geometry":{"type":"Polygon","coordinates":[[[-77.46403293588473,39.49120091389572],[-77.4669435238795,39.49509508530135],[-77.47276469986902,39.49509508530135],[-77.47567528786378,39.49120091389572],[-77.47276469986902,39.487306742490084],[-77.4669435238795,39.487306742490084],[-77.46403293588473,39.49120091389572]]]}},{"type":"Feature","properties":{"land_value":173250},"geometry":{"type":"Polygon","coordinates":[[[-77.46403293588473,39.49898925670698],[-77.4669435238795,39.50288342811261],[-77.47276469986902,39.50288342811261],[-77.47567528786378,39.49898925670698],[-77.47276469986902,39.495095085301344],[-77.4669435238795,39.495095085301344],[-77.46403293588473,39.49898925670698]]]}},{"type":"Feature","properties":{"land_value":143794},"geometry":{"type":"Polygon","coordinates":[[[-77.46403293588473,39.50677759951824],[-77.4669435238795,39.51067177092387],[-77.47276469986902,39.51067177092387],[-77.47567528786378,39.50677759951824],[-77.47276469986902,39.502883428112604],[-77.4669435238795,39.502883428112604],[-77.46403293588473,39.50677759951824]]]}},{"type":"Feature","properties":{"land_value":101332},"geometry":{"type":"Polygon","coordinates":[[[-77.46403293588473,39.5145659423295],[-77.4669435238795,39.51846011373513],[-77.47276469986902,39.51846011373513],[-77.47567528786378,39.5145659423295],[-77.47276469986902,39.510671770923864],[-77.4669435238795,39.510671770923864],[-77.46403293588473,39.5145659423295]]]}},{"type":"Feature","properties":{"land_value":64264},"geometry":{"type":"Polygon","coordinates":[[[-77.46403293588473,39.522354285140764],[-77.4669435238795,39.5262484565464],[-77.47276469986902,39.5262484565464],[-77.47567528786378,39.522354285140764],[-77.47276469986902,39.51846011373513],[-77.4669435238795,39.51846011373513],[-77.46403293588473,39.522354285140764]]]}},{"type":"Feature","properties":{"land_value":50000},"geometry":{"type":"Polygon","coordinates":[[[-77.46403293588473,39.530142627952024],[-77.4669435238795,39.53403679935766],[-77.47276469986902,39.53403679935766],[-77.47567528786378,39.530142627952024],[-77.47276469986902,39.52624845654639],[-77.4669435238795,39.52624845654639],[-77.46403293588473,39.530142627952024]]]}},{"type":"Feature","properties":{"land_value":50000},"geometry":{"type":"Polygon","coordinates":[[[-77.46403293588473,39.537930970763284],[-77.4669435238795,39.54182514216892],[-77.47276469986902,39.54182514216892],[-77.47567528786378,39.537930970763284],[-77.47276469986902,39.53403679935765],[-77.4669435238795,39.53403679935765],[-77.46403293588473,39.537930970763284]]]}},{"type":"Feature","properties":{"land_value":50000},"geometry":{"type":"Polygon","coordinates":[[[-77.46403293588473,39.545719313574544],[-77.4669435238795,39.54961348498018],[-77.47276469986902,39.54961348498018],[-77.47567528786378,39.545719313574544],[-77.47276469986902,39.54182514216891],[-77.4669435238795,39.54182514216891],[-77.46403293588473,39.545719313574544]]]}},{"type":"Feature","properties":{"land_value":50000},"geometry":{"type":"Polygon","coordinates":[[[-77.46403293588473,39.553507656385804],[-77.4669435238795,39.55740182779144],[-77.47276469986902,39.55740182779144],[-77.47567528786378,39.553507656385804],[-77.47276469986902,39.54961348498017],[-77.4669435238795,39.54961348498017],[-77.46403293588473,39.553507656385804]]]}},{"type":"Feature","properties":{"land_value":50000},"geometry":{"type":"Polygon","coordinates":[[[-77.46403293588473,39.561295999197064],[-77.4669435238795,39.5651901706027],[-77.47276469986902,39.5651901706027],[-77.47567528786378,39.561295999197064],[-77.47276469986902,39.55740182779143],[-77.4669435238795,39.55740182779143],[-77.46403293588473,39.561295999197064]]]}},{"type":"Feature","properties":{"land_value":50000},"geometry":{"type":"Polygon","coordinates":[[[-77.46403293588473,39.56908434200833],[-77.4669435238795,39.572978513413965],[-77.47276469986902,39.572978513413965],[-77.47567528786378,39.56908434200833],[-77.47276469986902,39.5651901706027],[-77.4669435238795,39.5651901706027],[-77.46403293588473,39.56908434200833]]]}},{"type":"Feature","properties":{"land_value":50000},"geometry":{"type":"Polygon","coordinates":[[[-77.46403293588473,39.57687268481959],[-77.4669435238795,39.580766856225225],[-77.47276469986902,39.580766856225225],[-77.47567528786378,39.57687268481959],[-77.47276469986902,39.57297851341396],[-77.4669435238795,39.57297851341396],[-77.46403293588473,39.57687268481959]]]}},{"type":"Feature","properties":{"land_value":50000},"geometry":{"type":"Polygon","coordinates":[[[-77.46403293588473,39.58466102763085],[-77.4669435238795,39.588555199036485],[-77.47276469986902,39.588555199036485],[-77.47567528786378,39.58466102763085],[-77.47276469986902,39.58076685622522],[-77.4669435238795,39.58076685622522],[-77.46403293588473,39.58466102763085]]]}},{"type":"Feature","properties":{"land_value":50000},"geometry":{"type":"Polygon","coordinates":[[[-77.46403293588473,39.59244937044211],[-77.4669435238795,39.596343541847745],[-77.47276469986902,39.596343541847745],[-77.47567528786378,39.59244937044211],[-77.47276469986902,39.58855519903648],[-77.4669435238795,39.58855519903648],[-77.46403293588473,39.59244937044211]]]}},{"type":"Feature","properties":{"land_value":50000},"geometry":{"type":"Polygon","coordinates":[[[-77.45530117190044,39.26144480096351],[-77.4582117598952,39.26533897236914],[-77.46403293588473,39.26533897236914],[-77.4669435238795,39.26144480096351],[-77.46403293588473,39.257550629557876],[-77.4582117598952,39.257550629557876],[-77.45530117190044,39.26144480096351]]]}},{"type":"Feature","properties":{"land_value":50000},"geometry":{"type":"Polygon","coordinates":[[[-77.45530117190044,39.26923314377477],[-77.4582117598952,39.2731273151804],[-77.46403293588473,39.2731273151804],[-77.4669435238795,39.26923314377477],[-77.46403293588473,39.265338972369136],[-77.4582117598952,39.265338972369136],[-77.45530117190044,39.26923314377477]]]}},{"type":"Feature","properties":{"land_value":50000},"geometry":{"type":"Polygon","coordinates":[[[-77.45530117190044,39.27702148658603],[-77.4582117598952,39.28091565799166],[-77.46403293588473,39.28091565799166],[-77.4669435238795,39.27702148658603],[-77.46403293588473,39.273127315180396],[-77.4582117598952,39.273127315180396],[-77.45530117190044,39.27702148658603]]]}},{"type":"Feature","properties":{"land_value":50000},"geometry":{"type":"Polygon","coordinates":[[[-77.45530117190044,39.2848098293973],[-77.4582117598952,39.28870400080293],[-77.46403293588473,39.28870400080293],[-77.4669435238795,39.2848098293973],[-77.46403293588473,39.28091565799166],[-77.4582117598952,39.28091565799166],[-77.45530117190044,39.2848098293973]]]}},{"type":"Feature","properties":{"land_value":50000},"geometry":{"type":"Polygon","coordinates":[[[-77.45530117190044,39.29259817220856],[-77.4582117598952,39.29649234361419],[-77.46403293588473,39.29649234361419],[-77.4669435238795,39.29259817220856],[-77.46403293588473,39.28870400080292],[-77.4582117598952,39.28870400080292],[-77.45530117190044,39.29259817220856]]]}},{"type":"Feature","properties":{"land_value":83165},"geometry":{"type":"Polygon","coordinates":[[[-77.45530117190044,39.30038651501982],[-77.4582117598952,39.30428068642545],[-77.46403293588473,39.30428068642545],[-77.4669435238795,39.30038651501982],[-77.46403293588473,39.29649234361418],[-77.4582117598952,39.29649234361418],[-77.45530117190044,39.30038651501982]]]}},{"type":"Feature","properties":{"land_value":86202},"geometry":{"type":"Polygon","coordinates":[[[-77.45530117190044,39.30817485783108],[-77.4582117598952,39.31206902923671],[-77.46403293588473,39.31206902923671],[-77.4669435238795,39.30817485783108],[-77.46403293588473,39.30428068642544],[-77.4582117598952,39.30428068642544],[-77.45530117190044,39.30817485783108]]]}},{"type":"Feature","properties":{"land_value":151640},"geometry":{"type":"Polygon","coordinates":[[[-77.45530117190044,39.31596320064234],[-77.4582117598952,39.31985737204797],[-77.46403293588473,39.31985737204797],[-77.4669435238795,39.31596320064234],[-77.46403293588473,39.3120690292367],[-77.4582117598952,39.3120690292367],[-77.45530117190044,39.31596320064234]]]}},{"type":"Feature","properties":{"land_value":137123},"geometry":{"type":"Polygon","coordinates":[[[-77.45530117190044,39.3237515434536],[-77.4582117598952,39.32764571485923],[-77.46403293588473,39.32764571485923],[-77.4669435238795,39.3237515434536],[-77.46403293588473,39.31985737204796],[-77.4582117598952,39.31985737204796],[-77.45530117190044,39.3237515434536]]]}},{"type":"Feature","properties":{"land_value":149026},"geometry":{"type":"Polygon","coordinates":[[[-77.45530117190044,39.33153988626486],[-77.4582117598952,39.3354340576705],[-77.46403293588473,39.3354340576705],[-77.4669435238795,39.33153988626486],[-77.46403293588473,39.32764571485923],[-77.4582117598952,39.32764571485923],[-77.45530117190044,39.33153988626486]]]}},{"type":"Feature","properties":{"land_value":234505},"geometry":{"type":"Polygon","coordinates":[[[-77.45530117190044,39.33932822907612],[-77.4582117598952,39.34322240048176],[-77.46403293588473,39.34322240048176],[-77.4669435238795,39.33932822907612],[-77.46403293588473,39.33543405767049],[-77.4582117598952,39.33543405767049],[-77.45530117190044,39.33932822907612]]]}},{"type":"Feature","properties":{"land_value":227157},"geometry":{"type":"Polygon","coordinates":[[[-77.45530117190044,39.34711657188738],[-77.4582117598952,39.35101074329302],[-77.46403293588473,39.35101074329302],[-77.4669435238795,39.34711657188738],[-77.46403293588473,39.34322240048175],[-77.4582117598952,39.34322240048175],[-77.45530117190044,39.34711657188738]]]}},{"type":"Feature","properties":{"land_value":269267},"geometry":{"type":"Polygon","coordinates":[[[-77.45530117190044,39.35490491469864],[-77.4582117598952,39.35879908610428],[-77.46403293588473,39.35879908610428],[-77.4669435238795,39.35490491469864],[-77.46403293588473,39.35101074329301],[-77.4582117598952,39.35101074329301],[-77.45530117190044,39.35490491469864]]]}},{"type":"Feature","properties":{"land_value":231653},"geometry":{"type":"Polygon","coordinates":[[[-77.45530117190044,39.3626932575099],[-77.4582117598952,39.36658742891554],[-77.46403293588473,39.36658742891554],[-77.4669435238795,39.3626932575099],[-77.46403293588473,39.35879908610427],[-77.4582117598952,39.35879908610427],[-77.45530117190044,39.3626932575099]]]}},{"type":"Feature","properties":{"land_value":262523},"geometry":{"type":"Polygon","coordinates":[[[-77.45530117190044,39.37048160032116],[-77.4582117598952,39.3743757717268],[-77.46403293588473,39.3743757717268],[-77.4669435238795,39.37048160032116],[-77.46403293588473,39.36658742891553],[-77.4582117598952,39.36658742891553],[-77.45530117190044,39.37048160032116]]]}},{"type":"Feature","properties":{"land_value":319542},"geometry":{"type":"Polygon","coordinates":[[[-77.45530117190044,39.37826994313243],[-77.4582117598952,39.382164114538064],[-77.46403293588473,39.382164114538064],[-77.4669435238795,39.37826994313243],[-77.46403293588473,39.3743757717268],[-77.4582117598952,39.3743757717268],[-77.45530117190044,39.37826994313243]]]}},{"type":"Feature","properties":{"land_value":318216},"geometry":{"type":"Polygon","coordinates":[[[-77.45530117190044,39.38605828594369],[-77.4582117598952,39.389952457349324],[-77.46403293588473,39.389952457349324],[-77.4669435238795,39.38605828594369],[-77.46403293588473,39.38216411453806],[-77.4582117598952,39.38216411453806],[-77.45530117190044,39.38605828594369]]]}},{"type":"Feature","properties":{"land_value":311293},"geometry":{"type":"Polygon","coordinates":[[[-77.45530117190044,39.39384662875495],[-77.4582117598952,39.397740800160584],[-77.46403293588473,39.397740800160584],[-77.4669435238795,39.39384662875495],[-77.46403293588473,39.38995245734932],[-77.4582117598952,39.38995245734932],[-77.45530117190044,39.39384662875495]]]}},{"type":"Feature","properties":{"land_value":305893},"geometry":{"type":"Polygon","coordinates":[[[-77.45530117190044,39.40163497156621],[-77.4582117598952,39.405529142971844],[-77.46403293588473,39.405529142971844],[-77.4669435238795,39.40163497156621],[-77.46403293588473,39.39774080016058],[-77.4582117598952,39.39774080016058],[-77.45530117190044,39.40163497156621]]]}},{"type":"Feature","properties":{"land_value":382605},"geometry":{"type":"Polygon","coordinates":[[[-77.45530117190044,39.40942331437747],[-77.4582117598952,39.413317485783104],[-77.46403293588473,39.413317485783104],[-77.4669435238795,39.40942331437747],[-77.46403293588473,39.40552914297184],[-77.4582117598952,39.40552914297184],[-77.45530117190044,39.40942331437747]]]}},{"type":"Feature","properties":{"land_value":307270},"geometry":{"type":"Polygon","coordinates":[[[-77.45530117190044,39.41721165718873],[-77.4582117598952,39.421105828594364],[-77.46403293588473,39.421105828594364],[-77.4669435238795,39.41721165718873],[-77.46403293588473,39.4133174857831],[-77.4582117598952,39.4133174857831],[-77.45530117190044,39.41721165718873]]]}},{"type":"Feature","properties":{"land_value":330482},"geometry":{"type":"Polygon","coordinates":[[[-77.45530117190044,39.425],[-77.4582117598952,39.42889417140563],[-77.46403293588473,39.42889417140563],[-77.4669435238795,39.425],[-77.46403293588473,39.421105828594364],[-77.4582117598952,39.421105828594364],[-77.45530117190044,39.425]]]}},{"type":"Feature","properties":{"land_value":305868},"geometry":{"type":"Polygon","coordinates":[[[-77.45530117190044,39.43278834281126],[-77.4582117598952,39.43668251421689],[-77.46403293588473,39.43668251421689],[-77.4669435238795,39.43278834281126],[-77.46403293588473,39.428894171405624],[-77.4582117598952,39.428894171405624],[-77.45530117190044,39.43278834281126]]]}},{"type":"Feature","properties":{"land_value":278390},"geometry":{"type":"Polygon","coordinates":[[[-77.45530117190044,39.44057668562252],[-77.4582117598952,39.44447085702815],[-77.46403293588473,39.44447085702815],[-77.4669435238795,39.44057668562252],[-77.46403293588473,39.43668251421688],[-77.4582117598952,39.43668251421688],[-77.45530117190044,39.44057668562252]]]}},{"type":"Feature","properties":{"land_value":327727},"geometry":{"type":"Polygon","coordinates":[[[-77.45530117190044,39.44836502843378],[-77.4582117598952,39.45225919983941],[-77.46403293588473,39.45225919983941],[-77.4669435238795,39.44836502843378],[-77.46403293588473,39.44447085702814],[-77.4582117598952,39.44447085702814],[-77.45530117190044,39.44836502843378]]]}},{"type":"Feature","properties":{"land_value":254574},"geometry":{"type":"Polygon","coordinates":[[[-77.45530117190044,39.45615337124504],[-77.4582117598952,39.46004754265067],[-77.46403293588473,39.46004754265067],[-77.4669435238795,39.45615337124504],[-77.46403293588473,39.4522591998394],[-77.4582117598952,39.4522591998394],[-77.45530117190044,39.45615337124504]]]}},{"type":"Feature","properties":{"land_value":224141},"geometry":{"type":"Polygon","coordinates":[[[-77.45530117190044,39.4639417140563],[-77.4582117598952,39.46783588546193],[-77.46403293588473,39.46783588546193],[-77.4669435238795,39.4639417140563],[-77.46403293588473,39.46004754265066],[-77.4582117598952,39.46004754265066],[-77.45530117190044,39.4639417140563]]]}},{"type":"Feature","properties":{"land_value":201704},"geometry":{"type":"Polygon","coordinates":[[[-77.45530117190044,39.471730056867564],[-77.4582117598952,39.4756242282732],[-77.46403293588473,39.4756242282732],[-77.4669435238795,39.471730056867564],[-77.46403293588473,39.46783588546193],[-77.4582117598952,39.46783588546193],[-77.45530117190044,39.471730056867564]]]}},{"type":"Feature","properties":{"land_value":233478},"geometry":{"type":"Polygon","coordinates":[[[-77.45530117190044,39.479518399678824],[-77.4582117598952,39.48341257108446],[-77.46403293588473,39.48341257108446],[-77.4669435238795,39.479518399678824],[-77.46403293588473,39.47562422827319],[-77.4582117598952,39.47562422827319],[-77.45530117190044,39.479518399678824]]]}},{"type":"Feature","properties":{"land_value":234056},"geometry":{"type":"Polygon","coordinates":[[[-77.45530117190044,39.487306742490084],[-77.4582117598952,39.49120091389572],[-77.46403293588473,39.49120091389572],[-77.4669435238795,39.487306742490084],[-77.46403293588473,39.48341257108445],[-77.4582117598952,39.48341257108445],[-77.45530117190044,39.487306742490084]]]}},{"type":"Feature","properties":{"land_value":134996},"geometry":{"type":"Polygon","coordinates":[[[-77.45530117190044,39.495095085301344],[-77.4582117598952,39.49898925670698],[-77.46403293588473,39.49898925670698],[-77.4669435238795,39.495095085301344],[-77.46403293588473,39.49120091389571],[-77.4582117598952,39.49120091389571],[-77.45530117190044,39.495095085301344]]]}},{"type":"Feature","properties":{"land_value":112950},"geometry":{"type":"Polygon","coordinates":[[[-77.45530117190044,39.502883428112604],[-77.4582117598952,39.50677759951824],[-77.46403293588473,39.50677759951824],[-77.4669435238795,39.502883428112604],[-77.46403293588473,39.49898925670697],[-77.4582117598952,39.49898925670697],[-77.45530117190044,39.502883428112604]]]}},{"type":"Feature","properties":{"land_value":78977},"geometry":{"type":"Polygon","coordinates":[[[-77.45530117190044,39.510671770923864],[-77.4582117598952,39.5145659423295],[-77.46403293588473,39.5145659423295],[-77.4669435238795,39.510671770923864],[-77.46403293588473,39.50677759951823],[-77.4582117598952,39.50677759951823],[-77.45530117190044,39.510671770923864]]]}},{"type":"Feature","properties":{"land_value":88713},"geometry":{"type":"Polygon","coordinates":[[[-77.45530117190044,39.51846011373513],[-77.4582117598952,39.522354285140764],[-77.46403293588473,39.522354285140764],[-77.4669435238795,39.51846011373513],[-77.46403293588473,39.5145659423295],[-77.4582117598952,39.5145659423295],[-77.45530117190044,39.51846011373513]]]}},{"type":"Feature","properties":{"land_value":103723},"geometry":{"type":"Polygon","coordinates":[[[-77.45530117190044,39.52624845654639],[-77.4582117598952,39.530142627952024],[-77.46403293588473,39.530142627952024],[-77.4669435238795,39.52624845654639],[-77.46403293588473,39.52235428514076],[-77.4582117598952,39.52235428514076],[-77.45530117190044,39.52624845654639]]]}},{"type":"Feature","properties":{"land_value":50000},"geometry":{"type":"Polygon","coordinates":[[[-77.45530117190044,39.53403679935765],[-77.4582117598952,39.537930970763284],[-77.46403293588473,39.537930970763284],[-77.4669435238795,39.53403679935765],[-77.46403293588473,39.53014262795202],[-77.4582117598952,39.53014262795202],[-77.45530117190044,39.53403679935765]]]}},{"type":"Feature","properties":{"land_value":50000},"geometry":{"type":"Polygon","coordinates":[[[-77.45530117190044,39.54182514216891],[-77.4582117598952,39.545719313574544],[-77.46403293588473,39.545719313574544],[-77.4669435238795,39.54182514216891],[-77.46403293588473,39.53793097076328],[-77.4582117598952,39.53793097076328],[-77.45530117190044,39.54182514216891]]]}},{"type":"Feature","properties":{"land_value":50000},"geometry":{"type":"Polygon","coordinates":[[[-77.45530117190044,39.54961348498017],[-77.4582117598952,39.553507656385804],[-77.46403293588473,39.553507656385804],[-77.4669435238795,39.54961348498017],[-77.46403293588473,39.54571931357454],[-77.4582117598952,39.54571931357454],[-77.45530117190044,39.54961348498017]]]}},{"type":"Feature","properties":{"land_value":50000},"geometry":{"type":"Polygon","coordinates":[[[-77.45530117190044,39.55740182779143],[-77.4582117598952,39.561295999197064],[-77.46403293588473,39.561295999197064],[-77.4669435238795,39.55740182779143],[-77.46403293588473,39.5535076563858],[-77.4582117598952,39.5535076563858],[-77.45530117190044,39.55740182779143]]]}},{"type":"Feature","properties":{"land_value":50000},"geometry":{"type":"Polygon","coordinates":[[[-77.45530117190044,39.5651901706027],[-77.4582117598952,39.56908434200833],[-77.46403293588473,39.56908434200833],[-77.4669435238795,39.5651901706027],[-77.46403293588473,39.561295999197064],[-77.4582117598952,39.561295999197064],[-77.45530117190044,39.5651901706027]]]}},{"type":"Feature","properties":{"land_value":50000},"geometry":{"type":"Polygon","coordinates":[[[-77.45530117190044,39.57297851341396],[-77.4582117598952,39.57687268481959],[-77.46403293588473,39.57687268481959],[-77.4669435238795,39.57297851341396],[-77.46403293588473,39.569084342008324],[-77.4582117598952,39.569084342008324],[-77.45530117190044,39.57297851341396]]]}},{"type":"Feature","properties":{"land_value":50000},"geometry":{"type":"Polygon","coordinates":[[[-77.45530117190044,39.58076685622522],[-77.4582117598952,39.58466102763085],[-77.46403293588473,39.58466102763085],[-77.4669435238795,39.58076685622522],[-77.46403293588473,39.576872684819584],[-77.4582117598952,39.576872684819584],[-77.45530117190044,39.58076685622522]]]}},{"type":"Feature","properties":{"land_value":50000},"geometry":{"type":"Polygon","coordinates":[[[-77.45530117190044,39.58855519903648],[-77.4582117598952,39.59244937044211],[-77.46403293588473,39.59244937044211],[-77.4669435238795,39.58855519903648],[-77.46403293588473,39.584661027630844],[-77.4582117598952,39.584661027630844],[-77.45530117190044,39.58855519903648]]]}},{"type":"Feature","properties":{"land_value":50000},"geometry":{"type":"Polygon","coordinates":[[[-77.44656940791617,39.25755062955788],[-77.44947999591093,39.26144480096352],[-77.45530117190046,39.26144480096352],[-77.45821175989522,39.25755062955788],[-77.45530117190046,39.25365645815225],[-77.44947999591093,39.25365645815225],[-77.44656940791617,39.25755062955788]]]}},{"type":"Feature","properties":{"land_value":50000},"geometry":{"type":"Polygon","coordinates":[[[-77.44656940791617,39.26533897236914],[-77.44947999591093,39.26923314377478],[-77.45530117190046,39.26923314377478],[-77.45821175989522,39.26533897236914],[-77.45530117190046,39.26144480096351],[-77.44947999591093,39.26144480096351],[-77.44656940791617,39.26533897236914]]]}},{"type":"Feature","properties":{"land_value":50000},"geometry":{"type":"Polygon","coordinates":[[[-77.44656940791617,39.2731273151804],[-77.44947999591093,39.27702148658604],[-77.45530117190046,39.27702148658604],[-77.45821175989522,39.2731273151804],[-77.45530117190046,39.26923314377477],[-77.44947999591093,39.26923314377477],[-77.44656940791617,39.2731273151804]]]}},{"type":"Feature","properties":{"land_value":50000},"geometry":{"type":"Polygon","coordinates":[[[-77.44656940791617,39.28091565799166],[-77.44947999591093,39.2848098293973],[-77.45530117190046,39.2848098293973],[-77.45821175989522,39.28091565799166],[-77.45530117190046,39.27702148658603],[-77.44947999591093,39.27702148658603],[-77.44656940791617,39.28091565799166]]]}},{"type":"Feature","properties":{"land_value":50000},"geometry":{"type":"Polygon","coordinates":[[[-77.44656940791617,39.28870400080293],[-77.44947999591093,39.292598172208564],[-77.45530117190046,39.292598172208564],[-77.45821175989522,39.28870400080293],[-77.45530117190046,39.2848098293973],[-77.44947999591093,39.2848098293973],[-77.44656940791617,39.28870400080293]]]}},{"type":"Feature","properties":{"land_value":88579},"geometry":{"type":"Polygon","coordinates":[[[-77.44656940791617,39.29649234361419],[-77.44947999591093,39.300386515019824],[-77.45530117190046,39.300386515019824],[-77.45821175989522,39.29649234361419],[-77.45530117190046,39.29259817220856],[-77.44947999591093,39.29259817220856],[-77.44656940791617,39.29649234361419]]]}},{"type":"Feature","properties":{"land_value":60213},"geometry":{"type":"Polygon","coordinates":[[[-77.44656940791617,39.30428068642545],[-77.44947999591093,39.308174857831084],[-77.45530117190046,39.308174857831084],[-77.45821175989522,39.30428068642545],[-77.45530117190046,39.30038651501982],[-77.44947999591093,39.30038651501982],[-77.44656940791617,39.30428068642545]]]}},{"type":"Feature","properties":{"land_value":100983},"geometry":{"type":"Polygon","coordinates":[[[-77.44656940791617,39.31206902923671],[-77.44947999591093,39.315963200642344],[-77.45530117190046,39.315963200642344],[-77.45821175989522,39.31206902923671],[-77.45530117190046,39.30817485783108],[-77.44947999591093,39.30817485783108],[-77.44656940791617,39.31206902923671]]]}},{"type":"Feature","properties":{"land_value":178621},"geometry":{"type":"Polygon","coordinates":[[[-77.44656940791617,39.31985737204797],[-77.44947999591093,39.323751543453604],[-77.45530117190046,39.323751543453604],[-77.45821175989522,39.31985737204797],[-77.45530117190046,39.31596320064234],[-77.44947999591093,39.31596320064234],[-77.44656940791617,39.31985737204797]]]}},{"type":"Feature","properties":{"land_value":165624},"geometry":{"type":"Polygon","coordinates":[[[-77.44656940791617,39.32764571485923],[-77.44947999591093,39.33153988626486],[-77.45530117190046,39.33153988626486],[-77.45821175989522,39.32764571485923],[-77.45530117190046,39.3237515434536],[-77.44947999591093,39.3237515434536],[-77.44656940791617,39.32764571485923]]]}},{"type":"Feature","properties":{"land_value":212726},"geometry":{"type":"Polygon","coordinates":[[[-77.44656940791617,39.3354340576705],[-77.44947999591093,39.33932822907613],[-77.45530117190046,39.33932822907613],[-77.45821175989522,39.3354340576705],[-77.45530117190046,39.33153988626486],[-77.44947999591093,39.33153988626486],[-77.44656940791617,39.3354340576705]]]}},{"type":"Feature","properties":{"land_value":223969},"geometry":{"type":"Polygon","coordinates":[[[-77.44656940791617,39.34322240048176],[-77.44947999591093,39.34711657188739],[-77.45530117190046,39.34711657188739],[-77.45821175989522,39.34322240048176],[-77.45530117190046,39.33932822907612],[-77.44947999591093,39.33932822907612],[-77.44656940791617,39.34322240048176]]]}},{"type":"Feature","properties":{"land_value":214985},"geometry":{"type":"Polygon","coordinates":[[[-77.44656940791617,39.35101074329302],[-77.44947999591093,39.35490491469865],[-77.45530117190046,39.35490491469865],[-77.45821175989522,39.35101074329302],[-77.45530117190046,39.34711657188738],[-77.44947999591093,39.34711657188738],[-77.44656940791617,39.35101074329302]]]}},{"type":"Feature","properties":{"land_value":304449},"geometry":{"type":"Polygon","coordinates":[[[-77.44656940791617,39.35879908610428],[-77.44947999591093,39.36269325750991],[-77.45530117190046,39.36269325750991],[-77.45821175989522,39.35879908610428],[-77.45530117190046,39.35490491469864],[-77.44947999591093,39.35490491469864],[-77.44656940791617,39.35879908610428]]]}},{"type":"Feature","properties":{"land_value":335957},"geometry":{"type":"Polygon","coordinates":[[[-77.44656940791617,39.36658742891554],[-77.44947999591093,39.37048160032117],[-77.45530117190046,39.37048160032117],[-77.45821175989522,39.36658742891554],[-77.45530117190046,39.3626932575099],[-77.44947999591093,39.3626932575099],[-77.44656940791617,39.36658742891554]]]}},{"type":"Feature","properties":{"land_value":313126},"geometry":{"type":"Polygon","coordinates":[[[-77.44656940791617,39.3743757717268],[-77.44947999591093,39.37826994313243],[-77.45530117190046,39.37826994313243],[-77.45821175989522,39.3743757717268],[-77.45530117190046,39.37048160032116],[-77.44947999591093,39.37048160032116],[-77.44656940791617,39.3743757717268]]]}},{"type":"Feature","properties":{"land_value":329419},"geometry":{"type":"Polygon","coordinates":[[[-77.44656940791617,39.382164114538064],[-77.44947999591093,39.3860582859437],[-77.45530117190046,39.3860582859437],[-77.45821175989522,39.382164114538064],[-77.45530117190046,39.37826994313243],[-77.44947999591093,39.37826994313243],[-77.44656940791617,39.382164114538064]]]}},{"type":"Feature","properties":{"land_value":364954},"geometry":{"type":"Polygon","coordinates":[[[-77.44656940791617,39.389952457349324],[-77.44947999591093,39.39384662875496],[-77.45530117190046,39.39384662875496],[-77.45821175989522,39.389952457349324],[-77.45530117190046,39.38605828594369],[-77.44947999591093,39.38605828594369],[-77.44656940791617,39.389952457349324]]]}},{"type":"Feature","properties":{"land_value":390856},"geometry":{"type":"Polygon","coordinates":[[[-77.44656940791617,39.397740800160584],[-77.44947999591093,39.40163497156622],[-77.45530117190046,39.40163497156622],[-77.45821175989522,39.397740800160584],[-77.45530117190046,39.39384662875495],[-77.44947999591093,39.39384662875495],[-77.44656940791617,39.397740800160584]]]}},{"type":"Feature","properties":{"land_value":330052},"geometry":{"type":"Polygon","coordinates":[[[-77.44656940791617,39.405529142971844],[-77.44947999591093,39.40942331437748],[-77.45530117190046,39.40942331437748],[-77.45821175989522,39.405529142971844],[-77.45530117190046,39.40163497156621],[-77.44947999591093,39.40163497156621],[-77.44656940791617,39.405529142971844]]]}},{"type":"Feature","properties":{"land_value":348867},"geometry":{"type":"Polygon","coordinates":[[[-77.44656940791617,39.413317485783104],[-77.44947999591093,39.41721165718874],[-77.45530117190046,39.41721165718874],[-77.45821175989522,39.413317485783104],[-77.45530117190046,39.40942331437747],[-77.44947999591093,39.40942331437747],[-77.44656940791617,39.413317485783104]]]}},{"type":"Feature","properties":{"land_value":359414},"geometry":{"type":"Polygon","coordinates":[[[-77.44656940791617,39.421105828594364],[-77.44947999591093,39.425],[-77.45530117190046,39.425],[-77.45821175989522,39.421105828594364],[-77.45530117190046,39.41721165718873],[-77.44947999591093,39.41721165718873],[-77.44656940791617,39.421105828594364]]]}},{"type":"Feature","properties":{"land_value":403411},"geometry":{"type":"Polygon","coordinates":[[[-77.44656940791617,39.42889417140563],[-77.44947999591093,39.432788342811264],[-77.45530117190046,39.432788342811264],[-77.45821175989522,39.42889417140563],[-77.45530117190046,39.425],[-77.44947999591093,39.425],[-77.44656940791617,39.42889417140563]]]}},{"type":"Feature","properties":{"land_value":391736},"geometry":{"type":"Polygon","coordinates":[[[-77.44656940791617,39.43668251421689],[-77.44947999591093,39.440576685622524],[-77.45530117190046,39.440576685622524],[-77.45821175989522,39.43668251421689],[-77.45530117190046,39.43278834281126],[-77.44947999591093,39.43278834281126],[-77.44656940791617,39.43668251421689]]]}},{"type":"Feature","properties":{"land_value":295737},"geometry":{"type":"Polygon","coordinates":[[[-77.44656940791617,39.44447085702815],[-77.44947999591093,39.448365028433784],[-77.45530117190046,39.448365028433784],[-77.45821175989522,39.44447085702815],[-77.45530117190046,39.44057668562252],[-77.44947999591093,39.44057668562252],[-77.44656940791617,39.44447085702815]]]}},{"type":"Feature","properties":{"land_value":291993},"geometry":{"type":"Polygon","coordinates":[[[-77.44656940791617,39.45225919983941],[-77.44947999591093,39.456153371245044],[-77.45530117190046,39.456153371245044],[-77.45821175989522,39.45225919983941],[-77.45530117190046,39.44836502843378],[-77.44947999591093,39.44836502843378],[-77.44656940791617,39.45225919983941]]]}},{"type":"Feature","properties":{"land_value":271520},"geometry":{"type":"Polygon","coordinates":[[[-77.44656940791617,39.46004754265067],[-77.44947999591093,39.463941714056304],[-77.45530117190046,39.463941714056304],[-77.45821175989522,39.46004754265067],[-77.45530117190046,39.45615337124504],[-77.44947999591093,39.45615337124504],[-77.44656940791617,39.46004754265067]]]}},{"type":"Feature","properties":{"land_value":317040},"geometry":{"type":"Polygon","coordinates":[[[-77.44656940791617,39.46783588546193],[-77.44947999591093,39.471730056867564],[-77.45530117190046,39.471730056867564],[-77.45821175989522,39.46783588546193],[-77.45530117190046,39.4639417140563],[-77.44947999591093,39.4639417140563],[-77.44656940791617,39.46783588546193]]]}},{"type":"Feature","properties":{"land_value":230026},"geometry":{"type":"Polygon","coordinates":[[[-77.44656940791617,39.4756242282732],[-77.44947999591093,39.47951839967883],[-77.45530117190046,39.47951839967883],[-77.45821175989522,39.4756242282732],[-77.45530117190046,39.471730056867564],[-77.44947999591093,39.471730056867564],[-77.44656940791617,39.4756242282732]]]}},{"type":"Feature","properties":{"land_value":182639},"geometry":{"type":"Polygon","coordinates":[[[-77.44656940791617,39.48341257108446],[-77.44947999591093,39.48730674249009],[-77.45530117190046,39.48730674249009],[-77.45821175989522,39.48341257108446],[-77.45530117190046,39.479518399678824],[-77.44947999591093,39.479518399678824],[-77.44656940791617,39.48341257108446]]]}},{"type":"Feature","properties":{"land_value":162471},"geometry":{"type":"Polygon","coordinates":[[[-77.44656940791617,39.49120091389572],[-77.44947999591093,39.49509508530135],[-77.45530117190046,39.49509508530135],[-77.45821175989522,39.49120091389572],[-77.45530117190046,39.487306742490084],[-77.44947999591093,39.487306742490084],[-77.44656940791617,39.49120091389572]]]}},{"type":"Feature","properties":{"land_value":200547},"geometry":{"type":"Polygon","coordinates":[[[-77.44656940791617,39.49898925670698],[-77.44947999591093,39.50288342811261],[-77.45530117190046,39.50288342811261],[-77.45821175989522,39.49898925670698],[-77.45530117190046,39.495095085301344],[-77.44947999591093,39.495095085301344],[-77.44656940791617,39.49898925670698]]]}},{"type":"Feature","properties":{"land_value":107473},"geometry":{"type":"Polygon","coordinates":[[[-77.44656940791617,39.50677759951824],[-77.44947999591093,39.51067177092387],[-77.45530117190046,39.51067177092387],[-77.45821175989522,39.50677759951824],[-77.45530117190046,39.502883428112604],[-77.44947999591093,39.502883428112604],[-77.44656940791617,39.50677759951824]]]}},{"type":"Feature","properties":{"land_value":66318},"geometry":{"type":"Polygon","coordinates":[[[-77.44656940791617,39.5145659423295],[-77.44947999591093,39.51846011373513],[-77.45530117190046,39.51846011373513],[-77.45821175989522,39.5145659423295],[-77.45530117190046,39.510671770923864],[-77.44947999591093,39.510671770923864],[-77.44656940791617,39.5145659423295]]]}},{"type":"Feature","properties":{"land_value":67769},"geometry":{"type":"Polygon","coordinates":[[[-77.44656940791617,39.522354285140764],[-77.44947999591093,39.5262484565464],[-77.45530117190046,39.5262484565464],[-77.45821175989522,39.522354285140764],[-77.45530117190046,39.51846011373513],[-77.44947999591093,39.51846011373513],[-77.44656940791617,39.522354285140764]]]}},{"type":"Feature","properties":{"land_value":50000},"geometry":{"type":"Polygon","coordinates":[[[-77.44656940791617,39.530142627952024],[-77.44947999591093,39.53403679935766],[-77.45530117190046,39.53403679935766],[-77.45821175989522,39.530142627952024],[-77.45530117190046,39.52624845654639],[-77.44947999591093,39.52624845654639],[-77.44656940791617,39.530142627952024]]]}},{"type":"Feature","properties":{"land_value":57582},"geometry":{"type":"Polygon","coordinates":[[[-77.44656940791617,39.537930970763284],[-77.44947999591093,39.54182514216892],[-77.45530117190046,39.54182514216892],[-77.45821175989522,39.537930970763284],[-77.45530117190046,39.53403679935765],[-77.44947999591093,39.53403679935765],[-77.44656940791617,39.537930970763284]]]}},{"type":"Feature","properties":{"land_value":50000},"geometry":{"type":"Polygon","coordinates":[[[-77.44656940791617,39.545719313574544],[-77.44947999591093,39.54961348498018],[-77.45530117190046,39.54961348498018],[-77.45821175989522,39.545719313574544],[-77.45530117190046,39.54182514216891],[-77.44947999591093,39.54182514216891],[-77.44656940791617,39.545719313574544]]]}},{"type":"Feature","properties":{"land_value":50000},"geometry":{"type":"Polygon","coordinates":[[[-77.44656940791617,39.553507656385804],[-77.44947999591093,39.55740182779144],[-77.45530117190046,39.55740182779144],[-77.45821175989522,39.553507656385804],[-77.45530117190046,39.54961348498017],[-77.44947999591093,39.54961348498017],[-77.44656940791617,39.553507656385804]]]}},{"type":"Feature","properties":{"land_value":50000},"geometry":{"type":"Polygon","coordinates":[[[-77.44656940791617,39.561295999197064],[-77.44947999591093,39.5651901706027],[-77.45530117190046,39.5651901706027],[-77.45821175989522,39.561295999197064],[-77.45530117190046,39.55740182779143],[-77.44947999591093,39.55740182779143],[-77.44656940791617,39.561295999197064]]]}},{"type":"Feature","properties":{"land_value":50000},"geometry":{"type":"Polygon","coordinates":[[[-77.44656940791617,39.56908434200833],[-77.44947999591093,39.572978513413965],[-77.45530117190046,39.572978513413965],[-77.45821175989522,39.56908434200833],[-77.45530117190046,39.5651901706027],[-77.44947999591093,39.5651901706027],[-77.44656940791617,39.56908434200833]]]}},{"type":"Feature","properties":{"land_value":50000},"geometry":{"type":"Polygon","coordinates":[[[-77.44656940791617,39.57687268481959],[-77.44947999591093,39.580766856225225],[-77.45530117190046,39.580766856225225],[-77.45821175989522,39.57687268481959],[-77.45530117190046,39.57297851341396],[-77.44947999591093,39.57297851341396],[-77.44656940791617,39.57687268481959]]]}},{"type":"Feature","properties":{"land_value":50000},"geometry":{"type":"Polygon","coordinates":[[[-77.44656940791617,39.58466102763085],[-77.44947999591093,39.588555199036485],[-77.45530117190046,39.588555199036485],[-77.45821175989522,39.58466102763085],[-77.45530117190046,39.58076685622522],[-77.44947999591093,39.58076685622522],[-77.44656940791617,39.58466102763085]]]}},{"type":"Feature","properties":{"land_value":50000},"geometry":{"type":"Polygon","coordinates":[[[-77.44656940791617,39.59244937044211],[-77.44947999591093,39.596343541847745],[-77.45530117190046,39.596343541847745],[-77.45821175989522,39.59244937044211],[-77.45530117190046,39.58855519903648],[-77.44947999591093,39.58855519903648],[-77.44656940791617,39.59244937044211]]]}},{"type":"Feature","properties":{"land_value":50000},"geometry":{"type":"Polygon","coordinates":[[[-77.43783764393189,39.26144480096351],[-77.44074823192665,39.26533897236914],[-77.44656940791617,39.26533897236914],[-77.44947999591093,39.26144480096351],[-77.44656940791617,39.257550629557876],[-77.44074823192665,39.257550629557876],[-77.43783764393189,39.26144480096351]]]}},{"type":"Feature","properties":{"land_value":50000},"geometry":{"type":"Polygon","coordinates":[[[-77.43783764393189,39.26923314377477],[-77.44074823192665,39.2731273151804],[-77.44656940791617,39.2731273151804],[-77.44947999591093,39.26923314377477],[-77.44656940791617,39.265338972369136],[-77.44074823192665,39.265338972369136],[-77.43783764393189,39.26923314377477]]]}},{"type":"Feature","properties":{"land_value":50000},"geometry":{"type":"Polygon","coordinates":[[[-77.43783764393189,39.27702148658603],[-77.44074823192665,39.28091565799166],[-77.44656940791617,39.28091565799166],[-77.44947999591093,39.27702148658603],[-77.44656940791617,39.273127315180396],[-77.44074823192665,39.273127315180396],[-77.43783764393189,39.27702148658603]]]}},{"type":"Feature","properties":{"land_value":50000},"geometry":{"type":"Polygon","coordinates":[[[-77.43783764393189,39.2848098293973],[-77.44074823192665,39.28870400080293],[-77.44656940791617,39.28870400080293],[-77.44947999591093,39.2848098293973],[-77.44656940791617,39.28091565799166],[-77.44074823192665,39.28091565799166],[-77.43783764393189,39.2848098293973]]]}},{"type":"Feature","properties":{"land_value":50000},"geometry":{"type":"Polygon","coordinates":[[[-77.43783764393189,39.29259817220856],[-77.44074823192665,39.29649234361419],[-77.44656940791617,39.29649234361419],[-77.44947999591093,39.29259817220856],[-77.44656940791617,39.28870400080292],[-77.44074823192665,39.28870400080292],[-77.43783764393189,39.29259817220856]]]}},{"type":"Feature","properties":{"land_value":116917},"geometry":{"type":"Polygon","coordinates":[[[-77.43783764393189,39.30038651501982],[-77.44074823192665,39.30428068642545],[-77.44656940791617,39.30428068642545],[-77.44947999591093,39.30038651501982],[-77.44656940791617,39.29649234361418],[-77.44074823192665,39.29649234361418],[-77.43783764393189,39.30038651501982]]]}},{"type":"Feature","properties":{"land_value":59485},"geometry":{"type":"Polygon","coordinates":[[[-77.43783764393189,39.30817485783108],[-77.44074823192665,39.31206902923671],[-77.44656940791617,39.31206902923671],[-77.44947999591093,39.30817485783108],[-77.44656940791617,39.30428068642544],[-77.44074823192665,39.30428068642544],[-77.43783764393189,39.30817485783108]]]}},{"type":"Feature","properties":{"land_value":165491},"geometry":{"type":"Polygon","coordinates":[[[-77.43783764393189,39.31596320064234],[-77.44074823192665,39.31985737204797],[-77.44656940791617,39.31985737204797],[-77.44947999591093,39.31596320064234],[-77.44656940791617,39.3120690292367],[-77.44074823192665,39.3120690292367],[-77.43783764393189,39.31596320064234]]]}},{"type":"Feature","properties":{"land_value":146308},"geometry":{"type":"Polygon","coordinates":[[[-77.43783764393189,39.3237515434536],[-77.44074823192665,39.32764571485923],[-77.44656940791617,39.32764571485923],[-77.44947999591093,39.3237515434536],[-77.44656940791617,39.31985737204796],[-77.44074823192665,39.31985737204796],[-77.43783764393189,39.3237515434536]]]}},{"type":"Feature","properties":{"land_value":182050},"geometry":{"type":"Polygon","coordinates":[[[-77.43783764393189,39.33153988626486],[-77.44074823192665,39.3354340576705],[-77.44656940791617,39.3354340576705],[-77.44947999591093,39.33153988626486],[-77.44656940791617,39.32764571485923],[-77.44074823192665,39.32764571485923],[-77.43783764393189,39.33153988626486]]]}},{"type":"Feature","properties":{"land_value":179702},"geometry":{"type":"Polygon","coordinates":[[[-77.43783764393189,39.33932822907612],[-77.44074823192665,39.34322240048176],[-77.44656940791617,39.34322240048176],[-77.44947999591093,39.33932822907612],[-77.44656940791617,39.33543405767049],[-77.44074823192665,39.33543405767049],[-77.43783764393189,39.33932822907612]]]}},{"type":"Feature","properties":{"land_value":264350},"geometry":{"type":"Polygon","coordinates":[[[-77.43783764393189,39.34711657188738],[-77.44074823192665,39.35101074329302],[-77.44656940791617,39.35101074329302],[-77.44947999591093,39.34711657188738],[-77.44656940791617,39.34322240048175],[-77.44074823192665,39.34322240048175],[-77.43783764393189,39.34711657188738]]]}},{"type":"Feature","properties":{"land_value":271131},"geometry":{"type":"Polygon","coordinates":[[[-77.43783764393189,39.35490491469864],[-77.44074823192665,39.35879908610428],[-77.44656940791617,39.35879908610428],[-77.44947999591093,39.35490491469864],[-77.44656940791617,39.35101074329301],[-77.44074823192665,39.35101074329301],[-77.43783764393189,39.35490491469864]]]}},{"type":"Feature","properties":{"land_value":248825},"geometry":{"type":"Polygon","coordinates":[[[-77.43783764393189,39.3626932575099],[-77.44074823192665,39.36658742891554],[-77.44656940791617,39.36658742891554],[-77.44947999591093,39.3626932575099],[-77.44656940791617,39.35879908610427],[-77.44074823192665,39.35879908610427],[-77.43783764393189,39.3626932575099]]]}},{"type":"Feature","properties":{"land_value":317467},"geometry":{"type":"Polygon","coordinates":[[[-77.43783764393189,39.37048160032116],[-77.44074823192665,39.3743757717268],[-77.44656940791617,39.3743757717268],[-77.44947999591093,39.37048160032116],[-77.44656940791617,39.36658742891553],[-77.44074823192665,39.36658742891553],[-77.43783764393189,39.37048160032116]]]}},{"type":"Feature","properties":{"land_value":334276},"geometry":{"type":"Polygon","coordinates":[[[-77.43783764393189,39.37826994313243],[-77.44074823192665,39.382164114538064],[-77.44656940791617,39.382164114538064],[-77.44947999591093,39.37826994313243],[-77.44656940791617,39.3743757717268],[-77.44074823192665,39.3743757717268],[-77.43783764393189,39.37826994313243]]]}},{"type":"Feature","properties":{"land_value":353931},"geometry":{"type":"Polygon","coordinates":[[[-77.43783764393189,39.38605828594369],[-77.44074823192665,39.389952457349324],[-77.44656940791617,39.389952457349324],[-77.44947999591093,39.38605828594369],[-77.44656940791617,39.38216411453806],[-77.44074823192665,39.38216411453806],[-77.43783764393189,39.38605828594369]]]}},{"type":"Feature","properties":{"land_value":378919},"geometry":{"type":"Polygon","coordinates":[[[-77.43783764393189,39.39384662875495],[-77.44074823192665,39.397740800160584],[-77.44656940791617,39.397740800160584],[-77.44947999591093,39.39384662875495],[-77.44656940791617,39.38995245734932],[-77.44074823192665,39.38995245734932],[-77.43783764393189,39.39384662875495]]]}},{"type":"Feature","properties":{"land_value":418615},"geometry":{"type":"Polygon","coordinates":[[[-77.43783764393189,39.40163497156621],[-77.44074823192665,39.405529142971844],[-77.44656940791617,39.405529142971844],[-77.44947999591093,39.40163497156621],[-77.44656940791617,39.39774080016058],[-77.44074823192665,39.39774080016058],[-77.43783764393189,39.40163497156621]]]}},{"type":"Feature","properties":{"land_value":404314},"geometry":{"type":"Polygon","coordinates":[[[-77.43783764393189,39.40942331437747],[-77.44074823192665,39.413317485783104],[-77.44656940791617,39.413317485783104],[-77.44947999591093,39.40942331437747],[-77.44656940791617,39.40552914297184],[-77.44074823192665,39.40552914297184],[-77.43783764393189,39.40942331437747]]]}},{"type":"Feature","properties":{"land_value":377420},"geometry":{"type":"Polygon","coordinates":[[[-77.43783764393189,39.41721165718873],[-77.44074823192665,39.421105828594364],[-77.44656940791617,39.421105828594364],[-77.44947999591093,39.41721165718873],[-77.44656940791617,39.4133174857831],[-77.44074823192665,39.4133174857831],[-77.43783764393189,39.41721165718873]]]}},{"type":"Feature","properties":{"land_value":394032},"geometry":{"type":"Polygon","coordinates":[[[-77.43783764393189,39.425],[-77.44074823192665,39.42889417140563],[-77.44656940791617,39.42889417140563],[-77.44947999591093,39.425],[-77.44656940791617,39.421105828594364],[-77.44074823192665,39.421105828594364],[-77.43783764393189,39.425]]]}},{"type":"Feature","properties":{"land_value":360581},"geometry":{"type":"Polygon","coordinates":[[[-77.43783764393189,39.43278834281126],[-77.44074823192665,39.43668251421689],[-77.44656940791617,39.43668251421689],[-77.44947999591093,39.43278834281126],[-77.44656940791617,39.428894171405624],[-77.44074823192665,39.428894171405624],[-77.43783764393189,39.43278834281126]]]}},{"type":"Feature","properties":{"land_value":379542},"geometry":{"type":"Polygon","coordinates":[[[-77.43783764393189,39.44057668562252],[-77.44074823192665,39.44447085702815],[-77.44656940791617,39.44447085702815],[-77.44947999591093,39.44057668562252],[-77.44656940791617,39.43668251421688],[-77.44074823192665,39.43668251421688],[-77.43783764393189,39.44057668562252]]]}},{"type":"Feature","properties":{"land_value":318483},"geometry":{"type":"Polygon","coordinates":[[[-77.43783764393189,39.44836502843378],[-77.44074823192665,39.45225919983941],[-77.44656940791617,39.45225919983941],[-77.44947999591093,39.44836502843378],[-77.44656940791617,39.44447085702814],[-77.44074823192665,39.44447085702814],[-77.43783764393189,39.44836502843378]]]}},{"type":"Feature","properties":{"land_value":335276},"geometry":{"type":"Polygon","coordinates":[[[-77.43783764393189,39.45615337124504],[-77.44074823192665,39.46004754265067],[-77.44656940791617,39.46004754265067],[-77.44947999591093,39.45615337124504],[-77.44656940791617,39.4522591998394],[-77.44074823192665,39.4522591998394],[-77.43783764393189,39.45615337124504]]]}},{"type":"Feature","properties":{"land_value":304604},"geometry":{"type":"Polygon","coordinates":[[[-77.43783764393189,39.4639417140563],[-77.44074823192665,39.46783588546193],[-77.44656940791617,39.46783588546193],[-77.44947999591093,39.4639417140563],[-77.44656940791617,39.46004754265066],[-77.44074823192665,39.46004754265066],[-77.43783764393189,39.4639417140563]]]}},{"type":"Feature","properties":{"land_value":242528},"geometry":{"type":"Polygon","coordinates":[[[-77.43783764393189,39.471730056867564],[-77.44074823192665,39.4756242282732],[-77.44656940791617,39.4756242282732],[-77.44947999591093,39.471730056867564],[-77.44656940791617,39.46783588546193],[-77.44074823192665,39.46783588546193],[-77.43783764393189,39.471730056867564]]]}},{"type":"Feature","properties":{"land_value":191456},"geometry":{"type":"Polygon","coordinates":[[[-77.43783764393189,39.479518399678824],[-77.44074823192665,39.48341257108446],[-77.44656940791617,39.48341257108446],[-77.44947999591093,39.479518399678824],[-77.44656940791617,39.47562422827319],[-77.44074823192665,39.47562422827319],[-77.43783764393189,39.479518399678824]]]}},{"type":"Feature","properties":{"land_value":226977},"geometry":{"type":"Polygon","coordinates":[[[-77.43783764393189,39.487306742490084],[-77.44074823192665,39.49120091389572],[-77.44656940791617,39.49120091389572],[-77.44947999591093,39.487306742490084],[-77.44656940791617,39.48341257108445],[-77.44074823192665,39.48341257108445],[-77.43783764393189,39.487306742490084]]]}},{"type":"Feature","properties":{"land_value":160683},"geometry":{"type":"Polygon","coordinates":[[[-77.43783764393189,39.495095085301344],[-77.44074823192665,39.49898925670698],[-77.44656940791617,39.49898925670698],[-77.44947999591093,39.495095085301344],[-77.44656940791617,39.49120091389571],[-77.44074823192665,39.49120091389571],[-77.43783764393189,39.495095085301344]]]}},{"type":"Feature","properties":{"land_value":126384},"geometry":{"type":"Polygon","coordinates":[[[-77.43783764393189,39.502883428112604],[-77.44074823192665,39.50677759951824],[-77.44656940791617,39.50677759951824],[-77.44947999591093,39.502883428112604],[-77.44656940791617,39.49898925670697],[-77.44074823192665,39.49898925670697],[-77.43783764393189,39.502883428112604]]]}},{"type":"Feature","properties":{"land_value":163612},"geometry":{"type":"Polygon","coordinates":[[[-77.43783764393189,39.510671770923864],[-77.44074823192665,39.5145659423295],[-77.44656940791617,39.5145659423295],[-77.44947999591093,39.510671770923864],[-77.44656940791617,39.50677759951823],[-77.44074823192665,39.50677759951823],[-77.43783764393189,39.510671770923864]]]}},{"type":"Feature","properties":{"land_value":85686},"geometry":{"type":"Polygon","coordinates":[[[-77.43783764393189,39.51846011373513],[-77.44074823192665,39.522354285140764],[-77.44656940791617,39.522354285140764],[-77.44947999591093,39.51846011373513],[-77.44656940791617,39.5145659423295],[-77.44074823192665,39.5145659423295],[-77.43783764393189,39.51846011373513]]]}},{"type":"Feature","properties":{"land_value":51350},"geometry":{"type":"Polygon","coordinates":[[[-77.43783764393189,39.52624845654639],[-77.44074823192665,39.530142627952024],[-77.44656940791617,39.530142627952024],[-77.44947999591093,39.52624845654639],[-77.44656940791617,39.52235428514076],[-77.44074823192665,39.52235428514076],[-77.43783764393189,39.52624845654639]]]}},{"type":"Feature","properties":{"land_value":57428},"geometry":{"type":"Polygon","coordinates":[[[-77.43783764393189,39.53403679935765],[-77.44074823192665,39.537930970763284],[-77.44656940791617,39.537930970763284],[-77.44947999591093,39.53403679935765],[-77.44656940791617,39.53014262795202],[-77.44074823192665,39.53014262795202],[-77.43783764393189,39.53403679935765]]]}},{"type":"Feature","properties":{"land_value":50000},"geometry":{"type":"Polygon","coordinates":[[[-77.43783764393189,39.54182514216891],[-77.44074823192665,39.545719313574544],[-77.44656940791617,39.545719313574544],[-77.44947999591093,39.54182514216891],[-77.44656940791617,39.53793097076328],[-77.44074823192665,39.53793097076328],[-77.43783764393189,39.54182514216891]]]}},{"type":"Feature","properties":{"land_value":50000},"geometry":{"type":"Polygon","coordinates":[[[-77.43783764393189,39.54961348498017],[-77.44074823192665,39.553507656385804],[-77.44656940791617,39.553507656385804],[-77.44947999591093,39.54961348498017],[-77.44656940791617,39.54571931357454],[-77.44074823192665,39.54571931357454],[-77.43783764393189,39.54961348498017]]]}},{"type":"Feature","properties":{"land_value":50000},"geometry":{"type":"Polygon","coordinates":[[[-77.43783764393189,39.55740182779143],[-77.44074823192665,39.561295999197064],[-77.44656940791617,39.561295999197064],[-77.44947999591093,39.55740182779143],[-77.44656940791617,39.5535076563858],[-77.44074823192665,39.5535076563858],[-77.43783764393189,39.55740182779143]]]}},{"type":"Feature","properties":{"land_value":50000},"geometry":{"type":"Polygon","coordinates":[[[-77.43783764393189,39.5651901706027],[-77.44074823192665,39.56908434200833],[-77.44656940791617,39.56908434200833],[-77.44947999591093,39.5651901706027],[-77.44656940791617,39.561295999197064],[-77.44074823192665,39.561295999197064],[-77.43783764393189,39.5651901706027]]]}},{"type":"Feature","properties":{"land_value":50000},"geometry":{"type":"Polygon","coordinates":[[[-77.43783764393189,39.57297851341396],[-77.44074823192665,39.57687268481959],[-77.44656940791617,39.57687268481959],[-77.44947999591093,39.57297851341396],[-77.44656940791617,39.569084342008324],[-77.44074823192665,39.569084342008324],[-77.43783764393189,39.57297851341396]]]}},{"type":"Feature","properties":{"land_value":50000},"geometry":{"type":"Polygon","coordinates":[[[-77.43783764393189,39.58076685622522],[-77.44074823192665,39.58466102763085],[-77.44656940791617,39.58466102763085],[-77.44947999591093,39.58076685622522],[-77.44656940791617,39.576872684819584],[-77.44074823192665,39.576872684819584],[-77.43783764393189,39.58076685622522]]]}},{"type":"Feature","properties":{"land_value":50000},"geometry":{"type":"Polygon","coordinates":[[[-77.43783764393189,39.58855519903648],[-77.44074823192665,39.59244937044211],[-77.44656940791617,39.59244937044211],[-77.44947999591093,39.58855519903648],[-77.44656940791617,39.584661027630844],[-77.44074823192665,39.584661027630844],[-77.43783764393189,39.58855519903648]]]}},{"type":"Feature","properties":{"land_value":50000},"geometry":{"type":"Polygon","coordinates":[[[-77.4291058799476,39.25755062955788],[-77.43201646794236,39.26144480096352],[-77.43783764393189,39.26144480096352],[-77.44074823192665,39.25755062955788],[-77.43783764393189,39.25365645815225],[-77.43201646794236,39.25365645815225],[-77.4291058799476,39.25755062955788]]]}},{"type":"Feature","properties":{"land_value":50000},"geometry":{"type":"Polygon","coordinates":[[[-77.4291058799476,39.26533897236914],[-77.43201646794236,39.26923314377478],[-77.43783764393189,39.26923314377478],[-77.44074823192665,39.26533897236914],[-77.43783764393189,39.26144480096351],[-77.43201646794236,39.26144480096351],[-77.4291058799476,39.26533897236914]]]}},{"type":"Feature","properties":{"land_value":50000},"geometry":{"type":"Polygon","coordinates":[[[-77.4291058799476,39.2731273151804],[-77.43201646794236,39.27702148658604],[-77.43783764393189,39.27702148658604],[-77.44074823192665,39.2731273151804],[-77.43783764393189,39.26923314377477],[-77.43201646794236,39.26923314377477],[-77.4291058799476,39.2731273151804]]]}},{"type":"Feature","properties":{"land_value":50000},"geometry":{"type":"Polygon","coordinates":[[[-77.4291058799476,39.28091565799166],[-77.43201646794236,39.2848098293973],[-77.43783764393189,39.2848098293973],[-77.44074823192665,39.28091565799166],[-77.43783764393189,39.27702148658603],[-77.43201646794236,39.27702148658603],[-77.4291058799476,39.28091565799166]]]}},{"type":"Feature","properties":{"land_value":54434},"geometry":{"type":"Polygon","coordinates":[[[-77.4291058799476,39.28870400080293],[-77.43201646794236,39.292598172208564],[-77.43783764393189,39.292598172208564],[-77.44074823192665,39.28870400080293],[-77.43783764393189,39.2848098293973],[-77.43201646794236,39.2848098293973],[-77.4291058799476,39.28870400080293]]]}},{"type":"Feature","properties":{"land_value":93879},"geometry":{"type":"Polygon","coordinates":[[[-77.4291058799476,39.29649234361419],[-77.43201646794236,39.300386515019824],[-77.43783764393189,39.300386515019824],[-77.44074823192665,39.29649234361419],[-77.43783764393189,39.29259817220856],[-77.43201646794236,39.29259817220856],[-77.4291058799476,39.29649234361419]]]}},{"type":"Feature","properties":{"land_value":65660},"geometry":{"type":"Polygon","coordinates":[[[-77.4291058799476,39.30428068642545],[-77.43201646794236,39.308174857831084],[-77.43783764393189,39.308174857831084],[-77.44074823192665,39.30428068642545],[-77.43783764393189,39.30038651501982],[-77.43201646794236,39.30038651501982],[-77.4291058799476,39.30428068642545]]]}},{"type":"Feature","properties":{"land_value":100759},"geometry":{"type":"Polygon","coordinates":[[[-77.4291058799476,39.31206902923671],[-77.43201646794236,39.315963200642344],[-77.43783764393189,39.315963200642344],[-77.44074823192665,39.31206902923671],[-77.43783764393189,39.30817485783108],[-77.43201646794236,39.30817485783108],[-77.4291058799476,39.31206902923671]]]}},{"type":"Feature","properties":{"land_value":180059},"geometry":{"type":"Polygon","coordinates":[[[-77.4291058799476,39.31985737204797],[-77.43201646794236,39.323751543453604],[-77.43783764393189,39.323751543453604],[-77.44074823192665,39.31985737204797],[-77.43783764393189,39.31596320064234],[-77.43201646794236,39.31596320064234],[-77.4291058799476,39.31985737204797]]]}},{"type":"Feature","properties":{"land_value":209447},"geometry":{"type":"Polygon","coordinates":[[[-77.4291058799476,39.32764571485923],[-77.43201646794236,39.33153988626486],[-77.43783764393189,39.33153988626486],[-77.44074823192665,39.32764571485923],[-77.43783764393189,39.3237515434536],[-77.43201646794236,39.3237515434536],[-77.4291058799476,39.32764571485923]]]}},{"type":"Feature","properties":{"land_value":195477},"geometry":{"type":"Polygon","coordinates":[[[-77.4291058799476,39.3354340576705],[-77.43201646794236,39.33932822907613],[-77.43783764393189,39.33932822907613],[-77.44074823192665,39.3354340576705],[-77.43783764393189,39.33153988626486],[-77.43201646794236,39.33153988626486],[-77.4291058799476,39.3354340576705]]]}},{"type":"Feature","properties":{"land_value":208571},"geometry":{"type":"Polygon","coordinates":[[[-77.4291058799476,39.34322240048176],[-77.43201646794236,39.34711657188739],[-77.43783764393189,39.34711657188739],[-77.44074823192665,39.34322240048176],[-77.43783764393189,39.33932822907612],[-77.43201646794236,39.33932822907612],[-77.4291058799476,39.34322240048176]]]}},{"type":"Feature","properties":{"land_value":244123},"geometry":{"type":"Polygon","coordinates":[[[-77.4291058799476,39.35101074329302],[-77.43201646794236,39.35490491469865],[-77.43783764393189,39.35490491469865],[-77.44074823192665,39.35101074329302],[-77.43783764393189,39.34711657188738],[-77.43201646794236,39.34711657188738],[-77.4291058799476,39.35101074329302]]]}},{"type":"Feature","properties":{"land_value":240506},"geometry":{"type":"Polygon","coordinates":[[[-77.4291058799476,39.35879908610428],[-77.43201646794236,39.36269325750991],[-77.43783764393189,39.36269325750991],[-77.44074823192665,39.35879908610428],[-77.43783764393189,39.35490491469864],[-77.43201646794236,39.35490491469864],[-77.4291058799476,39.35879908610428]]]}},{"type":"Feature","properties":{"land_value":310588},"geometry":{"type":"Polygon","coordinates":[[[-77.4291058799476,39.36658742891554],[-77.43201646794236,39.37048160032117],[-77.43783764393189,39.37048160032117],[-77.44074823192665,39.36658742891554],[-77.43783764393189,39.3626932575099],[-77.43201646794236,39.3626932575099],[-77.4291058799476,39.36658742891554]]]}},{"type":"Feature","properties":{"land_value":330721},"geometry":{"type":"Polygon","coordinates":[[[-77.4291058799476,39.3743757717268],[-77.43201646794236,39.37826994313243],[-77.43783764393189,39.37826994313243],[-77.44074823192665,39.3743757717268],[-77.43783764393189,39.37048160032116],[-77.43201646794236,39.37048160032116],[-77.4291058799476,39.3743757717268]]]}},{"type":"Feature","properties":{"land_value":360530},"geometry":{"type":"Polygon","coordinates":[[[-77.4291058799476,39.382164114538064],[-77.43201646794236,39.3860582859437],[-77.43783764393189,39.3860582859437],[-77.44074823192665,39.382164114538064],[-77.43783764393189,39.37826994313243],[-77.43201646794236,39.37826994313243],[-77.4291058799476,39.382164114538064]]]}},{"type":"Feature","properties":{"land_value":399736},"geometry":{"type":"Polygon","coordinates":[[[-77.4291058799476,39.389952457349324],[-77.43201646794236,39.39384662875496],[-77.43783764393189,39.39384662875496],[-77.44074823192665,39.389952457349324],[-77.43783764393189,39.38605828594369],[-77.43201646794236,39.38605828594369],[-77.4291058799476,39.389952457349324]]]}},{"type":"Feature","properties":{"land_value":368300},"geometry":{"type":"Polygon","coordinates":[[[-77.4291058799476,39.397740800160584],[-77.43201646794236,39.40163497156622],[-77.43783764393189,39.40163497156622],[-77.44074823192665,39.397740800160584],[-77.43783764393189,39.39384662875495],[-77.43201646794236,39.39384662875495],[-77.4291058799476,39.397740800160584]]]}},{"type":"Feature","properties":{"land_value":383800},"geometry":{"type":"Polygon","coordinates":[[[-77.4291058799476,39.405529142971844],[-77.43201646794236,39.40942331437748],[-77.43783764393189,39.40942331437748],[-77.44074823192665,39.405529142971844],[-77.43783764393189,39.40163497156621],[-77.43201646794236,39.40163497156621],[-77.4291058799476,39.405529142971844]]]}},{"type":"Feature","properties":{"land_value":435654},"geometry":{"type":"Polygon","coordinates":[[[-77.4291058799476,39.413317485783104],[-77.43201646794236,39.41721165718874],[-77.43783764393189,39.41721165718874],[-77.44074823192665,39.413317485783104],[-77.43783764393189,39.40942331437747],[-77.43201646794236,39.40942331437747],[-77.4291058799476,39.413317485783104]]]}},{"type":"Feature","properties":{"land_value":458982},"geometry":{"type":"Polygon","coordinates":[[[-77.4291058799476,39.421105828594364],[-77.43201646794236,39.425],[-77.43783764393189,39.425],[-77.44074823192665,39.421105828594364],[-77.43783764393189,39.41721165718873],[-77.43201646794236,39.41721165718873],[-77.4291058799476,39.421105828594364]]]}},{"type":"Feature","properties":{"land_value":461228},"geometry":{"type":"Polygon","coordinates":[[[-77.4291058799476,39.42889417140563],[-77.43201646794236,39.432788342811264],[-77.43783764393189,39.432788342811264],[-77.44074823192665,39.42889417140563],[-77.43783764393189,39.425],[-77.43201646794236,39.425],[-77.4291058799476,39.42889417140563]]]}},{"type":"Feature","properties":{"land_value":346609},"geometry":{"type":"Polygon","coordinates":[[[-77.4291058799476,39.43668251421689],[-77.43201646794236,39.440576685622524],[-77.43783764393189,39.440576685622524],[-77.44074823192665,39.43668251421689],[-77.43783764393189,39.43278834281126],[-77.43201646794236,39.43278834281126],[-77.4291058799476,39.43668251421689]]]}},{"type":"Feature","properties":{"land_value":350202},"geometry":{"type":"Polygon","coordinates":[[[-77.4291058799476,39.44447085702815],[-77.43201646794236,39.448365028433784],[-77.43783764393189,39.448365028433784],[-77.44074823192665,39.44447085702815],[-77.43783764393189,39.44057668562252],[-77.43201646794236,39.44057668562252],[-77.4291058799476,39.44447085702815]]]}},{"type":"Feature","properties":{"land_value":382172},"geometry":{"type":"Polygon","coordinates":[[[-77.4291058799476,39.45225919983941],[-77.43201646794236,39.456153371245044],[-77.43783764393189,39.456153371245044],[-77.44074823192665,39.45225919983941],[-77.43783764393189,39.44836502843378],[-77.43201646794236,39.44836502843378],[-77.4291058799476,39.45225919983941]]]}},{"type":"Feature","properties":{"land_value":304653},"geometry":{"type":"Polygon","coordinates":[[[-77.4291058799476,39.46004754265067],[-77.43201646794236,39.463941714056304],[-77.43783764393189,39.463941714056304],[-77.44074823192665,39.46004754265067],[-77.43783764393189,39.45615337124504],[-77.43201646794236,39.45615337124504],[-77.4291058799476,39.46004754265067]]]}},{"type":"Feature","properties":{"land_value":319398},"geometry":{"type":"Polygon","coordinates":[[[-77.4291058799476,39.46783588546193],[-77.43201646794236,39.471730056867564],[-77.43783764393189,39.471730056867564],[-77.44074823192665,39.46783588546193],[-77.43783764393189,39.4639417140563],[-77.43201646794236,39.4639417140563],[-77.4291058799476,39.46783588546193]]]}},{"type":"Feature","properties":{"land_value":213342},"geometry":{"type":"Polygon","coordinates":[[[-77.4291058799476,39.4756242282732],[-77.43201646794236,39.47951839967883],[-77.43783764393189,39.47951839967883],[-77.44074823192665,39.4756242282732],[-77.43783764393189,39.471730056867564],[-77.43201646794236,39.471730056867564],[-77.4291058799476,39.4756242282732]]]}},{"type":"Feature","properties":{"land_value":216482},"geometry":{"type":"Polygon","coordinates":[[[-77.4291058799476,39.48341257108446],[-77.43201646794236,39.48730674249009],[-77.43783764393189,39.48730674249009],[-77.44074823192665,39.48341257108446],[-77.43783764393189,39.479518399678824],[-77.43201646794236,39.479518399678824],[-77.4291058799476,39.48341257108446]]]}},{"type":"Feature","properties":{"land_value":223387},"geometry":{"type":"Polygon","coordinates":[[[-77.4291058799476,39.49120091389572],[-77.43201646794236,39.49509508530135],[-77.43783764393189,39.49509508530135],[-77.44074823192665,39.49120091389572],[-77.43783764393189,39.487306742490084],[-77.43201646794236,39.487306742490084],[-77.4291058799476,39.49120091389572]]]}},{"type":"Feature","properties":{"land_value":157470},"geometry":{"type":"Polygon","coordinates":[[[-77.4291058799476,39.49898925670698],[-77.43201646794236,39.50288342811261],[-77.43783764393189,39.50288342811261],[-77.44074823192665,39.49898925670698],[-77.43783764393189,39.495095085301344],[-77.43201646794236,39.495095085301344],[-77.4291058799476,39.49898925670698]]]}},{"type":"Feature","properties":{"land_value":187898},"geometry":{"type":"Polygon","coordinates":[[[-77.4291058799476,39.50677759951824],[-77.43201646794236,39.51067177092387],[-77.43783764393189,39.51067177092387],[-77.44074823192665,39.50677759951824],[-77.43783764393189,39.502883428112604],[-77.43201646794236,39.502883428112604],[-77.4291058799476,39.50677759951824]]]}},{"type":"Feature","properties":{"land_value":135544},"geometry":{"type":"Polygon","coordinates":[[[-77.4291058799476,39.5145659423295],[-77.43201646794236,39.51846011373513],[-77.43783764393189,39.51846011373513],[-77.44074823192665,39.5145659423295],[-77.43783764393189,39.510671770923864],[-77.43201646794236,39.510671770923864],[-77.4291058799476,39.5145659423295]]]}},{"type":"Feature","properties":{"land_value":139059},"geometry":{"type":"Polygon","coordinates":[[[-77.4291058799476,39.522354285140764],[-77.43201646794236,39.5262484565464],[-77.43783764393189,39.5262484565464],[-77.44074823192665,39.522354285140764],[-77.43783764393189,39.51846011373513],[-77.43201646794236,39.51846011373513],[-77.4291058799476,39.522354285140764]]]}},{"type":"Feature","properties":{"land_value":54470},"geometry":{"type":"Polygon","coordinates":[[[-77.4291058799476,39.530142627952024],[-77.43201646794236,39.53403679935766],[-77.43783764393189,39.53403679935766],[-77.44074823192665,39.530142627952024],[-77.43783764393189,39.52624845654639],[-77.43201646794236,39.52624845654639],[-77.4291058799476,39.530142627952024]]]}},{"type":"Feature","properties":{"land_value":50000},"geometry":{"type":"Polygon","coordinates":[[[-77.4291058799476,39.537930970763284],[-77.43201646794236,39.54182514216892],[-77.43783764393189,39.54182514216892],[-77.44074823192665,39.537930970763284],[-77.43783764393189,39.53403679935765],[-77.43201646794236,39.53403679935765],[-77.4291058799476,39.537930970763284]]]}},{"type":"Feature","properties":{"land_value":50000},"geometry":{"type":"Polygon","coordinates":[[[-77.4291058799476,39.545719313574544],[-77.43201646794236,39.54961348498018],[-77.43783764393189,39.54961348498018],[-77.44074823192665,39.545719313574544],[-77.43783764393189,39.54182514216891],[-77.43201646794236,39.54182514216891],[-77.4291058799476,39.545719313574544]]]}},{"type":"Feature","properties":{"land_value":50000},"geometry":{"type":"Polygon","coordinates":[[[-77.4291058799476,39.553507656385804],[-77.43201646794236,39.55740182779144],[-77.43783764393189,39.55740182779144],[-77.44074823192665,39.553507656385804],[-77.43783764393189,39.54961348498017],[-77.43201646794236,39.54961348498017],[-77.4291058799476,39.553507656385804]]]}},{"type":"Feature","properties":{"land_value":50000},"geometry":{"type":"Polygon","coordinates":[[[-77.4291058799476,39.561295999197064],[-77.43201646794236,39.5651901706027],[-77.43783764393189,39.5651901706027],[-77.44074823192665,39.561295999197064],[-77.43783764393189,39.55740182779143],[-77.43201646794236,39.55740182779143],[-77.4291058799476,39.561295999197064]]]}},{"type":"Feature","properties":{"land_value":50000},"geometry":{"type":"Polygon","coordinates":[[[-77.4291058799476,39.56908434200833],[-77.43201646794236,39.572978513413965],[-77.43783764393189,39.572978513413965],[-77.44074823192665,39.56908434200833],[-77.43783764393189,39.5651901706027],[-77.43201646794236,39.5651901706027],[-77.4291058799476,39.56908434200833]]]}},{"type":"Feature","properties":{"land_value":50000},"geometry":{"type":"Polygon","coordinates":[[[-77.4291058799476,39.57687268481959],[-77.43201646794236,39.580766856225225],[-77.43783764393189,39.580766856225225],[-77.44074823192665,39.57687268481959],[-77.43783764393189,39.57297851341396],[-77.43201646794236,39.57297851341396],[-77.4291058799476,39.57687268481959]]]}},{"type":"Feature","properties":{"land_value":50000},"geometry":{"type":"Polygon","coordinates":[[[-77.4291058799476,39.58466102763085],[-77.43201646794236,39.588555199036485],[-77.43783764393189,39.588555199036485],[-77.44074823192665,39.58466102763085],[-77.43783764393189,39.58076685622522],[-77.43201646794236,39.58076685622522],[-77.4291058799476,39.58466102763085]]]}},{"type":"Feature","properties":{"land_value":50000},"geometry":{"type":"Polygon","coordinates":[[[-77.4291058799476,39.59244937044211],[-77.43201646794236,39.596343541847745],[-77.43783764393189,39.596343541847745],[-77.44074823192665,39.59244937044211],[-77.43783764393189,39.58855519903648],[-77.43201646794236,39.58855519903648],[-77.4291058799476,39.59244937044211]]]}},{"type":"Feature","properties":{"land_value":50000},"geometry":{"type":"Polygon","coordinates":[[[-77.42037411596333,39.26144480096351],[-77.42328470395809,39.26533897236914],[-77.42910587994761,39.26533897236914],[-77.43201646794238,39.26144480096351],[-77.42910587994761,39.257550629557876],[-77.42328470395809,39.257550629557876],[-77.42037411596333,39.26144480096351]]]}},{"type":"Feature","properties":{"land_value":50000},"geometry":{"type":"Polygon","coordinates":[[[-77.42037411596333,39.26923314377477],[-77.42328470395809,39.2731273151804],[-77.42910587994761,39.2731273151804],[-77.43201646794238,39.26923314377477],[-77.42910587994761,39.265338972369136],[-77.42328470395809,39.265338972369136],[-77.42037411596333,39.26923314377477]]]}},{"type":"Feature","properties":{"land_value":50000},"geometry":{"type":"Polygon","coordinates":[[[-77.42037411596333,39.27702148658603],[-77.42328470395809,39.28091565799166],[-77.42910587994761,39.28091565799166],[-77.43201646794238,39.27702148658603],[-77.42910587994761,39.273127315180396],[-77.42328470395809,39.273127315180396],[-77.42037411596333,39.27702148658603]]]}},{"type":"Feature","properties":{"land_value":50000},"geometry":{"type":"Polygon","coordinates":[[[-77.42037411596333,39.2848098293973],[-77.42328470395809,39.28870400080293],[-77.42910587994761,39.28870400080293],[-77.43201646794238,39.2848098293973],[-77.42910587994761,39.28091565799166],[-77.42328470395809,39.28091565799166],[-77.42037411596333,39.2848098293973]]]}},{"type":"Feature","properties":{"land_value":50000},"geometry":{"type":"Polygon","coordinates":[[[-77.42037411596333,39.29259817220856],[-77.42328470395809,39.29649234361419],[-77.42910587994761,39.29649234361419],[-77.43201646794238,39.29259817220856],[-77.42910587994761,39.28870400080292],[-77.42328470395809,39.28870400080292],[-77.42037411596333,39.29259817220856]]]}},{"type":"Feature","properties":{"land_value":69780},"geometry":{"type":"Polygon","coordinates":[[[-77.42037411596333,39.30038651501982],[-77.42328470395809,39.30428068642545],[-77.42910587994761,39.30428068642545],[-77.43201646794238,39.30038651501982],[-77.42910587994761,39.29649234361418],[-77.42328470395809,39.29649234361418],[-77.42037411596333,39.30038651501982]]]}},{"type":"Feature","properties":{"land_value":126314},"geometry":{"type":"Polygon","coordinates":[[[-77.42037411596333,39.30817485783108],[-77.42328470395809,39.31206902923671],[-77.42910587994761,39.31206902923671],[-77.43201646794238,39.30817485783108],[-77.42910587994761,39.30428068642544],[-77.42328470395809,39.30428068642544],[-77.42037411596333,39.30817485783108]]]}},{"type":"Feature","properties":{"land_value":159129},"geometry":{"type":"Polygon","coordinates":[[[-77.42037411596333,39.31596320064234],[-77.42328470395809,39.31985737204797],[-77.42910587994761,39.31985737204797],[-77.43201646794238,39.31596320064234],[-77.42910587994761,39.3120690292367],[-77.42328470395809,39.3120690292367],[-77.42037411596333,39.31596320064234]]]}},{"type":"Feature","properties":{"land_value":206645},"geometry":{"type":"Polygon","coordinates":[[[-77.42037411596333,39.3237515434536],[-77.42328470395809,39.32764571485923],[-77.42910587994761,39.32764571485923],[-77.43201646794238,39.3237515434536],[-77.42910587994761,39.31985737204796],[-77.42328470395809,39.31985737204796],[-77.42037411596333,39.3237515434536]]]}},{"type":"Feature","properties":{"land_value":146030},"geometry":{"type":"Polygon","coordinates":[[[-77.42037411596333,39.33153988626486],[-77.42328470395809,39.3354340576705],[-77.42910587994761,39.3354340576705],[-77.43201646794238,39.33153988626486],[-77.42910587994761,39.32764571485923],[-77.42328470395809,39.32764571485923],[-77.42037411596333,39.33153988626486]]]}},{"type":"Feature","properties":{"land_value":251596},"geometry":{"type":"Polygon","coordinates":[[[-77.42037411596333,39.33932822907612],[-77.42328470395809,39.34322240048176],[-77.42910587994761,39.34322240048176],[-77.43201646794238,39.33932822907612],[-77.42910587994761,39.33543405767049],[-77.42328470395809,39.33543405767049],[-77.42037411596333,39.33932822907612]]]}},{"type":"Feature","properties":{"land_value":269096},"geometry":{"type":"Polygon","coordinates":[[[-77.42037411596333,39.34711657188738],[-77.42328470395809,39.35101074329302],[-77.42910587994761,39.35101074329302],[-77.43201646794238,39.34711657188738],[-77.42910587994761,39.34322240048175],[-77.42328470395809,39.34322240048175],[-77.42037411596333,39.34711657188738]]]}},{"type":"Feature","properties":{"land_value":261657},"geometry":{"type":"Polygon","coordinates":[[[-77.42037411596333,39.35490491469864],[-77.42328470395809,39.35879908610428],[-77.42910587994761,39.35879908610428],[-77.43201646794238,39.35490491469864],[-77.42910587994761,39.35101074329301],[-77.42328470395809,39.35101074329301],[-77.42037411596333,39.35490491469864]]]}},{"type":"Feature","properties":{"land_value":330858},"geometry":{"type":"Polygon","coordinates":[[[-77.42037411596333,39.3626932575099],[-77.42328470395809,39.36658742891554],[-77.42910587994761,39.36658742891554],[-77.43201646794238,39.3626932575099],[-77.42910587994761,39.35879908610427],[-77.42328470395809,39.35879908610427],[-77.42037411596333,39.3626932575099]]]}},{"type":"Feature","properties":{"land_value":345576},"geometry":{"type":"Polygon","coordinates":[[[-77.42037411596333,39.37048160032116],[-77.42328470395809,39.3743757717268],[-77.42910587994761,39.3743757717268],[-77.43201646794238,39.37048160032116],[-77.42910587994761,39.36658742891553],[-77.42328470395809,39.36658742891553],[-77.42037411596333,39.37048160032116]]]}},{"type":"Feature","properties":{"land_value":330644},"geometry":{"type":"Polygon","coordinates":[[[-77.42037411596333,39.37826994313243],[-77.42328470395809,39.382164114538064],[-77.42910587994761,39.382164114538064],[-77.43201646794238,39.37826994313243],[-77.42910587994761,39.3743757717268],[-77.42328470395809,39.3743757717268],[-77.42037411596333,39.37826994313243]]]}},{"type":"Feature","properties":{"land_value":367743},"geometry":{"type":"Polygon","coordinates":[[[-77.42037411596333,39.38605828594369],[-77.42328470395809,39.389952457349324],[-77.42910587994761,39.389952457349324],[-77.43201646794238,39.38605828594369],[-77.42910587994761,39.38216411453806],[-77.42328470395809,39.38216411453806],[-77.42037411596333,39.38605828594369]]]}},{"type":"Feature","properties":{"land_value":403237},"geometry":{"type":"Polygon","coordinates":[[[-77.42037411596333,39.39384662875495],[-77.42328470395809,39.397740800160584],[-77.42910587994761,39.397740800160584],[-77.43201646794238,39.39384662875495],[-77.42910587994761,39.38995245734932],[-77.42328470395809,39.38995245734932],[-77.42037411596333,39.39384662875495]]]}},{"type":"Feature","properties":{"land_value":478022},"geometry":{"type":"Polygon","coordinates":[[[-77.42037411596333,39.40163497156621],[-77.42328470395809,39.405529142971844],[-77.42910587994761,39.405529142971844],[-77.43201646794238,39.40163497156621],[-77.42910587994761,39.39774080016058],[-77.42328470395809,39.39774080016058],[-77.42037411596333,39.40163497156621]]]}},{"type":"Feature","properties":{"land_value":504353},"geometry":{"type":"Polygon","coordinates":[[[-77.42037411596333,39.40942331437747],[-77.42328470395809,39.413317485783104],[-77.42910587994761,39.413317485783104],[-77.43201646794238,39.40942331437747],[-77.42910587994761,39.40552914297184],[-77.42328470395809,39.40552914297184],[-77.42037411596333,39.40942331437747]]]}},{"type":"Feature","properties":{"land_value":545090},"geometry":{"type":"Polygon","coordinates":[[[-77.42037411596333,39.41721165718873],[-77.42328470395809,39.421105828594364],[-77.42910587994761,39.421105828594364],[-77.43201646794238,39.41721165718873],[-77.42910587994761,39.4133174857831],[-77.42328470395809,39.4133174857831],[-77.42037411596333,39.41721165718873]]]}},{"type":"Feature","properties":{"land_value":511720},"geometry":{"type":"Polygon","coordinates":[[[-77.42037411596333,39.425],[-77.42328470395809,39.42889417140563],[-77.42910587994761,39.42889417140563],[-77.43201646794238,39.425],[-77.42910587994761,39.421105828594364],[-77.42328470395809,39.421105828594364],[-77.42037411596333,39.425]]]}},{"type":"Feature","properties":{"land_value":424321},"geometry":{"type":"Polygon","coordinates":[[[-77.42037411596333,39.43278834281126],[-77.42328470395809,39.43668251421689],[-77.42910587994761,39.43668251421689],[-77.43201646794238,39.43278834281126],[-77.42910587994761,39.428894171405624],[-77.42328470395809,39.428894171405624],[-77.42037411596333,39.43278834281126]]]}},{"type":"Feature","properties":{"land_value":360835},"geometry":{"type":"Polygon","coordinates":[[[-77.42037411596333,39.44057668562252],[-77.42328470395809,39.44447085702815],[-77.42910587994761,39.44447085702815],[-77.43201646794238,39.44057668562252],[-77.42910587994761,39.43668251421688],[-77.42328470395809,39.43668251421688],[-77.42037411596333,39.44057668562252]]]}},{"type":"Feature","properties":{"land_value":404628},"geometry":{"type":"Polygon","coordinates":[[[-77.42037411596333,39.44836502843378],[-77.42328470395809,39.45225919983941],[-77.42910587994761,39.45225919983941],[-77.43201646794238,39.44836502843378],[-77.42910587994761,39.44447085702814],[-77.42328470395809,39.44447085702814],[-77.42037411596333,39.44836502843378]]]}},{"type":"Feature","properties":{"land_value":364092},"geometry":{"type":"Polygon","coordinates":[[[-77.42037411596333,39.45615337124504],[-77.42328470395809,39.46004754265067],[-77.42910587994761,39.46004754265067],[-77.43201646794238,39.45615337124504],[-77.42910587994761,39.4522591998394],[-77.42328470395809,39.4522591998394],[-77.42037411596333,39.45615337124504]]]}},{"type":"Feature","properties":{"land_value":329852},"geometry":{"type":"Polygon","coordinates":[[[-77.42037411596333,39.4639417140563],[-77.42328470395809,39.46783588546193],[-77.42910587994761,39.46783588546193],[-77.43201646794238,39.4639417140563],[-77.42910587994761,39.46004754265066],[-77.42328470395809,39.46004754265066],[-77.42037411596333,39.4639417140563]]]}},{"type":"Feature","properties":{"land_value":315027},"geometry":{"type":"Polygon","coordinates":[[[-77.42037411596333,39.471730056867564],[-77.42328470395809,39.4756242282732],[-77.42910587994761,39.4756242282732],[-77.43201646794238,39.471730056867564],[-77.42910587994761,39.46783588546193],[-77.42328470395809,39.46783588546193],[-77.42037411596333,39.471730056867564]]]}},{"type":"Feature","properties":{"land_value":240860},"geometry":{"type":"Polygon","coordinates":[[[-77.42037411596333,39.479518399678824],[-77.42328470395809,39.48341257108446],[-77.42910587994761,39.48341257108446],[-77.43201646794238,39.479518399678824],[-77.42910587994761,39.47562422827319],[-77.42328470395809,39.47562422827319],[-77.42037411596333,39.479518399678824]]]}},{"type":"Feature","properties":{"land_value":272069},"geometry":{"type":"Polygon","coordinates":[[[-77.42037411596333,39.487306742490084],[-77.42328470395809,39.49120091389572],[-77.42910587994761,39.49120091389572],[-77.43201646794238,39.487306742490084],[-77.42910587994761,39.48341257108445],[-77.42328470395809,39.48341257108445],[-77.42037411596333,39.487306742490084]]]}},{"type":"Feature","properties":{"land_value":231164},"geometry":{"type":"Polygon","coordinates":[[[-77.42037411596333,39.495095085301344],[-77.42328470395809,39.49898925670698],[-77.42910587994761,39.49898925670698],[-77.43201646794238,39.495095085301344],[-77.42910587994761,39.49120091389571],[-77.42328470395809,39.49120091389571],[-77.42037411596333,39.495095085301344]]]}},{"type":"Feature","properties":{"land_value":214043},"geometry":{"type":"Polygon","coordinates":[[[-77.42037411596333,39.502883428112604],[-77.42328470395809,39.50677759951824],[-77.42910587994761,39.50677759951824],[-77.43201646794238,39.502883428112604],[-77.42910587994761,39.49898925670697],[-77.42328470395809,39.49898925670697],[-77.42037411596333,39.502883428112604]]]}},{"type":"Feature","properties":{"land_value":177291},"geometry":{"type":"Polygon","coordinates":[[[-77.42037411596333,39.510671770923864],[-77.42328470395809,39.5145659423295],[-77.42910587994761,39.5145659423295],[-77.43201646794238,39.510671770923864],[-77.42910587994761,39.50677759951823],[-77.42328470395809,39.50677759951823],[-77.42037411596333,39.510671770923864]]]}},{"type":"Feature","properties":{"land_value":83500},"geometry":{"type":"Polygon","coordinates":[[[-77.42037411596333,39.51846011373513],[-77.42328470395809,39.522354285140764],[-77.42910587994761,39.522354285140764],[-77.43201646794238,39.51846011373513],[-77.42910587994761,39.5145659423295],[-77.42328470395809,39.5145659423295],[-77.42037411596333,39.51846011373513]]]}},{"type":"Feature","properties":{"land_value":68398},"geometry":{"type":"Polygon","coordinates":[[[-77.42037411596333,39.52624845654639],[-77.42328470395809,39.530142627952024],[-77.42910587994761,39.530142627952024],[-77.43201646794238,39.52624845654639],[-77.42910587994761,39.52235428514076],[-77.42328470395809,39.52235428514076],[-77.42037411596333,39.52624845654639]]]}},{"type":"Feature","properties":{"land_value":50000},"geometry":{"type":"Polygon","coordinates":[[[-77.42037411596333,39.53403679935765],[-77.42328470395809,39.537930970763284],[-77.42910587994761,39.537930970763284],[-77.43201646794238,39.53403679935765],[-77.42910587994761,39.53014262795202],[-77.42328470395809,39.53014262795202],[-77.42037411596333,39.53403679935765]]]}},{"type":"Feature","properties":{"land_value":72040},"geometry":{"type":"Polygon","coordinates":[[[-77.42037411596333,39.54182514216891],[-77.42328470395809,39.545719313574544],[-77.42910587994761,39.545719313574544],[-77.43201646794238,39.54182514216891],[-77.42910587994761,39.53793097076328],[-77.42328470395809,39.53793097076328],[-77.42037411596333,39.54182514216891]]]}},{"type":"Feature","properties":{"land_value":50000},"geometry":{"type":"Polygon","coordinates":[[[-77.42037411596333,39.54961348498017],[-77.42328470395809,39.553507656385804],[-77.42910587994761,39.553507656385804],[-77.43201646794238,39.54961348498017],[-77.42910587994761,39.54571931357454],[-77.42328470395809,39.54571931357454],[-77.42037411596333,39.54961348498017]]]}},{"type":"Feature","properties":{"land_value":50000},"geometry":{"type":"Polygon","coordinates":[[[-77.42037411596333,39.55740182779143],[-77.42328470395809,39.561295999197064],[-77.42910587994761,39.561295999197064],[-77.43201646794238,39.55740182779143],[-77.42910587994761,39.5535076563858],[-77.42328470395809,39.5535076563858],[-77.42037411596333,39.55740182779143]]]}},{"type":"Feature","properties":{"land_value":50000},"geometry":{"type":"Polygon","coordinates":[[[-77.42037411596333,39.5651901706027],[-77.42328470395809,39.56908434200833],[-77.42910587994761,39.56908434200833],[-77.43201646794238,39.5651901706027],[-77.42910587994761,39.561295999197064],[-77.42328470395809,39.561295999197064],[-77.42037411596333,39.5651901706027]]]}},{"type":"Feature","properties":{"land_value":50000},"geometry":{"type":"Polygon","coordinates":[[[-77.42037411596333,39.57297851341396],[-77.42328470395809,39.57687268481959],[-77.42910587994761,39.57687268481959],[-77.43201646794238,39.57297851341396],[-77.42910587994761,39.569084342008324],[-77.42328470395809,39.569084342008324],[-77.42037411596333,39.57297851341396]]]}},{"type":"Feature","properties":{"land_value":50000},"geometry":{"type":"Polygon","coordinates":[[[-77.42037411596333,39.58076685622522],[-77.42328470395809,39.58466102763085],[-77.42910587994761,39.58466102763085],[-77.43201646794238,39.58076685622522],[-77.42910587994761,39.576872684819584],[-77.42328470395809,39.576872684819584],[-77.42037411596333,39.58076685622522]]]}},{"type":"Feature","properties":{"land_value":50000},"geometry":{"type":"Polygon","coordinates":[[[-77.42037411596333,39.58855519903648],[-77.42328470395809,39.59244937044211],[-77.42910587994761,39.59244937044211],[-77.43201646794238,39.58855519903648],[-77.42910587994761,39.584661027630844],[-77.42328470395809,39.584661027630844],[-77.42037411596333,39.58855519903648]]]}},{"type":"Feature","properties":{"land_value":50000},"geometry":{"type":"Polygon","coordinates":[[[-77.41164235197904,39.25755062955788],[-77.4145529399738,39.26144480096352],[-77.42037411596333,39.26144480096352],[-77.42328470395809,39.25755062955788],[-77.42037411596333,39.25365645815225],[-77.4145529399738,39.25365645815225],[-77.41164235197904,39.25755062955788]]]}},{"type":"Feature","properties":{"land_value":50000},"geometry":{"type":"Polygon","coordinates":[[[-77.41164235197904,39.26533897236914],[-77.4145529399738,39.26923314377478],[-77.42037411596333,39.26923314377478],[-77.42328470395809,39.26533897236914],[-77.42037411596333,39.26144480096351],[-77.4145529399738,39.26144480096351],[-77.41164235197904,39.26533897236914]]]}},{"type":"Feature","properties":{"land_value":50000},"geometry":{"type":"Polygon","coordinates":[[[-77.41164235197904,39.2731273151804],[-77.4145529399738,39.27702148658604],[-77.42037411596333,39.27702148658604],[-77.42328470395809,39.2731273151804],[-77.42037411596333,39.26923314377477],[-77.4145529399738,39.26923314377477],[-77.41164235197904,39.2731273151804]]]}},{"type":"Feature","properties":{"land_value":50000},"geometry":{"type":"Polygon","coordinates":[[[-77.41164235197904,39.28091565799166],[-77.4145529399738,39.2848098293973],[-77.42037411596333,39.2848098293973],[-77.42328470395809,39.28091565799166],[-77.42037411596333,39.27702148658603],[-77.4145529399738,39.27702148658603],[-77.41164235197904,39.28091565799166]]]}},{"type":"Feature","properties":{"land_value":50000},"geometry":{"type":"Polygon","coordinates":[[[-77.41164235197904,39.28870400080293],[-77.4145529399738,39.292598172208564],[-77.42037411596333,39.292598172208564],[-77.42328470395809,39.28870400080293],[-77.42037411596333,39.2848098293973],[-77.4145529399738,39.2848098293973],[-77.41164235197904,39.28870400080293]]]}},{"type":"Feature","properties":{"land_value":91715},"geometry":{"type":"Polygon","coordinates":[[[-77.41164235197904,39.29649234361419],[-77.4145529399738,39.300386515019824],[-77.42037411596333,39.300386515019824],[-77.42328470395809,39.29649234361419],[-77.42037411596333,39.29259817220856],[-77.4145529399738,39.29259817220856],[-77.41164235197904,39.29649234361419]]]}},{"type":"Feature","properties":{"land_value":115382},"geometry":{"type":"Polygon","coordinates":[[[-77.41164235197904,39.30428068642545],[-77.4145529399738,39.308174857831084],[-77.42037411596333,39.308174857831084],[-77.42328470395809,39.30428068642545],[-77.42037411596333,39.30038651501982],[-77.4145529399738,39.30038651501982],[-77.41164235197904,39.30428068642545]]]}},{"type":"Feature","properties":{"land_value":164492},"geometry":{"type":"Polygon","coordinates":[[[-77.41164235197904,39.31206902923671],[-77.4145529399738,39.315963200642344],[-77.42037411596333,39.315963200642344],[-77.42328470395809,39.31206902923671],[-77.42037411596333,39.30817485783108],[-77.4145529399738,39.30817485783108],[-77.41164235197904,39.31206902923671]]]}},{"type":"Feature","properties":{"land_value":131681},"geometry":{"type":"Polygon","coordinates":[[[-77.41164235197904,39.31985737204797],[-77.4145529399738,39.323751543453604],[-77.42037411596333,39.323751543453604],[-77.42328470395809,39.31985737204797],[-77.42037411596333,39.31596320064234],[-77.4145529399738,39.31596320064234],[-77.41164235197904,39.31985737204797]]]}},{"type":"Feature","properties":{"land_value":131908},"geometry":{"type":"Polygon","coordinates":[[[-77.41164235197904,39.32764571485923],[-77.4145529399738,39.33153988626486],[-77.42037411596333,39.33153988626486],[-77.42328470395809,39.32764571485923],[-77.42037411596333,39.3237515434536],[-77.4145529399738,39.3237515434536],[-77.41164235197904,39.32764571485923]]]}},{"type":"Feature","properties":{"land_value":177558},"geometry":{"type":"Polygon","coordinates":[[[-77.41164235197904,39.3354340576705],[-77.4145529399738,39.33932822907613],[-77.42037411596333,39.33932822907613],[-77.42328470395809,39.3354340576705],[-77.42037411596333,39.33153988626486],[-77.4145529399738,39.33153988626486],[-77.41164235197904,39.3354340576705]]]}},{"type":"Feature","properties":{"land_value":217552},"geometry":{"type":"Polygon","coordinates":[[[-77.41164235197904,39.34322240048176],[-77.4145529399738,39.34711657188739],[-77.42037411596333,39.34711657188739],[-77.42328470395809,39.34322240048176],[-77.42037411596333,39.33932822907612],[-77.4145529399738,39.33932822907612],[-77.41164235197904,39.34322240048176]]]}},{"type":"Feature","properties":{"land_value":255156},"geometry":{"type":"Polygon","coordinates":[[[-77.41164235197904,39.35101074329302],[-77.4145529399738,39.35490491469865],[-77.42037411596333,39.35490491469865],[-77.42328470395809,39.35101074329302],[-77.42037411596333,39.34711657188738],[-77.4145529399738,39.34711657188738],[-77.41164235197904,39.35101074329302]]]}},{"type":"Feature","properties":{"land_value":249043},"geometry":{"type":"Polygon","coordinates":[[[-77.41164235197904,39.35879908610428],[-77.4145529399738,39.36269325750991],[-77.42037411596333,39.36269325750991],[-77.42328470395809,39.35879908610428],[-77.42037411596333,39.35490491469864],[-77.4145529399738,39.35490491469864],[-77.41164235197904,39.35879908610428]]]}},{"type":"Feature","properties":{"land_value":287236},"geometry":{"type":"Polygon","coordinates":[[[-77.41164235197904,39.36658742891554],[-77.4145529399738,39.37048160032117],[-77.42037411596333,39.37048160032117],[-77.42328470395809,39.36658742891554],[-77.42037411596333,39.3626932575099],[-77.4145529399738,39.3626932575099],[-77.41164235197904,39.36658742891554]]]}},{"type":"Feature","properties":{"land_value":306048},"geometry":{"type":"Polygon","coordinates":[[[-77.41164235197904,39.3743757717268],[-77.4145529399738,39.37826994313243],[-77.42037411596333,39.37826994313243],[-77.42328470395809,39.3743757717268],[-77.42037411596333,39.37048160032116],[-77.4145529399738,39.37048160032116],[-77.41164235197904,39.3743757717268]]]}},{"type":"Feature","properties":{"land_value":406710},"geometry":{"type":"Polygon","coordinates":[[[-77.41164235197904,39.382164114538064],[-77.4145529399738,39.3860582859437],[-77.42037411596333,39.3860582859437],[-77.42328470395809,39.382164114538064],[-77.42037411596333,39.37826994313243],[-77.4145529399738,39.37826994313243],[-77.41164235197904,39.382164114538064]]]}},{"type":"Feature","properties":{"land_value":457208},"geometry":{"type":"Polygon","coordinates":[[[-77.41164235197904,39.389952457349324],[-77.4145529399738,39.39384662875496],[-77.42037411596333,39.39384662875496],[-77.42328470395809,39.389952457349324],[-77.42037411596333,39.38605828594369],[-77.4145529399738,39.38605828594369],[-77.41164235197904,39.389952457349324]]]}},{"type":"Feature","properties":{"land_value":449746},"geometry":{"type":"Polygon","coordinates":[[[-77.41164235197904,39.397740800160584],[-77.4145529399738,39.40163497156622],[-77.42037411596333,39.40163497156622],[-77.42328470395809,39.397740800160584],[-77.42037411596333,39.39384662875495],[-77.4145529399738,39.39384662875495],[-77.41164235197904,39.397740800160584]]]}},{"type":"Feature","properties":{"land_value":586363},"geometry":{"type":"Polygon","coordinates":[[[-77.41164235197904,39.405529142971844],[-77.4145529399738,39.40942331437748],[-77.42037411596333,39.40942331437748],[-77.42328470395809,39.405529142971844],[-77.42037411596333,39.40163497156621],[-77.4145529399738,39.40163497156621],[-77.41164235197904,39.405529142971844]]]}},{"type":"Feature","properties":{"land_value":707464},"geometry":{"type":"Polygon","coordinates":[[[-77.41164235197904,39.413317485783104],[-77.4145529399738,39.41721165718874],[-77.42037411596333,39.41721165718874],[-77.42328470395809,39.413317485783104],[-77.42037411596333,39.40942331437747],[-77.4145529399738,39.40942331437747],[-77.41164235197904,39.413317485783104]]]}},{"type":"Feature","properties":{"land_value":650931},"geometry":{"type":"Polygon","coordinates":[[[-77.41164235197904,39.421105828594364],[-77.4145529399738,39.425],[-77.42037411596333,39.425],[-77.42328470395809,39.421105828594364],[-77.42037411596333,39.41721165718873],[-77.4145529399738,39.41721165718873],[-77.41164235197904,39.421105828594364]]]}},{"type":"Feature","properties":{"land_value":448391},"geometry":{"type":"Polygon","coordinates":[[[-77.41164235197904,39.42889417140563],[-77.4145529399738,39.432788342811264],[-77.42037411596333,39.432788342811264],[-77.42328470395809,39.42889417140563],[-77.42037411596333,39.425],[-77.4145529399738,39.425],[-77.41164235197904,39.42889417140563]]]}},{"type":"Feature","properties":{"land_value":410762},"geometry":{"type":"Polygon","coordinates":[[[-77.41164235197904,39.43668251421689],[-77.4145529399738,39.440576685622524],[-77.42037411596333,39.440576685622524],[-77.42328470395809,39.43668251421689],[-77.42037411596333,39.43278834281126],[-77.4145529399738,39.43278834281126],[-77.41164235197904,39.43668251421689]]]}},{"type":"Feature","properties":{"land_value":337467},"geometry":{"type":"Polygon","coordinates":[[[-77.41164235197904,39.44447085702815],[-77.4145529399738,39.448365028433784],[-77.42037411596333,39.448365028433784],[-77.42328470395809,39.44447085702815],[-77.42037411596333,39.44057668562252],[-77.4145529399738,39.44057668562252],[-77.41164235197904,39.44447085702815]]]}},{"type":"Feature","properties":{"land_value":392760},"geometry":{"type":"Polygon","coordinates":[[[-77.41164235197904,39.45225919983941],[-77.4145529399738,39.456153371245044],[-77.42037411596333,39.456153371245044],[-77.42328470395809,39.45225919983941],[-77.42037411596333,39.44836502843378],[-77.4145529399738,39.44836502843378],[-77.41164235197904,39.45225919983941]]]}},{"type":"Feature","properties":{"land_value":319029},"geometry":{"type":"Polygon","coordinates":[[[-77.41164235197904,39.46004754265067],[-77.4145529399738,39.463941714056304],[-77.42037411596333,39.463941714056304],[-77.42328470395809,39.46004754265067],[-77.42037411596333,39.45615337124504],[-77.4145529399738,39.45615337124504],[-77.41164235197904,39.46004754265067]]]}},{"type":"Feature","properties":{"land_value":269217},"geometry":{"type":"Polygon","coordinates":[[[-77.41164235197904,39.46783588546193],[-77.4145529399738,39.471730056867564],[-77.42037411596333,39.471730056867564],[-77.42328470395809,39.46783588546193],[-77.42037411596333,39.4639417140563],[-77.4145529399738,39.4639417140563],[-77.41164235197904,39.46783588546193]]]}},{"type":"Feature","properties":{"land_value":319335},"geometry":{"type":"Polygon","coordinates":[[[-77.41164235197904,39.4756242282732],[-77.4145529399738,39.47951839967883],[-77.42037411596333,39.47951839967883],[-77.42328470395809,39.4756242282732],[-77.42037411596333,39.471730056867564],[-77.4145529399738,39.471730056867564],[-77.41164235197904,39.4756242282732]]]}},{"type":"Feature","properties":{"land_value":269408},"geometry":{"type":"Polygon","coordinates":[[[-77.41164235197904,39.48341257108446],[-77.4145529399738,39.48730674249009],[-77.42037411596333,39.48730674249009],[-77.42328470395809,39.48341257108446],[-77.42037411596333,39.479518399678824],[-77.4145529399738,39.479518399678824],[-77.41164235197904,39.48341257108446]]]}},{"type":"Feature","properties":{"land_value":219247},"geometry":{"type":"Polygon","coordinates":[[[-77.41164235197904,39.49120091389572],[-77.4145529399738,39.49509508530135],[-77.42037411596333,39.49509508530135],[-77.42328470395809,39.49120091389572],[-77.42037411596333,39.487306742490084],[-77.4145529399738,39.487306742490084],[-77.41164235197904,39.49120091389572]]]}},{"type":"Feature","properties":{"land_value":202264},"geometry":{"type":"Polygon","coordinates":[[[-77.41164235197904,39.49898925670698],[-77.4145529399738,39.50288342811261],[-77.42037411596333,39.50288342811261],[-77.42328470395809,39.49898925670698],[-77.42037411596333,39.495095085301344],[-77.4145529399738,39.495095085301344],[-77.41164235197904,39.49898925670698]]]}},{"type":"Feature","properties":{"land_value":179405},"geometry":{"type":"Polygon","coordinates":[[[-77.41164235197904,39.50677759951824],[-77.4145529399738,39.51067177092387],[-77.42037411596333,39.51067177092387],[-77.42328470395809,39.50677759951824],[-77.42037411596333,39.502883428112604],[-77.4145529399738,39.502883428112604],[-77.41164235197904,39.50677759951824]]]}},{"type":"Feature","properties":{"land_value":80214},"geometry":{"type":"Polygon","coordinates":[[[-77.41164235197904,39.5145659423295],[-77.4145529399738,39.51846011373513],[-77.42037411596333,39.51846011373513],[-77.42328470395809,39.5145659423295],[-77.42037411596333,39.510671770923864],[-77.4145529399738,39.510671770923864],[-77.41164235197904,39.5145659423295]]]}},{"type":"Feature","properties":{"land_value":57888},"geometry":{"type":"Polygon","coordinates":[[[-77.41164235197904,39.522354285140764],[-77.4145529399738,39.5262484565464],[-77.42037411596333,39.5262484565464],[-77.42328470395809,39.522354285140764],[-77.42037411596333,39.51846011373513],[-77.4145529399738,39.51846011373513],[-77.41164235197904,39.522354285140764]]]}},{"type":"Feature","properties":{"land_value":86186},"geometry":{"type":"Polygon","coordinates":[[[-77.41164235197904,39.530142627952024],[-77.4145529399738,39.53403679935766],[-77.42037411596333,39.53403679935766],[-77.42328470395809,39.530142627952024],[-77.42037411596333,39.52624845654639],[-77.4145529399738,39.52624845654639],[-77.41164235197904,39.530142627952024]]]}},{"type":"Feature","properties":{"land_value":50000},"geometry":{"type":"Polygon","coordinates":[[[-77.41164235197904,39.537930970763284],[-77.4145529399738,39.54182514216892],[-77.42037411596333,39.54182514216892],[-77.42328470395809,39.537930970763284],[-77.42037411596333,39.53403679935765],[-77.4145529399738,39.53403679935765],[-77.41164235197904,39.537930970763284]]]}},{"type":"Feature","properties":{"land_value":50000},"geometry":{"type":"Polygon","coordinates":[[[-77.41164235197904,39.545719313574544],[-77.4145529399738,39.54961348498018],[-77.42037411596333,39.54961348498018],[-77.42328470395809,39.545719313574544],[-77.42037411596333,39.54182514216891],[-77.4145529399738,39.54182514216891],[-77.41164235197904,39.545719313574544]]]}},{"type":"Feature","properties":{"land_value":50000},"geometry":{"type":"Polygon","coordinates":[[[-77.41164235197904,39.553507656385804],[-77.4145529399738,39.55740182779144],[-77.42037411596333,39.55740182779144],[-77.42328470395809,39.553507656385804],[-77.42037411596333,39.54961348498017],[-77.4145529399738,39.54961348498017],[-77.41164235197904,39.553507656385804]]]}},{"type":"Feature","properties":{"land_value":50000},"geometry":{"type":"Polygon","coordinates":[[[-77.41164235197904,39.561295999197064],[-77.4145529399738,39.5651901706027],[-77.42037411596333,39.5651901706027],[-77.42328470395809,39.561295999197064],[-77.42037411596333,39.55740182779143],[-77.4145529399738,39.55740182779143],[-77.41164235197904,39.561295999197064]]]}},{"type":"Feature","properties":{"land_value":50000},"geometry":{"type":"Polygon","coordinates":[[[-77.41164235197904,39.56908434200833],[-77.4145529399738,39.572978513413965],[-77.42037411596333,39.572978513413965],[-77.42328470395809,39.56908434200833],[-77.42037411596333,39.5651901706027],[-77.4145529399738,39.5651901706027],[-77.41164235197904,39.56908434200833]]]}},{"type":"Feature","properties":{"land_value":50000},"geometry":{"type":"Polygon","coordinates":[[[-77.41164235197904,39.57687268481959],[-77.4145529399738,39.580766856225225],[-77.42037411596333,39.580766856225225],[-77.42328470395809,39.57687268481959],[-77.42037411596333,39.57297851341396],[-77.4145529399738,39.57297851341396],[-77.41164235197904,39.57687268481959]]]}},{"type":"Feature","properties":{"land_value":50000},"geometry":{"type":"Polygon","coordinates":[[[-77.41164235197904,39.58466102763085],[-77.4145529399738,39.588555199036485],[-77.42037411596333,39.588555199036485],[-77.42328470395809,39.58466102763085],[-77.42037411596333,39.58076685622522],[-77.4145529399738,39.58076685622522],[-77.41164235197904,39.58466102763085]]]}},{"type":"Feature","properties":{"land_value":50000},"geometry":{"type":"Polygon","coordinates":[[[-77.41164235197904,39.59244937044211],[-77.4145529399738,39.596343541847745],[-77.42037411596333,39.596343541847745],[-77.42328470395809,39.59244937044211],[-77.42037411596333,39.58855519903648],[-77.4145529399738,39.58855519903648],[-77.41164235197904,39.59244937044211]]]}},{"type":"Feature","properties":{"land_value":50000},"geometry":{"type":"Polygon","coordinates":[[[-77.40291058799477,39.26144480096351],[-77.40582117598953,39.26533897236914],[-77.41164235197905,39.26533897236914],[-77.41455293997382,39.26144480096351],[-77.41164235197905,39.257550629557876],[-77.40582117598953,39.257550629557876],[-77.40291058799477,39.26144480096351]]]}},{"type":"Feature","properties":{"land_value":50000},"geometry":{"type":"Polygon","coordinates":[[[-77.40291058799477,39.26923314377477],[-77.40582117598953,39.2731273151804],[-77.41164235197905,39.2731273151804],[-77.41455293997382,39.26923314377477],[-77.41164235197905,39.265338972369136],[-77.40582117598953,39.265338972369136],[-77.40291058799477,39.26923314377477]]]}},{"type":"Feature","properties":{"land_value":50000},"geometry":{"type":"Polygon","coordinates":[[[-77.40291058799477,39.27702148658603],[-77.40582117598953,39.28091565799166],[-77.41164235197905,39.28091565799166],[-77.41455293997382,39.27702148658603],[-77.41164235197905,39.273127315180396],[-77.40582117598953,39.273127315180396],[-77.40291058799477,39.27702148658603]]]}},{"type":"Feature","properties":{"land_value":50000},"geometry":{"type":"Polygon","coordinates":[[[-77.40291058799477,39.2848098293973],[-77.40582117598953,39.28870400080293],[-77.41164235197905,39.28870400080293],[-77.41455293997382,39.2848098293973],[-77.41164235197905,39.28091565799166],[-77.40582117598953,39.28091565799166],[-77.40291058799477,39.2848098293973]]]}},{"type":"Feature","properties":{"land_value":53815},"geometry":{"type":"Polygon","coordinates":[[[-77.40291058799477,39.29259817220856],[-77.40582117598953,39.29649234361419],[-77.41164235197905,39.29649234361419],[-77.41455293997382,39.29259817220856],[-77.41164235197905,39.28870400080292],[-77.40582117598953,39.28870400080292],[-77.40291058799477,39.29259817220856]]]}},{"type":"Feature","properties":{"land_value":59131},"geometry":{"type":"Polygon","coordinates":[[[-77.40291058799477,39.30038651501982],[-77.40582117598953,39.30428068642545],[-77.41164235197905,39.30428068642545],[-77.41455293997382,39.30038651501982],[-77.41164235197905,39.29649234361418],[-77.40582117598953,39.29649234361418],[-77.40291058799477,39.30038651501982]]]}},{"type":"Feature","properties":{"land_value":90357},"geometry":{"type":"Polygon","coordinates":[[[-77.40291058799477,39.30817485783108],[-77.40582117598953,39.31206902923671],[-77.41164235197905,39.31206902923671],[-77.41455293997382,39.30817485783108],[-77.41164235197905,39.30428068642544],[-77.40582117598953,39.30428068642544],[-77.40291058799477,39.30817485783108]]]}},{"type":"Feature","properties":{"land_value":87033},"geometry":{"type":"Polygon","coordinates":[[[-77.40291058799477,39.31596320064234],[-77.40582117598953,39.31985737204797],[-77.41164235197905,39.31985737204797],[-77.41455293997382,39.31596320064234],[-77.41164235197905,39.3120690292367],[-77.40582117598953,39.3120690292367],[-77.40291058799477,39.31596320064234]]]}},{"type":"Feature","properties":{"land_value":196859},"geometry":{"type":"Polygon","coordinates":[[[-77.40291058799477,39.3237515434536],[-77.40582117598953,39.32764571485923],[-77.41164235197905,39.32764571485923],[-77.41455293997382,39.3237515434536],[-77.41164235197905,39.31985737204796],[-77.40582117598953,39.31985737204796],[-77.40291058799477,39.3237515434536]]]}},{"type":"Feature","properties":{"land_value":213998},"geometry":{"type":"Polygon","coordinates":[[[-77.40291058799477,39.33153988626486],[-77.40582117598953,39.3354340576705],[-77.41164235197905,39.3354340576705],[-77.41455293997382,39.33153988626486],[-77.41164235197905,39.32764571485923],[-77.40582117598953,39.32764571485923],[-77.40291058799477,39.33153988626486]]]}},{"type":"Feature","properties":{"land_value":197825},"geometry":{"type":"Polygon","coordinates":[[[-77.40291058799477,39.33932822907612],[-77.40582117598953,39.34322240048176],[-77.41164235197905,39.34322240048176],[-77.41455293997382,39.33932822907612],[-77.41164235197905,39.33543405767049],[-77.40582117598953,39.33543405767049],[-77.40291058799477,39.33932822907612]]]}},{"type":"Feature","properties":{"land_value":249127},"geometry":{"type":"Polygon","coordinates":[[[-77.40291058799477,39.34711657188738],[-77.40582117598953,39.35101074329302],[-77.41164235197905,39.35101074329302],[-77.41455293997382,39.34711657188738],[-77.41164235197905,39.34322240048175],[-77.40582117598953,39.34322240048175],[-77.40291058799477,39.34711657188738]]]}},{"type":"Feature","properties":{"land_value":297186},"geometry":{"type":"Polygon","coordinates":[[[-77.40291058799477,39.35490491469864],[-77.40582117598953,39.35879908610428],[-77.41164235197905,39.35879908610428],[-77.41455293997382,39.35490491469864],[-77.41164235197905,39.35101074329301],[-77.40582117598953,39.35101074329301],[-77.40291058799477,39.35490491469864]]]}},{"type":"Feature","properties":{"land_value":319824},"geometry":{"type":"Polygon","coordinates":[[[-77.40291058799477,39.3626932575099],[-77.40582117598953,39.36658742891554],[-77.41164235197905,39.36658742891554],[-77.41455293997382,39.3626932575099],[-77.41164235197905,39.35879908610427],[-77.40582117598953,39.35879908610427],[-77.40291058799477,39.3626932575099]]]}},{"type":"Feature","properties":{"land_value":372784},"geometry":{"type":"Polygon","coordinates":[[[-77.40291058799477,39.37048160032116],[-77.40582117598953,39.3743757717268],[-77.41164235197905,39.3743757717268],[-77.41455293997382,39.37048160032116],[-77.41164235197905,39.36658742891553],[-77.40582117598953,39.36658742891553],[-77.40291058799477,39.37048160032116]]]}},{"type":"Feature","properties":{"land_value":372080},"geometry":{"type":"Polygon","coordinates":[[[-77.40291058799477,39.37826994313243],[-77.40582117598953,39.382164114538064],[-77.41164235197905,39.382164114538064],[-77.41455293997382,39.37826994313243],[-77.41164235197905,39.3743757717268],[-77.40582117598953,39.3743757717268],[-77.40291058799477,39.37826994313243]]]}},{"type":"Feature","properties":{"land_value":419504},"geometry":{"type":"Polygon","coordinates":[[[-77.40291058799477,39.38605828594369],[-77.40582117598953,39.389952457349324],[-77.41164235197905,39.389952457349324],[-77.41455293997382,39.38605828594369],[-77.41164235197905,39.38216411453806],[-77.40582117598953,39.38216411453806],[-77.40291058799477,39.38605828594369]]]}},{"type":"Feature","properties":{"land_value":506873},"geometry":{"type":"Polygon","coordinates":[[[-77.40291058799477,39.39384662875495],[-77.40582117598953,39.397740800160584],[-77.41164235197905,39.397740800160584],[-77.41455293997382,39.39384662875495],[-77.41164235197905,39.38995245734932],[-77.40582117598953,39.38995245734932],[-77.40291058799477,39.39384662875495]]]}},{"type":"Feature","properties":{"land_value":661472},"geometry":{"type":"Polygon","coordinates":[[[-77.40291058799477,39.40163497156621],[-77.40582117598953,39.405529142971844],[-77.41164235197905,39.405529142971844],[-77.41455293997382,39.40163497156621],[-77.41164235197905,39.39774080016058],[-77.40582117598953,39.39774080016058],[-77.40291058799477,39.40163497156621]]]}},{"type":"Feature","properties":{"land_value":705046},"geometry":{"type":"Polygon","coordinates":[[[-77.40291058799477,39.40942331437747],[-77.40582117598953,39.413317485783104],[-77.41164235197905,39.413317485783104],[-77.41455293997382,39.40942331437747],[-77.41164235197905,39.40552914297184],[-77.40582117598953,39.40552914297184],[-77.40291058799477,39.40942331437747]]]}},{"type":"Feature","properties":{"land_value":764793},"geometry":{"type":"Polygon","coordinates":[[[-77.40291058799477,39.41721165718873],[-77.40582117598953,39.421105828594364],[-77.41164235197905,39.421105828594364],[-77.41455293997382,39.41721165718873],[-77.41164235197905,39.4133174857831],[-77.40582117598953,39.4133174857831],[-77.40291058799477,39.41721165718873]]]}},{"type":"Feature","properties":{"land_value":604302},"geometry":{"type":"Polygon","coordinates":[[[-77.40291058799477,39.425],[-77.40582117598953,39.42889417140563],[-77.41164235197905,39.42889417140563],[-77.41455293997382,39.425],[-77.41164235197905,39.421105828594364],[-77.40582117598953,39.421105828594364],[-77.40291058799477,39.425]]]}},{"type":"Feature","properties":{"land_value":480674},"geometry":{"type":"Polygon","coordinates":[[[-77.40291058799477,39.43278834281126],[-77.40582117598953,39.43668251421689],[-77.41164235197905,39.43668251421689],[-77.41455293997382,39.43278834281126],[-77.41164235197905,39.428894171405624],[-77.40582117598953,39.428894171405624],[-77.40291058799477,39.43278834281126]]]}},{"type":"Feature","properties":{"land_value":409569},"geometry":{"type":"Polygon","coordinates":[[[-77.40291058799477,39.44057668562252],[-77.40582117598953,39.44447085702815],[-77.41164235197905,39.44447085702815],[-77.41455293997382,39.44057668562252],[-77.41164235197905,39.43668251421688],[-77.40582117598953,39.43668251421688],[-77.40291058799477,39.44057668562252]]]}},{"type":"Feature","properties":{"land_value":368330},"geometry":{"type":"Polygon","coordinates":[[[-77.40291058799477,39.44836502843378],[-77.40582117598953,39.45225919983941],[-77.41164235197905,39.45225919983941],[-77.41455293997382,39.44836502843378],[-77.41164235197905,39.44447085702814],[-77.40582117598953,39.44447085702814],[-77.40291058799477,39.44836502843378]]]}},{"type":"Feature","properties":{"land_value":347738},"geometry":{"type":"Polygon","coordinates":[[[-77.40291058799477,39.45615337124504],[-77.40582117598953,39.46004754265067],[-77.41164235197905,39.46004754265067],[-77.41455293997382,39.45615337124504],[-77.41164235197905,39.4522591998394],[-77.40582117598953,39.4522591998394],[-77.40291058799477,39.45615337124504]]]}},{"type":"Feature","properties":{"land_value":328753},"geometry":{"type":"Polygon","coordinates":[[[-77.40291058799477,39.4639417140563],[-77.40582117598953,39.46783588546193],[-77.41164235197905,39.46783588546193],[-77.41455293997382,39.4639417140563],[-77.41164235197905,39.46004754265066],[-77.40582117598953,39.46004754265066],[-77.40291058799477,39.4639417140563]]]}},{"type":"Feature","properties":{"land_value":282462},"geometry":{"type":"Polygon","coordinates":[[[-77.40291058799477,39.471730056867564],[-77.40582117598953,39.4756242282732],[-77.41164235197905,39.4756242282732],[-77.41455293997382,39.471730056867564],[-77.41164235197905,39.46783588546193],[-77.40582117598953,39.46783588546193],[-77.40291058799477,39.471730056867564]]]}},{"type":"Feature","properties":{"land_value":300452},"geometry":{"type":"Polygon","coordinates":[[[-77.40291058799477,39.479518399678824],[-77.40582117598953,39.48341257108446],[-77.41164235197905,39.48341257108446],[-77.41455293997382,39.479518399678824],[-77.41164235197905,39.47562422827319],[-77.40582117598953,39.47562422827319],[-77.40291058799477,39.479518399678824]]]}},{"type":"Feature","properties":{"land_value":268240},"geometry":{"type":"Polygon","coordinates":[[[-77.40291058799477,39.487306742490084],[-77.40582117598953,39.49120091389572],[-77.41164235197905,39.49120091389572],[-77.41455293997382,39.487306742490084],[-77.41164235197905,39.48341257108445],[-77.40582117598953,39.48341257108445],[-77.40291058799477,39.487306742490084]]]}},{"type":"Feature","properties":{"land_value":216268},"geometry":{"type":"Polygon","coordinates":[[[-77.40291058799477,39.495095085301344],[-77.40582117598953,39.49898925670698],[-77.41164235197905,39.49898925670698],[-77.41455293997382,39.495095085301344],[-77.41164235197905,39.49120091389571],[-77.40582117598953,39.49120091389571],[-77.40291058799477,39.495095085301344]]]}},{"type":"Feature","properties":{"land_value":155838},"geometry":{"type":"Polygon","coordinates":[[[-77.40291058799477,39.502883428112604],[-77.40582117598953,39.50677759951824],[-77.41164235197905,39.50677759951824],[-77.41455293997382,39.502883428112604],[-77.41164235197905,39.49898925670697],[-77.40582117598953,39.49898925670697],[-77.40291058799477,39.502883428112604]]]}},{"type":"Feature","properties":{"land_value":151763},"geometry":{"type":"Polygon","coordinates":[[[-77.40291058799477,39.510671770923864],[-77.40582117598953,39.5145659423295],[-77.41164235197905,39.5145659423295],[-77.41455293997382,39.510671770923864],[-77.41164235197905,39.50677759951823],[-77.40582117598953,39.50677759951823],[-77.40291058799477,39.510671770923864]]]}},{"type":"Feature","properties":{"land_value":152751},"geometry":{"type":"Polygon","coordinates":[[[-77.40291058799477,39.51846011373513],[-77.40582117598953,39.522354285140764],[-77.41164235197905,39.522354285140764],[-77.41455293997382,39.51846011373513],[-77.41164235197905,39.5145659423295],[-77.40582117598953,39.5145659423295],[-77.40291058799477,39.51846011373513]]]}},{"type":"Feature","properties":{"land_value":99317},"geometry":{"type":"Polygon","coordinates":[[[-77.40291058799477,39.52624845654639],[-77.40582117598953,39.530142627952024],[-77.41164235197905,39.530142627952024],[-77.41455293997382,39.52624845654639],[-77.41164235197905,39.52235428514076],[-77.40582117598953,39.52235428514076],[-77.40291058799477,39.52624845654639]]]}},{"type":"Feature","properties":{"land_value":50000},"geometry":{"type":"Polygon","coordinates":[[[-77.40291058799477,39.53403679935765],[-77.40582117598953,39.537930970763284],[-77.41164235197905,39.537930970763284],[-77.41455293997382,39.53403679935765],[-77.41164235197905,39.53014262795202],[-77.40582117598953,39.53014262795202],[-77.40291058799477,39.53403679935765]]]}},{"type":"Feature","properties":{"land_value":50000},"geometry":{"type":"Polygon","coordinates":[[[-77.40291058799477,39.54182514216891],[-77.40582117598953,39.545719313574544],[-77.41164235197905,39.545719313574544],[-77.41455293997382,39.54182514216891],[-77.41164235197905,39.53793097076328],[-77.40582117598953,39.53793097076328],[-77.40291058799477,39.54182514216891]]]}},{"type":"Feature","properties":{"land_value":50000},"geometry":{"type":"Polygon","coordinates":[[[-77.40291058799477,39.54961348498017],[-77.40582117598953,39.553507656385804],[-77.41164235197905,39.553507656385804],[-77.41455293997382,39.54961348498017],[-77.41164235197905,39.54571931357454],[-77.40582117598953,39.54571931357454],[-77.40291058799477,39.54961348498017]]]}},{"type":"Feature","properties":{"land_value":50000},"geometry":{"type":"Polygon","coordinates":[[[-77.40291058799477,39.55740182779143],[-77.40582117598953,39.561295999197064],[-77.41164235197905,39.561295999197064],[-77.41455293997382,39.55740182779143],[-77.41164235197905,39.5535076563858],[-77.40582117598953,39.5535076563858],[-77.40291058799477,39.55740182779143]]]}},{"type":"Feature","properties":{"land_value":50000},"geometry":{"type":"Polygon","coordinates":[[[-77.40291058799477,39.5651901706027],[-77.40582117598953,39.56908434200833],[-77.41164235197905,39.56908434200833],[-77.41455293997382,39.5651901706027],[-77.41164235197905,39.561295999197064],[-77.40582117598953,39.561295999197064],[-77.40291058799477,39.5651901706027]]]}},{"type":"Feature","properties":{"land_value":50000},"geometry":{"type":"Polygon","coordinates":[[[-77.40291058799477,39.57297851341396],[-77.40582117598953,39.57687268481959],[-77.41164235197905,39.57687268481959],[-77.41455293997382,39.57297851341396],[-77.41164235197905,39.569084342008324],[-77.40582117598953,39.569084342008324],[-77.40291058799477,39.57297851341396]]]}},{"type":"Feature","properties":{"land_value":50000},"geometry":{"type":"Polygon","coordinates":[[[-77.40291058799477,39.58076685622522],[-77.40582117598953,39.58466102763085],[-77.41164235197905,39.58466102763085],[-77.41455293997382,39.58076685622522],[-77.41164235197905,39.576872684819584],[-77.40582117598953,39.576872684819584],[-77.40291058799477,39.58076685622522]]]}},{"type":"Feature","properties":{"land_value":50000},"geometry":{"type":"Polygon","coordinates":[[[-77.40291058799477,39.58855519903648],[-77.40582117598953,39.59244937044211],[-77.41164235197905,39.59244937044211],[-77.41455293997382,39.58855519903648],[-77.41164235197905,39.584661027630844],[-77.40582117598953,39.584661027630844],[-77.40291058799477,39.58855519903648]]]}},{"type":"Feature","properties":{"land_value":50000},"geometry":{"type":"Polygon","coordinates":[[[-77.39417882401048,39.25755062955788],[-77.39708941200524,39.26144480096352],[-77.40291058799477,39.26144480096352],[-77.40582117598953,39.25755062955788],[-77.40291058799477,39.25365645815225],[-77.39708941200524,39.25365645815225],[-77.39417882401048,39.25755062955788]]]}},{"type":"Feature","properties":{"land_value":50000},"geometry":{"type":"Polygon","coordinates":[[[-77.39417882401048,39.26533897236914],[-77.39708941200524,39.26923314377478],[-77.40291058799477,39.26923314377478],[-77.40582117598953,39.26533897236914],[-77.40291058799477,39.26144480096351],[-77.39708941200524,39.26144480096351],[-77.39417882401048,39.26533897236914]]]}},{"type":"Feature","properties":{"land_value":50000},"geometry":{"type":"Polygon","coordinates":[[[-77.39417882401048,39.2731273151804],[-77.39708941200524,39.27702148658604],[-77.40291058799477,39.27702148658604],[-77.40582117598953,39.2731273151804],[-77.40291058799477,39.26923314377477],[-77.39708941200524,39.26923314377477],[-77.39417882401048,39.2731273151804]]]}},{"type":"Feature","properties":{"land_value":50000},"geometry":{"type":"Polygon","coordinates":[[[-77.39417882401048,39.28091565799166],[-77.39708941200524,39.2848098293973],[-77.40291058799477,39.2848098293973],[-77.40582117598953,39.28091565799166],[-77.40291058799477,39.27702148658603],[-77.39708941200524,39.27702148658603],[-77.39417882401048,39.28091565799166]]]}},{"type":"Feature","properties":{"land_value":56840},"geometry":{"type":"Polygon","coordinates":[[[-77.39417882401048,39.28870400080293],[-77.39708941200524,39.292598172208564],[-77.40291058799477,39.292598172208564],[-77.40582117598953,39.28870400080293],[-77.40291058799477,39.2848098293973],[-77.39708941200524,39.2848098293973],[-77.39417882401048,39.28870400080293]]]}},{"type":"Feature","properties":{"land_value":50000},"geometry":{"type":"Polygon","coordinates":[[[-77.39417882401048,39.29649234361419],[-77.39708941200524,39.300386515019824],[-77.40291058799477,39.300386515019824],[-77.40582117598953,39.29649234361419],[-77.40291058799477,39.29259817220856],[-77.39708941200524,39.29259817220856],[-77.39417882401048,39.29649234361419]]]}},{"type":"Feature","properties":{"land_value":115764},"geometry":{"type":"Polygon","coordinates":[[[-77.39417882401048,39.30428068642545],[-77.39708941200524,39.308174857831084],[-77.40291058799477,39.308174857831084],[-77.40582117598953,39.30428068642545],[-77.40291058799477,39.30038651501982],[-77.39708941200524,39.30038651501982],[-77.39417882401048,39.30428068642545]]]}},{"type":"Feature","properties":{"land_value":105691},"geometry":{"type":"Polygon","coordinates":[[[-77.39417882401048,39.31206902923671],[-77.39708941200524,39.315963200642344],[-77.40291058799477,39.315963200642344],[-77.40582117598953,39.31206902923671],[-77.40291058799477,39.30817485783108],[-77.39708941200524,39.30817485783108],[-77.39417882401048,39.31206902923671]]]}},{"type":"Feature","properties":{"land_value":108848},"geometry":{"type":"Polygon","coordinates":[[[-77.39417882401048,39.31985737204797],[-77.39708941200524,39.323751543453604],[-77.40291058799477,39.323751543453604],[-77.40582117598953,39.31985737204797],[-77.40291058799477,39.31596320064234],[-77.39708941200524,39.31596320064234],[-77.39417882401048,39.31985737204797]]]}},{"type":"Feature","properties":{"land_value":164189},"geometry":{"type":"Polygon","coordinates":[[[-77.39417882401048,39.32764571485923],[-77.39708941200524,39.33153988626486],[-77.40291058799477,39.33153988626486],[-77.40582117598953,39.32764571485923],[-77.40291058799477,39.3237515434536],[-77.39708941200524,39.3237515434536],[-77.39417882401048,39.32764571485923]]]}},{"type":"Feature","properties":{"land_value":208845},"geometry":{"type":"Polygon","coordinates":[[[-77.39417882401048,39.3354340576705],[-77.39708941200524,39.33932822907613],[-77.40291058799477,39.33932822907613],[-77.40582117598953,39.3354340576705],[-77.40291058799477,39.33153988626486],[-77.39708941200524,39.33153988626486],[-77.39417882401048,39.3354340576705]]]}},{"type":"Feature","properties":{"land_value":275536},"geometry":{"type":"Polygon","coordinates":[[[-77.39417882401048,39.34322240048176],[-77.39708941200524,39.34711657188739],[-77.40291058799477,39.34711657188739],[-77.40582117598953,39.34322240048176],[-77.40291058799477,39.33932822907612],[-77.39708941200524,39.33932822907612],[-77.39417882401048,39.34322240048176]]]}},{"type":"Feature","properties":{"land_value":298827},"geometry":{"type":"Polygon","coordinates":[[[-77.39417882401048,39.35101074329302],[-77.39708941200524,39.35490491469865],[-77.40291058799477,39.35490491469865],[-77.40582117598953,39.35101074329302],[-77.40291058799477,39.34711657188738],[-77.39708941200524,39.34711657188738],[-77.39417882401048,39.35101074329302]]]}},{"type":"Feature","properties":{"land_value":307051},"geometry":{"type":"Polygon","coordinates":[[[-77.39417882401048,39.35879908610428],[-77.39708941200524,39.36269325750991],[-77.40291058799477,39.36269325750991],[-77.40582117598953,39.35879908610428],[-77.40291058799477,39.35490491469864],[-77.39708941200524,39.35490491469864],[-77.39417882401048,39.35879908610428]]]}},{"type":"Feature","properties":{"land_value":278147},"geometry":{"type":"Polygon","coordinates":[[[-77.39417882401048,39.36658742891554],[-77.39708941200524,39.37048160032117],[-77.40291058799477,39.37048160032117],[-77.40582117598953,39.36658742891554],[-77.40291058799477,39.3626932575099],[-77.39708941200524,39.3626932575099],[-77.39417882401048,39.36658742891554]]]}},{"type":"Feature","properties":{"land_value":352637},"geometry":{"type":"Polygon","coordinates":[[[-77.39417882401048,39.3743757717268],[-77.39708941200524,39.37826994313243],[-77.40291058799477,39.37826994313243],[-77.40582117598953,39.3743757717268],[-77.40291058799477,39.37048160032116],[-77.39708941200524,39.37048160032116],[-77.39417882401048,39.3743757717268]]]}},{"type":"Feature","properties":{"land_value":512584},"geometry":{"type":"Polygon","coordinates":[[[-77.39417882401048,39.382164114538064],[-77.39708941200524,39.3860582859437],[-77.40291058799477,39.3860582859437],[-77.40582117598953,39.382164114538064],[-77.40291058799477,39.37826994313243],[-77.39708941200524,39.37826994313243],[-77.39417882401048,39.382164114538064]]]}},{"type":"Feature","properties":{"land_value":612463},"geometry":{"type":"Polygon","coordinates":[[[-77.39417882401048,39.389952457349324],[-77.39708941200524,39.39384662875496],[-77.40291058799477,39.39384662875496],[-77.40582117598953,39.389952457349324],[-77.40291058799477,39.38605828594369],[-77.39708941200524,39.38605828594369],[-77.39417882401048,39.389952457349324]]]}},{"type":"Feature","properties":{"land_value":635704},"geometry":{"type":"Polygon","coordinates":[[[-77.39417882401048,39.397740800160584],[-77.39708941200524,39.40163497156622],[-77.40291058799477,39.40163497156622],[-77.40582117598953,39.397740800160584],[-77.40291058799477,39.39384662875495],[-77.39708941200524,39.39384662875495],[-77.39417882401048,39.397740800160584]]]}},{"type":"Feature","properties":{"land_value":720292},"geometry":{"type":"Polygon","coordinates":[[[-77.39417882401048,39.405529142971844],[-77.39708941200524,39.40942331437748],[-77.40291058799477,39.40942331437748],[-77.40582117598953,39.405529142971844],[-77.40291058799477,39.40163497156621],[-77.39708941200524,39.40163497156621],[-77.39417882401048,39.405529142971844]]]}},{"type":"Feature","properties":{"land_value":719481},"geometry":{"type":"Polygon","coordinates":[[[-77.39417882401048,39.413317485783104],[-77.39708941200524,39.41721165718874],[-77.40291058799477,39.41721165718874],[-77.40582117598953,39.413317485783104],[-77.40291058799477,39.40942331437747],[-77.39708941200524,39.40942331437747],[-77.39417882401048,39.413317485783104]]]}},{"type":"Feature","properties":{"land_value":548675},"geometry":{"type":"Polygon","coordinates":[[[-77.39417882401048,39.421105828594364],[-77.39708941200524,39.425],[-77.40291058799477,39.425],[-77.40582117598953,39.421105828594364],[-77.40291058799477,39.41721165718873],[-77.39708941200524,39.41721165718873],[-77.39417882401048,39.421105828594364]]]}},{"type":"Feature","properties":{"land_value":423070},"geometry":{"type":"Polygon","coordinates":[[[-77.39417882401048,39.42889417140563],[-77.39708941200524,39.432788342811264],[-77.40291058799477,39.432788342811264],[-77.40582117598953,39.42889417140563],[-77.40291058799477,39.425],[-77.39708941200524,39.425],[-77.39417882401048,39.42889417140563]]]}},{"type":"Feature","properties":{"land_value":444398},"geometry":{"type":"Polygon","coordinates":[[[-77.39417882401048,39.43668251421689],[-77.39708941200524,39.440576685622524],[-77.40291058799477,39.440576685622524],[-77.40582117598953,39.43668251421689],[-77.40291058799477,39.43278834281126],[-77.39708941200524,39.43278834281126],[-77.39417882401048,39.43668251421689]]]}},{"type":"Feature","properties":{"land_value":335581},"geometry":{"type":"Polygon","coordinates":[[[-77.39417882401048,39.44447085702815],[-77.39708941200524,39.448365028433784],[-77.40291058799477,39.448365028433784],[-77.40582117598953,39.44447085702815],[-77.40291058799477,39.44057668562252],[-77.39708941200524,39.44057668562252],[-77.39417882401048,39.44447085702815]]]}},{"type":"Feature","properties":{"land_value":386855},"geometry":{"type":"Polygon","coordinates":[[[-77.39417882401048,39.45225919983941],[-77.39708941200524,39.456153371245044],[-77.40291058799477,39.456153371245044],[-77.40582117598953,39.45225919983941],[-77.40291058799477,39.44836502843378],[-77.39708941200524,39.44836502843378],[-77.39417882401048,39.45225919983941]]]}},{"type":"Feature","properties":{"land_value":375027},"geometry":{"type":"Polygon","coordinates":[[[-77.39417882401048,39.46004754265067],[-77.39708941200524,39.463941714056304],[-77.40291058799477,39.463941714056304],[-77.40582117598953,39.46004754265067],[-77.40291058799477,39.45615337124504],[-77.39708941200524,39.45615337124504],[-77.39417882401048,39.46004754265067]]]}},{"type":"Feature","properties":{"land_value":325994},"geometry":{"type":"Polygon","coordinates":[[[-77.39417882401048,39.46783588546193],[-77.39708941200524,39.471730056867564],[-77.40291058799477,39.471730056867564],[-77.40582117598953,39.46783588546193],[-77.40291058799477,39.4639417140563],[-77.39708941200524,39.4639417140563],[-77.39417882401048,39.46783588546193]]]}},{"type":"Feature","properties":{"land_value":300882},"geometry":{"type":"Polygon","coordinates":[[[-77.39417882401048,39.4756242282732],[-77.39708941200524,39.47951839967883],[-77.40291058799477,39.47951839967883],[-77.40582117598953,39.4756242282732],[-77.40291058799477,39.471730056867564],[-77.39708941200524,39.471730056867564],[-77.39417882401048,39.4756242282732]]]}},{"type":"Feature","properties":{"land_value":267694},"geometry":{"type":"Polygon","coordinates":[[[-77.39417882401048,39.48341257108446],[-77.39708941200524,39.48730674249009],[-77.40291058799477,39.48730674249009],[-77.40582117598953,39.48341257108446],[-77.40291058799477,39.479518399678824],[-77.39708941200524,39.479518399678824],[-77.39417882401048,39.48341257108446]]]}},{"type":"Feature","properties":{"land_value":256801},"geometry":{"type":"Polygon","coordinates":[[[-77.39417882401048,39.49120091389572],[-77.39708941200524,39.49509508530135],[-77.40291058799477,39.49509508530135],[-77.40582117598953,39.49120091389572],[-77.40291058799477,39.487306742490084],[-77.39708941200524,39.487306742490084],[-77.39417882401048,39.49120091389572]]]}},{"type":"Feature","properties":{"land_value":188481},"geometry":{"type":"Polygon","coordinates":[[[-77.39417882401048,39.49898925670698],[-77.39708941200524,39.50288342811261],[-77.40291058799477,39.50288342811261],[-77.40582117598953,39.49898925670698],[-77.40291058799477,39.495095085301344],[-77.39708941200524,39.495095085301344],[-77.39417882401048,39.49898925670698]]]}},{"type":"Feature","properties":{"land_value":124305},"geometry":{"type":"Polygon","coordinates":[[[-77.39417882401048,39.50677759951824],[-77.39708941200524,39.51067177092387],[-77.40291058799477,39.51067177092387],[-77.40582117598953,39.50677759951824],[-77.40291058799477,39.502883428112604],[-77.39708941200524,39.502883428112604],[-77.39417882401048,39.50677759951824]]]}},{"type":"Feature","properties":{"land_value":143795},"geometry":{"type":"Polygon","coordinates":[[[-77.39417882401048,39.5145659423295],[-77.39708941200524,39.51846011373513],[-77.40291058799477,39.51846011373513],[-77.40582117598953,39.5145659423295],[-77.40291058799477,39.510671770923864],[-77.39708941200524,39.510671770923864],[-77.39417882401048,39.5145659423295]]]}},{"type":"Feature","properties":{"land_value":91323},"geometry":{"type":"Polygon","coordinates":[[[-77.39417882401048,39.522354285140764],[-77.39708941200524,39.5262484565464],[-77.40291058799477,39.5262484565464],[-77.40582117598953,39.522354285140764],[-77.40291058799477,39.51846011373513],[-77.39708941200524,39.51846011373513],[-77.39417882401048,39.522354285140764]]]}},{"type":"Feature","properties":{"land_value":87550},"geometry":{"type":"Polygon","coordinates":[[[-77.39417882401048,39.530142627952024],[-77.39708941200524,39.53403679935766],[-77.40291058799477,39.53403679935766],[-77.40582117598953,39.530142627952024],[-77.40291058799477,39.52624845654639],[-77.39708941200524,39.52624845654639],[-77.39417882401048,39.530142627952024]]]}},{"type":"Feature","properties":{"land_value":50000},"geometry":{"type":"Polygon","coordinates":[[[-77.39417882401048,39.537930970763284],[-77.39708941200524,39.54182514216892],[-77.40291058799477,39.54182514216892],[-77.40582117598953,39.537930970763284],[-77.40291058799477,39.53403679935765],[-77.39708941200524,39.53403679935765],[-77.39417882401048,39.537930970763284]]]}},{"type":"Feature","properties":{"land_value":50000},"geometry":{"type":"Polygon","coordinates":[[[-77.39417882401048,39.545719313574544],[-77.39708941200524,39.54961348498018],[-77.40291058799477,39.54961348498018],[-77.40582117598953,39.545719313574544],[-77.40291058799477,39.54182514216891],[-77.39708941200524,39.54182514216891],[-77.39417882401048,39.545719313574544]]]}},{"type":"Feature","properties":{"land_value":50000},"geometry":{"type":"Polygon","coordinates":[[[-77.39417882401048,39.553507656385804],[-77.39708941200524,39.55740182779144],[-77.40291058799477,39.55740182779144],[-77.40582117598953,39.553507656385804],[-77.40291058799477,39.54961348498017],[-77.39708941200524,39.54961348498017],[-77.39417882401048,39.553507656385804]]]}},{"type":"Feature","properties":{"land_value":50000},"geometry":{"type":"Polygon","coordinates":[[[-77.39417882401048,39.561295999197064],[-77.39708941200524,39.5651901706027],[-77.40291058799477,39.5651901706027],[-77.40582117598953,39.561295999197064],[-77.40291058799477,39.55740182779143],[-77.39708941200524,39.55740182779143],[-77.39417882401048,39.561295999197064]]]}},{"type":"Feature","properties":{"land_value":50000},"geometry":{"type":"Polygon","coordinates":[[[-77.39417882401048,39.56908434200833],[-77.39708941200524,39.572978513413965],[-77.40291058799477,39.572978513413965],[-77.40582117598953,39.56908434200833],[-77.40291058799477,39.5651901706027],[-77.39708941200524,39.5651901706027],[-77.39417882401048,39.56908434200833]]]}},{"type":"Feature","properties":{"land_value":50000},"geometry":{"type":"Polygon","coordinates":[[[-77.39417882401048,39.57687268481959],[-77.39708941200524,39.580766856225225],[-77.40291058799477,39.580766856225225],[-77.40582117598953,39.57687268481959],[-77.40291058799477,39.57297851341396],[-77.39708941200524,39.57297851341396],[-77.39417882401048,39.57687268481959]]]}},{"type":"Feature","properties":{"land_value":50000},"geometry":{"type":"Polygon","coordinates":[[[-77.39417882401048,39.58466102763085],[-77.39708941200524,39.588555199036485],[-77.40291058799477,39.588555199036485],[-77.40582117598953,39.58466102763085],[-77.40291058799477,39.58076685622522],[-77.39708941200524,39.58076685622522],[-77.39417882401048,39.58466102763085]]]}},{"type":"Feature","properties":{"land_value":50000},"geometry":{"type":"Polygon","coordinates":[[[-77.39417882401048,39.59244937044211],[-77.39708941200524,39.596343541847745],[-77.40291058799477,39.596343541847745],[-77.40582117598953,39.59244937044211],[-77.40291058799477,39.58855519903648],[-77.39708941200524,39.58855519903648],[-77.39417882401048,39.59244937044211]]]}},{"type":"Feature","properties":{"land_value":50000},"geometry":{"type":"Polygon","coordinates":[[[-77.3854470600262,39.26144480096351],[-77.38835764802096,39.26533897236914],[-77.39417882401048,39.26533897236914],[-77.39708941200524,39.26144480096351],[-77.39417882401048,39.257550629557876],[-77.38835764802096,39.257550629557876],[-77.3854470600262,39.26144480096351]]]}},{"type":"Feature","properties":{"land_value":50000},"geometry":{"type":"Polygon","coordinates":[[[-77.3854470600262,39.26923314377477],[-77.38835764802096,39.2731273151804],[-77.39417882401048,39.2731273151804],[-77.39708941200524,39.26923314377477],[-77.39417882401048,39.265338972369136],[-77.38835764802096,39.265338972369136],[-77.3854470600262,39.26923314377477]]]}},{"type":"Feature","properties":{"land_value":50000},"geometry":{"type":"Polygon","coordinates":[[[-77.3854470600262,39.27702148658603],[-77.38835764802096,39.28091565799166],[-77.39417882401048,39.28091565799166],[-77.39708941200524,39.27702148658603],[-77.39417882401048,39.273127315180396],[-77.38835764802096,39.273127315180396],[-77.3854470600262,39.27702148658603]]]}},{"type":"Feature","properties":{"land_value":50000},"geometry":{"type":"Polygon","coordinates":[[[-77.3854470600262,39.2848098293973],[-77.38835764802096,39.28870400080293],[-77.39417882401048,39.28870400080293],[-77.39708941200524,39.2848098293973],[-77.39417882401048,39.28091565799166],[-77.38835764802096,39.28091565799166],[-77.3854470600262,39.2848098293973]]]}},{"type":"Feature","properties":{"land_value":88734},"geometry":{"type":"Polygon","coordinates":[[[-77.3854470600262,39.29259817220856],[-77.38835764802096,39.29649234361419],[-77.39417882401048,39.29649234361419],[-77.39708941200524,39.29259817220856],[-77.39417882401048,39.28870400080292],[-77.38835764802096,39.28870400080292],[-77.3854470600262,39.29259817220856]]]}},{"type":"Feature","properties":{"land_value":84486},"geometry":{"type":"Polygon","coordinates":[[[-77.3854470600262,39.30038651501982],[-77.38835764802096,39.30428068642545],[-77.39417882401048,39.30428068642545],[-77.39708941200524,39.30038651501982],[-77.39417882401048,39.29649234361418],[-77.38835764802096,39.29649234361418],[-77.3854470600262,39.30038651501982]]]}},{"type":"Feature","properties":{"land_value":87782},"geometry":{"type":"Polygon","coordinates":[[[-77.3854470600262,39.30817485783108],[-77.38835764802096,39.31206902923671],[-77.39417882401048,39.31206902923671],[-77.39708941200524,39.30817485783108],[-77.39417882401048,39.30428068642544],[-77.38835764802096,39.30428068642544],[-77.3854470600262,39.30817485783108]]]}},{"type":"Feature","properties":{"land_value":148756},"geometry":{"type":"Polygon","coordinates":[[[-77.3854470600262,39.31596320064234],[-77.38835764802096,39.31985737204797],[-77.39417882401048,39.31985737204797],[-77.39708941200524,39.31596320064234],[-77.39417882401048,39.3120690292367],[-77.38835764802096,39.3120690292367],[-77.3854470600262,39.31596320064234]]]}},{"type":"Feature","properties":{"land_value":168970},"geometry":{"type":"Polygon","coordinates":[[[-77.3854470600262,39.3237515434536],[-77.38835764802096,39.32764571485923],[-77.39417882401048,39.32764571485923],[-77.39708941200524,39.3237515434536],[-77.39417882401048,39.31985737204796],[-77.38835764802096,39.31985737204796],[-77.3854470600262,39.3237515434536]]]}},{"type":"Feature","properties":{"land_value":199940},"geometry":{"type":"Polygon","coordinates":[[[-77.3854470600262,39.33153988626486],[-77.38835764802096,39.3354340576705],[-77.39417882401048,39.3354340576705],[-77.39708941200524,39.33153988626486],[-77.39417882401048,39.32764571485923],[-77.38835764802096,39.32764571485923],[-77.3854470600262,39.33153988626486]]]}},{"type":"Feature","properties":{"land_value":204971},"geometry":{"type":"Polygon","coordinates":[[[-77.3854470600262,39.33932822907612],[-77.38835764802096,39.34322240048176],[-77.39417882401048,39.34322240048176],[-77.39708941200524,39.33932822907612],[-77.39417882401048,39.33543405767049],[-77.38835764802096,39.33543405767049],[-77.3854470600262,39.33932822907612]]]}},{"type":"Feature","properties":{"land_value":293949},"geometry":{"type":"Polygon","coordinates":[[[-77.3854470600262,39.34711657188738],[-77.38835764802096,39.35101074329302],[-77.39417882401048,39.35101074329302],[-77.39708941200524,39.34711657188738],[-77.39417882401048,39.34322240048175],[-77.38835764802096,39.34322240048175],[-77.3854470600262,39.34711657188738]]]}},{"type":"Feature","properties":{"land_value":231430},"geometry":{"type":"Polygon","coordinates":[[[-77.3854470600262,39.35490491469864],[-77.38835764802096,39.35879908610428],[-77.39417882401048,39.35879908610428],[-77.39708941200524,39.35490491469864],[-77.39417882401048,39.35101074329301],[-77.38835764802096,39.35101074329301],[-77.3854470600262,39.35490491469864]]]}},{"type":"Feature","properties":{"land_value":285875},"geometry":{"type":"Polygon","coordinates":[[[-77.3854470600262,39.3626932575099],[-77.38835764802096,39.36658742891554],[-77.39417882401048,39.36658742891554],[-77.39708941200524,39.3626932575099],[-77.39417882401048,39.35879908610427],[-77.38835764802096,39.35879908610427],[-77.3854470600262,39.3626932575099]]]}},{"type":"Feature","properties":{"land_value":426501},"geometry":{"type":"Polygon","coordinates":[[[-77.3854470600262,39.37048160032116],[-77.38835764802096,39.3743757717268],[-77.39417882401048,39.3743757717268],[-77.39708941200524,39.37048160032116],[-77.39417882401048,39.36658742891553],[-77.38835764802096,39.36658742891553],[-77.3854470600262,39.37048160032116]]]}},{"type":"Feature","properties":{"land_value":480801},"geometry":{"type":"Polygon","coordinates":[[[-77.3854470600262,39.37826994313243],[-77.38835764802096,39.382164114538064],[-77.39417882401048,39.382164114538064],[-77.39708941200524,39.37826994313243],[-77.39417882401048,39.3743757717268],[-77.38835764802096,39.3743757717268],[-77.3854470600262,39.37826994313243]]]}},{"type":"Feature","properties":{"land_value":615730},"geometry":{"type":"Polygon","coordinates":[[[-77.3854470600262,39.38605828594369],[-77.38835764802096,39.389952457349324],[-77.39417882401048,39.389952457349324],[-77.39708941200524,39.38605828594369],[-77.39417882401048,39.38216411453806],[-77.38835764802096,39.38216411453806],[-77.3854470600262,39.38605828594369]]]}},{"type":"Feature","properties":{"land_value":680186},"geometry":{"type":"Polygon","coordinates":[[[-77.3854470600262,39.39384662875495],[-77.38835764802096,39.397740800160584],[-77.39417882401048,39.397740800160584],[-77.39708941200524,39.39384662875495],[-77.39417882401048,39.38995245734932],[-77.38835764802096,39.38995245734932],[-77.3854470600262,39.39384662875495]]]}},{"type":"Feature","properties":{"land_value":649914},"geometry":{"type":"Polygon","coordinates":[[[-77.3854470600262,39.40163497156621],[-77.38835764802096,39.405529142971844],[-77.39417882401048,39.405529142971844],[-77.39708941200524,39.40163497156621],[-77.39417882401048,39.39774080016058],[-77.38835764802096,39.39774080016058],[-77.3854470600262,39.40163497156621]]]}},{"type":"Feature","properties":{"land_value":543438},"geometry":{"type":"Polygon","coordinates":[[[-77.3854470600262,39.40942331437747],[-77.38835764802096,39.413317485783104],[-77.39417882401048,39.413317485783104],[-77.39708941200524,39.40942331437747],[-77.39417882401048,39.40552914297184],[-77.38835764802096,39.40552914297184],[-77.3854470600262,39.40942331437747]]]}},{"type":"Feature","properties":{"land_value":540917},"geometry":{"type":"Polygon","coordinates":[[[-77.3854470600262,39.41721165718873],[-77.38835764802096,39.421105828594364],[-77.39417882401048,39.421105828594364],[-77.39708941200524,39.41721165718873],[-77.39417882401048,39.4133174857831],[-77.38835764802096,39.4133174857831],[-77.3854470600262,39.41721165718873]]]}},{"type":"Feature","properties":{"land_value":384517},"geometry":{"type":"Polygon","coordinates":[[[-77.3854470600262,39.425],[-77.38835764802096,39.42889417140563],[-77.39417882401048,39.42889417140563],[-77.39708941200524,39.425],[-77.39417882401048,39.421105828594364],[-77.38835764802096,39.421105828594364],[-77.3854470600262,39.425]]]}},{"type":"Feature","properties":{"land_value":387740},"geometry":{"type":"Polygon","coordinates":[[[-77.3854470600262,39.43278834281126],[-77.38835764802096,39.43668251421689],[-77.39417882401048,39.43668251421689],[-77.39708941200524,39.43278834281126],[-77.39417882401048,39.428894171405624],[-77.38835764802096,39.428894171405624],[-77.3854470600262,39.43278834281126]]]}},{"type":"Feature","properties":{"land_value":362526},"geometry":{"type":"Polygon","coordinates":[[[-77.3854470600262,39.44057668562252],[-77.38835764802096,39.44447085702815],[-77.39417882401048,39.44447085702815],[-77.39708941200524,39.44057668562252],[-77.39417882401048,39.43668251421688],[-77.38835764802096,39.43668251421688],[-77.3854470600262,39.44057668562252]]]}},{"type":"Feature","properties":{"land_value":345398},"geometry":{"type":"Polygon","coordinates":[[[-77.3854470600262,39.44836502843378],[-77.38835764802096,39.45225919983941],[-77.39417882401048,39.45225919983941],[-77.39708941200524,39.44836502843378],[-77.39417882401048,39.44447085702814],[-77.38835764802096,39.44447085702814],[-77.3854470600262,39.44836502843378]]]}},{"type":"Feature","properties":{"land_value":315714},"geometry":{"type":"Polygon","coordinates":[[[-77.3854470600262,39.45615337124504],[-77.38835764802096,39.46004754265067],[-77.39417882401048,39.46004754265067],[-77.39708941200524,39.45615337124504],[-77.39417882401048,39.4522591998394],[-77.38835764802096,39.4522591998394],[-77.3854470600262,39.45615337124504]]]}},{"type":"Feature","properties":{"land_value":357742},"geometry":{"type":"Polygon","coordinates":[[[-77.3854470600262,39.4639417140563],[-77.38835764802096,39.46783588546193],[-77.39417882401048,39.46783588546193],[-77.39708941200524,39.4639417140563],[-77.39417882401048,39.46004754265066],[-77.38835764802096,39.46004754265066],[-77.3854470600262,39.4639417140563]]]}},{"type":"Feature","properties":{"land_value":294342},"geometry":{"type":"Polygon","coordinates":[[[-77.3854470600262,39.471730056867564],[-77.38835764802096,39.4756242282732],[-77.39417882401048,39.4756242282732],[-77.39708941200524,39.471730056867564],[-77.39417882401048,39.46783588546193],[-77.38835764802096,39.46783588546193],[-77.3854470600262,39.471730056867564]]]}},{"type":"Feature","properties":{"land_value":293778},"geometry":{"type":"Polygon","coordinates":[[[-77.3854470600262,39.479518399678824],[-77.38835764802096,39.48341257108446],[-77.39417882401048,39.48341257108446],[-77.39708941200524,39.479518399678824],[-77.39417882401048,39.47562422827319],[-77.38835764802096,39.47562422827319],[-77.3854470600262,39.479518399678824]]]}},{"type":"Feature","properties":{"land_value":198845},"geometry":{"type":"Polygon","coordinates":[[[-77.3854470600262,39.487306742490084],[-77.38835764802096,39.49120091389572],[-77.39417882401048,39.49120091389572],[-77.39708941200524,39.487306742490084],[-77.39417882401048,39.48341257108445],[-77.38835764802096,39.48341257108445],[-77.3854470600262,39.487306742490084]]]}},{"type":"Feature","properties":{"land_value":222153},"geometry":{"type":"Polygon","coordinates":[[[-77.3854470600262,39.495095085301344],[-77.38835764802096,39.49898925670698],[-77.39417882401048,39.49898925670698],[-77.39708941200524,39.495095085301344],[-77.39417882401048,39.49120091389571],[-77.38835764802096,39.49120091389571],[-77.3854470600262,39.495095085301344]]]}},{"type":"Feature","properties":{"land_value":174691},"geometry":{"type":"Polygon","coordinates":[[[-77.3854470600262,39.502883428112604],[-77.38835764802096,39.50677759951824],[-77.39417882401048,39.50677759951824],[-77.39708941200524,39.502883428112604],[-77.39417882401048,39.49898925670697],[-77.38835764802096,39.49898925670697],[-77.3854470600262,39.502883428112604]]]}},{"type":"Feature","properties":{"land_value":163799},"geometry":{"type":"Polygon","coordinates":[[[-77.3854470600262,39.510671770923864],[-77.38835764802096,39.5145659423295],[-77.39417882401048,39.5145659423295],[-77.39708941200524,39.510671770923864],[-77.39417882401048,39.50677759951823],[-77.38835764802096,39.50677759951823],[-77.3854470600262,39.510671770923864]]]}},{"type":"Feature","properties":{"land_value":146904},"geometry":{"type":"Polygon","coordinates":[[[-77.3854470600262,39.51846011373513],[-77.38835764802096,39.522354285140764],[-77.39417882401048,39.522354285140764],[-77.39708941200524,39.51846011373513],[-77.39417882401048,39.5145659423295],[-77.38835764802096,39.5145659423295],[-77.3854470600262,39.51846011373513]]]}},{"type":"Feature","properties":{"land_value":106960},"geometry":{"type":"Polygon","coordinates":[[[-77.3854470600262,39.52624845654639],[-77.38835764802096,39.530142627952024],[-77.39417882401048,39.530142627952024],[-77.39708941200524,39.52624845654639],[-77.39417882401048,39.52235428514076],[-77.38835764802096,39.52235428514076],[-77.3854470600262,39.52624845654639]]]}},{"type":"Feature","properties":{"land_value":84381},"geometry":{"type":"Polygon","coordinates":[[[-77.3854470600262,39.53403679935765],[-77.38835764802096,39.537930970763284],[-77.39417882401048,39.537930970763284],[-77.39708941200524,39.53403679935765],[-77.39417882401048,39.53014262795202],[-77.38835764802096,39.53014262795202],[-77.3854470600262,39.53403679935765]]]}},{"type":"Feature","properties":{"land_value":50000},"geometry":{"type":"Polygon","coordinates":[[[-77.3854470600262,39.54182514216891],[-77.38835764802096,39.545719313574544],[-77.39417882401048,39.545719313574544],[-77.39708941200524,39.54182514216891],[-77.39417882401048,39.53793097076328],[-77.38835764802096,39.53793097076328],[-77.3854470600262,39.54182514216891]]]}},{"type":"Feature","properties":{"land_value":50000},"geometry":{"type":"Polygon","coordinates":[[[-77.3854470600262,39.54961348498017],[-77.38835764802096,39.553507656385804],[-77.39417882401048,39.553507656385804],[-77.39708941200524,39.54961348498017],[-77.39417882401048,39.54571931357454],[-77.38835764802096,39.54571931357454],[-77.3854470600262,39.54961348498017]]]}},{"type":"Feature","properties":{"land_value":50000},"geometry":{"type":"Polygon","coordinates":[[[-77.3854470600262,39.55740182779143],[-77.38835764802096,39.561295999197064],[-77.39417882401048,39.561295999197064],[-77.39708941200524,39.55740182779143],[-77.39417882401048,39.5535076563858],[-77.38835764802096,39.5535076563858],[-77.3854470600262,39.55740182779143]]]}},{"type":"Feature","properties":{"land_value":50000},"geometry":{"type":"Polygon","coordinates":[[[-77.3854470600262,39.5651901706027],[-77.38835764802096,39.56908434200833],[-77.39417882401048,39.56908434200833],[-77.39708941200524,39.5651901706027],[-77.39417882401048,39.561295999197064],[-77.38835764802096,39.561295999197064],[-77.3854470600262,39.5651901706027]]]}},{"type":"Feature","properties":{"land_value":50000},"geometry":{"type":"Polygon","coordinates":[[[-77.3854470600262,39.57297851341396],[-77.38835764802096,39.57687268481959],[-77.39417882401048,39.57687268481959],[-77.39708941200524,39.57297851341396],[-77.39417882401048,39.569084342008324],[-77.38835764802096,39.569084342008324],[-77.3854470600262,39.57297851341396]]]}},{"type":"Feature","properties":{"land_value":50000},"geometry":{"type":"Polygon","coordinates":[[[-77.3854470600262,39.58076685622522],[-77.38835764802096,39.58466102763085],[-77.39417882401048,39.58466102763085],[-77.39708941200524,39.58076685622522],[-77.39417882401048,39.576872684819584],[-77.38835764802096,39.576872684819584],[-77.3854470600262,39.58076685622522]]]}},{"type":"Feature","properties":{"land_value":50000},"geometry":{"type":"Polygon","coordinates":[[[-77.3854470600262,39.58855519903648],[-77.38835764802096,39.59244937044211],[-77.39417882401048,39.59244937044211],[-77.39708941200524,39.58855519903648],[-77.39417882401048,39.584661027630844],[-77.38835764802096,39.584661027630844],[-77.3854470600262,39.58855519903648]]]}},{"type":"Feature","properties":{"land_value":50000},"geometry":{"type":"Polygon","coordinates":[[[-77.37671529604192,39.25755062955788],[-77.37962588403668,39.26144480096352],[-77.38544706002621,39.26144480096352],[-77.38835764802097,39.25755062955788],[-77.38544706002621,39.25365645815225],[-77.37962588403668,39.25365645815225],[-77.37671529604192,39.25755062955788]]]}},{"type":"Feature","properties":{"land_value":50000},"geometry":{"type":"Polygon","coordinates":[[[-77.37671529604192,39.26533897236914],[-77.37962588403668,39.26923314377478],[-77.38544706002621,39.26923314377478],[-77.38835764802097,39.26533897236914],[-77.38544706002621,39.26144480096351],[-77.37962588403668,39.26144480096351],[-77.37671529604192,39.26533897236914]]]}},{"type":"Feature","properties":{"land_value":50000},"geometry":{"type":"Polygon","coordinates":[[[-77.37671529604192,39.2731273151804],[-77.37962588403668,39.27702148658604],[-77.38544706002621,39.27702148658604],[-77.38835764802097,39.2731273151804],[-77.38544706002621,39.26923314377477],[-77.37962588403668,39.26923314377477],[-77.37671529604192,39.2731273151804]]]}},{"type":"Feature","properties":{"land_value":50000},"geometry":{"type":"Polygon","coordinates":[[[-77.37671529604192,39.28091565799166],[-77.37962588403668,39.2848098293973],[-77.38544706002621,39.2848098293973],[-77.38835764802097,39.28091565799166],[-77.38544706002621,39.27702148658603],[-77.37962588403668,39.27702148658603],[-77.37671529604192,39.28091565799166]]]}},{"type":"Feature","properties":{"land_value":50000},"geometry":{"type":"Polygon","coordinates":[[[-77.37671529604192,39.28870400080293],[-77.37962588403668,39.292598172208564],[-77.38544706002621,39.292598172208564],[-77.38835764802097,39.28870400080293],[-77.38544706002621,39.2848098293973],[-77.37962588403668,39.2848098293973],[-77.37671529604192,39.28870400080293]]]}},{"type":"Feature","properties":{"land_value":99121},"geometry":{"type":"Polygon","coordinates":[[[-77.37671529604192,39.29649234361419],[-77.37962588403668,39.300386515019824],[-77.38544706002621,39.300386515019824],[-77.38835764802097,39.29649234361419],[-77.38544706002621,39.29259817220856],[-77.37962588403668,39.29259817220856],[-77.37671529604192,39.29649234361419]]]}},{"type":"Feature","properties":{"land_value":50000},"geometry":{"type":"Polygon","coordinates":[[[-77.37671529604192,39.30428068642545],[-77.37962588403668,39.308174857831084],[-77.38544706002621,39.308174857831084],[-77.38835764802097,39.30428068642545],[-77.38544706002621,39.30038651501982],[-77.37962588403668,39.30038651501982],[-77.37671529604192,39.30428068642545]]]}},{"type":"Feature","properties":{"land_value":95226},"geometry":{"type":"Polygon","coordinates":[[[-77.37671529604192,39.31206902923671],[-77.37962588403668,39.315963200642344],[-77.38544706002621,39.315963200642344],[-77.38835764802097,39.31206902923671],[-77.38544706002621,39.30817485783108],[-77.37962588403668,39.30817485783108],[-77.37671529604192,39.31206902923671]]]}},{"type":"Feature","properties":{"land_value":94282},"geometry":{"type":"Polygon","coordinates":[[[-77.37671529604192,39.31985737204797],[-77.37962588403668,39.323751543453604],[-77.38544706002621,39.323751543453604],[-77.38835764802097,39.31985737204797],[-77.38544706002621,39.31596320064234],[-77.37962588403668,39.31596320064234],[-77.37671529604192,39.31985737204797]]]}},{"type":"Feature","properties":{"land_value":166141},"geometry":{"type":"Polygon","coordinates":[[[-77.37671529604192,39.32764571485923],[-77.37962588403668,39.33153988626486],[-77.38544706002621,39.33153988626486],[-77.38835764802097,39.32764571485923],[-77.38544706002621,39.3237515434536],[-77.37962588403668,39.3237515434536],[-77.37671529604192,39.32764571485923]]]}},{"type":"Feature","properties":{"land_value":243822},"geometry":{"type":"Polygon","coordinates":[[[-77.37671529604192,39.3354340576705],[-77.37962588403668,39.33932822907613],[-77.38544706002621,39.33932822907613],[-77.38835764802097,39.3354340576705],[-77.38544706002621,39.33153988626486],[-77.37962588403668,39.33153988626486],[-77.37671529604192,39.3354340576705]]]}},{"type":"Feature","properties":{"land_value":181219},"geometry":{"type":"Polygon","coordinates":[[[-77.37671529604192,39.34322240048176],[-77.37962588403668,39.34711657188739],[-77.38544706002621,39.34711657188739],[-77.38835764802097,39.34322240048176],[-77.38544706002621,39.33932822907612],[-77.37962588403668,39.33932822907612],[-77.37671529604192,39.34322240048176]]]}},{"type":"Feature","properties":{"land_value":301875},"geometry":{"type":"Polygon","coordinates":[[[-77.37671529604192,39.35101074329302],[-77.37962588403668,39.35490491469865],[-77.38544706002621,39.35490491469865],[-77.38835764802097,39.35101074329302],[-77.38544706002621,39.34711657188738],[-77.37962588403668,39.34711657188738],[-77.37671529604192,39.35101074329302]]]}},{"type":"Feature","properties":{"land_value":353947},"geometry":{"type":"Polygon","coordinates":[[[-77.37671529604192,39.35879908610428],[-77.37962588403668,39.36269325750991],[-77.38544706002621,39.36269325750991],[-77.38835764802097,39.35879908610428],[-77.38544706002621,39.35490491469864],[-77.37962588403668,39.35490491469864],[-77.37671529604192,39.35879908610428]]]}},{"type":"Feature","properties":{"land_value":391082},"geometry":{"type":"Polygon","coordinates":[[[-77.37671529604192,39.36658742891554],[-77.37962588403668,39.37048160032117],[-77.38544706002621,39.37048160032117],[-77.38835764802097,39.36658742891554],[-77.38544706002621,39.3626932575099],[-77.37962588403668,39.3626932575099],[-77.37671529604192,39.36658742891554]]]}},{"type":"Feature","properties":{"land_value":494849},"geometry":{"type":"Polygon","coordinates":[[[-77.37671529604192,39.3743757717268],[-77.37962588403668,39.37826994313243],[-77.38544706002621,39.37826994313243],[-77.38835764802097,39.3743757717268],[-77.38544706002621,39.37048160032116],[-77.37962588403668,39.37048160032116],[-77.37671529604192,39.3743757717268]]]}},{"type":"Feature","properties":{"land_value":630990},"geometry":{"type":"Polygon","coordinates":[[[-77.37671529604192,39.382164114538064],[-77.37962588403668,39.3860582859437],[-77.38544706002621,39.3860582859437],[-77.38835764802097,39.382164114538064],[-77.38544706002621,39.37826994313243],[-77.37962588403668,39.37826994313243],[-77.37671529604192,39.382164114538064]]]}},{"type":"Feature","properties":{"land_value":586444},"geometry":{"type":"Polygon","coordinates":[[[-77.37671529604192,39.389952457349324],[-77.37962588403668,39.39384662875496],[-77.38544706002621,39.39384662875496],[-77.38835764802097,39.389952457349324],[-77.38544706002621,39.38605828594369],[-77.37962588403668,39.38605828594369],[-77.37671529604192,39.389952457349324]]]}},{"type":"Feature","properties":{"land_value":546764},"geometry":{"type":"Polygon","coordinates":[[[-77.37671529604192,39.397740800160584],[-77.37962588403668,39.40163497156622],[-77.38544706002621,39.40163497156622],[-77.38835764802097,39.397740800160584],[-77.38544706002621,39.39384662875495],[-77.37962588403668,39.39384662875495],[-77.37671529604192,39.397740800160584]]]}},{"type":"Feature","properties":{"land_value":546120},"geometry":{"type":"Polygon","coordinates":[[[-77.37671529604192,39.405529142971844],[-77.37962588403668,39.40942331437748],[-77.38544706002621,39.40942331437748],[-77.38835764802097,39.405529142971844],[-77.38544706002621,39.40163497156621],[-77.37962588403668,39.40163497156621],[-77.37671529604192,39.405529142971844]]]}},{"type":"Feature","properties":{"land_value":487383},"geometry":{"type":"Polygon","coordinates":[[[-77.37671529604192,39.413317485783104],[-77.37962588403668,39.41721165718874],[-77.38544706002621,39.41721165718874],[-77.38835764802097,39.413317485783104],[-77.38544706002621,39.40942331437747],[-77.37962588403668,39.40942331437747],[-77.37671529604192,39.413317485783104]]]}},{"type":"Feature","properties":{"land_value":375771},"geometry":{"type":"Polygon","coordinates":[[[-77.37671529604192,39.421105828594364],[-77.37962588403668,39.425],[-77.38544706002621,39.425],[-77.38835764802097,39.421105828594364],[-77.38544706002621,39.41721165718873],[-77.37962588403668,39.41721165718873],[-77.37671529604192,39.421105828594364]]]}},{"type":"Feature","properties":{"land_value":382665},"geometry":{"type":"Polygon","coordinates":[[[-77.37671529604192,39.42889417140563],[-77.37962588403668,39.432788342811264],[-77.38544706002621,39.432788342811264],[-77.38835764802097,39.42889417140563],[-77.38544706002621,39.425],[-77.37962588403668,39.425],[-77.37671529604192,39.42889417140563]]]}},{"type":"Feature","properties":{"land_value":347678},"geometry":{"type":"Polygon","coordinates":[[[-77.37671529604192,39.43668251421689],[-77.37962588403668,39.440576685622524],[-77.38544706002621,39.440576685622524],[-77.38835764802097,39.43668251421689],[-77.38544706002621,39.43278834281126],[-77.37962588403668,39.43278834281126],[-77.37671529604192,39.43668251421689]]]}},{"type":"Feature","properties":{"land_value":359189},"geometry":{"type":"Polygon","coordinates":[[[-77.37671529604192,39.44447085702815],[-77.37962588403668,39.448365028433784],[-77.38544706002621,39.448365028433784],[-77.38835764802097,39.44447085702815],[-77.38544706002621,39.44057668562252],[-77.37962588403668,39.44057668562252],[-77.37671529604192,39.44447085702815]]]}},{"type":"Feature","properties":{"land_value":328747},"geometry":{"type":"Polygon","coordinates":[[[-77.37671529604192,39.45225919983941],[-77.37962588403668,39.456153371245044],[-77.38544706002621,39.456153371245044],[-77.38835764802097,39.45225919983941],[-77.38544706002621,39.44836502843378],[-77.37962588403668,39.44836502843378],[-77.37671529604192,39.45225919983941]]]}},{"type":"Feature","properties":{"land_value":294757},"geometry":{"type":"Polygon","coordinates":[[[-77.37671529604192,39.46004754265067],[-77.37962588403668,39.463941714056304],[-77.38544706002621,39.463941714056304],[-77.38835764802097,39.46004754265067],[-77.38544706002621,39.45615337124504],[-77.37962588403668,39.45615337124504],[-77.37671529604192,39.46004754265067]]]}},{"type":"Feature","properties":{"land_value":332742},"geometry":{"type":"Polygon","coordinates":[[[-77.37671529604192,39.46783588546193],[-77.37962588403668,39.471730056867564],[-77.38544706002621,39.471730056867564],[-77.38835764802097,39.46783588546193],[-77.38544706002621,39.4639417140563],[-77.37962588403668,39.4639417140563],[-77.37671529604192,39.46783588546193]]]}},{"type":"Feature","properties":{"land_value":263347},"geometry":{"type":"Polygon","coordinates":[[[-77.37671529604192,39.4756242282732],[-77.37962588403668,39.47951839967883],[-77.38544706002621,39.47951839967883],[-77.38835764802097,39.4756242282732],[-77.38544706002621,39.471730056867564],[-77.37962588403668,39.471730056867564],[-77.37671529604192,39.4756242282732]]]}},{"type":"Feature","properties":{"land_value":189403},"geometry":{"type":"Polygon","coordinates":[[[-77.37671529604192,39.48341257108446],[-77.37962588403668,39.48730674249009],[-77.38544706002621,39.48730674249009],[-77.38835764802097,39.48341257108446],[-77.38544706002621,39.479518399678824],[-77.37962588403668,39.479518399678824],[-77.37671529604192,39.48341257108446]]]}},{"type":"Feature","properties":{"land_value":162036},"geometry":{"type":"Polygon","coordinates":[[[-77.37671529604192,39.49120091389572],[-77.37962588403668,39.49509508530135],[-77.38544706002621,39.49509508530135],[-77.38835764802097,39.49120091389572],[-77.38544706002621,39.487306742490084],[-77.37962588403668,39.487306742490084],[-77.37671529604192,39.49120091389572]]]}},{"type":"Feature","properties":{"land_value":169057},"geometry":{"type":"Polygon","coordinates":[[[-77.37671529604192,39.49898925670698],[-77.37962588403668,39.50288342811261],[-77.38544706002621,39.50288342811261],[-77.38835764802097,39.49898925670698],[-77.38544706002621,39.495095085301344],[-77.37962588403668,39.495095085301344],[-77.37671529604192,39.49898925670698]]]}},{"type":"Feature","properties":{"land_value":110089},"geometry":{"type":"Polygon","coordinates":[[[-77.37671529604192,39.50677759951824],[-77.37962588403668,39.51067177092387],[-77.38544706002621,39.51067177092387],[-77.38835764802097,39.50677759951824],[-77.38544706002621,39.502883428112604],[-77.37962588403668,39.502883428112604],[-77.37671529604192,39.50677759951824]]]}},{"type":"Feature","properties":{"land_value":75264},"geometry":{"type":"Polygon","coordinates":[[[-77.37671529604192,39.5145659423295],[-77.37962588403668,39.51846011373513],[-77.38544706002621,39.51846011373513],[-77.38835764802097,39.5145659423295],[-77.38544706002621,39.510671770923864],[-77.37962588403668,39.510671770923864],[-77.37671529604192,39.5145659423295]]]}},{"type":"Feature","properties":{"land_value":115802},"geometry":{"type":"Polygon","coordinates":[[[-77.37671529604192,39.522354285140764],[-77.37962588403668,39.5262484565464],[-77.38544706002621,39.5262484565464],[-77.38835764802097,39.522354285140764],[-77.38544706002621,39.51846011373513],[-77.37962588403668,39.51846011373513],[-77.37671529604192,39.522354285140764]]]}},{"type":"Feature","properties":{"land_value":64120},"geometry":{"type":"Polygon","coordinates":[[[-77.37671529604192,39.530142627952024],[-77.37962588403668,39.53403679935766],[-77.38544706002621,39.53403679935766],[-77.38835764802097,39.530142627952024],[-77.38544706002621,39.52624845654639],[-77.37962588403668,39.52624845654639],[-77.37671529604192,39.530142627952024]]]}},{"type":"Feature","properties":{"land_value":51919},"geometry":{"type":"Polygon","coordinates":[[[-77.37671529604192,39.537930970763284],[-77.37962588403668,39.54182514216892],[-77.38544706002621,39.54182514216892],[-77.38835764802097,39.537930970763284],[-77.38544706002621,39.53403679935765],[-77.37962588403668,39.53403679935765],[-77.37671529604192,39.537930970763284]]]}},{"type":"Feature","properties":{"land_value":50000},"geometry":{"type":"Polygon","coordinates":[[[-77.37671529604192,39.545719313574544],[-77.37962588403668,39.54961348498018],[-77.38544706002621,39.54961348498018],[-77.38835764802097,39.545719313574544],[-77.38544706002621,39.54182514216891],[-77.37962588403668,39.54182514216891],[-77.37671529604192,39.545719313574544]]]}},{"type":"Feature","properties":{"land_value":50000},"geometry":{"type":"Polygon","coordinates":[[[-77.37671529604192,39.553507656385804],[-77.37962588403668,39.55740182779144],[-77.38544706002621,39.55740182779144],[-77.38835764802097,39.553507656385804],[-77.38544706002621,39.54961348498017],[-77.37962588403668,39.54961348498017],[-77.37671529604192,39.553507656385804]]]}},{"type":"Feature","properties":{"land_value":50000},"geometry":{"type":"Polygon","coordinates":[[[-77.37671529604192,39.561295999197064],[-77.37962588403668,39.5651901706027],[-77.38544706002621,39.5651901706027],[-77.38835764802097,39.561295999197064],[-77.38544706002621,39.55740182779143],[-77.37962588403668,39.55740182779143],[-77.37671529604192,39.561295999197064]]]}},{"type":"Feature","properties":{"land_value":50000},"geometry":{"type":"Polygon","coordinates":[[[-77.37671529604192,39.56908434200833],[-77.37962588403668,39.572978513413965],[-77.38544706002621,39.572978513413965],[-77.38835764802097,39.56908434200833],[-77.38544706002621,39.5651901706027],[-77.37962588403668,39.5651901706027],[-77.37671529604192,39.56908434200833]]]}},{"type":"Feature","properties":{"land_value":50000},"geometry":{"type":"Polygon","coordinates":[[[-77.37671529604192,39.57687268481959],[-77.37962588403668,39.580766856225225],[-77.38544706002621,39.580766856225225],[-77.38835764802097,39.57687268481959],[-77.38544706002621,39.57297851341396],[-77.37962588403668,39.57297851341396],[-77.37671529604192,39.57687268481959]]]}},{"type":"Feature","properties":{"land_value":50000},"geometry":{"type":"Polygon","coordinates":[[[-77.37671529604192,39.58466102763085],[-77.37962588403668,39.588555199036485],[-77.38544706002621,39.588555199036485],[-77.38835764802097,39.58466102763085],[-77.38544706002621,39.58076685622522],[-77.37962588403668,39.58076685622522],[-77.37671529604192,39.58466102763085]]]}},{"type":"Feature","properties":{"land_value":50000},"geometry":{"type":"Polygon","coordinates":[[[-77.37671529604192,39.59244937044211],[-77.37962588403668,39.596343541847745],[-77.38544706002621,39.596343541847745],[-77.38835764802097,39.59244937044211],[-77.38544706002621,39.58855519903648],[-77.37962588403668,39.58855519903648],[-77.37671529604192,39.59244937044211]]]}},{"type":"Feature","properties":{"land_value":50000},"geometry":{"type":"Polygon","coordinates":[[[-77.36798353205764,39.26144480096351],[-77.3708941200524,39.26533897236914],[-77.37671529604192,39.26533897236914],[-77.37962588403668,39.26144480096351],[-77.37671529604192,39.257550629557876],[-77.3708941200524,39.257550629557876],[-77.36798353205764,39.26144480096351]]]}},{"type":"Feature","properties":{"land_value":50000},"geometry":{"type":"Polygon","coordinates":[[[-77.36798353205764,39.26923314377477],[-77.3708941200524,39.2731273151804],[-77.37671529604192,39.2731273151804],[-77.37962588403668,39.26923314377477],[-77.37671529604192,39.265338972369136],[-77.3708941200524,39.265338972369136],[-77.36798353205764,39.26923314377477]]]}},{"type":"Feature","properties":{"land_value":50000},"geometry":{"type":"Polygon","coordinates":[[[-77.36798353205764,39.27702148658603],[-77.3708941200524,39.28091565799166],[-77.37671529604192,39.28091565799166],[-77.37962588403668,39.27702148658603],[-77.37671529604192,39.273127315180396],[-77.3708941200524,39.273127315180396],[-77.36798353205764,39.27702148658603]]]}},{"type":"Feature","properties":{"land_value":50000},"geometry":{"type":"Polygon","coordinates":[[[-77.36798353205764,39.2848098293973],[-77.3708941200524,39.28870400080293],[-77.37671529604192,39.28870400080293],[-77.37962588403668,39.2848098293973],[-77.37671529604192,39.28091565799166],[-77.3708941200524,39.28091565799166],[-77.36798353205764,39.2848098293973]]]}},{"type":"Feature","properties":{"land_value":50000},"geometry":{"type":"Polygon","coordinates":[[[-77.36798353205764,39.29259817220856],[-77.3708941200524,39.29649234361419],[-77.37671529604192,39.29649234361419],[-77.37962588403668,39.29259817220856],[-77.37671529604192,39.28870400080292],[-77.3708941200524,39.28870400080292],[-77.36798353205764,39.29259817220856]]]}},{"type":"Feature","properties":{"land_value":53578},"geometry":{"type":"Polygon","coordinates":[[[-77.36798353205764,39.30038651501982],[-77.3708941200524,39.30428068642545],[-77.37671529604192,39.30428068642545],[-77.37962588403668,39.30038651501982],[-77.37671529604192,39.29649234361418],[-77.3708941200524,39.29649234361418],[-77.36798353205764,39.30038651501982]]]}},{"type":"Feature","properties":{"land_value":56615},"geometry":{"type":"Polygon","coordinates":[[[-77.36798353205764,39.30817485783108],[-77.3708941200524,39.31206902923671],[-77.37671529604192,39.31206902923671],[-77.37962588403668,39.30817485783108],[-77.37671529604192,39.30428068642544],[-77.3708941200524,39.30428068642544],[-77.36798353205764,39.30817485783108]]]}},{"type":"Feature","properties":{"land_value":156002},"geometry":{"type":"Polygon","coordinates":[[[-77.36798353205764,39.31596320064234],[-77.3708941200524,39.31985737204797],[-77.37671529604192,39.31985737204797],[-77.37962588403668,39.31596320064234],[-77.37671529604192,39.3120690292367],[-77.3708941200524,39.3120690292367],[-77.36798353205764,39.31596320064234]]]}},{"type":"Feature","properties":{"land_value":181105},"geometry":{"type":"Polygon","coordinates":[[[-77.36798353205764,39.3237515434536],[-77.3708941200524,39.32764571485923],[-77.37671529604192,39.32764571485923],[-77.37962588403668,39.3237515434536],[-77.37671529604192,39.31985737204796],[-77.3708941200524,39.31985737204796],[-77.36798353205764,39.3237515434536]]]}},{"type":"Feature","properties":{"land_value":172527},"geometry":{"type":"Polygon","coordinates":[[[-77.36798353205764,39.33153988626486],[-77.3708941200524,39.3354340576705],[-77.37671529604192,39.3354340576705],[-77.37962588403668,39.33153988626486],[-77.37671529604192,39.32764571485923],[-77.3708941200524,39.32764571485923],[-77.36798353205764,39.33153988626486]]]}},{"type":"Feature","properties":{"land_value":245638},"geometry":{"type":"Polygon","coordinates":[[[-77.36798353205764,39.33932822907612],[-77.3708941200524,39.34322240048176],[-77.37671529604192,39.34322240048176],[-77.37962588403668,39.33932822907612],[-77.37671529604192,39.33543405767049],[-77.3708941200524,39.33543405767049],[-77.36798353205764,39.33932822907612]]]}},{"type":"Feature","properties":{"land_value":254862},"geometry":{"type":"Polygon","coordinates":[[[-77.36798353205764,39.34711657188738],[-77.3708941200524,39.35101074329302],[-77.37671529604192,39.35101074329302],[-77.37962588403668,39.34711657188738],[-77.37671529604192,39.34322240048175],[-77.3708941200524,39.34322240048175],[-77.36798353205764,39.34711657188738]]]}},{"type":"Feature","properties":{"land_value":346270},"geometry":{"type":"Polygon","coordinates":[[[-77.36798353205764,39.35490491469864],[-77.3708941200524,39.35879908610428],[-77.37671529604192,39.35879908610428],[-77.37962588403668,39.35490491469864],[-77.37671529604192,39.35101074329301],[-77.3708941200524,39.35101074329301],[-77.36798353205764,39.35490491469864]]]}},{"type":"Feature","properties":{"land_value":395818},"geometry":{"type":"Polygon","coordinates":[[[-77.36798353205764,39.3626932575099],[-77.3708941200524,39.36658742891554],[-77.37671529604192,39.36658742891554],[-77.37962588403668,39.3626932575099],[-77.37671529604192,39.35879908610427],[-77.3708941200524,39.35879908610427],[-77.36798353205764,39.3626932575099]]]}},{"type":"Feature","properties":{"land_value":503937},"geometry":{"type":"Polygon","coordinates":[[[-77.36798353205764,39.37048160032116],[-77.3708941200524,39.3743757717268],[-77.37671529604192,39.3743757717268],[-77.37962588403668,39.37048160032116],[-77.37671529604192,39.36658742891553],[-77.3708941200524,39.36658742891553],[-77.36798353205764,39.37048160032116]]]}},{"type":"Feature","properties":{"land_value":595283},"geometry":{"type":"Polygon","coordinates":[[[-77.36798353205764,39.37826994313243],[-77.3708941200524,39.382164114538064],[-77.37671529604192,39.382164114538064],[-77.37962588403668,39.37826994313243],[-77.37671529604192,39.3743757717268],[-77.3708941200524,39.3743757717268],[-77.36798353205764,39.37826994313243]]]}},{"type":"Feature","properties":{"land_value":597218},"geometry":{"type":"Polygon","coordinates":[[[-77.36798353205764,39.38605828594369],[-77.3708941200524,39.389952457349324],[-77.37671529604192,39.389952457349324],[-77.37962588403668,39.38605828594369],[-77.37671529604192,39.38216411453806],[-77.3708941200524,39.38216411453806],[-77.36798353205764,39.38605828594369]]]}},{"type":"Feature","properties":{"land_value":454384},"geometry":{"type":"Polygon","coordinates":[[[-77.36798353205764,39.39384662875495],[-77.3708941200524,39.397740800160584],[-77.37671529604192,39.397740800160584],[-77.37962588403668,39.39384662875495],[-77.37671529604192,39.38995245734932],[-77.3708941200524,39.38995245734932],[-77.36798353205764,39.39384662875495]]]}},{"type":"Feature","properties":{"land_value":405223},"geometry":{"type":"Polygon","coordinates":[[[-77.36798353205764,39.40163497156621],[-77.3708941200524,39.405529142971844],[-77.37671529604192,39.405529142971844],[-77.37962588403668,39.40163497156621],[-77.37671529604192,39.39774080016058],[-77.3708941200524,39.39774080016058],[-77.36798353205764,39.40163497156621]]]}},{"type":"Feature","properties":{"land_value":356536},"geometry":{"type":"Polygon","coordinates":[[[-77.36798353205764,39.40942331437747],[-77.3708941200524,39.413317485783104],[-77.37671529604192,39.413317485783104],[-77.37962588403668,39.40942331437747],[-77.37671529604192,39.40552914297184],[-77.3708941200524,39.40552914297184],[-77.36798353205764,39.40942331437747]]]}},{"type":"Feature","properties":{"land_value":428478},"geometry":{"type":"Polygon","coordinates":[[[-77.36798353205764,39.41721165718873],[-77.3708941200524,39.421105828594364],[-77.37671529604192,39.421105828594364],[-77.37962588403668,39.41721165718873],[-77.37671529604192,39.4133174857831],[-77.3708941200524,39.4133174857831],[-77.36798353205764,39.41721165718873]]]}},{"type":"Feature","properties":{"land_value":413505},"geometry":{"type":"Polygon","coordinates":[[[-77.36798353205764,39.425],[-77.3708941200524,39.42889417140563],[-77.37671529604192,39.42889417140563],[-77.37962588403668,39.425],[-77.37671529604192,39.421105828594364],[-77.3708941200524,39.421105828594364],[-77.36798353205764,39.425]]]}},{"type":"Feature","properties":{"land_value":411643},"geometry":{"type":"Polygon","coordinates":[[[-77.36798353205764,39.43278834281126],[-77.3708941200524,39.43668251421689],[-77.37671529604192,39.43668251421689],[-77.37962588403668,39.43278834281126],[-77.37671529604192,39.428894171405624],[-77.3708941200524,39.428894171405624],[-77.36798353205764,39.43278834281126]]]}},{"type":"Feature","properties":{"land_value":330406},"geometry":{"type":"Polygon","coordinates":[[[-77.36798353205764,39.44057668562252],[-77.3708941200524,39.44447085702815],[-77.37671529604192,39.44447085702815],[-77.37962588403668,39.44057668562252],[-77.37671529604192,39.43668251421688],[-77.3708941200524,39.43668251421688],[-77.36798353205764,39.44057668562252]]]}},{"type":"Feature","properties":{"land_value":298347},"geometry":{"type":"Polygon","coordinates":[[[-77.36798353205764,39.44836502843378],[-77.3708941200524,39.45225919983941],[-77.37671529604192,39.45225919983941],[-77.37962588403668,39.44836502843378],[-77.37671529604192,39.44447085702814],[-77.3708941200524,39.44447085702814],[-77.36798353205764,39.44836502843378]]]}},{"type":"Feature","properties":{"land_value":274112},"geometry":{"type":"Polygon","coordinates":[[[-77.36798353205764,39.45615337124504],[-77.3708941200524,39.46004754265067],[-77.37671529604192,39.46004754265067],[-77.37962588403668,39.45615337124504],[-77.37671529604192,39.4522591998394],[-77.3708941200524,39.4522591998394],[-77.36798353205764,39.45615337124504]]]}},{"type":"Feature","properties":{"land_value":238975},"geometry":{"type":"Polygon","coordinates":[[[-77.36798353205764,39.4639417140563],[-77.3708941200524,39.46783588546193],[-77.37671529604192,39.46783588546193],[-77.37962588403668,39.4639417140563],[-77.37671529604192,39.46004754265066],[-77.3708941200524,39.46004754265066],[-77.36798353205764,39.4639417140563]]]}},{"type":"Feature","properties":{"land_value":254095},"geometry":{"type":"Polygon","coordinates":[[[-77.36798353205764,39.471730056867564],[-77.3708941200524,39.4756242282732],[-77.37671529604192,39.4756242282732],[-77.37962588403668,39.471730056867564],[-77.37671529604192,39.46783588546193],[-77.3708941200524,39.46783588546193],[-77.36798353205764,39.471730056867564]]]}},{"type":"Feature","properties":{"land_value":240839},"geometry":{"type":"Polygon","coordinates":[[[-77.36798353205764,39.479518399678824],[-77.3708941200524,39.48341257108446],[-77.37671529604192,39.48341257108446],[-77.37962588403668,39.479518399678824],[-77.37671529604192,39.47562422827319],[-77.3708941200524,39.47562422827319],[-77.36798353205764,39.479518399678824]]]}},{"type":"Feature","properties":{"land_value":229059},"geometry":{"type":"Polygon","coordinates":[[[-77.36798353205764,39.487306742490084],[-77.3708941200524,39.49120091389572],[-77.37671529604192,39.49120091389572],[-77.37962588403668,39.487306742490084],[-77.37671529604192,39.48341257108445],[-77.3708941200524,39.48341257108445],[-77.36798353205764,39.487306742490084]]]}},{"type":"Feature","properties":{"land_value":135993},"geometry":{"type":"Polygon","coordinates":[[[-77.36798353205764,39.495095085301344],[-77.3708941200524,39.49898925670698],[-77.37671529604192,39.49898925670698],[-77.37962588403668,39.495095085301344],[-77.37671529604192,39.49120091389571],[-77.3708941200524,39.49120091389571],[-77.36798353205764,39.495095085301344]]]}},{"type":"Feature","properties":{"land_value":181808},"geometry":{"type":"Polygon","coordinates":[[[-77.36798353205764,39.502883428112604],[-77.3708941200524,39.50677759951824],[-77.37671529604192,39.50677759951824],[-77.37962588403668,39.502883428112604],[-77.37671529604192,39.49898925670697],[-77.3708941200524,39.49898925670697],[-77.36798353205764,39.502883428112604]]]}},{"type":"Feature","properties":{"land_value":80658},"geometry":{"type":"Polygon","coordinates":[[[-77.36798353205764,39.510671770923864],[-77.3708941200524,39.5145659423295],[-77.37671529604192,39.5145659423295],[-77.37962588403668,39.510671770923864],[-77.37671529604192,39.50677759951823],[-77.3708941200524,39.50677759951823],[-77.36798353205764,39.510671770923864]]]}},{"type":"Feature","properties":{"land_value":119766},"geometry":{"type":"Polygon","coordinates":[[[-77.36798353205764,39.51846011373513],[-77.3708941200524,39.522354285140764],[-77.37671529604192,39.522354285140764],[-77.37962588403668,39.51846011373513],[-77.37671529604192,39.5145659423295],[-77.3708941200524,39.5145659423295],[-77.36798353205764,39.51846011373513]]]}},{"type":"Feature","properties":{"land_value":96575},"geometry":{"type":"Polygon","coordinates":[[[-77.36798353205764,39.52624845654639],[-77.3708941200524,39.530142627952024],[-77.37671529604192,39.530142627952024],[-77.37962588403668,39.52624845654639],[-77.37671529604192,39.52235428514076],[-77.3708941200524,39.52235428514076],[-77.36798353205764,39.52624845654639]]]}},{"type":"Feature","properties":{"land_value":88449},"geometry":{"type":"Polygon","coordinates":[[[-77.36798353205764,39.53403679935765],[-77.3708941200524,39.537930970763284],[-77.37671529604192,39.537930970763284],[-77.37962588403668,39.53403679935765],[-77.37671529604192,39.53014262795202],[-77.3708941200524,39.53014262795202],[-77.36798353205764,39.53403679935765]]]}},{"type":"Feature","properties":{"land_value":50000},"geometry":{"type":"Polygon","coordinates":[[[-77.36798353205764,39.54182514216891],[-77.3708941200524,39.545719313574544],[-77.37671529604192,39.545719313574544],[-77.37962588403668,39.54182514216891],[-77.37671529604192,39.53793097076328],[-77.3708941200524,39.53793097076328],[-77.36798353205764,39.54182514216891]]]}},{"type":"Feature","properties":{"land_value":50000},"geometry":{"type":"Polygon","coordinates":[[[-77.36798353205764,39.54961348498017],[-77.3708941200524,39.553507656385804],[-77.37671529604192,39.553507656385804],[-77.37962588403668,39.54961348498017],[-77.37671529604192,39.54571931357454],[-77.3708941200524,39.54571931357454],[-77.36798353205764,39.54961348498017]]]}},{"type":"Feature","properties":{"land_value":50000},"geometry":{"type":"Polygon","coordinates":[[[-77.36798353205764,39.55740182779143],[-77.3708941200524,39.561295999197064],[-77.37671529604192,39.561295999197064],[-77.37962588403668,39.55740182779143],[-77.37671529604192,39.5535076563858],[-77.3708941200524,39.5535076563858],[-77.36798353205764,39.55740182779143]]]}},{"type":"Feature","properties":{"land_value":50000},"geometry":{"type":"Polygon","coordinates":[[[-77.36798353205764,39.5651901706027],[-77.3708941200524,39.56908434200833],[-77.37671529604192,39.56908434200833],[-77.37962588403668,39.5651901706027],[-77.37671529604192,39.561295999197064],[-77.3708941200524,39.561295999197064],[-77.36798353205764,39.5651901706027]]]}},{"type":"Feature","properties":{"land_value":50000},"geometry":{"type":"Polygon","coordinates":[[[-77.36798353205764,39.57297851341396],[-77.3708941200524,39.57687268481959],[-77.37671529604192,39.57687268481959],[-77.37962588403668,39.57297851341396],[-77.37671529604192,39.569084342008324],[-77.3708941200524,39.569084342008324],[-77.36798353205764,39.57297851341396]]]}},{"type":"Feature","properties":{"land_value":50000},"geometry":{"type":"Polygon","coordinates":[[[-77.36798353205764,39.58076685622522],[-77.3708941200524,39.58466102763085],[-77.37671529604192,39.58466102763085],[-77.37962588403668,39.58076685622522],[-77.37671529604192,39.576872684819584],[-77.3708941200524,39.576872684819584],[-77.36798353205764,39.58076685622522]]]}},{"type":"Feature","properties":{"land_value":50000},"geometry":{"type":"Polygon","coordinates":[[[-77.36798353205764,39.58855519903648],[-77.3708941200524,39.59244937044211],[-77.37671529604192,39.59244937044211],[-77.37962588403668,39.58855519903648],[-77.37671529604192,39.584661027630844],[-77.3708941200524,39.584661027630844],[-77.36798353205764,39.58855519903648]]]}},{"type":"Feature","properties":{"land_value":50000},"geometry":{"type":"Polygon","coordinates":[[[-77.35925176807335,39.25755062955788],[-77.36216235606811,39.26144480096352],[-77.36798353205764,39.26144480096352],[-77.3708941200524,39.25755062955788],[-77.36798353205764,39.25365645815225],[-77.36216235606811,39.25365645815225],[-77.35925176807335,39.25755062955788]]]}},{"type":"Feature","properties":{"land_value":50000},"geometry":{"type":"Polygon","coordinates":[[[-77.35925176807335,39.26533897236914],[-77.36216235606811,39.26923314377478],[-77.36798353205764,39.26923314377478],[-77.3708941200524,39.26533897236914],[-77.36798353205764,39.26144480096351],[-77.36216235606811,39.26144480096351],[-77.35925176807335,39.26533897236914]]]}},{"type":"Feature","properties":{"land_value":50000},"geometry":{"type":"Polygon","coordinates":[[[-77.35925176807335,39.2731273151804],[-77.36216235606811,39.27702148658604],[-77.36798353205764,39.27702148658604],[-77.3708941200524,39.2731273151804],[-77.36798353205764,39.26923314377477],[-77.36216235606811,39.26923314377477],[-77.35925176807335,39.2731273151804]]]}},{"type":"Feature","properties":{"land_value":50000},"geometry":{"type":"Polygon","coordinates":[[[-77.35925176807335,39.28091565799166],[-77.36216235606811,39.2848098293973],[-77.36798353205764,39.2848098293973],[-77.3708941200524,39.28091565799166],[-77.36798353205764,39.27702148658603],[-77.36216235606811,39.27702148658603],[-77.35925176807335,39.28091565799166]]]}},{"type":"Feature","properties":{"land_value":50000},"geometry":{"type":"Polygon","coordinates":[[[-77.35925176807335,39.28870400080293],[-77.36216235606811,39.292598172208564],[-77.36798353205764,39.292598172208564],[-77.3708941200524,39.28870400080293],[-77.36798353205764,39.2848098293973],[-77.36216235606811,39.2848098293973],[-77.35925176807335,39.28870400080293]]]}},{"type":"Feature","properties":{"land_value":55681},"geometry":{"type":"Polygon","coordinates":[[[-77.35925176807335,39.29649234361419],[-77.36216235606811,39.300386515019824],[-77.36798353205764,39.300386515019824],[-77.3708941200524,39.29649234361419],[-77.36798353205764,39.29259817220856],[-77.36216235606811,39.29259817220856],[-77.35925176807335,39.29649234361419]]]}},{"type":"Feature","properties":{"land_value":50000},"geometry":{"type":"Polygon","coordinates":[[[-77.35925176807335,39.30428068642545],[-77.36216235606811,39.308174857831084],[-77.36798353205764,39.308174857831084],[-77.3708941200524,39.30428068642545],[-77.36798353205764,39.30038651501982],[-77.36216235606811,39.30038651501982],[-77.35925176807335,39.30428068642545]]]}},{"type":"Feature","properties":{"land_value":97577},"geometry":{"type":"Polygon","coordinates":[[[-77.35925176807335,39.31206902923671],[-77.36216235606811,39.315963200642344],[-77.36798353205764,39.315963200642344],[-77.3708941200524,39.31206902923671],[-77.36798353205764,39.30817485783108],[-77.36216235606811,39.30817485783108],[-77.35925176807335,39.31206902923671]]]}},{"type":"Feature","properties":{"land_value":151997},"geometry":{"type":"Polygon","coordinates":[[[-77.35925176807335,39.31985737204797],[-77.36216235606811,39.323751543453604],[-77.36798353205764,39.323751543453604],[-77.3708941200524,39.31985737204797],[-77.36798353205764,39.31596320064234],[-77.36216235606811,39.31596320064234],[-77.35925176807335,39.31985737204797]]]}},{"type":"Feature","properties":{"land_value":153638},"geometry":{"type":"Polygon","coordinates":[[[-77.35925176807335,39.32764571485923],[-77.36216235606811,39.33153988626486],[-77.36798353205764,39.33153988626486],[-77.3708941200524,39.32764571485923],[-77.36798353205764,39.3237515434536],[-77.36216235606811,39.3237515434536],[-77.35925176807335,39.32764571485923]]]}},{"type":"Feature","properties":{"land_value":165673},"geometry":{"type":"Polygon","coordinates":[[[-77.35925176807335,39.3354340576705],[-77.36216235606811,39.33932822907613],[-77.36798353205764,39.33932822907613],[-77.3708941200524,39.3354340576705],[-77.36798353205764,39.33153988626486],[-77.36216235606811,39.33153988626486],[-77.35925176807335,39.3354340576705]]]}},{"type":"Feature","properties":{"land_value":257311},"geometry":{"type":"Polygon","coordinates":[[[-77.35925176807335,39.34322240048176],[-77.36216235606811,39.34711657188739],[-77.36798353205764,39.34711657188739],[-77.3708941200524,39.34322240048176],[-77.36798353205764,39.33932822907612],[-77.36216235606811,39.33932822907612],[-77.35925176807335,39.34322240048176]]]}},{"type":"Feature","properties":{"land_value":359471},"geometry":{"type":"Polygon","coordinates":[[[-77.35925176807335,39.35101074329302],[-77.36216235606811,39.35490491469865],[-77.36798353205764,39.35490491469865],[-77.3708941200524,39.35101074329302],[-77.36798353205764,39.34711657188738],[-77.36216235606811,39.34711657188738],[-77.35925176807335,39.35101074329302]]]}},{"type":"Feature","properties":{"land_value":443966},"geometry":{"type":"Polygon","coordinates":[[[-77.35925176807335,39.35879908610428],[-77.36216235606811,39.36269325750991],[-77.36798353205764,39.36269325750991],[-77.3708941200524,39.35879908610428],[-77.36798353205764,39.35490491469864],[-77.36216235606811,39.35490491469864],[-77.35925176807335,39.35879908610428]]]}},{"type":"Feature","properties":{"land_value":601787},"geometry":{"type":"Polygon","coordinates":[[[-77.35925176807335,39.36658742891554],[-77.36216235606811,39.37048160032117],[-77.36798353205764,39.37048160032117],[-77.3708941200524,39.36658742891554],[-77.36798353205764,39.3626932575099],[-77.36216235606811,39.3626932575099],[-77.35925176807335,39.36658742891554]]]}},{"type":"Feature","properties":{"land_value":573186},"geometry":{"type":"Polygon","coordinates":[[[-77.35925176807335,39.3743757717268],[-77.36216235606811,39.37826994313243],[-77.36798353205764,39.37826994313243],[-77.3708941200524,39.3743757717268],[-77.36798353205764,39.37048160032116],[-77.36216235606811,39.37048160032116],[-77.35925176807335,39.3743757717268]]]}},{"type":"Feature","properties":{"land_value":525620},"geometry":{"type":"Polygon","coordinates":[[[-77.35925176807335,39.382164114538064],[-77.36216235606811,39.3860582859437],[-77.36798353205764,39.3860582859437],[-77.3708941200524,39.382164114538064],[-77.36798353205764,39.37826994313243],[-77.36216235606811,39.37826994313243],[-77.35925176807335,39.382164114538064]]]}},{"type":"Feature","properties":{"land_value":433659},"geometry":{"type":"Polygon","coordinates":[[[-77.35925176807335,39.389952457349324],[-77.36216235606811,39.39384662875496],[-77.36798353205764,39.39384662875496],[-77.3708941200524,39.389952457349324],[-77.36798353205764,39.38605828594369],[-77.36216235606811,39.38605828594369],[-77.35925176807335,39.389952457349324]]]}},{"type":"Feature","properties":{"land_value":309520},"geometry":{"type":"Polygon","coordinates":[[[-77.35925176807335,39.397740800160584],[-77.36216235606811,39.40163497156622],[-77.36798353205764,39.40163497156622],[-77.3708941200524,39.397740800160584],[-77.36798353205764,39.39384662875495],[-77.36216235606811,39.39384662875495],[-77.35925176807335,39.397740800160584]]]}},{"type":"Feature","properties":{"land_value":366808},"geometry":{"type":"Polygon","coordinates":[[[-77.35925176807335,39.405529142971844],[-77.36216235606811,39.40942331437748],[-77.36798353205764,39.40942331437748],[-77.3708941200524,39.405529142971844],[-77.36798353205764,39.40163497156621],[-77.36216235606811,39.40163497156621],[-77.35925176807335,39.405529142971844]]]}},{"type":"Feature","properties":{"land_value":330261},"geometry":{"type":"Polygon","coordinates":[[[-77.35925176807335,39.413317485783104],[-77.36216235606811,39.41721165718874],[-77.36798353205764,39.41721165718874],[-77.3708941200524,39.413317485783104],[-77.36798353205764,39.40942331437747],[-77.36216235606811,39.40942331437747],[-77.35925176807335,39.413317485783104]]]}},{"type":"Feature","properties":{"land_value":366441},"geometry":{"type":"Polygon","coordinates":[[[-77.35925176807335,39.421105828594364],[-77.36216235606811,39.425],[-77.36798353205764,39.425],[-77.3708941200524,39.421105828594364],[-77.36798353205764,39.41721165718873],[-77.36216235606811,39.41721165718873],[-77.35925176807335,39.421105828594364]]]}},{"type":"Feature","properties":{"land_value":325369},"geometry":{"type":"Polygon","coordinates":[[[-77.35925176807335,39.42889417140563],[-77.36216235606811,39.432788342811264],[-77.36798353205764,39.432788342811264],[-77.3708941200524,39.42889417140563],[-77.36798353205764,39.425],[-77.36216235606811,39.425],[-77.35925176807335,39.42889417140563]]]}},{"type":"Feature","properties":{"land_value":359110},"geometry":{"type":"Polygon","coordinates":[[[-77.35925176807335,39.43668251421689],[-77.36216235606811,39.440576685622524],[-77.36798353205764,39.440576685622524],[-77.3708941200524,39.43668251421689],[-77.36798353205764,39.43278834281126],[-77.36216235606811,39.43278834281126],[-77.35925176807335,39.43668251421689]]]}},{"type":"Feature","properties":{"land_value":335997},"geometry":{"type":"Polygon","coordinates":[[[-77.35925176807335,39.44447085702815],[-77.36216235606811,39.448365028433784],[-77.36798353205764,39.448365028433784],[-77.3708941200524,39.44447085702815],[-77.36798353205764,39.44057668562252],[-77.36216235606811,39.44057668562252],[-77.35925176807335,39.44447085702815]]]}},{"type":"Feature","properties":{"land_value":354063},"geometry":{"type":"Polygon","coordinates":[[[-77.35925176807335,39.45225919983941],[-77.36216235606811,39.456153371245044],[-77.36798353205764,39.456153371245044],[-77.3708941200524,39.45225919983941],[-77.36798353205764,39.44836502843378],[-77.36216235606811,39.44836502843378],[-77.35925176807335,39.45225919983941]]]}},{"type":"Feature","properties":{"land_value":240614},"geometry":{"type":"Polygon","coordinates":[[[-77.35925176807335,39.46004754265067],[-77.36216235606811,39.463941714056304],[-77.36798353205764,39.463941714056304],[-77.3708941200524,39.46004754265067],[-77.36798353205764,39.45615337124504],[-77.36216235606811,39.45615337124504],[-77.35925176807335,39.46004754265067]]]}},{"type":"Feature","properties":{"land_value":227177},"geometry":{"type":"Polygon","coordinates":[[[-77.35925176807335,39.46783588546193],[-77.36216235606811,39.471730056867564],[-77.36798353205764,39.471730056867564],[-77.3708941200524,39.46783588546193],[-77.36798353205764,39.4639417140563],[-77.36216235606811,39.4639417140563],[-77.35925176807335,39.46783588546193]]]}},{"type":"Feature","properties":{"land_value":275252},"geometry":{"type":"Polygon","coordinates":[[[-77.35925176807335,39.4756242282732],[-77.36216235606811,39.47951839967883],[-77.36798353205764,39.47951839967883],[-77.3708941200524,39.4756242282732],[-77.36798353205764,39.471730056867564],[-77.36216235606811,39.471730056867564],[-77.35925176807335,39.4756242282732]]]}},{"type":"Feature","properties":{"land_value":238001},"geometry":{"type":"Polygon","coordinates":[[[-77.35925176807335,39.48341257108446],[-77.36216235606811,39.48730674249009],[-77.36798353205764,39.48730674249009],[-77.3708941200524,39.48341257108446],[-77.36798353205764,39.479518399678824],[-77.36216235606811,39.479518399678824],[-77.35925176807335,39.48341257108446]]]}},{"type":"Feature","properties":{"land_value":232805},"geometry":{"type":"Polygon","coordinates":[[[-77.35925176807335,39.49120091389572],[-77.36216235606811,39.49509508530135],[-77.36798353205764,39.49509508530135],[-77.3708941200524,39.49120091389572],[-77.36798353205764,39.487306742490084],[-77.36216235606811,39.487306742490084],[-77.35925176807335,39.49120091389572]]]}},{"type":"Feature","properties":{"land_value":177452},"geometry":{"type":"Polygon","coordinates":[[[-77.35925176807335,39.49898925670698],[-77.36216235606811,39.50288342811261],[-77.36798353205764,39.50288342811261],[-77.3708941200524,39.49898925670698],[-77.36798353205764,39.495095085301344],[-77.36216235606811,39.495095085301344],[-77.35925176807335,39.49898925670698]]]}},{"type":"Feature","properties":{"land_value":139388},"geometry":{"type":"Polygon","coordinates":[[[-77.35925176807335,39.50677759951824],[-77.36216235606811,39.51067177092387],[-77.36798353205764,39.51067177092387],[-77.3708941200524,39.50677759951824],[-77.36798353205764,39.502883428112604],[-77.36216235606811,39.502883428112604],[-77.35925176807335,39.50677759951824]]]}},{"type":"Feature","properties":{"land_value":126589},"geometry":{"type":"Polygon","coordinates":[[[-77.35925176807335,39.5145659423295],[-77.36216235606811,39.51846011373513],[-77.36798353205764,39.51846011373513],[-77.3708941200524,39.5145659423295],[-77.36798353205764,39.510671770923864],[-77.36216235606811,39.510671770923864],[-77.35925176807335,39.5145659423295]]]}},{"type":"Feature","properties":{"land_value":72541},"geometry":{"type":"Polygon","coordinates":[[[-77.35925176807335,39.522354285140764],[-77.36216235606811,39.5262484565464],[-77.36798353205764,39.5262484565464],[-77.3708941200524,39.522354285140764],[-77.36798353205764,39.51846011373513],[-77.36216235606811,39.51846011373513],[-77.35925176807335,39.522354285140764]]]}},{"type":"Feature","properties":{"land_value":92495},"geometry":{"type":"Polygon","coordinates":[[[-77.35925176807335,39.530142627952024],[-77.36216235606811,39.53403679935766],[-77.36798353205764,39.53403679935766],[-77.3708941200524,39.530142627952024],[-77.36798353205764,39.52624845654639],[-77.36216235606811,39.52624845654639],[-77.35925176807335,39.530142627952024]]]}},{"type":"Feature","properties":{"land_value":55129},"geometry":{"type":"Polygon","coordinates":[[[-77.35925176807335,39.537930970763284],[-77.36216235606811,39.54182514216892],[-77.36798353205764,39.54182514216892],[-77.3708941200524,39.537930970763284],[-77.36798353205764,39.53403679935765],[-77.36216235606811,39.53403679935765],[-77.35925176807335,39.537930970763284]]]}},{"type":"Feature","properties":{"land_value":50000},"geometry":{"type":"Polygon","coordinates":[[[-77.35925176807335,39.545719313574544],[-77.36216235606811,39.54961348498018],[-77.36798353205764,39.54961348498018],[-77.3708941200524,39.545719313574544],[-77.36798353205764,39.54182514216891],[-77.36216235606811,39.54182514216891],[-77.35925176807335,39.545719313574544]]]}},{"type":"Feature","properties":{"land_value":50000},"geometry":{"type":"Polygon","coordinates":[[[-77.35925176807335,39.553507656385804],[-77.36216235606811,39.55740182779144],[-77.36798353205764,39.55740182779144],[-77.3708941200524,39.553507656385804],[-77.36798353205764,39.54961348498017],[-77.36216235606811,39.54961348498017],[-77.35925176807335,39.553507656385804]]]}},{"type":"Feature","properties":{"land_value":50000},"geometry":{"type":"Polygon","coordinates":[[[-77.35925176807335,39.561295999197064],[-77.36216235606811,39.5651901706027],[-77.36798353205764,39.5651901706027],[-77.3708941200524,39.561295999197064],[-77.36798353205764,39.55740182779143],[-77.36216235606811,39.55740182779143],[-77.35925176807335,39.561295999197064]]]}},{"type":"Feature","properties":{"land_value":50000},"geometry":{"type":"Polygon","coordinates":[[[-77.35925176807335,39.56908434200833],[-77.36216235606811,39.572978513413965],[-77.36798353205764,39.572978513413965],[-77.3708941200524,39.56908434200833],[-77.36798353205764,39.5651901706027],[-77.36216235606811,39.5651901706027],[-77.35925176807335,39.56908434200833]]]}},{"type":"Feature","properties":{"land_value":50000},"geometry":{"type":"Polygon","coordinates":[[[-77.35925176807335,39.57687268481959],[-77.36216235606811,39.580766856225225],[-77.36798353205764,39.580766856225225],[-77.3708941200524,39.57687268481959],[-77.36798353205764,39.57297851341396],[-77.36216235606811,39.57297851341396],[-77.35925176807335,39.57687268481959]]]}},{"type":"Feature","properties":{"land_value":50000},"geometry":{"type":"Polygon","coordinates":[[[-77.35925176807335,39.58466102763085],[-77.36216235606811,39.588555199036485],[-77.36798353205764,39.588555199036485],[-77.3708941200524,39.58466102763085],[-77.36798353205764,39.58076685622522],[-77.36216235606811,39.58076685622522],[-77.35925176807335,39.58466102763085]]]}},{"type":"Feature","properties":{"land_value":50000},"geometry":{"type":"Polygon","coordinates":[[[-77.35925176807335,39.59244937044211],[-77.36216235606811,39.596343541847745],[-77.36798353205764,39.596343541847745],[-77.3708941200524,39.59244937044211],[-77.36798353205764,39.58855519903648],[-77.36216235606811,39.58855519903648],[-77.35925176807335,39.59244937044211]]]}},{"type":"Feature","properties":{"land_value":50000},"geometry":{"type":"Polygon","coordinates":[[[-77.35052000408908,39.26144480096351],[-77.35343059208384,39.26533897236914],[-77.35925176807336,39.26533897236914],[-77.36216235606813,39.26144480096351],[-77.35925176807336,39.257550629557876],[-77.35343059208384,39.257550629557876],[-77.35052000408908,39.26144480096351]]]}},{"type":"Feature","properties":{"land_value":50000},"geometry":{"type":"Polygon","coordinates":[[[-77.35052000408908,39.26923314377477],[-77.35343059208384,39.2731273151804],[-77.35925176807336,39.2731273151804],[-77.36216235606813,39.26923314377477],[-77.35925176807336,39.265338972369136],[-77.35343059208384,39.265338972369136],[-77.35052000408908,39.26923314377477]]]}},{"type":"Feature","properties":{"land_value":50000},"geometry":{"type":"Polygon","coordinates":[[[-77.35052000408908,39.27702148658603],[-77.35343059208384,39.28091565799166],[-77.35925176807336,39.28091565799166],[-77.36216235606813,39.27702148658603],[-77.35925176807336,39.273127315180396],[-77.35343059208384,39.273127315180396],[-77.35052000408908,39.27702148658603]]]}},{"type":"Feature","properties":{"land_value":50000},"geometry":{"type":"Polygon","coordinates":[[[-77.35052000408908,39.2848098293973],[-77.35343059208384,39.28870400080293],[-77.35925176807336,39.28870400080293],[-77.36216235606813,39.2848098293973],[-77.35925176807336,39.28091565799166],[-77.35343059208384,39.28091565799166],[-77.35052000408908,39.2848098293973]]]}},{"type":"Feature","properties":{"land_value":50000},"geometry":{"type":"Polygon","coordinates":[[[-77.35052000408908,39.29259817220856],[-77.35343059208384,39.29649234361419],[-77.35925176807336,39.29649234361419],[-77.36216235606813,39.29259817220856],[-77.35925176807336,39.28870400080292],[-77.35343059208384,39.28870400080292],[-77.35052000408908,39.29259817220856]]]}},{"type":"Feature","properties":{"land_value":61327},"geometry":{"type":"Polygon","coordinates":[[[-77.35052000408908,39.30038651501982],[-77.35343059208384,39.30428068642545],[-77.35925176807336,39.30428068642545],[-77.36216235606813,39.30038651501982],[-77.35925176807336,39.29649234361418],[-77.35343059208384,39.29649234361418],[-77.35052000408908,39.30038651501982]]]}},{"type":"Feature","properties":{"land_value":127019},"geometry":{"type":"Polygon","coordinates":[[[-77.35052000408908,39.30817485783108],[-77.35343059208384,39.31206902923671],[-77.35925176807336,39.31206902923671],[-77.36216235606813,39.30817485783108],[-77.35925176807336,39.30428068642544],[-77.35343059208384,39.30428068642544],[-77.35052000408908,39.30817485783108]]]}},{"type":"Feature","properties":{"land_value":133188},"geometry":{"type":"Polygon","coordinates":[[[-77.35052000408908,39.31596320064234],[-77.35343059208384,39.31985737204797],[-77.35925176807336,39.31985737204797],[-77.36216235606813,39.31596320064234],[-77.35925176807336,39.3120690292367],[-77.35343059208384,39.3120690292367],[-77.35052000408908,39.31596320064234]]]}},{"type":"Feature","properties":{"land_value":116105},"geometry":{"type":"Polygon","coordinates":[[[-77.35052000408908,39.3237515434536],[-77.35343059208384,39.32764571485923],[-77.35925176807336,39.32764571485923],[-77.36216235606813,39.3237515434536],[-77.35925176807336,39.31985737204796],[-77.35343059208384,39.31985737204796],[-77.35052000408908,39.3237515434536]]]}},{"type":"Feature","properties":{"land_value":197235},"geometry":{"type":"Polygon","coordinates":[[[-77.35052000408908,39.33153988626486],[-77.35343059208384,39.3354340576705],[-77.35925176807336,39.3354340576705],[-77.36216235606813,39.33153988626486],[-77.35925176807336,39.32764571485923],[-77.35343059208384,39.32764571485923],[-77.35052000408908,39.33153988626486]]]}},{"type":"Feature","properties":{"land_value":323463},"geometry":{"type":"Polygon","coordinates":[[[-77.35052000408908,39.33932822907612],[-77.35343059208384,39.34322240048176],[-77.35925176807336,39.34322240048176],[-77.36216235606813,39.33932822907612],[-77.35925176807336,39.33543405767049],[-77.35343059208384,39.33543405767049],[-77.35052000408908,39.33932822907612]]]}},{"type":"Feature","properties":{"land_value":352498},"geometry":{"type":"Polygon","coordinates":[[[-77.35052000408908,39.34711657188738],[-77.35343059208384,39.35101074329302],[-77.35925176807336,39.35101074329302],[-77.36216235606813,39.34711657188738],[-77.35925176807336,39.34322240048175],[-77.35343059208384,39.34322240048175],[-77.35052000408908,39.34711657188738]]]}},{"type":"Feature","properties":{"land_value":472883},"geometry":{"type":"Polygon","coordinates":[[[-77.35052000408908,39.35490491469864],[-77.35343059208384,39.35879908610428],[-77.35925176807336,39.35879908610428],[-77.36216235606813,39.35490491469864],[-77.35925176807336,39.35101074329301],[-77.35343059208384,39.35101074329301],[-77.35052000408908,39.35490491469864]]]}},{"type":"Feature","properties":{"land_value":465916},"geometry":{"type":"Polygon","coordinates":[[[-77.35052000408908,39.3626932575099],[-77.35343059208384,39.36658742891554],[-77.35925176807336,39.36658742891554],[-77.36216235606813,39.3626932575099],[-77.35925176807336,39.35879908610427],[-77.35343059208384,39.35879908610427],[-77.35052000408908,39.3626932575099]]]}},{"type":"Feature","properties":{"land_value":433910},"geometry":{"type":"Polygon","coordinates":[[[-77.35052000408908,39.37048160032116],[-77.35343059208384,39.3743757717268],[-77.35925176807336,39.3743757717268],[-77.36216235606813,39.37048160032116],[-77.35925176807336,39.36658742891553],[-77.35343059208384,39.36658742891553],[-77.35052000408908,39.37048160032116]]]}},{"type":"Feature","properties":{"land_value":419494},"geometry":{"type":"Polygon","coordinates":[[[-77.35052000408908,39.37826994313243],[-77.35343059208384,39.382164114538064],[-77.35925176807336,39.382164114538064],[-77.36216235606813,39.37826994313243],[-77.35925176807336,39.3743757717268],[-77.35343059208384,39.3743757717268],[-77.35052000408908,39.37826994313243]]]}},{"type":"Feature","properties":{"land_value":294347},"geometry":{"type":"Polygon","coordinates":[[[-77.35052000408908,39.38605828594369],[-77.35343059208384,39.389952457349324],[-77.35925176807336,39.389952457349324],[-77.36216235606813,39.38605828594369],[-77.35925176807336,39.38216411453806],[-77.35343059208384,39.38216411453806],[-77.35052000408908,39.38605828594369]]]}},{"type":"Feature","properties":{"land_value":337823},"geometry":{"type":"Polygon","coordinates":[[[-77.35052000408908,39.39384662875495],[-77.35343059208384,39.397740800160584],[-77.35925176807336,39.397740800160584],[-77.36216235606813,39.39384662875495],[-77.35925176807336,39.38995245734932],[-77.35343059208384,39.38995245734932],[-77.35052000408908,39.39384662875495]]]}},{"type":"Feature","properties":{"land_value":292164},"geometry":{"type":"Polygon","coordinates":[[[-77.35052000408908,39.40163497156621],[-77.35343059208384,39.405529142971844],[-77.35925176807336,39.405529142971844],[-77.36216235606813,39.40163497156621],[-77.35925176807336,39.39774080016058],[-77.35343059208384,39.39774080016058],[-77.35052000408908,39.40163497156621]]]}},{"type":"Feature","properties":{"land_value":381188},"geometry":{"type":"Polygon","coordinates":[[[-77.35052000408908,39.40942331437747],[-77.35343059208384,39.413317485783104],[-77.35925176807336,39.413317485783104],[-77.36216235606813,39.40942331437747],[-77.35925176807336,39.40552914297184],[-77.35343059208384,39.40552914297184],[-77.35052000408908,39.40942331437747]]]}},{"type":"Feature","properties":{"land_value":338726},"geometry":{"type":"Polygon","coordinates":[[[-77.35052000408908,39.41721165718873],[-77.35343059208384,39.421105828594364],[-77.35925176807336,39.421105828594364],[-77.36216235606813,39.41721165718873],[-77.35925176807336,39.4133174857831],[-77.35343059208384,39.4133174857831],[-77.35052000408908,39.41721165718873]]]}},{"type":"Feature","properties":{"land_value":348385},"geometry":{"type":"Polygon","coordinates":[[[-77.35052000408908,39.425],[-77.35343059208384,39.42889417140563],[-77.35925176807336,39.42889417140563],[-77.36216235606813,39.425],[-77.35925176807336,39.421105828594364],[-77.35343059208384,39.421105828594364],[-77.35052000408908,39.425]]]}},{"type":"Feature","properties":{"land_value":296228},"geometry":{"type":"Polygon","coordinates":[[[-77.35052000408908,39.43278834281126],[-77.35343059208384,39.43668251421689],[-77.35925176807336,39.43668251421689],[-77.36216235606813,39.43278834281126],[-77.35925176807336,39.428894171405624],[-77.35343059208384,39.428894171405624],[-77.35052000408908,39.43278834281126]]]}},{"type":"Feature","properties":{"land_value":304268},"geometry":{"type":"Polygon","coordinates":[[[-77.35052000408908,39.44057668562252],[-77.35343059208384,39.44447085702815],[-77.35925176807336,39.44447085702815],[-77.36216235606813,39.44057668562252],[-77.35925176807336,39.43668251421688],[-77.35343059208384,39.43668251421688],[-77.35052000408908,39.44057668562252]]]}},{"type":"Feature","properties":{"land_value":298123},"geometry":{"type":"Polygon","coordinates":[[[-77.35052000408908,39.44836502843378],[-77.35343059208384,39.45225919983941],[-77.35925176807336,39.45225919983941],[-77.36216235606813,39.44836502843378],[-77.35925176807336,39.44447085702814],[-77.35343059208384,39.44447085702814],[-77.35052000408908,39.44836502843378]]]}},{"type":"Feature","properties":{"land_value":255320},"geometry":{"type":"Polygon","coordinates":[[[-77.35052000408908,39.45615337124504],[-77.35343059208384,39.46004754265067],[-77.35925176807336,39.46004754265067],[-77.36216235606813,39.45615337124504],[-77.35925176807336,39.4522591998394],[-77.35343059208384,39.4522591998394],[-77.35052000408908,39.45615337124504]]]}},{"type":"Feature","properties":{"land_value":229078},"geometry":{"type":"Polygon","coordinates":[[[-77.35052000408908,39.4639417140563],[-77.35343059208384,39.46783588546193],[-77.35925176807336,39.46783588546193],[-77.36216235606813,39.4639417140563],[-77.35925176807336,39.46004754265066],[-77.35343059208384,39.46004754265066],[-77.35052000408908,39.4639417140563]]]}},{"type":"Feature","properties":{"land_value":213927},"geometry":{"type":"Polygon","coordinates":[[[-77.35052000408908,39.471730056867564],[-77.35343059208384,39.4756242282732],[-77.35925176807336,39.4756242282732],[-77.36216235606813,39.471730056867564],[-77.35925176807336,39.46783588546193],[-77.35343059208384,39.46783588546193],[-77.35052000408908,39.471730056867564]]]}},{"type":"Feature","properties":{"land_value":250506},"geometry":{"type":"Polygon","coordinates":[[[-77.35052000408908,39.479518399678824],[-77.35343059208384,39.48341257108446],[-77.35925176807336,39.48341257108446],[-77.36216235606813,39.479518399678824],[-77.35925176807336,39.47562422827319],[-77.35343059208384,39.47562422827319],[-77.35052000408908,39.479518399678824]]]}},{"type":"Feature","properties":{"land_value":182014},"geometry":{"type":"Polygon","coordinates":[[[-77.35052000408908,39.487306742490084],[-77.35343059208384,39.49120091389572],[-77.35925176807336,39.49120091389572],[-77.36216235606813,39.487306742490084],[-77.35925176807336,39.48341257108445],[-77.35343059208384,39.48341257108445],[-77.35052000408908,39.487306742490084]]]}},{"type":"Feature","properties":{"land_value":137722},"geometry":{"type":"Polygon","coordinates":[[[-77.35052000408908,39.495095085301344],[-77.35343059208384,39.49898925670698],[-77.35925176807336,39.49898925670698],[-77.36216235606813,39.495095085301344],[-77.35925176807336,39.49120091389571],[-77.35343059208384,39.49120091389571],[-77.35052000408908,39.495095085301344]]]}},{"type":"Feature","properties":{"land_value":164565},"geometry":{"type":"Polygon","coordinates":[[[-77.35052000408908,39.502883428112604],[-77.35343059208384,39.50677759951824],[-77.35925176807336,39.50677759951824],[-77.36216235606813,39.502883428112604],[-77.35925176807336,39.49898925670697],[-77.35343059208384,39.49898925670697],[-77.35052000408908,39.502883428112604]]]}},{"type":"Feature","properties":{"land_value":146034},"geometry":{"type":"Polygon","coordinates":[[[-77.35052000408908,39.510671770923864],[-77.35343059208384,39.5145659423295],[-77.35925176807336,39.5145659423295],[-77.36216235606813,39.510671770923864],[-77.35925176807336,39.50677759951823],[-77.35343059208384,39.50677759951823],[-77.35052000408908,39.510671770923864]]]}},{"type":"Feature","properties":{"land_value":51593},"geometry":{"type":"Polygon","coordinates":[[[-77.35052000408908,39.51846011373513],[-77.35343059208384,39.522354285140764],[-77.35925176807336,39.522354285140764],[-77.36216235606813,39.51846011373513],[-77.35925176807336,39.5145659423295],[-77.35343059208384,39.5145659423295],[-77.35052000408908,39.51846011373513]]]}},{"type":"Feature","properties":{"land_value":58576},"geometry":{"type":"Polygon","coordinates":[[[-77.35052000408908,39.52624845654639],[-77.35343059208384,39.530142627952024],[-77.35925176807336,39.530142627952024],[-77.36216235606813,39.52624845654639],[-77.35925176807336,39.52235428514076],[-77.35343059208384,39.52235428514076],[-77.35052000408908,39.52624845654639]]]}},{"type":"Feature","properties":{"land_value":61518},"geometry":{"type":"Polygon","coordinates":[[[-77.35052000408908,39.53403679935765],[-77.35343059208384,39.537930970763284],[-77.35925176807336,39.537930970763284],[-77.36216235606813,39.53403679935765],[-77.35925176807336,39.53014262795202],[-77.35343059208384,39.53014262795202],[-77.35052000408908,39.53403679935765]]]}},{"type":"Feature","properties":{"land_value":50000},"geometry":{"type":"Polygon","coordinates":[[[-77.35052000408908,39.54182514216891],[-77.35343059208384,39.545719313574544],[-77.35925176807336,39.545719313574544],[-77.36216235606813,39.54182514216891],[-77.35925176807336,39.53793097076328],[-77.35343059208384,39.53793097076328],[-77.35052000408908,39.54182514216891]]]}},{"type":"Feature","properties":{"land_value":50000},"geometry":{"type":"Polygon","coordinates":[[[-77.35052000408908,39.54961348498017],[-77.35343059208384,39.553507656385804],[-77.35925176807336,39.553507656385804],[-77.36216235606813,39.54961348498017],[-77.35925176807336,39.54571931357454],[-77.35343059208384,39.54571931357454],[-77.35052000408908,39.54961348498017]]]}},{"type":"Feature","properties":{"land_value":50000},"geometry":{"type":"Polygon","coordinates":[[[-77.35052000408908,39.55740182779143],[-77.35343059208384,39.561295999197064],[-77.35925176807336,39.561295999197064],[-77.36216235606813,39.55740182779143],[-77.35925176807336,39.5535076563858],[-77.35343059208384,39.5535076563858],[-77.35052000408908,39.55740182779143]]]}},{"type":"Feature","properties":{"land_value":50000},"geometry":{"type":"Polygon","coordinates":[[[-77.35052000408908,39.5651901706027],[-77.35343059208384,39.56908434200833],[-77.35925176807336,39.56908434200833],[-77.36216235606813,39.5651901706027],[-77.35925176807336,39.561295999197064],[-77.35343059208384,39.561295999197064],[-77.35052000408908,39.5651901706027]]]}},{"type":"Feature","properties":{"land_value":50000},"geometry":{"type":"Polygon","coordinates":[[[-77.35052000408908,39.57297851341396],[-77.35343059208384,39.57687268481959],[-77.35925176807336,39.57687268481959],[-77.36216235606813,39.57297851341396],[-77.35925176807336,39.569084342008324],[-77.35343059208384,39.569084342008324],[-77.35052000408908,39.57297851341396]]]}},{"type":"Feature","properties":{"land_value":50000},"geometry":{"type":"Polygon","coordinates":[[[-77.35052000408908,39.58076685622522],[-77.35343059208384,39.58466102763085],[-77.35925176807336,39.58466102763085],[-77.36216235606813,39.58076685622522],[-77.35925176807336,39.576872684819584],[-77.35343059208384,39.576872684819584],[-77.35052000408908,39.58076685622522]]]}},{"type":"Feature","properties":{"land_value":50000},"geometry":{"type":"Polygon","coordinates":[[[-77.35052000408908,39.58855519903648],[-77.35343059208384,39.59244937044211],[-77.35925176807336,39.59244937044211],[-77.36216235606813,39.58855519903648],[-77.35925176807336,39.584661027630844],[-77.35343059208384,39.584661027630844],[-77.35052000408908,39.58855519903648]]]}},{"type":"Feature","properties":{"land_value":50000},"geometry":{"type":"Polygon","coordinates":[[[-77.34178824010479,39.25755062955788],[-77.34469882809955,39.26144480096352],[-77.35052000408908,39.26144480096352],[-77.35343059208384,39.25755062955788],[-77.35052000408908,39.25365645815225],[-77.34469882809955,39.25365645815225],[-77.34178824010479,39.25755062955788]]]}},{"type":"Feature","properties":{"land_value":50000},"geometry":{"type":"Polygon","coordinates":[[[-77.34178824010479,39.26533897236914],[-77.34469882809955,39.26923314377478],[-77.35052000408908,39.26923314377478],[-77.35343059208384,39.26533897236914],[-77.35052000408908,39.26144480096351],[-77.34469882809955,39.26144480096351],[-77.34178824010479,39.26533897236914]]]}},{"type":"Feature","properties":{"land_value":50000},"geometry":{"type":"Polygon","coordinates":[[[-77.34178824010479,39.2731273151804],[-77.34469882809955,39.27702148658604],[-77.35052000408908,39.27702148658604],[-77.35343059208384,39.2731273151804],[-77.35052000408908,39.26923314377477],[-77.34469882809955,39.26923314377477],[-77.34178824010479,39.2731273151804]]]}},{"type":"Feature","properties":{"land_value":50000},"geometry":{"type":"Polygon","coordinates":[[[-77.34178824010479,39.28091565799166],[-77.34469882809955,39.2848098293973],[-77.35052000408908,39.2848098293973],[-77.35343059208384,39.28091565799166],[-77.35052000408908,39.27702148658603],[-77.34469882809955,39.27702148658603],[-77.34178824010479,39.28091565799166]]]}},{"type":"Feature","properties":{"land_value":50000},"geometry":{"type":"Polygon","coordinates":[[[-77.34178824010479,39.28870400080293],[-77.34469882809955,39.292598172208564],[-77.35052000408908,39.292598172208564],[-77.35343059208384,39.28870400080293],[-77.35052000408908,39.2848098293973],[-77.34469882809955,39.2848098293973],[-77.34178824010479,39.28870400080293]]]}},{"type":"Feature","properties":{"land_value":50000},"geometry":{"type":"Polygon","coordinates":[[[-77.34178824010479,39.29649234361419],[-77.34469882809955,39.300386515019824],[-77.35052000408908,39.300386515019824],[-77.35343059208384,39.29649234361419],[-77.35052000408908,39.29259817220856],[-77.34469882809955,39.29259817220856],[-77.34178824010479,39.29649234361419]]]}},{"type":"Feature","properties":{"land_value":95738},"geometry":{"type":"Polygon","coordinates":[[[-77.34178824010479,39.30428068642545],[-77.34469882809955,39.308174857831084],[-77.35052000408908,39.308174857831084],[-77.35343059208384,39.30428068642545],[-77.35052000408908,39.30038651501982],[-77.34469882809955,39.30038651501982],[-77.34178824010479,39.30428068642545]]]}},{"type":"Feature","properties":{"land_value":80356},"geometry":{"type":"Polygon","coordinates":[[[-77.34178824010479,39.31206902923671],[-77.34469882809955,39.315963200642344],[-77.35052000408908,39.315963200642344],[-77.35343059208384,39.31206902923671],[-77.35052000408908,39.30817485783108],[-77.34469882809955,39.30817485783108],[-77.34178824010479,39.31206902923671]]]}},{"type":"Feature","properties":{"land_value":154943},"geometry":{"type":"Polygon","coordinates":[[[-77.34178824010479,39.31985737204797],[-77.34469882809955,39.323751543453604],[-77.35052000408908,39.323751543453604],[-77.35343059208384,39.31985737204797],[-77.35052000408908,39.31596320064234],[-77.34469882809955,39.31596320064234],[-77.34178824010479,39.31985737204797]]]}},{"type":"Feature","properties":{"land_value":239011},"geometry":{"type":"Polygon","coordinates":[[[-77.34178824010479,39.32764571485923],[-77.34469882809955,39.33153988626486],[-77.35052000408908,39.33153988626486],[-77.35343059208384,39.32764571485923],[-77.35052000408908,39.3237515434536],[-77.34469882809955,39.3237515434536],[-77.34178824010479,39.32764571485923]]]}},{"type":"Feature","properties":{"land_value":322593},"geometry":{"type":"Polygon","coordinates":[[[-77.34178824010479,39.3354340576705],[-77.34469882809955,39.33932822907613],[-77.35052000408908,39.33932822907613],[-77.35343059208384,39.3354340576705],[-77.35052000408908,39.33153988626486],[-77.34469882809955,39.33153988626486],[-77.34178824010479,39.3354340576705]]]}},{"type":"Feature","properties":{"land_value":467271},"geometry":{"type":"Polygon","coordinates":[[[-77.34178824010479,39.34322240048176],[-77.34469882809955,39.34711657188739],[-77.35052000408908,39.34711657188739],[-77.35343059208384,39.34322240048176],[-77.35052000408908,39.33932822907612],[-77.34469882809955,39.33932822907612],[-77.34178824010479,39.34322240048176]]]}},{"type":"Feature","properties":{"land_value":466931},"geometry":{"type":"Polygon","coordinates":[[[-77.34178824010479,39.35101074329302],[-77.34469882809955,39.35490491469865],[-77.35052000408908,39.35490491469865],[-77.35343059208384,39.35101074329302],[-77.35052000408908,39.34711657188738],[-77.34469882809955,39.34711657188738],[-77.34178824010479,39.35101074329302]]]}},{"type":"Feature","properties":{"land_value":471733},"geometry":{"type":"Polygon","coordinates":[[[-77.34178824010479,39.35879908610428],[-77.34469882809955,39.36269325750991],[-77.35052000408908,39.36269325750991],[-77.35343059208384,39.35879908610428],[-77.35052000408908,39.35490491469864],[-77.34469882809955,39.35490491469864],[-77.34178824010479,39.35879908610428]]]}},{"type":"Feature","properties":{"land_value":342063},"geometry":{"type":"Polygon","coordinates":[[[-77.34178824010479,39.36658742891554],[-77.34469882809955,39.37048160032117],[-77.35052000408908,39.37048160032117],[-77.35343059208384,39.36658742891554],[-77.35052000408908,39.3626932575099],[-77.34469882809955,39.3626932575099],[-77.34178824010479,39.36658742891554]]]}},{"type":"Feature","properties":{"land_value":297138},"geometry":{"type":"Polygon","coordinates":[[[-77.34178824010479,39.3743757717268],[-77.34469882809955,39.37826994313243],[-77.35052000408908,39.37826994313243],[-77.35343059208384,39.3743757717268],[-77.35052000408908,39.37048160032116],[-77.34469882809955,39.37048160032116],[-77.34178824010479,39.3743757717268]]]}},{"type":"Feature","properties":{"land_value":269258},"geometry":{"type":"Polygon","coordinates":[[[-77.34178824010479,39.382164114538064],[-77.34469882809955,39.3860582859437],[-77.35052000408908,39.3860582859437],[-77.35343059208384,39.382164114538064],[-77.35052000408908,39.37826994313243],[-77.34469882809955,39.37826994313243],[-77.34178824010479,39.382164114538064]]]}},{"type":"Feature","properties":{"land_value":333140},"geometry":{"type":"Polygon","coordinates":[[[-77.34178824010479,39.389952457349324],[-77.34469882809955,39.39384662875496],[-77.35052000408908,39.39384662875496],[-77.35343059208384,39.389952457349324],[-77.35052000408908,39.38605828594369],[-77.34469882809955,39.38605828594369],[-77.34178824010479,39.389952457349324]]]}},{"type":"Feature","properties":{"land_value":289872},"geometry":{"type":"Polygon","coordinates":[[[-77.34178824010479,39.397740800160584],[-77.34469882809955,39.40163497156622],[-77.35052000408908,39.40163497156622],[-77.35343059208384,39.397740800160584],[-77.35052000408908,39.39384662875495],[-77.34469882809955,39.39384662875495],[-77.34178824010479,39.397740800160584]]]}},{"type":"Feature","properties":{"land_value":308218},"geometry":{"type":"Polygon","coordinates":[[[-77.34178824010479,39.405529142971844],[-77.34469882809955,39.40942331437748],[-77.35052000408908,39.40942331437748],[-77.35343059208384,39.405529142971844],[-77.35052000408908,39.40163497156621],[-77.34469882809955,39.40163497156621],[-77.34178824010479,39.405529142971844]]]}},{"type":"Feature","properties":{"land_value":325291},"geometry":{"type":"Polygon","coordinates":[[[-77.34178824010479,39.413317485783104],[-77.34469882809955,39.41721165718874],[-77.35052000408908,39.41721165718874],[-77.35343059208384,39.413317485783104],[-77.35052000408908,39.40942331437747],[-77.34469882809955,39.40942331437747],[-77.34178824010479,39.413317485783104]]]}},{"type":"Feature","properties":{"land_value":349345},"geometry":{"type":"Polygon","coordinates":[[[-77.34178824010479,39.421105828594364],[-77.34469882809955,39.425],[-77.35052000408908,39.425],[-77.35343059208384,39.421105828594364],[-77.35052000408908,39.41721165718873],[-77.34469882809955,39.41721165718873],[-77.34178824010479,39.421105828594364]]]}},{"type":"Feature","properties":{"land_value":322299},"geometry":{"type":"Polygon","coordinates":[[[-77.34178824010479,39.42889417140563],[-77.34469882809955,39.432788342811264],[-77.35052000408908,39.432788342811264],[-77.35343059208384,39.42889417140563],[-77.35052000408908,39.425],[-77.34469882809955,39.425],[-77.34178824010479,39.42889417140563]]]}},{"type":"Feature","properties":{"land_value":321894},"geometry":{"type":"Polygon","coordinates":[[[-77.34178824010479,39.43668251421689],[-77.34469882809955,39.440576685622524],[-77.35052000408908,39.440576685622524],[-77.35343059208384,39.43668251421689],[-77.35052000408908,39.43278834281126],[-77.34469882809955,39.43278834281126],[-77.34178824010479,39.43668251421689]]]}},{"type":"Feature","properties":{"land_value":274160},"geometry":{"type":"Polygon","coordinates":[[[-77.34178824010479,39.44447085702815],[-77.34469882809955,39.448365028433784],[-77.35052000408908,39.448365028433784],[-77.35343059208384,39.44447085702815],[-77.35052000408908,39.44057668562252],[-77.34469882809955,39.44057668562252],[-77.34178824010479,39.44447085702815]]]}},{"type":"Feature","properties":{"land_value":293286},"geometry":{"type":"Polygon","coordinates":[[[-77.34178824010479,39.45225919983941],[-77.34469882809955,39.456153371245044],[-77.35052000408908,39.456153371245044],[-77.35343059208384,39.45225919983941],[-77.35052000408908,39.44836502843378],[-77.34469882809955,39.44836502843378],[-77.34178824010479,39.45225919983941]]]}},{"type":"Feature","properties":{"land_value":228734},"geometry":{"type":"Polygon","coordinates":[[[-77.34178824010479,39.46004754265067],[-77.34469882809955,39.463941714056304],[-77.35052000408908,39.463941714056304],[-77.35343059208384,39.46004754265067],[-77.35052000408908,39.45615337124504],[-77.34469882809955,39.45615337124504],[-77.34178824010479,39.46004754265067]]]}},{"type":"Feature","properties":{"land_value":270849},"geometry":{"type":"Polygon","coordinates":[[[-77.34178824010479,39.46783588546193],[-77.34469882809955,39.471730056867564],[-77.35052000408908,39.471730056867564],[-77.35343059208384,39.46783588546193],[-77.35052000408908,39.4639417140563],[-77.34469882809955,39.4639417140563],[-77.34178824010479,39.46783588546193]]]}},{"type":"Feature","properties":{"land_value":177534},"geometry":{"type":"Polygon","coordinates":[[[-77.34178824010479,39.4756242282732],[-77.34469882809955,39.47951839967883],[-77.35052000408908,39.47951839967883],[-77.35343059208384,39.4756242282732],[-77.35052000408908,39.471730056867564],[-77.34469882809955,39.471730056867564],[-77.34178824010479,39.4756242282732]]]}},{"type":"Feature","properties":{"land_value":175048},"geometry":{"type":"Polygon","coordinates":[[[-77.34178824010479,39.48341257108446],[-77.34469882809955,39.48730674249009],[-77.35052000408908,39.48730674249009],[-77.35343059208384,39.48341257108446],[-77.35052000408908,39.479518399678824],[-77.34469882809955,39.479518399678824],[-77.34178824010479,39.48341257108446]]]}},{"type":"Feature","properties":{"land_value":187903},"geometry":{"type":"Polygon","coordinates":[[[-77.34178824010479,39.49120091389572],[-77.34469882809955,39.49509508530135],[-77.35052000408908,39.49509508530135],[-77.35343059208384,39.49120091389572],[-77.35052000408908,39.487306742490084],[-77.34469882809955,39.487306742490084],[-77.34178824010479,39.49120091389572]]]}},{"type":"Feature","properties":{"land_value":104173},"geometry":{"type":"Polygon","coordinates":[[[-77.34178824010479,39.49898925670698],[-77.34469882809955,39.50288342811261],[-77.35052000408908,39.50288342811261],[-77.35343059208384,39.49898925670698],[-77.35052000408908,39.495095085301344],[-77.34469882809955,39.495095085301344],[-77.34178824010479,39.49898925670698]]]}},{"type":"Feature","properties":{"land_value":157534},"geometry":{"type":"Polygon","coordinates":[[[-77.34178824010479,39.50677759951824],[-77.34469882809955,39.51067177092387],[-77.35052000408908,39.51067177092387],[-77.35343059208384,39.50677759951824],[-77.35052000408908,39.502883428112604],[-77.34469882809955,39.502883428112604],[-77.34178824010479,39.50677759951824]]]}},{"type":"Feature","properties":{"land_value":50763},"geometry":{"type":"Polygon","coordinates":[[[-77.34178824010479,39.5145659423295],[-77.34469882809955,39.51846011373513],[-77.35052000408908,39.51846011373513],[-77.35343059208384,39.5145659423295],[-77.35052000408908,39.510671770923864],[-77.34469882809955,39.510671770923864],[-77.34178824010479,39.5145659423295]]]}},{"type":"Feature","properties":{"land_value":50000},"geometry":{"type":"Polygon","coordinates":[[[-77.34178824010479,39.522354285140764],[-77.34469882809955,39.5262484565464],[-77.35052000408908,39.5262484565464],[-77.35343059208384,39.522354285140764],[-77.35052000408908,39.51846011373513],[-77.34469882809955,39.51846011373513],[-77.34178824010479,39.522354285140764]]]}},{"type":"Feature","properties":{"land_value":50000},"geometry":{"type":"Polygon","coordinates":[[[-77.34178824010479,39.530142627952024],[-77.34469882809955,39.53403679935766],[-77.35052000408908,39.53403679935766],[-77.35343059208384,39.530142627952024],[-77.35052000408908,39.52624845654639],[-77.34469882809955,39.52624845654639],[-77.34178824010479,39.530142627952024]]]}},{"type":"Feature","properties":{"land_value":50000},"geometry":{"type":"Polygon","coordinates":[[[-77.34178824010479,39.537930970763284],[-77.34469882809955,39.54182514216892],[-77.35052000408908,39.54182514216892],[-77.35343059208384,39.537930970763284],[-77.35052000408908,39.53403679935765],[-77.34469882809955,39.53403679935765],[-77.34178824010479,39.537930970763284]]]}},{"type":"Feature","properties":{"land_value":50000},"geometry":{"type":"Polygon","coordinates":[[[-77.34178824010479,39.545719313574544],[-77.34469882809955,39.54961348498018],[-77.35052000408908,39.54961348498018],[-77.35343059208384,39.545719313574544],[-77.35052000408908,39.54182514216891],[-77.34469882809955,39.54182514216891],[-77.34178824010479,39.545719313574544]]]}},{"type":"Feature","properties":{"land_value":50000},"geometry":{"type":"Polygon","coordinates":[[[-77.34178824010479,39.553507656385804],[-77.34469882809955,39.55740182779144],[-77.35052000408908,39.55740182779144],[-77.35343059208384,39.553507656385804],[-77.35052000408908,39.54961348498017],[-77.34469882809955,39.54961348498017],[-77.34178824010479,39.553507656385804]]]}},{"type":"Feature","properties":{"land_value":50000},"geometry":{"type":"Polygon","coordinates":[[[-77.34178824010479,39.561295999197064],[-77.34469882809955,39.5651901706027],[-77.35052000408908,39.5651901706027],[-77.35343059208384,39.561295999197064],[-77.35052000408908,39.55740182779143],[-77.34469882809955,39.55740182779143],[-77.34178824010479,39.561295999197064]]]}},{"type":"Feature","properties":{"land_value":50000},"geometry":{"type":"Polygon","coordinates":[[[-77.34178824010479,39.56908434200833],[-77.34469882809955,39.572978513413965],[-77.35052000408908,39.572978513413965],[-77.35343059208384,39.56908434200833],[-77.35052000408908,39.5651901706027],[-77.34469882809955,39.5651901706027],[-77.34178824010479,39.56908434200833]]]}},{"type":"Feature","properties":{"land_value":50000},"geometry":{"type":"Polygon","coordinates":[[[-77.34178824010479,39.57687268481959],[-77.34469882809955,39.580766856225225],[-77.35052000408908,39.580766856225225],[-77.35343059208384,39.57687268481959],[-77.35052000408908,39.57297851341396],[-77.34469882809955,39.57297851341396],[-77.34178824010479,39.57687268481959]]]}},{"type":"Feature","properties":{"land_value":50000},"geometry":{"type":"Polygon","coordinates":[[[-77.34178824010479,39.58466102763085],[-77.34469882809955,39.588555199036485],[-77.35052000408908,39.588555199036485],[-77.35343059208384,39.58466102763085],[-77.35052000408908,39.58076685622522],[-77.34469882809955,39.58076685622522],[-77.34178824010479,39.58466102763085]]]}},{"type":"Feature","properties":{"land_value":50000},"geometry":{"type":"Polygon","coordinates":[[[-77.34178824010479,39.59244937044211],[-77.34469882809955,39.596343541847745],[-77.35052000408908,39.596343541847745],[-77.35343059208384,39.59244937044211],[-77.35052000408908,39.58855519903648],[-77.34469882809955,39.58855519903648],[-77.34178824010479,39.59244937044211]]]}},{"type":"Feature","properties":{"land_value":50000},"geometry":{"type":"Polygon","coordinates":[[[-77.3330564761205,39.26144480096351],[-77.33596706411527,39.26533897236914],[-77.34178824010479,39.26533897236914],[-77.34469882809955,39.26144480096351],[-77.34178824010479,39.257550629557876],[-77.33596706411527,39.257550629557876],[-77.3330564761205,39.26144480096351]]]}},{"type":"Feature","properties":{"land_value":50000},"geometry":{"type":"Polygon","coordinates":[[[-77.3330564761205,39.26923314377477],[-77.33596706411527,39.2731273151804],[-77.34178824010479,39.2731273151804],[-77.34469882809955,39.26923314377477],[-77.34178824010479,39.265338972369136],[-77.33596706411527,39.265338972369136],[-77.3330564761205,39.26923314377477]]]}},{"type":"Feature","properties":{"land_value":50000},"geometry":{"type":"Polygon","coordinates":[[[-77.3330564761205,39.27702148658603],[-77.33596706411527,39.28091565799166],[-77.34178824010479,39.28091565799166],[-77.34469882809955,39.27702148658603],[-77.34178824010479,39.273127315180396],[-77.33596706411527,39.273127315180396],[-77.3330564761205,39.27702148658603]]]}},{"type":"Feature","properties":{"land_value":50000},"geometry":{"type":"Polygon","coordinates":[[[-77.3330564761205,39.2848098293973],[-77.33596706411527,39.28870400080293],[-77.34178824010479,39.28870400080293],[-77.34469882809955,39.2848098293973],[-77.34178824010479,39.28091565799166],[-77.33596706411527,39.28091565799166],[-77.3330564761205,39.2848098293973]]]}},{"type":"Feature","properties":{"land_value":52436},"geometry":{"type":"Polygon","coordinates":[[[-77.3330564761205,39.29259817220856],[-77.33596706411527,39.29649234361419],[-77.34178824010479,39.29649234361419],[-77.34469882809955,39.29259817220856],[-77.34178824010479,39.28870400080292],[-77.33596706411527,39.28870400080292],[-77.3330564761205,39.29259817220856]]]}},{"type":"Feature","properties":{"land_value":63209},"geometry":{"type":"Polygon","coordinates":[[[-77.3330564761205,39.30038651501982],[-77.33596706411527,39.30428068642545],[-77.34178824010479,39.30428068642545],[-77.34469882809955,39.30038651501982],[-77.34178824010479,39.29649234361418],[-77.33596706411527,39.29649234361418],[-77.3330564761205,39.30038651501982]]]}},{"type":"Feature","properties":{"land_value":50000},"geometry":{"type":"Polygon","coordinates":[[[-77.3330564761205,39.30817485783108],[-77.33596706411527,39.31206902923671],[-77.34178824010479,39.31206902923671],[-77.34469882809955,39.30817485783108],[-77.34178824010479,39.30428068642544],[-77.33596706411527,39.30428068642544],[-77.3330564761205,39.30817485783108]]]}},{"type":"Feature","properties":{"land_value":144195},"geometry":{"type":"Polygon","coordinates":[[[-77.3330564761205,39.31596320064234],[-77.33596706411527,39.31985737204797],[-77.34178824010479,39.31985737204797],[-77.34469882809955,39.31596320064234],[-77.34178824010479,39.3120690292367],[-77.33596706411527,39.3120690292367],[-77.3330564761205,39.31596320064234]]]}},{"type":"Feature","properties":{"land_value":229787},"geometry":{"type":"Polygon","coordinates":[[[-77.3330564761205,39.3237515434536],[-77.33596706411527,39.32764571485923],[-77.34178824010479,39.32764571485923],[-77.34469882809955,39.3237515434536],[-77.34178824010479,39.31985737204796],[-77.33596706411527,39.31985737204796],[-77.3330564761205,39.3237515434536]]]}},{"type":"Feature","properties":{"land_value":390198},"geometry":{"type":"Polygon","coordinates":[[[-77.3330564761205,39.33153988626486],[-77.33596706411527,39.3354340576705],[-77.34178824010479,39.3354340576705],[-77.34469882809955,39.33153988626486],[-77.34178824010479,39.32764571485923],[-77.33596706411527,39.32764571485923],[-77.3330564761205,39.33153988626486]]]}},{"type":"Feature","properties":{"land_value":415281},"geometry":{"type":"Polygon","coordinates":[[[-77.3330564761205,39.33932822907612],[-77.33596706411527,39.34322240048176],[-77.34178824010479,39.34322240048176],[-77.34469882809955,39.33932822907612],[-77.34178824010479,39.33543405767049],[-77.33596706411527,39.33543405767049],[-77.3330564761205,39.33932822907612]]]}},{"type":"Feature","properties":{"land_value":401008},"geometry":{"type":"Polygon","coordinates":[[[-77.3330564761205,39.34711657188738],[-77.33596706411527,39.35101074329302],[-77.34178824010479,39.35101074329302],[-77.34469882809955,39.34711657188738],[-77.34178824010479,39.34322240048175],[-77.33596706411527,39.34322240048175],[-77.3330564761205,39.34711657188738]]]}},{"type":"Feature","properties":{"land_value":352369},"geometry":{"type":"Polygon","coordinates":[[[-77.3330564761205,39.35490491469864],[-77.33596706411527,39.35879908610428],[-77.34178824010479,39.35879908610428],[-77.34469882809955,39.35490491469864],[-77.34178824010479,39.35101074329301],[-77.33596706411527,39.35101074329301],[-77.3330564761205,39.35490491469864]]]}},{"type":"Feature","properties":{"land_value":312883},"geometry":{"type":"Polygon","coordinates":[[[-77.3330564761205,39.3626932575099],[-77.33596706411527,39.36658742891554],[-77.34178824010479,39.36658742891554],[-77.34469882809955,39.3626932575099],[-77.34178824010479,39.35879908610427],[-77.33596706411527,39.35879908610427],[-77.3330564761205,39.3626932575099]]]}},{"type":"Feature","properties":{"land_value":254532},"geometry":{"type":"Polygon","coordinates":[[[-77.3330564761205,39.37048160032116],[-77.33596706411527,39.3743757717268],[-77.34178824010479,39.3743757717268],[-77.34469882809955,39.37048160032116],[-77.34178824010479,39.36658742891553],[-77.33596706411527,39.36658742891553],[-77.3330564761205,39.37048160032116]]]}},{"type":"Feature","properties":{"land_value":262422},"geometry":{"type":"Polygon","coordinates":[[[-77.3330564761205,39.37826994313243],[-77.33596706411527,39.382164114538064],[-77.34178824010479,39.382164114538064],[-77.34469882809955,39.37826994313243],[-77.34178824010479,39.3743757717268],[-77.33596706411527,39.3743757717268],[-77.3330564761205,39.37826994313243]]]}},{"type":"Feature","properties":{"land_value":274924},"geometry":{"type":"Polygon","coordinates":[[[-77.3330564761205,39.38605828594369],[-77.33596706411527,39.389952457349324],[-77.34178824010479,39.389952457349324],[-77.34469882809955,39.38605828594369],[-77.34178824010479,39.38216411453806],[-77.33596706411527,39.38216411453806],[-77.3330564761205,39.38605828594369]]]}},{"type":"Feature","properties":{"land_value":233273},"geometry":{"type":"Polygon","coordinates":[[[-77.3330564761205,39.39384662875495],[-77.33596706411527,39.397740800160584],[-77.34178824010479,39.397740800160584],[-77.34469882809955,39.39384662875495],[-77.34178824010479,39.38995245734932],[-77.33596706411527,39.38995245734932],[-77.3330564761205,39.39384662875495]]]}},{"type":"Feature","properties":{"land_value":240495},"geometry":{"type":"Polygon","coordinates":[[[-77.3330564761205,39.40163497156621],[-77.33596706411527,39.405529142971844],[-77.34178824010479,39.405529142971844],[-77.34469882809955,39.40163497156621],[-77.34178824010479,39.39774080016058],[-77.33596706411527,39.39774080016058],[-77.3330564761205,39.40163497156621]]]}},{"type":"Feature","properties":{"land_value":317245},"geometry":{"type":"Polygon","coordinates":[[[-77.3330564761205,39.40942331437747],[-77.33596706411527,39.413317485783104],[-77.34178824010479,39.413317485783104],[-77.34469882809955,39.40942331437747],[-77.34178824010479,39.40552914297184],[-77.33596706411527,39.40552914297184],[-77.3330564761205,39.40942331437747]]]}},{"type":"Feature","properties":{"land_value":309468},"geometry":{"type":"Polygon","coordinates":[[[-77.3330564761205,39.41721165718873],[-77.33596706411527,39.421105828594364],[-77.34178824010479,39.421105828594364],[-77.34469882809955,39.41721165718873],[-77.34178824010479,39.4133174857831],[-77.33596706411527,39.4133174857831],[-77.3330564761205,39.41721165718873]]]}},{"type":"Feature","properties":{"land_value":315113},"geometry":{"type":"Polygon","coordinates":[[[-77.3330564761205,39.425],[-77.33596706411527,39.42889417140563],[-77.34178824010479,39.42889417140563],[-77.34469882809955,39.425],[-77.34178824010479,39.421105828594364],[-77.33596706411527,39.421105828594364],[-77.3330564761205,39.425]]]}},{"type":"Feature","properties":{"land_value":246336},"geometry":{"type":"Polygon","coordinates":[[[-77.3330564761205,39.43278834281126],[-77.33596706411527,39.43668251421689],[-77.34178824010479,39.43668251421689],[-77.34469882809955,39.43278834281126],[-77.34178824010479,39.428894171405624],[-77.33596706411527,39.428894171405624],[-77.3330564761205,39.43278834281126]]]}},{"type":"Feature","properties":{"land_value":285068},"geometry":{"type":"Polygon","coordinates":[[[-77.3330564761205,39.44057668562252],[-77.33596706411527,39.44447085702815],[-77.34178824010479,39.44447085702815],[-77.34469882809955,39.44057668562252],[-77.34178824010479,39.43668251421688],[-77.33596706411527,39.43668251421688],[-77.3330564761205,39.44057668562252]]]}},{"type":"Feature","properties":{"land_value":260249},"geometry":{"type":"Polygon","coordinates":[[[-77.3330564761205,39.44836502843378],[-77.33596706411527,39.45225919983941],[-77.34178824010479,39.45225919983941],[-77.34469882809955,39.44836502843378],[-77.34178824010479,39.44447085702814],[-77.33596706411527,39.44447085702814],[-77.3330564761205,39.44836502843378]]]}},{"type":"Feature","properties":{"land_value":199717},"geometry":{"type":"Polygon","coordinates":[[[-77.3330564761205,39.45615337124504],[-77.33596706411527,39.46004754265067],[-77.34178824010479,39.46004754265067],[-77.34469882809955,39.45615337124504],[-77.34178824010479,39.4522591998394],[-77.33596706411527,39.4522591998394],[-77.3330564761205,39.45615337124504]]]}},{"type":"Feature","properties":{"land_value":212509},"geometry":{"type":"Polygon","coordinates":[[[-77.3330564761205,39.4639417140563],[-77.33596706411527,39.46783588546193],[-77.34178824010479,39.46783588546193],[-77.34469882809955,39.4639417140563],[-77.34178824010479,39.46004754265066],[-77.33596706411527,39.46004754265066],[-77.3330564761205,39.4639417140563]]]}},{"type":"Feature","properties":{"land_value":225528},"geometry":{"type":"Polygon","coordinates":[[[-77.3330564761205,39.471730056867564],[-77.33596706411527,39.4756242282732],[-77.34178824010479,39.4756242282732],[-77.34469882809955,39.471730056867564],[-77.34178824010479,39.46783588546193],[-77.33596706411527,39.46783588546193],[-77.3330564761205,39.471730056867564]]]}},{"type":"Feature","properties":{"land_value":145190},"geometry":{"type":"Polygon","coordinates":[[[-77.3330564761205,39.479518399678824],[-77.33596706411527,39.48341257108446],[-77.34178824010479,39.48341257108446],[-77.34469882809955,39.479518399678824],[-77.34178824010479,39.47562422827319],[-77.33596706411527,39.47562422827319],[-77.3330564761205,39.479518399678824]]]}},{"type":"Feature","properties":{"land_value":210124},"geometry":{"type":"Polygon","coordinates":[[[-77.3330564761205,39.487306742490084],[-77.33596706411527,39.49120091389572],[-77.34178824010479,39.49120091389572],[-77.34469882809955,39.487306742490084],[-77.34178824010479,39.48341257108445],[-77.33596706411527,39.48341257108445],[-77.3330564761205,39.487306742490084]]]}},{"type":"Feature","properties":{"land_value":87677},"geometry":{"type":"Polygon","coordinates":[[[-77.3330564761205,39.495095085301344],[-77.33596706411527,39.49898925670698],[-77.34178824010479,39.49898925670698],[-77.34469882809955,39.495095085301344],[-77.34178824010479,39.49120091389571],[-77.33596706411527,39.49120091389571],[-77.3330564761205,39.495095085301344]]]}},{"type":"Feature","properties":{"land_value":91793},"geometry":{"type":"Polygon","coordinates":[[[-77.3330564761205,39.502883428112604],[-77.33596706411527,39.50677759951824],[-77.34178824010479,39.50677759951824],[-77.34469882809955,39.502883428112604],[-77.34178824010479,39.49898925670697],[-77.33596706411527,39.49898925670697],[-77.3330564761205,39.502883428112604]]]}},{"type":"Feature","properties":{"land_value":103776},"geometry":{"type":"Polygon","coordinates":[[[-77.3330564761205,39.510671770923864],[-77.33596706411527,39.5145659423295],[-77.34178824010479,39.5145659423295],[-77.34469882809955,39.510671770923864],[-77.34178824010479,39.50677759951823],[-77.33596706411527,39.50677759951823],[-77.3330564761205,39.510671770923864]]]}},{"type":"Feature","properties":{"land_value":58932},"geometry":{"type":"Polygon","coordinates":[[[-77.3330564761205,39.51846011373513],[-77.33596706411527,39.522354285140764],[-77.34178824010479,39.522354285140764],[-77.34469882809955,39.51846011373513],[-77.34178824010479,39.5145659423295],[-77.33596706411527,39.5145659423295],[-77.3330564761205,39.51846011373513]]]}},{"type":"Feature","properties":{"land_value":59861},"geometry":{"type":"Polygon","coordinates":[[[-77.3330564761205,39.52624845654639],[-77.33596706411527,39.530142627952024],[-77.34178824010479,39.530142627952024],[-77.34469882809955,39.52624845654639],[-77.34178824010479,39.52235428514076],[-77.33596706411527,39.52235428514076],[-77.3330564761205,39.52624845654639]]]}},{"type":"Feature","properties":{"land_value":50000},"geometry":{"type":"Polygon","coordinates":[[[-77.3330564761205,39.53403679935765],[-77.33596706411527,39.537930970763284],[-77.34178824010479,39.537930970763284],[-77.34469882809955,39.53403679935765],[-77.34178824010479,39.53014262795202],[-77.33596706411527,39.53014262795202],[-77.3330564761205,39.53403679935765]]]}},{"type":"Feature","properties":{"land_value":50000},"geometry":{"type":"Polygon","coordinates":[[[-77.3330564761205,39.54182514216891],[-77.33596706411527,39.545719313574544],[-77.34178824010479,39.545719313574544],[-77.34469882809955,39.54182514216891],[-77.34178824010479,39.53793097076328],[-77.33596706411527,39.53793097076328],[-77.3330564761205,39.54182514216891]]]}},{"type":"Feature","properties":{"land_value":50000},"geometry":{"type":"Polygon","coordinates":[[[-77.3330564761205,39.54961348498017],[-77.33596706411527,39.553507656385804],[-77.34178824010479,39.553507656385804],[-77.34469882809955,39.54961348498017],[-77.34178824010479,39.54571931357454],[-77.33596706411527,39.54571931357454],[-77.3330564761205,39.54961348498017]]]}},{"type":"Feature","properties":{"land_value":50000},"geometry":{"type":"Polygon","coordinates":[[[-77.3330564761205,39.55740182779143],[-77.33596706411527,39.561295999197064],[-77.34178824010479,39.561295999197064],[-77.34469882809955,39.55740182779143],[-77.34178824010479,39.5535076563858],[-77.33596706411527,39.5535076563858],[-77.3330564761205,39.55740182779143]]]}},{"type":"Feature","properties":{"land_value":50000},"geometry":{"type":"Polygon","coordinates":[[[-77.3330564761205,39.5651901706027],[-77.33596706411527,39.56908434200833],[-77.34178824010479,39.56908434200833],[-77.34469882809955,39.5651901706027],[-77.34178824010479,39.561295999197064],[-77.33596706411527,39.561295999197064],[-77.3330564761205,39.5651901706027]]]}},{"type":"Feature","properties":{"land_value":50000},"geometry":{"type":"Polygon","coordinates":[[[-77.3330564761205,39.57297851341396],[-77.33596706411527,39.57687268481959],[-77.34178824010479,39.57687268481959],[-77.34469882809955,39.57297851341396],[-77.34178824010479,39.569084342008324],[-77.33596706411527,39.569084342008324],[-77.3330564761205,39.57297851341396]]]}},{"type":"Feature","properties":{"land_value":50000},"geometry":{"type":"Polygon","coordinates":[[[-77.3330564761205,39.58076685622522],[-77.33596706411527,39.58466102763085],[-77.34178824010479,39.58466102763085],[-77.34469882809955,39.58076685622522],[-77.34178824010479,39.576872684819584],[-77.33596706411527,39.576872684819584],[-77.3330564761205,39.58076685622522]]]}},{"type":"Feature","properties":{"land_value":50000},"geometry":{"type":"Polygon","coordinates":[[[-77.3330564761205,39.58855519903648],[-77.33596706411527,39.59244937044211],[-77.34178824010479,39.59244937044211],[-77.34469882809955,39.58855519903648],[-77.34178824010479,39.584661027630844],[-77.33596706411527,39.584661027630844],[-77.3330564761205,39.58855519903648]]]}},{"type":"Feature","properties":{"land_value":50000},"geometry":{"type":"Polygon","coordinates":[[[-77.32432471213623,39.25755062955788],[-77.327235300131,39.26144480096352],[-77.33305647612052,39.26144480096352],[-77.33596706411528,39.25755062955788],[-77.33305647612052,39.25365645815225],[-77.327235300131,39.25365645815225],[-77.32432471213623,39.25755062955788]]]}},{"type":"Feature","properties":{"land_value":50000},"geometry":{"type":"Polygon","coordinates":[[[-77.32432471213623,39.26533897236914],[-77.327235300131,39.26923314377478],[-77.33305647612052,39.26923314377478],[-77.33596706411528,39.26533897236914],[-77.33305647612052,39.26144480096351],[-77.327235300131,39.26144480096351],[-77.32432471213623,39.26533897236914]]]}},{"type":"Feature","properties":{"land_value":50000},"geometry":{"type":"Polygon","coordinates":[[[-77.32432471213623,39.2731273151804],[-77.327235300131,39.27702148658604],[-77.33305647612052,39.27702148658604],[-77.33596706411528,39.2731273151804],[-77.33305647612052,39.26923314377477],[-77.327235300131,39.26923314377477],[-77.32432471213623,39.2731273151804]]]}},{"type":"Feature","properties":{"land_value":50000},"geometry":{"type":"Polygon","coordinates":[[[-77.32432471213623,39.28091565799166],[-77.327235300131,39.2848098293973],[-77.33305647612052,39.2848098293973],[-77.33596706411528,39.28091565799166],[-77.33305647612052,39.27702148658603],[-77.327235300131,39.27702148658603],[-77.32432471213623,39.28091565799166]]]}},{"type":"Feature","properties":{"land_value":50000},"geometry":{"type":"Polygon","coordinates":[[[-77.32432471213623,39.28870400080293],[-77.327235300131,39.292598172208564],[-77.33305647612052,39.292598172208564],[-77.33596706411528,39.28870400080293],[-77.33305647612052,39.2848098293973],[-77.327235300131,39.2848098293973],[-77.32432471213623,39.28870400080293]]]}},{"type":"Feature","properties":{"land_value":50000},"geometry":{"type":"Polygon","coordinates":[[[-77.32432471213623,39.29649234361419],[-77.327235300131,39.300386515019824],[-77.33305647612052,39.300386515019824],[-77.33596706411528,39.29649234361419],[-77.33305647612052,39.29259817220856],[-77.327235300131,39.29259817220856],[-77.32432471213623,39.29649234361419]]]}},{"type":"Feature","properties":{"land_value":80979},"geometry":{"type":"Polygon","coordinates":[[[-77.32432471213623,39.30428068642545],[-77.327235300131,39.308174857831084],[-77.33305647612052,39.308174857831084],[-77.33596706411528,39.30428068642545],[-77.33305647612052,39.30038651501982],[-77.327235300131,39.30038651501982],[-77.32432471213623,39.30428068642545]]]}},{"type":"Feature","properties":{"land_value":188110},"geometry":{"type":"Polygon","coordinates":[[[-77.32432471213623,39.31206902923671],[-77.327235300131,39.315963200642344],[-77.33305647612052,39.315963200642344],[-77.33596706411528,39.31206902923671],[-77.33305647612052,39.30817485783108],[-77.327235300131,39.30817485783108],[-77.32432471213623,39.31206902923671]]]}},{"type":"Feature","properties":{"land_value":245471},"geometry":{"type":"Polygon","coordinates":[[[-77.32432471213623,39.31985737204797],[-77.327235300131,39.323751543453604],[-77.33305647612052,39.323751543453604],[-77.33596706411528,39.31985737204797],[-77.33305647612052,39.31596320064234],[-77.327235300131,39.31596320064234],[-77.32432471213623,39.31985737204797]]]}},{"type":"Feature","properties":{"land_value":404815},"geometry":{"type":"Polygon","coordinates":[[[-77.32432471213623,39.32764571485923],[-77.327235300131,39.33153988626486],[-77.33305647612052,39.33153988626486],[-77.33596706411528,39.32764571485923],[-77.33305647612052,39.3237515434536],[-77.327235300131,39.3237515434536],[-77.32432471213623,39.32764571485923]]]}},{"type":"Feature","properties":{"land_value":371881},"geometry":{"type":"Polygon","coordinates":[[[-77.32432471213623,39.3354340576705],[-77.327235300131,39.33932822907613],[-77.33305647612052,39.33932822907613],[-77.33596706411528,39.3354340576705],[-77.33305647612052,39.33153988626486],[-77.327235300131,39.33153988626486],[-77.32432471213623,39.3354340576705]]]}},{"type":"Feature","properties":{"land_value":371995},"geometry":{"type":"Polygon","coordinates":[[[-77.32432471213623,39.34322240048176],[-77.327235300131,39.34711657188739],[-77.33305647612052,39.34711657188739],[-77.33596706411528,39.34322240048176],[-77.33305647612052,39.33932822907612],[-77.327235300131,39.33932822907612],[-77.32432471213623,39.34322240048176]]]}},{"type":"Feature","properties":{"land_value":238770},"geometry":{"type":"Polygon","coordinates":[[[-77.32432471213623,39.35101074329302],[-77.327235300131,39.35490491469865],[-77.33305647612052,39.35490491469865],[-77.33596706411528,39.35101074329302],[-77.33305647612052,39.34711657188738],[-77.327235300131,39.34711657188738],[-77.32432471213623,39.35101074329302]]]}},{"type":"Feature","properties":{"land_value":185860},"geometry":{"type":"Polygon","coordinates":[[[-77.32432471213623,39.35879908610428],[-77.327235300131,39.36269325750991],[-77.33305647612052,39.36269325750991],[-77.33596706411528,39.35879908610428],[-77.33305647612052,39.35490491469864],[-77.327235300131,39.35490491469864],[-77.32432471213623,39.35879908610428]]]}},{"type":"Feature","properties":{"land_value":228126},"geometry":{"type":"Polygon","coordinates":[[[-77.32432471213623,39.36658742891554],[-77.327235300131,39.37048160032117],[-77.33305647612052,39.37048160032117],[-77.33596706411528,39.36658742891554],[-77.33305647612052,39.3626932575099],[-77.327235300131,39.3626932575099],[-77.32432471213623,39.36658742891554]]]}},{"type":"Feature","properties":{"land_value":262463},"geometry":{"type":"Polygon","coordinates":[[[-77.32432471213623,39.3743757717268],[-77.327235300131,39.37826994313243],[-77.33305647612052,39.37826994313243],[-77.33596706411528,39.3743757717268],[-77.33305647612052,39.37048160032116],[-77.327235300131,39.37048160032116],[-77.32432471213623,39.3743757717268]]]}},{"type":"Feature","properties":{"land_value":229654},"geometry":{"type":"Polygon","coordinates":[[[-77.32432471213623,39.382164114538064],[-77.327235300131,39.3860582859437],[-77.33305647612052,39.3860582859437],[-77.33596706411528,39.382164114538064],[-77.33305647612052,39.37826994313243],[-77.327235300131,39.37826994313243],[-77.32432471213623,39.382164114538064]]]}},{"type":"Feature","properties":{"land_value":297062},"geometry":{"type":"Polygon","coordinates":[[[-77.32432471213623,39.389952457349324],[-77.327235300131,39.39384662875496],[-77.33305647612052,39.39384662875496],[-77.33596706411528,39.389952457349324],[-77.33305647612052,39.38605828594369],[-77.327235300131,39.38605828594369],[-77.32432471213623,39.389952457349324]]]}},{"type":"Feature","properties":{"land_value":213237},"geometry":{"type":"Polygon","coordinates":[[[-77.32432471213623,39.397740800160584],[-77.327235300131,39.40163497156622],[-77.33305647612052,39.40163497156622],[-77.33596706411528,39.397740800160584],[-77.33305647612052,39.39384662875495],[-77.327235300131,39.39384662875495],[-77.32432471213623,39.397740800160584]]]}},{"type":"Feature","properties":{"land_value":245290},"geometry":{"type":"Polygon","coordinates":[[[-77.32432471213623,39.405529142971844],[-77.327235300131,39.40942331437748],[-77.33305647612052,39.40942331437748],[-77.33596706411528,39.405529142971844],[-77.33305647612052,39.40163497156621],[-77.327235300131,39.40163497156621],[-77.32432471213623,39.405529142971844]]]}},{"type":"Feature","properties":{"land_value":252325},"geometry":{"type":"Polygon","coordinates":[[[-77.32432471213623,39.413317485783104],[-77.327235300131,39.41721165718874],[-77.33305647612052,39.41721165718874],[-77.33596706411528,39.413317485783104],[-77.33305647612052,39.40942331437747],[-77.327235300131,39.40942331437747],[-77.32432471213623,39.413317485783104]]]}},{"type":"Feature","properties":{"land_value":280324},"geometry":{"type":"Polygon","coordinates":[[[-77.32432471213623,39.421105828594364],[-77.327235300131,39.425],[-77.33305647612052,39.425],[-77.33596706411528,39.421105828594364],[-77.33305647612052,39.41721165718873],[-77.327235300131,39.41721165718873],[-77.32432471213623,39.421105828594364]]]}},{"type":"Feature","properties":{"land_value":279180},"geometry":{"type":"Polygon","coordinates":[[[-77.32432471213623,39.42889417140563],[-77.327235300131,39.432788342811264],[-77.33305647612052,39.432788342811264],[-77.33596706411528,39.42889417140563],[-77.33305647612052,39.425],[-77.327235300131,39.425],[-77.32432471213623,39.42889417140563]]]}},{"type":"Feature","properties":{"land_value":225198},"geometry":{"type":"Polygon","coordinates":[[[-77.32432471213623,39.43668251421689],[-77.327235300131,39.440576685622524],[-77.33305647612052,39.440576685622524],[-77.33596706411528,39.43668251421689],[-77.33305647612052,39.43278834281126],[-77.327235300131,39.43278834281126],[-77.32432471213623,39.43668251421689]]]}},{"type":"Feature","properties":{"land_value":271497},"geometry":{"type":"Polygon","coordinates":[[[-77.32432471213623,39.44447085702815],[-77.327235300131,39.448365028433784],[-77.33305647612052,39.448365028433784],[-77.33596706411528,39.44447085702815],[-77.33305647612052,39.44057668562252],[-77.327235300131,39.44057668562252],[-77.32432471213623,39.44447085702815]]]}},{"type":"Feature","properties":{"land_value":267141},"geometry":{"type":"Polygon","coordinates":[[[-77.32432471213623,39.45225919983941],[-77.327235300131,39.456153371245044],[-77.33305647612052,39.456153371245044],[-77.33596706411528,39.45225919983941],[-77.33305647612052,39.44836502843378],[-77.327235300131,39.44836502843378],[-77.32432471213623,39.45225919983941]]]}},{"type":"Feature","properties":{"land_value":184129},"geometry":{"type":"Polygon","coordinates":[[[-77.32432471213623,39.46004754265067],[-77.327235300131,39.463941714056304],[-77.33305647612052,39.463941714056304],[-77.33596706411528,39.46004754265067],[-77.33305647612052,39.45615337124504],[-77.327235300131,39.45615337124504],[-77.32432471213623,39.46004754265067]]]}},{"type":"Feature","properties":{"land_value":147813},"geometry":{"type":"Polygon","coordinates":[[[-77.32432471213623,39.46783588546193],[-77.327235300131,39.471730056867564],[-77.33305647612052,39.471730056867564],[-77.33596706411528,39.46783588546193],[-77.33305647612052,39.4639417140563],[-77.327235300131,39.4639417140563],[-77.32432471213623,39.46783588546193]]]}},{"type":"Feature","properties":{"land_value":206814},"geometry":{"type":"Polygon","coordinates":[[[-77.32432471213623,39.4756242282732],[-77.327235300131,39.47951839967883],[-77.33305647612052,39.47951839967883],[-77.33596706411528,39.4756242282732],[-77.33305647612052,39.471730056867564],[-77.327235300131,39.471730056867564],[-77.32432471213623,39.4756242282732]]]}},{"type":"Feature","properties":{"land_value":147522},"geometry":{"type":"Polygon","coordinates":[[[-77.32432471213623,39.48341257108446],[-77.327235300131,39.48730674249009],[-77.33305647612052,39.48730674249009],[-77.33596706411528,39.48341257108446],[-77.33305647612052,39.479518399678824],[-77.327235300131,39.479518399678824],[-77.32432471213623,39.48341257108446]]]}},{"type":"Feature","properties":{"land_value":171296},"geometry":{"type":"Polygon","coordinates":[[[-77.32432471213623,39.49120091389572],[-77.327235300131,39.49509508530135],[-77.33305647612052,39.49509508530135],[-77.33596706411528,39.49120091389572],[-77.33305647612052,39.487306742490084],[-77.327235300131,39.487306742490084],[-77.32432471213623,39.49120091389572]]]}},{"type":"Feature","properties":{"land_value":103259},"geometry":{"type":"Polygon","coordinates":[[[-77.32432471213623,39.49898925670698],[-77.327235300131,39.50288342811261],[-77.33305647612052,39.50288342811261],[-77.33596706411528,39.49898925670698],[-77.33305647612052,39.495095085301344],[-77.327235300131,39.495095085301344],[-77.32432471213623,39.49898925670698]]]}},{"type":"Feature","properties":{"land_value":128061},"geometry":{"type":"Polygon","coordinates":[[[-77.32432471213623,39.50677759951824],[-77.327235300131,39.51067177092387],[-77.33305647612052,39.51067177092387],[-77.33596706411528,39.50677759951824],[-77.33305647612052,39.502883428112604],[-77.327235300131,39.502883428112604],[-77.32432471213623,39.50677759951824]]]}},{"type":"Feature","properties":{"land_value":87926},"geometry":{"type":"Polygon","coordinates":[[[-77.32432471213623,39.5145659423295],[-77.327235300131,39.51846011373513],[-77.33305647612052,39.51846011373513],[-77.33596706411528,39.5145659423295],[-77.33305647612052,39.510671770923864],[-77.327235300131,39.510671770923864],[-77.32432471213623,39.5145659423295]]]}},{"type":"Feature","properties":{"land_value":50000},"geometry":{"type":"Polygon","coordinates":[[[-77.32432471213623,39.522354285140764],[-77.327235300131,39.5262484565464],[-77.33305647612052,39.5262484565464],[-77.33596706411528,39.522354285140764],[-77.33305647612052,39.51846011373513],[-77.327235300131,39.51846011373513],[-77.32432471213623,39.522354285140764]]]}},{"type":"Feature","properties":{"land_value":50000},"geometry":{"type":"Polygon","coordinates":[[[-77.32432471213623,39.530142627952024],[-77.327235300131,39.53403679935766],[-77.33305647612052,39.53403679935766],[-77.33596706411528,39.530142627952024],[-77.33305647612052,39.52624845654639],[-77.327235300131,39.52624845654639],[-77.32432471213623,39.530142627952024]]]}},{"type":"Feature","properties":{"land_value":50000},"geometry":{"type":"Polygon","coordinates":[[[-77.32432471213623,39.537930970763284],[-77.327235300131,39.54182514216892],[-77.33305647612052,39.54182514216892],[-77.33596706411528,39.537930970763284],[-77.33305647612052,39.53403679935765],[-77.327235300131,39.53403679935765],[-77.32432471213623,39.537930970763284]]]}},{"type":"Feature","properties":{"land_value":50000},"geometry":{"type":"Polygon","coordinates":[[[-77.32432471213623,39.545719313574544],[-77.327235300131,39.54961348498018],[-77.33305647612052,39.54961348498018],[-77.33596706411528,39.545719313574544],[-77.33305647612052,39.54182514216891],[-77.327235300131,39.54182514216891],[-77.32432471213623,39.545719313574544]]]}},{"type":"Feature","properties":{"land_value":50000},"geometry":{"type":"Polygon","coordinates":[[[-77.32432471213623,39.553507656385804],[-77.327235300131,39.55740182779144],[-77.33305647612052,39.55740182779144],[-77.33596706411528,39.553507656385804],[-77.33305647612052,39.54961348498017],[-77.327235300131,39.54961348498017],[-77.32432471213623,39.553507656385804]]]}},{"type":"Feature","properties":{"land_value":50000},"geometry":{"type":"Polygon","coordinates":[[[-77.32432471213623,39.561295999197064],[-77.327235300131,39.5651901706027],[-77.33305647612052,39.5651901706027],[-77.33596706411528,39.561295999197064],[-77.33305647612052,39.55740182779143],[-77.327235300131,39.55740182779143],[-77.32432471213623,39.561295999197064]]]}},{"type":"Feature","properties":{"land_value":50000},"geometry":{"type":"Polygon","coordinates":[[[-77.32432471213623,39.56908434200833],[-77.327235300131,39.572978513413965],[-77.33305647612052,39.572978513413965],[-77.33596706411528,39.56908434200833],[-77.33305647612052,39.5651901706027],[-77.327235300131,39.5651901706027],[-77.32432471213623,39.56908434200833]]]}},{"type":"Feature","properties":{"land_value":50000},"geometry":{"type":"Polygon","coordinates":[[[-77.32432471213623,39.57687268481959],[-77.327235300131,39.580766856225225],[-77.33305647612052,39.580766856225225],[-77.33596706411528,39.57687268481959],[-77.33305647612052,39.57297851341396],[-77.327235300131,39.57297851341396],[-77.32432471213623,39.57687268481959]]]}},{"type":"Feature","properties":{"land_value":50000},"geometry":{"type":"Polygon","coordinates":[[[-77.32432471213623,39.58466102763085],[-77.327235300131,39.588555199036485],[-77.33305647612052,39.588555199036485],[-77.33596706411528,39.58466102763085],[-77.33305647612052,39.58076685622522],[-77.327235300131,39.58076685622522],[-77.32432471213623,39.58466102763085]]]}},{"type":"Feature","properties":{"land_value":50000},"geometry":{"type":"Polygon","coordinates":[[[-77.32432471213623,39.59244937044211],[-77.327235300131,39.596343541847745],[-77.33305647612052,39.596343541847745],[-77.33596706411528,39.59244937044211],[-77.33305647612052,39.58855519903648],[-77.327235300131,39.58855519903648],[-77.32432471213623,39.59244937044211]]]}},{"type":"Feature","properties":{"land_value":50000},"geometry":{"type":"Polygon","coordinates":[[[-77.31559294815195,39.26144480096351],[-77.31850353614671,39.26533897236914],[-77.32432471213623,39.26533897236914],[-77.327235300131,39.26144480096351],[-77.32432471213623,39.257550629557876],[-77.31850353614671,39.257550629557876],[-77.31559294815195,39.26144480096351]]]}},{"type":"Feature","properties":{"land_value":50000},"geometry":{"type":"Polygon","coordinates":[[[-77.31559294815195,39.26923314377477],[-77.31850353614671,39.2731273151804],[-77.32432471213623,39.2731273151804],[-77.327235300131,39.26923314377477],[-77.32432471213623,39.265338972369136],[-77.31850353614671,39.265338972369136],[-77.31559294815195,39.26923314377477]]]}},{"type":"Feature","properties":{"land_value":50000},"geometry":{"type":"Polygon","coordinates":[[[-77.31559294815195,39.27702148658603],[-77.31850353614671,39.28091565799166],[-77.32432471213623,39.28091565799166],[-77.327235300131,39.27702148658603],[-77.32432471213623,39.273127315180396],[-77.31850353614671,39.273127315180396],[-77.31559294815195,39.27702148658603]]]}},{"type":"Feature","properties":{"land_value":50000},"geometry":{"type":"Polygon","coordinates":[[[-77.31559294815195,39.2848098293973],[-77.31850353614671,39.28870400080293],[-77.32432471213623,39.28870400080293],[-77.327235300131,39.2848098293973],[-77.32432471213623,39.28091565799166],[-77.31850353614671,39.28091565799166],[-77.31559294815195,39.2848098293973]]]}},{"type":"Feature","properties":{"land_value":54659},"geometry":{"type":"Polygon","coordinates":[[[-77.31559294815195,39.29259817220856],[-77.31850353614671,39.29649234361419],[-77.32432471213623,39.29649234361419],[-77.327235300131,39.29259817220856],[-77.32432471213623,39.28870400080292],[-77.31850353614671,39.28870400080292],[-77.31559294815195,39.29259817220856]]]}},{"type":"Feature","properties":{"land_value":132396},"geometry":{"type":"Polygon","coordinates":[[[-77.31559294815195,39.30038651501982],[-77.31850353614671,39.30428068642545],[-77.32432471213623,39.30428068642545],[-77.327235300131,39.30038651501982],[-77.32432471213623,39.29649234361418],[-77.31850353614671,39.29649234361418],[-77.31559294815195,39.30038651501982]]]}},{"type":"Feature","properties":{"land_value":238911},"geometry":{"type":"Polygon","coordinates":[[[-77.31559294815195,39.30817485783108],[-77.31850353614671,39.31206902923671],[-77.32432471213623,39.31206902923671],[-77.327235300131,39.30817485783108],[-77.32432471213623,39.30428068642544],[-77.31850353614671,39.30428068642544],[-77.31559294815195,39.30817485783108]]]}},{"type":"Feature","properties":{"land_value":323804},"geometry":{"type":"Polygon","coordinates":[[[-77.31559294815195,39.31596320064234],[-77.31850353614671,39.31985737204797],[-77.32432471213623,39.31985737204797],[-77.327235300131,39.31596320064234],[-77.32432471213623,39.3120690292367],[-77.31850353614671,39.3120690292367],[-77.31559294815195,39.31596320064234]]]}},{"type":"Feature","properties":{"land_value":346607},"geometry":{"type":"Polygon","coordinates":[[[-77.31559294815195,39.3237515434536],[-77.31850353614671,39.32764571485923],[-77.32432471213623,39.32764571485923],[-77.327235300131,39.3237515434536],[-77.32432471213623,39.31985737204796],[-77.31850353614671,39.31985737204796],[-77.31559294815195,39.3237515434536]]]}},{"type":"Feature","properties":{"land_value":335204},"geometry":{"type":"Polygon","coordinates":[[[-77.31559294815195,39.33153988626486],[-77.31850353614671,39.3354340576705],[-77.32432471213623,39.3354340576705],[-77.327235300131,39.33153988626486],[-77.32432471213623,39.32764571485923],[-77.31850353614671,39.32764571485923],[-77.31559294815195,39.33153988626486]]]}},{"type":"Feature","properties":{"land_value":300017},"geometry":{"type":"Polygon","coordinates":[[[-77.31559294815195,39.33932822907612],[-77.31850353614671,39.34322240048176],[-77.32432471213623,39.34322240048176],[-77.327235300131,39.33932822907612],[-77.32432471213623,39.33543405767049],[-77.31850353614671,39.33543405767049],[-77.31559294815195,39.33932822907612]]]}},{"type":"Feature","properties":{"land_value":203797},"geometry":{"type":"Polygon","coordinates":[[[-77.31559294815195,39.34711657188738],[-77.31850353614671,39.35101074329302],[-77.32432471213623,39.35101074329302],[-77.327235300131,39.34711657188738],[-77.32432471213623,39.34322240048175],[-77.31850353614671,39.34322240048175],[-77.31559294815195,39.34711657188738]]]}},{"type":"Feature","properties":{"land_value":128564},"geometry":{"type":"Polygon","coordinates":[[[-77.31559294815195,39.35490491469864],[-77.31850353614671,39.35879908610428],[-77.32432471213623,39.35879908610428],[-77.327235300131,39.35490491469864],[-77.32432471213623,39.35101074329301],[-77.31850353614671,39.35101074329301],[-77.31559294815195,39.35490491469864]]]}},{"type":"Feature","properties":{"land_value":186940},"geometry":{"type":"Polygon","coordinates":[[[-77.31559294815195,39.3626932575099],[-77.31850353614671,39.36658742891554],[-77.32432471213623,39.36658742891554],[-77.327235300131,39.3626932575099],[-77.32432471213623,39.35879908610427],[-77.31850353614671,39.35879908610427],[-77.31559294815195,39.3626932575099]]]}},{"type":"Feature","properties":{"land_value":188968},"geometry":{"type":"Polygon","coordinates":[[[-77.31559294815195,39.37048160032116],[-77.31850353614671,39.3743757717268],[-77.32432471213623,39.3743757717268],[-77.327235300131,39.37048160032116],[-77.32432471213623,39.36658742891553],[-77.31850353614671,39.36658742891553],[-77.31559294815195,39.37048160032116]]]}},{"type":"Feature","properties":{"land_value":191703},"geometry":{"type":"Polygon","coordinates":[[[-77.31559294815195,39.37826994313243],[-77.31850353614671,39.382164114538064],[-77.32432471213623,39.382164114538064],[-77.327235300131,39.37826994313243],[-77.32432471213623,39.3743757717268],[-77.31850353614671,39.3743757717268],[-77.31559294815195,39.37826994313243]]]}},{"type":"Feature","properties":{"land_value":205234},"geometry":{"type":"Polygon","coordinates":[[[-77.31559294815195,39.38605828594369],[-77.31850353614671,39.389952457349324],[-77.32432471213623,39.389952457349324],[-77.327235300131,39.38605828594369],[-77.32432471213623,39.38216411453806],[-77.31850353614671,39.38216411453806],[-77.31559294815195,39.38605828594369]]]}},{"type":"Feature","properties":{"land_value":255579},"geometry":{"type":"Polygon","coordinates":[[[-77.31559294815195,39.39384662875495],[-77.31850353614671,39.397740800160584],[-77.32432471213623,39.397740800160584],[-77.327235300131,39.39384662875495],[-77.32432471213623,39.38995245734932],[-77.31850353614671,39.38995245734932],[-77.31559294815195,39.39384662875495]]]}},{"type":"Feature","properties":{"land_value":288535},"geometry":{"type":"Polygon","coordinates":[[[-77.31559294815195,39.40163497156621],[-77.31850353614671,39.405529142971844],[-77.32432471213623,39.405529142971844],[-77.327235300131,39.40163497156621],[-77.32432471213623,39.39774080016058],[-77.31850353614671,39.39774080016058],[-77.31559294815195,39.40163497156621]]]}},{"type":"Feature","properties":{"land_value":244251},"geometry":{"type":"Polygon","coordinates":[[[-77.31559294815195,39.40942331437747],[-77.31850353614671,39.413317485783104],[-77.32432471213623,39.413317485783104],[-77.327235300131,39.40942331437747],[-77.32432471213623,39.40552914297184],[-77.31850353614671,39.40552914297184],[-77.31559294815195,39.40942331437747]]]}},{"type":"Feature","properties":{"land_value":246036},"geometry":{"type":"Polygon","coordinates":[[[-77.31559294815195,39.41721165718873],[-77.31850353614671,39.421105828594364],[-77.32432471213623,39.421105828594364],[-77.327235300131,39.41721165718873],[-77.32432471213623,39.4133174857831],[-77.31850353614671,39.4133174857831],[-77.31559294815195,39.41721165718873]]]}},{"type":"Feature","properties":{"land_value":225750},"geometry":{"type":"Polygon","coordinates":[[[-77.31559294815195,39.425],[-77.31850353614671,39.42889417140563],[-77.32432471213623,39.42889417140563],[-77.327235300131,39.425],[-77.32432471213623,39.421105828594364],[-77.31850353614671,39.421105828594364],[-77.31559294815195,39.425]]]}},{"type":"Feature","properties":{"land_value":264630},"geometry":{"type":"Polygon","coordinates":[[[-77.31559294815195,39.43278834281126],[-77.31850353614671,39.43668251421689],[-77.32432471213623,39.43668251421689],[-77.327235300131,39.43278834281126],[-77.32432471213623,39.428894171405624],[-77.31850353614671,39.428894171405624],[-77.31559294815195,39.43278834281126]]]}},{"type":"Feature","properties":{"land_value":233559},"geometry":{"type":"Polygon","coordinates":[[[-77.31559294815195,39.44057668562252],[-77.31850353614671,39.44447085702815],[-77.32432471213623,39.44447085702815],[-77.327235300131,39.44057668562252],[-77.32432471213623,39.43668251421688],[-77.31850353614671,39.43668251421688],[-77.31559294815195,39.44057668562252]]]}},{"type":"Feature","properties":{"land_value":210884},"geometry":{"type":"Polygon","coordinates":[[[-77.31559294815195,39.44836502843378],[-77.31850353614671,39.45225919983941],[-77.32432471213623,39.45225919983941],[-77.327235300131,39.44836502843378],[-77.32432471213623,39.44447085702814],[-77.31850353614671,39.44447085702814],[-77.31559294815195,39.44836502843378]]]}},{"type":"Feature","properties":{"land_value":198272},"geometry":{"type":"Polygon","coordinates":[[[-77.31559294815195,39.45615337124504],[-77.31850353614671,39.46004754265067],[-77.32432471213623,39.46004754265067],[-77.327235300131,39.45615337124504],[-77.32432471213623,39.4522591998394],[-77.31850353614671,39.4522591998394],[-77.31559294815195,39.45615337124504]]]}},{"type":"Feature","properties":{"land_value":178592},"geometry":{"type":"Polygon","coordinates":[[[-77.31559294815195,39.4639417140563],[-77.31850353614671,39.46783588546193],[-77.32432471213623,39.46783588546193],[-77.327235300131,39.4639417140563],[-77.32432471213623,39.46004754265066],[-77.31850353614671,39.46004754265066],[-77.31559294815195,39.4639417140563]]]}},{"type":"Feature","properties":{"land_value":175955},"geometry":{"type":"Polygon","coordinates":[[[-77.31559294815195,39.471730056867564],[-77.31850353614671,39.4756242282732],[-77.32432471213623,39.4756242282732],[-77.327235300131,39.471730056867564],[-77.32432471213623,39.46783588546193],[-77.31850353614671,39.46783588546193],[-77.31559294815195,39.471730056867564]]]}},{"type":"Feature","properties":{"land_value":101265},"geometry":{"type":"Polygon","coordinates":[[[-77.31559294815195,39.479518399678824],[-77.31850353614671,39.48341257108446],[-77.32432471213623,39.48341257108446],[-77.327235300131,39.479518399678824],[-77.32432471213623,39.47562422827319],[-77.31850353614671,39.47562422827319],[-77.31559294815195,39.479518399678824]]]}},{"type":"Feature","properties":{"land_value":141179},"geometry":{"type":"Polygon","coordinates":[[[-77.31559294815195,39.487306742490084],[-77.31850353614671,39.49120091389572],[-77.32432471213623,39.49120091389572],[-77.327235300131,39.487306742490084],[-77.32432471213623,39.48341257108445],[-77.31850353614671,39.48341257108445],[-77.31559294815195,39.487306742490084]]]}},{"type":"Feature","properties":{"land_value":152277},"geometry":{"type":"Polygon","coordinates":[[[-77.31559294815195,39.495095085301344],[-77.31850353614671,39.49898925670698],[-77.32432471213623,39.49898925670698],[-77.327235300131,39.495095085301344],[-77.32432471213623,39.49120091389571],[-77.31850353614671,39.49120091389571],[-77.31559294815195,39.495095085301344]]]}},{"type":"Feature","properties":{"land_value":72749},"geometry":{"type":"Polygon","coordinates":[[[-77.31559294815195,39.502883428112604],[-77.31850353614671,39.50677759951824],[-77.32432471213623,39.50677759951824],[-77.327235300131,39.502883428112604],[-77.32432471213623,39.49898925670697],[-77.31850353614671,39.49898925670697],[-77.31559294815195,39.502883428112604]]]}},{"type":"Feature","properties":{"land_value":77025},"geometry":{"type":"Polygon","coordinates":[[[-77.31559294815195,39.510671770923864],[-77.31850353614671,39.5145659423295],[-77.32432471213623,39.5145659423295],[-77.327235300131,39.510671770923864],[-77.32432471213623,39.50677759951823],[-77.31850353614671,39.50677759951823],[-77.31559294815195,39.510671770923864]]]}},{"type":"Feature","properties":{"land_value":54624},"geometry":{"type":"Polygon","coordinates":[[[-77.31559294815195,39.51846011373513],[-77.31850353614671,39.522354285140764],[-77.32432471213623,39.522354285140764],[-77.327235300131,39.51846011373513],[-77.32432471213623,39.5145659423295],[-77.31850353614671,39.5145659423295],[-77.31559294815195,39.51846011373513]]]}},{"type":"Feature","properties":{"land_value":50000},"geometry":{"type":"Polygon","coordinates":[[[-77.31559294815195,39.52624845654639],[-77.31850353614671,39.530142627952024],[-77.32432471213623,39.530142627952024],[-77.327235300131,39.52624845654639],[-77.32432471213623,39.52235428514076],[-77.31850353614671,39.52235428514076],[-77.31559294815195,39.52624845654639]]]}},{"type":"Feature","properties":{"land_value":50000},"geometry":{"type":"Polygon","coordinates":[[[-77.31559294815195,39.53403679935765],[-77.31850353614671,39.537930970763284],[-77.32432471213623,39.537930970763284],[-77.327235300131,39.53403679935765],[-77.32432471213623,39.53014262795202],[-77.31850353614671,39.53014262795202],[-77.31559294815195,39.53403679935765]]]}},{"type":"Feature","properties":{"land_value":50000},"geometry":{"type":"Polygon","coordinates":[[[-77.31559294815195,39.54182514216891],[-77.31850353614671,39.545719313574544],[-77.32432471213623,39.545719313574544],[-77.327235300131,39.54182514216891],[-77.32432471213623,39.53793097076328],[-77.31850353614671,39.53793097076328],[-77.31559294815195,39.54182514216891]]]}},{"type":"Feature","properties":{"land_value":50000},"geometry":{"type":"Polygon","coordinates":[[[-77.31559294815195,39.54961348498017],[-77.31850353614671,39.553507656385804],[-77.32432471213623,39.553507656385804],[-77.327235300131,39.54961348498017],[-77.32432471213623,39.54571931357454],[-77.31850353614671,39.54571931357454],[-77.31559294815195,39.54961348498017]]]}},{"type":"Feature","properties":{"land_value":50000},"geometry":{"type":"Polygon","coordinates":[[[-77.31559294815195,39.55740182779143],[-77.31850353614671,39.561295999197064],[-77.32432471213623,39.561295999197064],[-77.327235300131,39.55740182779143],[-77.32432471213623,39.5535076563858],[-77.31850353614671,39.5535076563858],[-77.31559294815195,39.55740182779143]]]}},{"type":"Feature","properties":{"land_value":50000},"geometry":{"type":"Polygon","coordinates":[[[-77.31559294815195,39.5651901706027],[-77.31850353614671,39.56908434200833],[-77.32432471213623,39.56908434200833],[-77.327235300131,39.5651901706027],[-77.32432471213623,39.561295999197064],[-77.31850353614671,39.561295999197064],[-77.31559294815195,39.5651901706027]]]}},{"type":"Feature","properties":{"land_value":50000},"geometry":{"type":"Polygon","coordinates":[[[-77.31559294815195,39.57297851341396],[-77.31850353614671,39.57687268481959],[-77.32432471213623,39.57687268481959],[-77.327235300131,39.57297851341396],[-77.32432471213623,39.569084342008324],[-77.31850353614671,39.569084342008324],[-77.31559294815195,39.57297851341396]]]}},{"type":"Feature","properties":{"land_value":50000},"geometry":{"type":"Polygon","coordinates":[[[-77.31559294815195,39.58076685622522],[-77.31850353614671,39.58466102763085],[-77.32432471213623,39.58466102763085],[-77.327235300131,39.58076685622522],[-77.32432471213623,39.576872684819584],[-77.31850353614671,39.576872684819584],[-77.31559294815195,39.58076685622522]]]}},{"type":"Feature","properties":{"land_value":50000},"geometry":{"type":"Polygon","coordinates":[[[-77.31559294815195,39.58855519903648],[-77.31850353614671,39.59244937044211],[-77.32432471213623,39.59244937044211],[-77.327235300131,39.58855519903648],[-77.32432471213623,39.584661027630844],[-77.31850353614671,39.584661027630844],[-77.31559294815195,39.58855519903648]]]}},{"type":"Feature","properties":{"land_value":50000},"geometry":{"type":"Polygon","coordinates":[[[-77.30686118416767,39.25755062955788],[-77.30977177216243,39.26144480096352],[-77.31559294815196,39.26144480096352],[-77.31850353614672,39.25755062955788],[-77.31559294815196,39.25365645815225],[-77.30977177216243,39.25365645815225],[-77.30686118416767,39.25755062955788]]]}},{"type":"Feature","properties":{"land_value":50000},"geometry":{"type":"Polygon","coordinates":[[[-77.30686118416767,39.26533897236914],[-77.30977177216243,39.26923314377478],[-77.31559294815196,39.26923314377478],[-77.31850353614672,39.26533897236914],[-77.31559294815196,39.26144480096351],[-77.30977177216243,39.26144480096351],[-77.30686118416767,39.26533897236914]]]}},{"type":"Feature","properties":{"land_value":50000},"geometry":{"type":"Polygon","coordinates":[[[-77.30686118416767,39.2731273151804],[-77.30977177216243,39.27702148658604],[-77.31559294815196,39.27702148658604],[-77.31850353614672,39.2731273151804],[-77.31559294815196,39.26923314377477],[-77.30977177216243,39.26923314377477],[-77.30686118416767,39.2731273151804]]]}},{"type":"Feature","properties":{"land_value":50000},"geometry":{"type":"Polygon","coordinates":[[[-77.30686118416767,39.28091565799166],[-77.30977177216243,39.2848098293973],[-77.31559294815196,39.2848098293973],[-77.31850353614672,39.28091565799166],[-77.31559294815196,39.27702148658603],[-77.30977177216243,39.27702148658603],[-77.30686118416767,39.28091565799166]]]}},{"type":"Feature","properties":{"land_value":100406},"geometry":{"type":"Polygon","coordinates":[[[-77.30686118416767,39.28870400080293],[-77.30977177216243,39.292598172208564],[-77.31559294815196,39.292598172208564],[-77.31850353614672,39.28870400080293],[-77.31559294815196,39.2848098293973],[-77.30977177216243,39.2848098293973],[-77.30686118416767,39.28870400080293]]]}},{"type":"Feature","properties":{"land_value":183830},"geometry":{"type":"Polygon","coordinates":[[[-77.30686118416767,39.29649234361419],[-77.30977177216243,39.300386515019824],[-77.31559294815196,39.300386515019824],[-77.31850353614672,39.29649234361419],[-77.31559294815196,39.29259817220856],[-77.30977177216243,39.29259817220856],[-77.30686118416767,39.29649234361419]]]}},{"type":"Feature","properties":{"land_value":261557},"geometry":{"type":"Polygon","coordinates":[[[-77.30686118416767,39.30428068642545],[-77.30977177216243,39.308174857831084],[-77.31559294815196,39.308174857831084],[-77.31850353614672,39.30428068642545],[-77.31559294815196,39.30038651501982],[-77.30977177216243,39.30038651501982],[-77.30686118416767,39.30428068642545]]]}},{"type":"Feature","properties":{"land_value":339284},"geometry":{"type":"Polygon","coordinates":[[[-77.30686118416767,39.31206902923671],[-77.30977177216243,39.315963200642344],[-77.31559294815196,39.315963200642344],[-77.31850353614672,39.31206902923671],[-77.31559294815196,39.30817485783108],[-77.30977177216243,39.30817485783108],[-77.30686118416767,39.31206902923671]]]}},{"type":"Feature","properties":{"land_value":314996},"geometry":{"type":"Polygon","coordinates":[[[-77.30686118416767,39.31985737204797],[-77.30977177216243,39.323751543453604],[-77.31559294815196,39.323751543453604],[-77.31850353614672,39.31985737204797],[-77.31559294815196,39.31596320064234],[-77.30977177216243,39.31596320064234],[-77.30686118416767,39.31985737204797]]]}},{"type":"Feature","properties":{"land_value":205263},"geometry":{"type":"Polygon","coordinates":[[[-77.30686118416767,39.32764571485923],[-77.30977177216243,39.33153988626486],[-77.31559294815196,39.33153988626486],[-77.31850353614672,39.32764571485923],[-77.31559294815196,39.3237515434536],[-77.30977177216243,39.3237515434536],[-77.30686118416767,39.32764571485923]]]}},{"type":"Feature","properties":{"land_value":210584},"geometry":{"type":"Polygon","coordinates":[[[-77.30686118416767,39.3354340576705],[-77.30977177216243,39.33932822907613],[-77.31559294815196,39.33932822907613],[-77.31850353614672,39.3354340576705],[-77.31559294815196,39.33153988626486],[-77.30977177216243,39.33153988626486],[-77.30686118416767,39.3354340576705]]]}},{"type":"Feature","properties":{"land_value":93472},"geometry":{"type":"Polygon","coordinates":[[[-77.30686118416767,39.34322240048176],[-77.30977177216243,39.34711657188739],[-77.31559294815196,39.34711657188739],[-77.31850353614672,39.34322240048176],[-77.31559294815196,39.33932822907612],[-77.30977177216243,39.33932822907612],[-77.30686118416767,39.34322240048176]]]}},{"type":"Feature","properties":{"land_value":162311},"geometry":{"type":"Polygon","coordinates":[[[-77.30686118416767,39.35101074329302],[-77.30977177216243,39.35490491469865],[-77.31559294815196,39.35490491469865],[-77.31850353614672,39.35101074329302],[-77.31559294815196,39.34711657188738],[-77.30977177216243,39.34711657188738],[-77.30686118416767,39.35101074329302]]]}},{"type":"Feature","properties":{"land_value":131977},"geometry":{"type":"Polygon","coordinates":[[[-77.30686118416767,39.35879908610428],[-77.30977177216243,39.36269325750991],[-77.31559294815196,39.36269325750991],[-77.31850353614672,39.35879908610428],[-77.31559294815196,39.35490491469864],[-77.30977177216243,39.35490491469864],[-77.30686118416767,39.35879908610428]]]}},{"type":"Feature","properties":{"land_value":184751},"geometry":{"type":"Polygon","coordinates":[[[-77.30686118416767,39.36658742891554],[-77.30977177216243,39.37048160032117],[-77.31559294815196,39.37048160032117],[-77.31850353614672,39.36658742891554],[-77.31559294815196,39.3626932575099],[-77.30977177216243,39.3626932575099],[-77.30686118416767,39.36658742891554]]]}},{"type":"Feature","properties":{"land_value":221632},"geometry":{"type":"Polygon","coordinates":[[[-77.30686118416767,39.3743757717268],[-77.30977177216243,39.37826994313243],[-77.31559294815196,39.37826994313243],[-77.31850353614672,39.3743757717268],[-77.31559294815196,39.37048160032116],[-77.30977177216243,39.37048160032116],[-77.30686118416767,39.3743757717268]]]}},{"type":"Feature","properties":{"land_value":199590},"geometry":{"type":"Polygon","coordinates":[[[-77.30686118416767,39.382164114538064],[-77.30977177216243,39.3860582859437],[-77.31559294815196,39.3860582859437],[-77.31850353614672,39.382164114538064],[-77.31559294815196,39.37826994313243],[-77.30977177216243,39.37826994313243],[-77.30686118416767,39.382164114538064]]]}},{"type":"Feature","properties":{"land_value":212164},"geometry":{"type":"Polygon","coordinates":[[[-77.30686118416767,39.389952457349324],[-77.30977177216243,39.39384662875496],[-77.31559294815196,39.39384662875496],[-77.31850353614672,39.389952457349324],[-77.31559294815196,39.38605828594369],[-77.30977177216243,39.38605828594369],[-77.30686118416767,39.389952457349324]]]}},{"type":"Feature","properties":{"land_value":187320},"geometry":{"type":"Polygon","coordinates":[[[-77.30686118416767,39.397740800160584],[-77.30977177216243,39.40163497156622],[-77.31559294815196,39.40163497156622],[-77.31850353614672,39.397740800160584],[-77.31559294815196,39.39384662875495],[-77.30977177216243,39.39384662875495],[-77.30686118416767,39.397740800160584]]]}},{"type":"Feature","properties":{"land_value":225126},"geometry":{"type":"Polygon","coordinates":[[[-77.30686118416767,39.405529142971844],[-77.30977177216243,39.40942331437748],[-77.31559294815196,39.40942331437748],[-77.31850353614672,39.405529142971844],[-77.31559294815196,39.40163497156621],[-77.30977177216243,39.40163497156621],[-77.30686118416767,39.405529142971844]]]}},{"type":"Feature","properties":{"land_value":182753},"geometry":{"type":"Polygon","coordinates":[[[-77.30686118416767,39.413317485783104],[-77.30977177216243,39.41721165718874],[-77.31559294815196,39.41721165718874],[-77.31850353614672,39.413317485783104],[-77.31559294815196,39.40942331437747],[-77.30977177216243,39.40942331437747],[-77.30686118416767,39.413317485783104]]]}},{"type":"Feature","properties":{"land_value":230103},"geometry":{"type":"Polygon","coordinates":[[[-77.30686118416767,39.421105828594364],[-77.30977177216243,39.425],[-77.31559294815196,39.425],[-77.31850353614672,39.421105828594364],[-77.31559294815196,39.41721165718873],[-77.30977177216243,39.41721165718873],[-77.30686118416767,39.421105828594364]]]}},{"type":"Feature","properties":{"land_value":234272},"geometry":{"type":"Polygon","coordinates":[[[-77.30686118416767,39.42889417140563],[-77.30977177216243,39.432788342811264],[-77.31559294815196,39.432788342811264],[-77.31850353614672,39.42889417140563],[-77.31559294815196,39.425],[-77.30977177216243,39.425],[-77.30686118416767,39.42889417140563]]]}},{"type":"Feature","properties":{"land_value":162667},"geometry":{"type":"Polygon","coordinates":[[[-77.30686118416767,39.43668251421689],[-77.30977177216243,39.440576685622524],[-77.31559294815196,39.440576685622524],[-77.31850353614672,39.43668251421689],[-77.31559294815196,39.43278834281126],[-77.30977177216243,39.43278834281126],[-77.30686118416767,39.43668251421689]]]}},{"type":"Feature","properties":{"land_value":219854},"geometry":{"type":"Polygon","coordinates":[[[-77.30686118416767,39.44447085702815],[-77.30977177216243,39.448365028433784],[-77.31559294815196,39.448365028433784],[-77.31850353614672,39.44447085702815],[-77.31559294815196,39.44057668562252],[-77.30977177216243,39.44057668562252],[-77.30686118416767,39.44447085702815]]]}},{"type":"Feature","properties":{"land_value":213572},"geometry":{"type":"Polygon","coordinates":[[[-77.30686118416767,39.45225919983941],[-77.30977177216243,39.456153371245044],[-77.31559294815196,39.456153371245044],[-77.31850353614672,39.45225919983941],[-77.31559294815196,39.44836502843378],[-77.30977177216243,39.44836502843378],[-77.30686118416767,39.45225919983941]]]}},{"type":"Feature","properties":{"land_value":173006},"geometry":{"type":"Polygon","coordinates":[[[-77.30686118416767,39.46004754265067],[-77.30977177216243,39.463941714056304],[-77.31559294815196,39.463941714056304],[-77.31850353614672,39.46004754265067],[-77.31559294815196,39.45615337124504],[-77.30977177216243,39.45615337124504],[-77.30686118416767,39.46004754265067]]]}},{"type":"Feature","properties":{"land_value":178685},"geometry":{"type":"Polygon","coordinates":[[[-77.30686118416767,39.46783588546193],[-77.30977177216243,39.471730056867564],[-77.31559294815196,39.471730056867564],[-77.31850353614672,39.46783588546193],[-77.31559294815196,39.4639417140563],[-77.30977177216243,39.4639417140563],[-77.30686118416767,39.46783588546193]]]}},{"type":"Feature","properties":{"land_value":110954},"geometry":{"type":"Polygon","coordinates":[[[-77.30686118416767,39.4756242282732],[-77.30977177216243,39.47951839967883],[-77.31559294815196,39.47951839967883],[-77.31850353614672,39.4756242282732],[-77.31559294815196,39.471730056867564],[-77.30977177216243,39.471730056867564],[-77.30686118416767,39.4756242282732]]]}},{"type":"Feature","properties":{"land_value":72492},"geometry":{"type":"Polygon","coordinates":[[[-77.30686118416767,39.48341257108446],[-77.30977177216243,39.48730674249009],[-77.31559294815196,39.48730674249009],[-77.31850353614672,39.48341257108446],[-77.31559294815196,39.479518399678824],[-77.30977177216243,39.479518399678824],[-77.30686118416767,39.48341257108446]]]}},{"type":"Feature","properties":{"land_value":131894},"geometry":{"type":"Polygon","coordinates":[[[-77.30686118416767,39.49120091389572],[-77.30977177216243,39.49509508530135],[-77.31559294815196,39.49509508530135],[-77.31850353614672,39.49120091389572],[-77.31559294815196,39.487306742490084],[-77.30977177216243,39.487306742490084],[-77.30686118416767,39.49120091389572]]]}},{"type":"Feature","properties":{"land_value":79366},"geometry":{"type":"Polygon","coordinates":[[[-77.30686118416767,39.49898925670698],[-77.30977177216243,39.50288342811261],[-77.31559294815196,39.50288342811261],[-77.31850353614672,39.49898925670698],[-77.31559294815196,39.495095085301344],[-77.30977177216243,39.495095085301344],[-77.30686118416767,39.49898925670698]]]}},{"type":"Feature","properties":{"land_value":50000},"geometry":{"type":"Polygon","coordinates":[[[-77.30686118416767,39.50677759951824],[-77.30977177216243,39.51067177092387],[-77.31559294815196,39.51067177092387],[-77.31850353614672,39.50677759951824],[-77.31559294815196,39.502883428112604],[-77.30977177216243,39.502883428112604],[-77.30686118416767,39.50677759951824]]]}},{"type":"Feature","properties":{"land_value":84476},"geometry":{"type":"Polygon","coordinates":[[[-77.30686118416767,39.5145659423295],[-77.30977177216243,39.51846011373513],[-77.31559294815196,39.51846011373513],[-77.31850353614672,39.5145659423295],[-77.31559294815196,39.510671770923864],[-77.30977177216243,39.510671770923864],[-77.30686118416767,39.5145659423295]]]}},{"type":"Feature","properties":{"land_value":50000},"geometry":{"type":"Polygon","coordinates":[[[-77.30686118416767,39.522354285140764],[-77.30977177216243,39.5262484565464],[-77.31559294815196,39.5262484565464],[-77.31850353614672,39.522354285140764],[-77.31559294815196,39.51846011373513],[-77.30977177216243,39.51846011373513],[-77.30686118416767,39.522354285140764]]]}},{"type":"Feature","properties":{"land_value":50000},"geometry":{"type":"Polygon","coordinates":[[[-77.30686118416767,39.530142627952024],[-77.30977177216243,39.53403679935766],[-77.31559294815196,39.53403679935766],[-77.31850353614672,39.530142627952024],[-77.31559294815196,39.52624845654639],[-77.30977177216243,39.52624845654639],[-77.30686118416767,39.530142627952024]]]}},{"type":"Feature","properties":{"land_value":50000},"geometry":{"type":"Polygon","coordinates":[[[-77.30686118416767,39.537930970763284],[-77.30977177216243,39.54182514216892],[-77.31559294815196,39.54182514216892],[-77.31850353614672,39.537930970763284],[-77.31559294815196,39.53403679935765],[-77.30977177216243,39.53403679935765],[-77.30686118416767,39.537930970763284]]]}},{"type":"Feature","properties":{"land_value":50000},"geometry":{"type":"Polygon","coordinates":[[[-77.30686118416767,39.545719313574544],[-77.30977177216243,39.54961348498018],[-77.31559294815196,39.54961348498018],[-77.31850353614672,39.545719313574544],[-77.31559294815196,39.54182514216891],[-77.30977177216243,39.54182514216891],[-77.30686118416767,39.545719313574544]]]}},{"type":"Feature","properties":{"land_value":50000},"geometry":{"type":"Polygon","coordinates":[[[-77.30686118416767,39.553507656385804],[-77.30977177216243,39.55740182779144],[-77.31559294815196,39.55740182779144],[-77.31850353614672,39.553507656385804],[-77.31559294815196,39.54961348498017],[-77.30977177216243,39.54961348498017],[-77.30686118416767,39.553507656385804]]]}},{"type":"Feature","properties":{"land_value":50000},"geometry":{"type":"Polygon","coordinates":[[[-77.30686118416767,39.561295999197064],[-77.30977177216243,39.5651901706027],[-77.31559294815196,39.5651901706027],[-77.31850353614672,39.561295999197064],[-77.31559294815196,39.55740182779143],[-77.30977177216243,39.55740182779143],[-77.30686118416767,39.561295999197064]]]}},{"type":"Feature","properties":{"land_value":50000},"geometry":{"type":"Polygon","coordinates":[[[-77.30686118416767,39.56908434200833],[-77.30977177216243,39.572978513413965],[-77.31559294815196,39.572978513413965],[-77.31850353614672,39.56908434200833],[-77.31559294815196,39.5651901706027],[-77.30977177216243,39.5651901706027],[-77.30686118416767,39.56908434200833]]]}},{"type":"Feature","properties":{"land_value":50000},"geometry":{"type":"Polygon","coordinates":[[[-77.30686118416767,39.57687268481959],[-77.30977177216243,39.580766856225225],[-77.31559294815196,39.580766856225225],[-77.31850353614672,39.57687268481959],[-77.31559294815196,39.57297851341396],[-77.30977177216243,39.57297851341396],[-77.30686118416767,39.57687268481959]]]}},{"type":"Feature","properties":{"land_value":50000},"geometry":{"type":"Polygon","coordinates":[[[-77.30686118416767,39.58466102763085],[-77.30977177216243,39.588555199036485],[-77.31559294815196,39.588555199036485],[-77.31850353614672,39.58466102763085],[-77.31559294815196,39.58076685622522],[-77.30977177216243,39.58076685622522],[-77.30686118416767,39.58466102763085]]]}},{"type":"Feature","properties":{"land_value":50000},"geometry":{"type":"Polygon","coordinates":[[[-77.30686118416767,39.59244937044211],[-77.30977177216243,39.596343541847745],[-77.31559294815196,39.596343541847745],[-77.31850353614672,39.59244937044211],[-77.31559294815196,39.58855519903648],[-77.30977177216243,39.58855519903648],[-77.30686118416767,39.59244937044211]]]}},{"type":"Feature","properties":{"land_value":50000},"geometry":{"type":"Polygon","coordinates":[[[-77.29812942018339,39.26144480096351],[-77.30104000817815,39.26533897236914],[-77.30686118416767,39.26533897236914],[-77.30977177216243,39.26144480096351],[-77.30686118416767,39.257550629557876],[-77.30104000817815,39.257550629557876],[-77.29812942018339,39.26144480096351]]]}},{"type":"Feature","properties":{"land_value":50000},"geometry":{"type":"Polygon","coordinates":[[[-77.29812942018339,39.26923314377477],[-77.30104000817815,39.2731273151804],[-77.30686118416767,39.2731273151804],[-77.30977177216243,39.26923314377477],[-77.30686118416767,39.265338972369136],[-77.30104000817815,39.265338972369136],[-77.29812942018339,39.26923314377477]]]}},{"type":"Feature","properties":{"land_value":50000},"geometry":{"type":"Polygon","coordinates":[[[-77.29812942018339,39.27702148658603],[-77.30104000817815,39.28091565799166],[-77.30686118416767,39.28091565799166],[-77.30977177216243,39.27702148658603],[-77.30686118416767,39.273127315180396],[-77.30104000817815,39.273127315180396],[-77.29812942018339,39.27702148658603]]]}},{"type":"Feature","properties":{"land_value":91558},"geometry":{"type":"Polygon","coordinates":[[[-77.29812942018339,39.2848098293973],[-77.30104000817815,39.28870400080293],[-77.30686118416767,39.28870400080293],[-77.30977177216243,39.2848098293973],[-77.30686118416767,39.28091565799166],[-77.30104000817815,39.28091565799166],[-77.29812942018339,39.2848098293973]]]}},{"type":"Feature","properties":{"land_value":216426},"geometry":{"type":"Polygon","coordinates":[[[-77.29812942018339,39.29259817220856],[-77.30104000817815,39.29649234361419],[-77.30686118416767,39.29649234361419],[-77.30977177216243,39.29259817220856],[-77.30686118416767,39.28870400080292],[-77.30104000817815,39.28870400080292],[-77.29812942018339,39.29259817220856]]]}},{"type":"Feature","properties":{"land_value":312997},"geometry":{"type":"Polygon","coordinates":[[[-77.29812942018339,39.30038651501982],[-77.30104000817815,39.30428068642545],[-77.30686118416767,39.30428068642545],[-77.30977177216243,39.30038651501982],[-77.30686118416767,39.29649234361418],[-77.30104000817815,39.29649234361418],[-77.29812942018339,39.30038651501982]]]}},{"type":"Feature","properties":{"land_value":309286},"geometry":{"type":"Polygon","coordinates":[[[-77.29812942018339,39.30817485783108],[-77.30104000817815,39.31206902923671],[-77.30686118416767,39.31206902923671],[-77.30977177216243,39.30817485783108],[-77.30686118416767,39.30428068642544],[-77.30104000817815,39.30428068642544],[-77.29812942018339,39.30817485783108]]]}},{"type":"Feature","properties":{"land_value":231569},"geometry":{"type":"Polygon","coordinates":[[[-77.29812942018339,39.31596320064234],[-77.30104000817815,39.31985737204797],[-77.30686118416767,39.31985737204797],[-77.30977177216243,39.31596320064234],[-77.30686118416767,39.3120690292367],[-77.30104000817815,39.3120690292367],[-77.29812942018339,39.31596320064234]]]}},{"type":"Feature","properties":{"land_value":171984},"geometry":{"type":"Polygon","coordinates":[[[-77.29812942018339,39.3237515434536],[-77.30104000817815,39.32764571485923],[-77.30686118416767,39.32764571485923],[-77.30977177216243,39.3237515434536],[-77.30686118416767,39.31985737204796],[-77.30104000817815,39.31985737204796],[-77.29812942018339,39.3237515434536]]]}},{"type":"Feature","properties":{"land_value":76135},"geometry":{"type":"Polygon","coordinates":[[[-77.29812942018339,39.33153988626486],[-77.30104000817815,39.3354340576705],[-77.30686118416767,39.3354340576705],[-77.30977177216243,39.33153988626486],[-77.30686118416767,39.32764571485923],[-77.30104000817815,39.32764571485923],[-77.29812942018339,39.33153988626486]]]}},{"type":"Feature","properties":{"land_value":119554},"geometry":{"type":"Polygon","coordinates":[[[-77.29812942018339,39.33932822907612],[-77.30104000817815,39.34322240048176],[-77.30686118416767,39.34322240048176],[-77.30977177216243,39.33932822907612],[-77.30686118416767,39.33543405767049],[-77.30104000817815,39.33543405767049],[-77.29812942018339,39.33932822907612]]]}},{"type":"Feature","properties":{"land_value":119524},"geometry":{"type":"Polygon","coordinates":[[[-77.29812942018339,39.34711657188738],[-77.30104000817815,39.35101074329302],[-77.30686118416767,39.35101074329302],[-77.30977177216243,39.34711657188738],[-77.30686118416767,39.34322240048175],[-77.30104000817815,39.34322240048175],[-77.29812942018339,39.34711657188738]]]}},{"type":"Feature","properties":{"land_value":77953},"geometry":{"type":"Polygon","coordinates":[[[-77.29812942018339,39.35490491469864],[-77.30104000817815,39.35879908610428],[-77.30686118416767,39.35879908610428],[-77.30977177216243,39.35490491469864],[-77.30686118416767,39.35101074329301],[-77.30104000817815,39.35101074329301],[-77.29812942018339,39.35490491469864]]]}},{"type":"Feature","properties":{"land_value":129315},"geometry":{"type":"Polygon","coordinates":[[[-77.29812942018339,39.3626932575099],[-77.30104000817815,39.36658742891554],[-77.30686118416767,39.36658742891554],[-77.30977177216243,39.3626932575099],[-77.30686118416767,39.35879908610427],[-77.30104000817815,39.35879908610427],[-77.29812942018339,39.3626932575099]]]}},{"type":"Feature","properties":{"land_value":201834},"geometry":{"type":"Polygon","coordinates":[[[-77.29812942018339,39.37048160032116],[-77.30104000817815,39.3743757717268],[-77.30686118416767,39.3743757717268],[-77.30977177216243,39.37048160032116],[-77.30686118416767,39.36658742891553],[-77.30104000817815,39.36658742891553],[-77.29812942018339,39.37048160032116]]]}},{"type":"Feature","properties":{"land_value":129296},"geometry":{"type":"Polygon","coordinates":[[[-77.29812942018339,39.37826994313243],[-77.30104000817815,39.382164114538064],[-77.30686118416767,39.382164114538064],[-77.30977177216243,39.37826994313243],[-77.30686118416767,39.3743757717268],[-77.30104000817815,39.3743757717268],[-77.29812942018339,39.37826994313243]]]}},{"type":"Feature","properties":{"land_value":225373},"geometry":{"type":"Polygon","coordinates":[[[-77.29812942018339,39.38605828594369],[-77.30104000817815,39.389952457349324],[-77.30686118416767,39.389952457349324],[-77.30977177216243,39.38605828594369],[-77.30686118416767,39.38216411453806],[-77.30104000817815,39.38216411453806],[-77.29812942018339,39.38605828594369]]]}},{"type":"Feature","properties":{"land_value":185812},"geometry":{"type":"Polygon","coordinates":[[[-77.29812942018339,39.39384662875495],[-77.30104000817815,39.397740800160584],[-77.30686118416767,39.397740800160584],[-77.30977177216243,39.39384662875495],[-77.30686118416767,39.38995245734932],[-77.30104000817815,39.38995245734932],[-77.29812942018339,39.39384662875495]]]}},{"type":"Feature","properties":{"land_value":166702},"geometry":{"type":"Polygon","coordinates":[[[-77.29812942018339,39.40163497156621],[-77.30104000817815,39.405529142971844],[-77.30686118416767,39.405529142971844],[-77.30977177216243,39.40163497156621],[-77.30686118416767,39.39774080016058],[-77.30104000817815,39.39774080016058],[-77.29812942018339,39.40163497156621]]]}},{"type":"Feature","properties":{"land_value":200427},"geometry":{"type":"Polygon","coordinates":[[[-77.29812942018339,39.40942331437747],[-77.30104000817815,39.413317485783104],[-77.30686118416767,39.413317485783104],[-77.30977177216243,39.40942331437747],[-77.30686118416767,39.40552914297184],[-77.30104000817815,39.40552914297184],[-77.29812942018339,39.40942331437747]]]}},{"type":"Feature","properties":{"land_value":220850},"geometry":{"type":"Polygon","coordinates":[[[-77.29812942018339,39.41721165718873],[-77.30104000817815,39.421105828594364],[-77.30686118416767,39.421105828594364],[-77.30977177216243,39.41721165718873],[-77.30686118416767,39.4133174857831],[-77.30104000817815,39.4133174857831],[-77.29812942018339,39.41721165718873]]]}},{"type":"Feature","properties":{"land_value":226039},"geometry":{"type":"Polygon","coordinates":[[[-77.29812942018339,39.425],[-77.30104000817815,39.42889417140563],[-77.30686118416767,39.42889417140563],[-77.30977177216243,39.425],[-77.30686118416767,39.421105828594364],[-77.30104000817815,39.421105828594364],[-77.29812942018339,39.425]]]}},{"type":"Feature","properties":{"land_value":179672},"geometry":{"type":"Polygon","coordinates":[[[-77.29812942018339,39.43278834281126],[-77.30104000817815,39.43668251421689],[-77.30686118416767,39.43668251421689],[-77.30977177216243,39.43278834281126],[-77.30686118416767,39.428894171405624],[-77.30104000817815,39.428894171405624],[-77.29812942018339,39.43278834281126]]]}},{"type":"Feature","properties":{"land_value":199399},"geometry":{"type":"Polygon","coordinates":[[[-77.29812942018339,39.44057668562252],[-77.30104000817815,39.44447085702815],[-77.30686118416767,39.44447085702815],[-77.30977177216243,39.44057668562252],[-77.30686118416767,39.43668251421688],[-77.30104000817815,39.43668251421688],[-77.29812942018339,39.44057668562252]]]}},{"type":"Feature","properties":{"land_value":191467},"geometry":{"type":"Polygon","coordinates":[[[-77.29812942018339,39.44836502843378],[-77.30104000817815,39.45225919983941],[-77.30686118416767,39.45225919983941],[-77.30977177216243,39.44836502843378],[-77.30686118416767,39.44447085702814],[-77.30104000817815,39.44447085702814],[-77.29812942018339,39.44836502843378]]]}},{"type":"Feature","properties":{"land_value":132437},"geometry":{"type":"Polygon","coordinates":[[[-77.29812942018339,39.45615337124504],[-77.30104000817815,39.46004754265067],[-77.30686118416767,39.46004754265067],[-77.30977177216243,39.45615337124504],[-77.30686118416767,39.4522591998394],[-77.30104000817815,39.4522591998394],[-77.29812942018339,39.45615337124504]]]}},{"type":"Feature","properties":{"land_value":96407},"geometry":{"type":"Polygon","coordinates":[[[-77.29812942018339,39.4639417140563],[-77.30104000817815,39.46783588546193],[-77.30686118416767,39.46783588546193],[-77.30977177216243,39.4639417140563],[-77.30686118416767,39.46004754265066],[-77.30104000817815,39.46004754265066],[-77.29812942018339,39.4639417140563]]]}},{"type":"Feature","properties":{"land_value":89420},"geometry":{"type":"Polygon","coordinates":[[[-77.29812942018339,39.471730056867564],[-77.30104000817815,39.4756242282732],[-77.30686118416767,39.4756242282732],[-77.30977177216243,39.471730056867564],[-77.30686118416767,39.46783588546193],[-77.30104000817815,39.46783588546193],[-77.29812942018339,39.471730056867564]]]}},{"type":"Feature","properties":{"land_value":88200},"geometry":{"type":"Polygon","coordinates":[[[-77.29812942018339,39.479518399678824],[-77.30104000817815,39.48341257108446],[-77.30686118416767,39.48341257108446],[-77.30977177216243,39.479518399678824],[-77.30686118416767,39.47562422827319],[-77.30104000817815,39.47562422827319],[-77.29812942018339,39.479518399678824]]]}},{"type":"Feature","properties":{"land_value":100179},"geometry":{"type":"Polygon","coordinates":[[[-77.29812942018339,39.487306742490084],[-77.30104000817815,39.49120091389572],[-77.30686118416767,39.49120091389572],[-77.30977177216243,39.487306742490084],[-77.30686118416767,39.48341257108445],[-77.30104000817815,39.48341257108445],[-77.29812942018339,39.487306742490084]]]}},{"type":"Feature","properties":{"land_value":50000},"geometry":{"type":"Polygon","coordinates":[[[-77.29812942018339,39.495095085301344],[-77.30104000817815,39.49898925670698],[-77.30686118416767,39.49898925670698],[-77.30977177216243,39.495095085301344],[-77.30686118416767,39.49120091389571],[-77.30104000817815,39.49120091389571],[-77.29812942018339,39.495095085301344]]]}},{"type":"Feature","properties":{"land_value":50000},"geometry":{"type":"Polygon","coordinates":[[[-77.29812942018339,39.502883428112604],[-77.30104000817815,39.50677759951824],[-77.30686118416767,39.50677759951824],[-77.30977177216243,39.502883428112604],[-77.30686118416767,39.49898925670697],[-77.30104000817815,39.49898925670697],[-77.29812942018339,39.502883428112604]]]}},{"type":"Feature","properties":{"land_value":54719},"geometry":{"type":"Polygon","coordinates":[[[-77.29812942018339,39.510671770923864],[-77.30104000817815,39.5145659423295],[-77.30686118416767,39.5145659423295],[-77.30977177216243,39.510671770923864],[-77.30686118416767,39.50677759951823],[-77.30104000817815,39.50677759951823],[-77.29812942018339,39.510671770923864]]]}},{"type":"Feature","properties":{"land_value":50000},"geometry":{"type":"Polygon","coordinates":[[[-77.29812942018339,39.51846011373513],[-77.30104000817815,39.522354285140764],[-77.30686118416767,39.522354285140764],[-77.30977177216243,39.51846011373513],[-77.30686118416767,39.5145659423295],[-77.30104000817815,39.5145659423295],[-77.29812942018339,39.51846011373513]]]}},{"type":"Feature","properties":{"land_value":50000},"geometry":{"type":"Polygon","coordinates":[[[-77.29812942018339,39.52624845654639],[-77.30104000817815,39.530142627952024],[-77.30686118416767,39.530142627952024],[-77.30977177216243,39.52624845654639],[-77.30686118416767,39.52235428514076],[-77.30104000817815,39.52235428514076],[-77.29812942018339,39.52624845654639]]]}},{"type":"Feature","properties":{"land_value":50000},"geometry":{"type":"Polygon","coordinates":[[[-77.29812942018339,39.53403679935765],[-77.30104000817815,39.537930970763284],[-77.30686118416767,39.537930970763284],[-77.30977177216243,39.53403679935765],[-77.30686118416767,39.53014262795202],[-77.30104000817815,39.53014262795202],[-77.29812942018339,39.53403679935765]]]}},{"type":"Feature","properties":{"land_value":50000},"geometry":{"type":"Polygon","coordinates":[[[-77.29812942018339,39.54182514216891],[-77.30104000817815,39.545719313574544],[-77.30686118416767,39.545719313574544],[-77.30977177216243,39.54182514216891],[-77.30686118416767,39.53793097076328],[-77.30104000817815,39.53793097076328],[-77.29812942018339,39.54182514216891]]]}},{"type":"Feature","properties":{"land_value":50000},"geometry":{"type":"Polygon","coordinates":[[[-77.29812942018339,39.54961348498017],[-77.30104000817815,39.553507656385804],[-77.30686118416767,39.553507656385804],[-77.30977177216243,39.54961348498017],[-77.30686118416767,39.54571931357454],[-77.30104000817815,39.54571931357454],[-77.29812942018339,39.54961348498017]]]}},{"type":"Feature","properties":{"land_value":50000},"geometry":{"type":"Polygon","coordinates":[[[-77.29812942018339,39.55740182779143],[-77.30104000817815,39.561295999197064],[-77.30686118416767,39.561295999197064],[-77.30977177216243,39.55740182779143],[-77.30686118416767,39.5535076563858],[-77.30104000817815,39.5535076563858],[-77.29812942018339,39.55740182779143]]]}},{"type":"Feature","properties":{"land_value":50000},"geometry":{"type":"Polygon","coordinates":[[[-77.29812942018339,39.5651901706027],[-77.30104000817815,39.56908434200833],[-77.30686118416767,39.56908434200833],[-77.30977177216243,39.5651901706027],[-77.30686118416767,39.561295999197064],[-77.30104000817815,39.561295999197064],[-77.29812942018339,39.5651901706027]]]}},{"type":"Feature","properties":{"land_value":50000},"geometry":{"type":"Polygon","coordinates":[[[-77.29812942018339,39.57297851341396],[-77.30104000817815,39.57687268481959],[-77.30686118416767,39.57687268481959],[-77.30977177216243,39.57297851341396],[-77.30686118416767,39.569084342008324],[-77.30104000817815,39.569084342008324],[-77.29812942018339,39.57297851341396]]]}},{"type":"Feature","properties":{"land_value":50000},"geometry":{"type":"Polygon","coordinates":[[[-77.29812942018339,39.58076685622522],[-77.30104000817815,39.58466102763085],[-77.30686118416767,39.58466102763085],[-77.30977177216243,39.58076685622522],[-77.30686118416767,39.576872684819584],[-77.30104000817815,39.576872684819584],[-77.29812942018339,39.58076685622522]]]}},{"type":"Feature","properties":{"land_value":50000},"geometry":{"type":"Polygon","coordinates":[[[-77.29812942018339,39.58855519903648],[-77.30104000817815,39.59244937044211],[-77.30686118416767,39.59244937044211],[-77.30977177216243,39.58855519903648],[-77.30686118416767,39.584661027630844],[-77.30104000817815,39.584661027630844],[-77.29812942018339,39.58855519903648]]]}},{"type":"Feature","properties":{"land_value":50000},"geometry":{"type":"Polygon","coordinates":[[[-77.2893976561991,39.25755062955788],[-77.29230824419386,39.26144480096352],[-77.29812942018339,39.26144480096352],[-77.30104000817815,39.25755062955788],[-77.29812942018339,39.25365645815225],[-77.29230824419386,39.25365645815225],[-77.2893976561991,39.25755062955788]]]}},{"type":"Feature","properties":{"land_value":50000},"geometry":{"type":"Polygon","coordinates":[[[-77.2893976561991,39.26533897236914],[-77.29230824419386,39.26923314377478],[-77.29812942018339,39.26923314377478],[-77.30104000817815,39.26533897236914],[-77.29812942018339,39.26144480096351],[-77.29230824419386,39.26144480096351],[-77.2893976561991,39.26533897236914]]]}},{"type":"Feature","properties":{"land_value":50000},"geometry":{"type":"Polygon","coordinates":[[[-77.2893976561991,39.2731273151804],[-77.29230824419386,39.27702148658604],[-77.29812942018339,39.27702148658604],[-77.30104000817815,39.2731273151804],[-77.29812942018339,39.26923314377477],[-77.29230824419386,39.26923314377477],[-77.2893976561991,39.2731273151804]]]}},{"type":"Feature","properties":{"land_value":50000},"geometry":{"type":"Polygon","coordinates":[[[-77.2893976561991,39.28091565799166],[-77.29230824419386,39.2848098293973],[-77.29812942018339,39.2848098293973],[-77.30104000817815,39.28091565799166],[-77.29812942018339,39.27702148658603],[-77.29230824419386,39.27702148658603],[-77.2893976561991,39.28091565799166]]]}},{"type":"Feature","properties":{"land_value":151741},"geometry":{"type":"Polygon","coordinates":[[[-77.2893976561991,39.28870400080293],[-77.29230824419386,39.292598172208564],[-77.29812942018339,39.292598172208564],[-77.30104000817815,39.28870400080293],[-77.29812942018339,39.2848098293973],[-77.29230824419386,39.2848098293973],[-77.2893976561991,39.28870400080293]]]}},{"type":"Feature","properties":{"land_value":264963},"geometry":{"type":"Polygon","coordinates":[[[-77.2893976561991,39.29649234361419],[-77.29230824419386,39.300386515019824],[-77.29812942018339,39.300386515019824],[-77.30104000817815,39.29649234361419],[-77.29812942018339,39.29259817220856],[-77.29230824419386,39.29259817220856],[-77.2893976561991,39.29649234361419]]]}},{"type":"Feature","properties":{"land_value":257839},"geometry":{"type":"Polygon","coordinates":[[[-77.2893976561991,39.30428068642545],[-77.29230824419386,39.308174857831084],[-77.29812942018339,39.308174857831084],[-77.30104000817815,39.30428068642545],[-77.29812942018339,39.30038651501982],[-77.29230824419386,39.30038651501982],[-77.2893976561991,39.30428068642545]]]}},{"type":"Feature","properties":{"land_value":180132},"geometry":{"type":"Polygon","coordinates":[[[-77.2893976561991,39.31206902923671],[-77.29230824419386,39.315963200642344],[-77.29812942018339,39.315963200642344],[-77.30104000817815,39.31206902923671],[-77.29812942018339,39.30817485783108],[-77.29230824419386,39.30817485783108],[-77.2893976561991,39.31206902923671]]]}},{"type":"Feature","properties":{"land_value":109760},"geometry":{"type":"Polygon","coordinates":[[[-77.2893976561991,39.31985737204797],[-77.29230824419386,39.323751543453604],[-77.29812942018339,39.323751543453604],[-77.30104000817815,39.31985737204797],[-77.29812942018339,39.31596320064234],[-77.29230824419386,39.31596320064234],[-77.2893976561991,39.31985737204797]]]}},{"type":"Feature","properties":{"land_value":71900},"geometry":{"type":"Polygon","coordinates":[[[-77.2893976561991,39.32764571485923],[-77.29230824419386,39.33153988626486],[-77.29812942018339,39.33153988626486],[-77.30104000817815,39.32764571485923],[-77.29812942018339,39.3237515434536],[-77.29230824419386,39.3237515434536],[-77.2893976561991,39.32764571485923]]]}},{"type":"Feature","properties":{"land_value":50618},"geometry":{"type":"Polygon","coordinates":[[[-77.2893976561991,39.3354340576705],[-77.29230824419386,39.33932822907613],[-77.29812942018339,39.33932822907613],[-77.30104000817815,39.3354340576705],[-77.29812942018339,39.33153988626486],[-77.29230824419386,39.33153988626486],[-77.2893976561991,39.3354340576705]]]}},{"type":"Feature","properties":{"land_value":59359},"geometry":{"type":"Polygon","coordinates":[[[-77.2893976561991,39.34322240048176],[-77.29230824419386,39.34711657188739],[-77.29812942018339,39.34711657188739],[-77.30104000817815,39.34322240048176],[-77.29812942018339,39.33932822907612],[-77.29230824419386,39.33932822907612],[-77.2893976561991,39.34322240048176]]]}},{"type":"Feature","properties":{"land_value":77340},"geometry":{"type":"Polygon","coordinates":[[[-77.2893976561991,39.35101074329302],[-77.29230824419386,39.35490491469865],[-77.29812942018339,39.35490491469865],[-77.30104000817815,39.35101074329302],[-77.29812942018339,39.34711657188738],[-77.29230824419386,39.34711657188738],[-77.2893976561991,39.35101074329302]]]}},{"type":"Feature","properties":{"land_value":99613},"geometry":{"type":"Polygon","coordinates":[[[-77.2893976561991,39.35879908610428],[-77.29230824419386,39.36269325750991],[-77.29812942018339,39.36269325750991],[-77.30104000817815,39.35879908610428],[-77.29812942018339,39.35490491469864],[-77.29230824419386,39.35490491469864],[-77.2893976561991,39.35879908610428]]]}},{"type":"Feature","properties":{"land_value":160342},"geometry":{"type":"Polygon","coordinates":[[[-77.2893976561991,39.36658742891554],[-77.29230824419386,39.37048160032117],[-77.29812942018339,39.37048160032117],[-77.30104000817815,39.36658742891554],[-77.29812942018339,39.3626932575099],[-77.29230824419386,39.3626932575099],[-77.2893976561991,39.36658742891554]]]}},{"type":"Feature","properties":{"land_value":100074},"geometry":{"type":"Polygon","coordinates":[[[-77.2893976561991,39.3743757717268],[-77.29230824419386,39.37826994313243],[-77.29812942018339,39.37826994313243],[-77.30104000817815,39.3743757717268],[-77.29812942018339,39.37048160032116],[-77.29230824419386,39.37048160032116],[-77.2893976561991,39.3743757717268]]]}},{"type":"Feature","properties":{"land_value":109984},"geometry":{"type":"Polygon","coordinates":[[[-77.2893976561991,39.382164114538064],[-77.29230824419386,39.3860582859437],[-77.29812942018339,39.3860582859437],[-77.30104000817815,39.382164114538064],[-77.29812942018339,39.37826994313243],[-77.29230824419386,39.37826994313243],[-77.2893976561991,39.382164114538064]]]}},{"type":"Feature","properties":{"land_value":129400},"geometry":{"type":"Polygon","coordinates":[[[-77.2893976561991,39.389952457349324],[-77.29230824419386,39.39384662875496],[-77.29812942018339,39.39384662875496],[-77.30104000817815,39.389952457349324],[-77.29812942018339,39.38605828594369],[-77.29230824419386,39.38605828594369],[-77.2893976561991,39.389952457349324]]]}},{"type":"Feature","properties":{"land_value":170072},"geometry":{"type":"Polygon","coordinates":[[[-77.2893976561991,39.397740800160584],[-77.29230824419386,39.40163497156622],[-77.29812942018339,39.40163497156622],[-77.30104000817815,39.397740800160584],[-77.29812942018339,39.39384662875495],[-77.29230824419386,39.39384662875495],[-77.2893976561991,39.397740800160584]]]}},{"type":"Feature","properties":{"land_value":193721},"geometry":{"type":"Polygon","coordinates":[[[-77.2893976561991,39.405529142971844],[-77.29230824419386,39.40942331437748],[-77.29812942018339,39.40942331437748],[-77.30104000817815,39.405529142971844],[-77.29812942018339,39.40163497156621],[-77.29230824419386,39.40163497156621],[-77.2893976561991,39.405529142971844]]]}},{"type":"Feature","properties":{"land_value":189389},"geometry":{"type":"Polygon","coordinates":[[[-77.2893976561991,39.413317485783104],[-77.29230824419386,39.41721165718874],[-77.29812942018339,39.41721165718874],[-77.30104000817815,39.413317485783104],[-77.29812942018339,39.40942331437747],[-77.29230824419386,39.40942331437747],[-77.2893976561991,39.413317485783104]]]}},{"type":"Feature","properties":{"land_value":187895},"geometry":{"type":"Polygon","coordinates":[[[-77.2893976561991,39.421105828594364],[-77.29230824419386,39.425],[-77.29812942018339,39.425],[-77.30104000817815,39.421105828594364],[-77.29812942018339,39.41721165718873],[-77.29230824419386,39.41721165718873],[-77.2893976561991,39.421105828594364]]]}},{"type":"Feature","properties":{"land_value":163753},"geometry":{"type":"Polygon","coordinates":[[[-77.2893976561991,39.42889417140563],[-77.29230824419386,39.432788342811264],[-77.29812942018339,39.432788342811264],[-77.30104000817815,39.42889417140563],[-77.29812942018339,39.425],[-77.29230824419386,39.425],[-77.2893976561991,39.42889417140563]]]}},{"type":"Feature","properties":{"land_value":203820},"geometry":{"type":"Polygon","coordinates":[[[-77.2893976561991,39.43668251421689],[-77.29230824419386,39.440576685622524],[-77.29812942018339,39.440576685622524],[-77.30104000817815,39.43668251421689],[-77.29812942018339,39.43278834281126],[-77.29230824419386,39.43278834281126],[-77.2893976561991,39.43668251421689]]]}},{"type":"Feature","properties":{"land_value":124595},"geometry":{"type":"Polygon","coordinates":[[[-77.2893976561991,39.44447085702815],[-77.29230824419386,39.448365028433784],[-77.29812942018339,39.448365028433784],[-77.30104000817815,39.44447085702815],[-77.29812942018339,39.44057668562252],[-77.29230824419386,39.44057668562252],[-77.2893976561991,39.44447085702815]]]}},{"type":"Feature","properties":{"land_value":150687},"geometry":{"type":"Polygon","coordinates":[[[-77.2893976561991,39.45225919983941],[-77.29230824419386,39.456153371245044],[-77.29812942018339,39.456153371245044],[-77.30104000817815,39.45225919983941],[-77.29812942018339,39.44836502843378],[-77.29230824419386,39.44836502843378],[-77.2893976561991,39.45225919983941]]]}},{"type":"Feature","properties":{"land_value":167922},"geometry":{"type":"Polygon","coordinates":[[[-77.2893976561991,39.46004754265067],[-77.29230824419386,39.463941714056304],[-77.29812942018339,39.463941714056304],[-77.30104000817815,39.46004754265067],[-77.29812942018339,39.45615337124504],[-77.29230824419386,39.45615337124504],[-77.2893976561991,39.46004754265067]]]}},{"type":"Feature","properties":{"land_value":123571},"geometry":{"type":"Polygon","coordinates":[[[-77.2893976561991,39.46783588546193],[-77.29230824419386,39.471730056867564],[-77.29812942018339,39.471730056867564],[-77.30104000817815,39.46783588546193],[-77.29812942018339,39.4639417140563],[-77.29230824419386,39.4639417140563],[-77.2893976561991,39.46783588546193]]]}},{"type":"Feature","properties":{"land_value":78506},"geometry":{"type":"Polygon","coordinates":[[[-77.2893976561991,39.4756242282732],[-77.29230824419386,39.47951839967883],[-77.29812942018339,39.47951839967883],[-77.30104000817815,39.4756242282732],[-77.29812942018339,39.471730056867564],[-77.29230824419386,39.471730056867564],[-77.2893976561991,39.4756242282732]]]}},{"type":"Feature","properties":{"land_value":50000},"geometry":{"type":"Polygon","coordinates":[[[-77.2893976561991,39.48341257108446],[-77.29230824419386,39.48730674249009],[-77.29812942018339,39.48730674249009],[-77.30104000817815,39.48341257108446],[-77.29812942018339,39.479518399678824],[-77.29230824419386,39.479518399678824],[-77.2893976561991,39.48341257108446]]]}},{"type":"Feature","properties":{"land_value":50000},"geometry":{"type":"Polygon","coordinates":[[[-77.2893976561991,39.49120091389572],[-77.29230824419386,39.49509508530135],[-77.29812942018339,39.49509508530135],[-77.30104000817815,39.49120091389572],[-77.29812942018339,39.487306742490084],[-77.29230824419386,39.487306742490084],[-77.2893976561991,39.49120091389572]]]}},{"type":"Feature","properties":{"land_value":74443},"geometry":{"type":"Polygon","coordinates":[[[-77.2893976561991,39.49898925670698],[-77.29230824419386,39.50288342811261],[-77.29812942018339,39.50288342811261],[-77.30104000817815,39.49898925670698],[-77.29812942018339,39.495095085301344],[-77.29230824419386,39.495095085301344],[-77.2893976561991,39.49898925670698]]]}},{"type":"Feature","properties":{"land_value":50000},"geometry":{"type":"Polygon","coordinates":[[[-77.2893976561991,39.50677759951824],[-77.29230824419386,39.51067177092387],[-77.29812942018339,39.51067177092387],[-77.30104000817815,39.50677759951824],[-77.29812942018339,39.502883428112604],[-77.29230824419386,39.502883428112604],[-77.2893976561991,39.50677759951824]]]}},{"type":"Feature","properties":{"land_value":50000},"geometry":{"type":"Polygon","coordinates":[[[-77.2893976561991,39.5145659423295],[-77.29230824419386,39.51846011373513],[-77.29812942018339,39.51846011373513],[-77.30104000817815,39.5145659423295],[-77.29812942018339,39.510671770923864],[-77.29230824419386,39.510671770923864],[-77.2893976561991,39.5145659423295]]]}},{"type":"Feature","properties":{"land_value":50000},"geometry":{"type":"Polygon","coordinates":[[[-77.2893976561991,39.522354285140764],[-77.29230824419386,39.5262484565464],[-77.29812942018339,39.5262484565464],[-77.30104000817815,39.522354285140764],[-77.29812942018339,39.51846011373513],[-77.29230824419386,39.51846011373513],[-77.2893976561991,39.522354285140764]]]}},{"type":"Feature","properties":{"land_value":50000},"geometry":{"type":"Polygon","coordinates":[[[-77.2893976561991,39.530142627952024],[-77.29230824419386,39.53403679935766],[-77.29812942018339,39.53403679935766],[-77.30104000817815,39.530142627952024],[-77.29812942018339,39.52624845654639],[-77.29230824419386,39.52624845654639],[-77.2893976561991,39.530142627952024]]]}},{"type":"Feature","properties":{"land_value":50000},"geometry":{"type":"Polygon","coordinates":[[[-77.2893976561991,39.537930970763284],[-77.29230824419386,39.54182514216892],[-77.29812942018339,39.54182514216892],[-77.30104000817815,39.537930970763284],[-77.29812942018339,39.53403679935765],[-77.29230824419386,39.53403679935765],[-77.2893976561991,39.537930970763284]]]}},{"type":"Feature","properties":{"land_value":50000},"geometry":{"type":"Polygon","coordinates":[[[-77.2893976561991,39.545719313574544],[-77.29230824419386,39.54961348498018],[-77.29812942018339,39.54961348498018],[-77.30104000817815,39.545719313574544],[-77.29812942018339,39.54182514216891],[-77.29230824419386,39.54182514216891],[-77.2893976561991,39.545719313574544]]]}},{"type":"Feature","properties":{"land_value":50000},"geometry":{"type":"Polygon","coordinates":[[[-77.2893976561991,39.553507656385804],[-77.29230824419386,39.55740182779144],[-77.29812942018339,39.55740182779144],[-77.30104000817815,39.553507656385804],[-77.29812942018339,39.54961348498017],[-77.29230824419386,39.54961348498017],[-77.2893976561991,39.553507656385804]]]}},{"type":"Feature","properties":{"land_value":50000},"geometry":{"type":"Polygon","coordinates":[[[-77.2893976561991,39.561295999197064],[-77.29230824419386,39.5651901706027],[-77.29812942018339,39.5651901706027],[-77.30104000817815,39.561295999197064],[-77.29812942018339,39.55740182779143],[-77.29230824419386,39.55740182779143],[-77.2893976561991,39.561295999197064]]]}},{"type":"Feature","properties":{"land_value":50000},"geometry":{"type":"Polygon","coordinates":[[[-77.2893976561991,39.56908434200833],[-77.29230824419386,39.572978513413965],[-77.29812942018339,39.572978513413965],[-77.30104000817815,39.56908434200833],[-77.29812942018339,39.5651901706027],[-77.29230824419386,39.5651901706027],[-77.2893976561991,39.56908434200833]]]}},{"type":"Feature","properties":{"land_value":50000},"geometry":{"type":"Polygon","coordinates":[[[-77.2893976561991,39.57687268481959],[-77.29230824419386,39.580766856225225],[-77.29812942018339,39.580766856225225],[-77.30104000817815,39.57687268481959],[-77.29812942018339,39.57297851341396],[-77.29230824419386,39.57297851341396],[-77.2893976561991,39.57687268481959]]]}},{"type":"Feature","properties":{"land_value":50000},"geometry":{"type":"Polygon","coordinates":[[[-77.2893976561991,39.58466102763085],[-77.29230824419386,39.588555199036485],[-77.29812942018339,39.588555199036485],[-77.30104000817815,39.58466102763085],[-77.29812942018339,39.58076685622522],[-77.29230824419386,39.58076685622522],[-77.2893976561991,39.58466102763085]]]}},{"type":"Feature","properties":{"land_value":50000},"geometry":{"type":"Polygon","coordinates":[[[-77.2893976561991,39.59244937044211],[-77.29230824419386,39.596343541847745],[-77.29812942018339,39.596343541847745],[-77.30104000817815,39.59244937044211],[-77.29812942018339,39.58855519903648],[-77.29230824419386,39.58855519903648],[-77.2893976561991,39.59244937044211]]]}},{"type":"Feature","properties":{"land_value":50000},"geometry":{"type":"Polygon","coordinates":[[[-77.28066589221483,39.26144480096351],[-77.28357648020959,39.26533897236914],[-77.28939765619911,39.26533897236914],[-77.29230824419388,39.26144480096351],[-77.28939765619911,39.257550629557876],[-77.28357648020959,39.257550629557876],[-77.28066589221483,39.26144480096351]]]}},{"type":"Feature","properties":{"land_value":50000},"geometry":{"type":"Polygon","coordinates":[[[-77.28066589221483,39.26923314377477],[-77.28357648020959,39.2731273151804],[-77.28939765619911,39.2731273151804],[-77.29230824419388,39.26923314377477],[-77.28939765619911,39.265338972369136],[-77.28357648020959,39.265338972369136],[-77.28066589221483,39.26923314377477]]]}},{"type":"Feature","properties":{"land_value":50000},"geometry":{"type":"Polygon","coordinates":[[[-77.28066589221483,39.27702148658603],[-77.28357648020959,39.28091565799166],[-77.28939765619911,39.28091565799166],[-77.29230824419388,39.27702148658603],[-77.28939765619911,39.273127315180396],[-77.28357648020959,39.273127315180396],[-77.28066589221483,39.27702148658603]]]}},{"type":"Feature","properties":{"land_value":50000},"geometry":{"type":"Polygon","coordinates":[[[-77.28066589221483,39.2848098293973],[-77.28357648020959,39.28870400080293],[-77.28939765619911,39.28870400080293],[-77.29230824419388,39.2848098293973],[-77.28939765619911,39.28091565799166],[-77.28357648020959,39.28091565799166],[-77.28066589221483,39.2848098293973]]]}},{"type":"Feature","properties":{"land_value":136307},"geometry":{"type":"Polygon","coordinates":[[[-77.28066589221483,39.29259817220856],[-77.28357648020959,39.29649234361419],[-77.28939765619911,39.29649234361419],[-77.29230824419388,39.29259817220856],[-77.28939765619911,39.28870400080292],[-77.28357648020959,39.28870400080292],[-77.28066589221483,39.29259817220856]]]}},{"type":"Feature","properties":{"land_value":175469},"geometry":{"type":"Polygon","coordinates":[[[-77.28066589221483,39.30038651501982],[-77.28357648020959,39.30428068642545],[-77.28939765619911,39.30428068642545],[-77.29230824419388,39.30038651501982],[-77.28939765619911,39.29649234361418],[-77.28357648020959,39.29649234361418],[-77.28066589221483,39.30038651501982]]]}},{"type":"Feature","properties":{"land_value":128678},"geometry":{"type":"Polygon","coordinates":[[[-77.28066589221483,39.30817485783108],[-77.28357648020959,39.31206902923671],[-77.28939765619911,39.31206902923671],[-77.29230824419388,39.30817485783108],[-77.28939765619911,39.30428068642544],[-77.28357648020959,39.30428068642544],[-77.28066589221483,39.30817485783108]]]}},{"type":"Feature","properties":{"land_value":50982},"geometry":{"type":"Polygon","coordinates":[[[-77.28066589221483,39.31596320064234],[-77.28357648020959,39.31985737204797],[-77.28939765619911,39.31985737204797],[-77.29230824419388,39.31596320064234],[-77.28939765619911,39.3120690292367],[-77.28357648020959,39.3120690292367],[-77.28066589221483,39.31596320064234]]]}},{"type":"Feature","properties":{"land_value":50000},"geometry":{"type":"Polygon","coordinates":[[[-77.28066589221483,39.3237515434536],[-77.28357648020959,39.32764571485923],[-77.28939765619911,39.32764571485923],[-77.29230824419388,39.3237515434536],[-77.28939765619911,39.31985737204796],[-77.28357648020959,39.31985737204796],[-77.28066589221483,39.3237515434536]]]}},{"type":"Feature","properties":{"land_value":74909},"geometry":{"type":"Polygon","coordinates":[[[-77.28066589221483,39.33153988626486],[-77.28357648020959,39.3354340576705],[-77.28939765619911,39.3354340576705],[-77.29230824419388,39.33153988626486],[-77.28939765619911,39.32764571485923],[-77.28357648020959,39.32764571485923],[-77.28066589221483,39.33153988626486]]]}},{"type":"Feature","properties":{"land_value":50000},"geometry":{"type":"Polygon","coordinates":[[[-77.28066589221483,39.33932822907612],[-77.28357648020959,39.34322240048176],[-77.28939765619911,39.34322240048176],[-77.29230824419388,39.33932822907612],[-77.28939765619911,39.33543405767049],[-77.28357648020959,39.33543405767049],[-77.28066589221483,39.33932822907612]]]}},{"type":"Feature","properties":{"land_value":100217},"geometry":{"type":"Polygon","coordinates":[[[-77.28066589221483,39.34711657188738],[-77.28357648020959,39.35101074329302],[-77.28939765619911,39.35101074329302],[-77.29230824419388,39.34711657188738],[-77.28939765619911,39.34322240048175],[-77.28357648020959,39.34322240048175],[-77.28066589221483,39.34711657188738]]]}},{"type":"Feature","properties":{"land_value":50000},"geometry":{"type":"Polygon","coordinates":[[[-77.28066589221483,39.35490491469864],[-77.28357648020959,39.35879908610428],[-77.28939765619911,39.35879908610428],[-77.29230824419388,39.35490491469864],[-77.28939765619911,39.35101074329301],[-77.28357648020959,39.35101074329301],[-77.28066589221483,39.35490491469864]]]}},{"type":"Feature","properties":{"land_value":123592},"geometry":{"type":"Polygon","coordinates":[[[-77.28066589221483,39.3626932575099],[-77.28357648020959,39.36658742891554],[-77.28939765619911,39.36658742891554],[-77.29230824419388,39.3626932575099],[-77.28939765619911,39.35879908610427],[-77.28357648020959,39.35879908610427],[-77.28066589221483,39.3626932575099]]]}},{"type":"Feature","properties":{"land_value":111563},"geometry":{"type":"Polygon","coordinates":[[[-77.28066589221483,39.37048160032116],[-77.28357648020959,39.3743757717268],[-77.28939765619911,39.3743757717268],[-77.29230824419388,39.37048160032116],[-77.28939765619911,39.36658742891553],[-77.28357648020959,39.36658742891553],[-77.28066589221483,39.37048160032116]]]}},{"type":"Feature","properties":{"land_value":125651},"geometry":{"type":"Polygon","coordinates":[[[-77.28066589221483,39.37826994313243],[-77.28357648020959,39.382164114538064],[-77.28939765619911,39.382164114538064],[-77.29230824419388,39.37826994313243],[-77.28939765619911,39.3743757717268],[-77.28357648020959,39.3743757717268],[-77.28066589221483,39.37826994313243]]]}},{"type":"Feature","properties":{"land_value":92635},"geometry":{"type":"Polygon","coordinates":[[[-77.28066589221483,39.38605828594369],[-77.28357648020959,39.389952457349324],[-77.28939765619911,39.389952457349324],[-77.29230824419388,39.38605828594369],[-77.28939765619911,39.38216411453806],[-77.28357648020959,39.38216411453806],[-77.28066589221483,39.38605828594369]]]}},{"type":"Feature","properties":{"land_value":134199},"geometry":{"type":"Polygon","coordinates":[[[-77.28066589221483,39.39384662875495],[-77.28357648020959,39.397740800160584],[-77.28939765619911,39.397740800160584],[-77.29230824419388,39.39384662875495],[-77.28939765619911,39.38995245734932],[-77.28357648020959,39.38995245734932],[-77.28066589221483,39.39384662875495]]]}},{"type":"Feature","properties":{"land_value":94286},"geometry":{"type":"Polygon","coordinates":[[[-77.28066589221483,39.40163497156621],[-77.28357648020959,39.405529142971844],[-77.28939765619911,39.405529142971844],[-77.29230824419388,39.40163497156621],[-77.28939765619911,39.39774080016058],[-77.28357648020959,39.39774080016058],[-77.28066589221483,39.40163497156621]]]}},{"type":"Feature","properties":{"land_value":118072},"geometry":{"type":"Polygon","coordinates":[[[-77.28066589221483,39.40942331437747],[-77.28357648020959,39.413317485783104],[-77.28939765619911,39.413317485783104],[-77.29230824419388,39.40942331437747],[-77.28939765619911,39.40552914297184],[-77.28357648020959,39.40552914297184],[-77.28066589221483,39.40942331437747]]]}},{"type":"Feature","properties":{"land_value":189842},"geometry":{"type":"Polygon","coordinates":[[[-77.28066589221483,39.41721165718873],[-77.28357648020959,39.421105828594364],[-77.28939765619911,39.421105828594364],[-77.29230824419388,39.41721165718873],[-77.28939765619911,39.4133174857831],[-77.28357648020959,39.4133174857831],[-77.28066589221483,39.41721165718873]]]}},{"type":"Feature","properties":{"land_value":131317},"geometry":{"type":"Polygon","coordinates":[[[-77.28066589221483,39.425],[-77.28357648020959,39.42889417140563],[-77.28939765619911,39.42889417140563],[-77.29230824419388,39.425],[-77.28939765619911,39.421105828594364],[-77.28357648020959,39.421105828594364],[-77.28066589221483,39.425]]]}},{"type":"Feature","properties":{"land_value":156665},"geometry":{"type":"Polygon","coordinates":[[[-77.28066589221483,39.43278834281126],[-77.28357648020959,39.43668251421689],[-77.28939765619911,39.43668251421689],[-77.29230824419388,39.43278834281126],[-77.28939765619911,39.428894171405624],[-77.28357648020959,39.428894171405624],[-77.28066589221483,39.43278834281126]]]}},{"type":"Feature","properties":{"land_value":111613},"geometry":{"type":"Polygon","coordinates":[[[-77.28066589221483,39.44057668562252],[-77.28357648020959,39.44447085702815],[-77.28939765619911,39.44447085702815],[-77.29230824419388,39.44057668562252],[-77.28939765619911,39.43668251421688],[-77.28357648020959,39.43668251421688],[-77.28066589221483,39.44057668562252]]]}},{"type":"Feature","properties":{"land_value":124552},"geometry":{"type":"Polygon","coordinates":[[[-77.28066589221483,39.44836502843378],[-77.28357648020959,39.45225919983941],[-77.28939765619911,39.45225919983941],[-77.29230824419388,39.44836502843378],[-77.28939765619911,39.44447085702814],[-77.28357648020959,39.44447085702814],[-77.28066589221483,39.44836502843378]]]}},{"type":"Feature","properties":{"land_value":139486},"geometry":{"type":"Polygon","coordinates":[[[-77.28066589221483,39.45615337124504],[-77.28357648020959,39.46004754265067],[-77.28939765619911,39.46004754265067],[-77.29230824419388,39.45615337124504],[-77.28939765619911,39.4522591998394],[-77.28357648020959,39.4522591998394],[-77.28066589221483,39.45615337124504]]]}},{"type":"Feature","properties":{"land_value":60997},"geometry":{"type":"Polygon","coordinates":[[[-77.28066589221483,39.4639417140563],[-77.28357648020959,39.46783588546193],[-77.28939765619911,39.46783588546193],[-77.29230824419388,39.4639417140563],[-77.28939765619911,39.46004754265066],[-77.28357648020959,39.46004754265066],[-77.28066589221483,39.4639417140563]]]}},{"type":"Feature","properties":{"land_value":114117},"geometry":{"type":"Polygon","coordinates":[[[-77.28066589221483,39.471730056867564],[-77.28357648020959,39.4756242282732],[-77.28939765619911,39.4756242282732],[-77.29230824419388,39.471730056867564],[-77.28939765619911,39.46783588546193],[-77.28357648020959,39.46783588546193],[-77.28066589221483,39.471730056867564]]]}},{"type":"Feature","properties":{"land_value":50000},"geometry":{"type":"Polygon","coordinates":[[[-77.28066589221483,39.479518399678824],[-77.28357648020959,39.48341257108446],[-77.28939765619911,39.48341257108446],[-77.29230824419388,39.479518399678824],[-77.28939765619911,39.47562422827319],[-77.28357648020959,39.47562422827319],[-77.28066589221483,39.479518399678824]]]}},{"type":"Feature","properties":{"land_value":50000},"geometry":{"type":"Polygon","coordinates":[[[-77.28066589221483,39.487306742490084],[-77.28357648020959,39.49120091389572],[-77.28939765619911,39.49120091389572],[-77.29230824419388,39.487306742490084],[-77.28939765619911,39.48341257108445],[-77.28357648020959,39.48341257108445],[-77.28066589221483,39.487306742490084]]]}},{"type":"Feature","properties":{"land_value":50000},"geometry":{"type":"Polygon","coordinates":[[[-77.28066589221483,39.495095085301344],[-77.28357648020959,39.49898925670698],[-77.28939765619911,39.49898925670698],[-77.29230824419388,39.495095085301344],[-77.28939765619911,39.49120091389571],[-77.28357648020959,39.49120091389571],[-77.28066589221483,39.495095085301344]]]}},{"type":"Feature","properties":{"land_value":60605},"geometry":{"type":"Polygon","coordinates":[[[-77.28066589221483,39.502883428112604],[-77.28357648020959,39.50677759951824],[-77.28939765619911,39.50677759951824],[-77.29230824419388,39.502883428112604],[-77.28939765619911,39.49898925670697],[-77.28357648020959,39.49898925670697],[-77.28066589221483,39.502883428112604]]]}},{"type":"Feature","properties":{"land_value":50000},"geometry":{"type":"Polygon","coordinates":[[[-77.28066589221483,39.510671770923864],[-77.28357648020959,39.5145659423295],[-77.28939765619911,39.5145659423295],[-77.29230824419388,39.510671770923864],[-77.28939765619911,39.50677759951823],[-77.28357648020959,39.50677759951823],[-77.28066589221483,39.510671770923864]]]}},{"type":"Feature","properties":{"land_value":50000},"geometry":{"type":"Polygon","coordinates":[[[-77.28066589221483,39.51846011373513],[-77.28357648020959,39.522354285140764],[-77.28939765619911,39.522354285140764],[-77.29230824419388,39.51846011373513],[-77.28939765619911,39.5145659423295],[-77.28357648020959,39.5145659423295],[-77.28066589221483,39.51846011373513]]]}},{"type":"Feature","properties":{"land_value":50000},"geometry":{"type":"Polygon","coordinates":[[[-77.28066589221483,39.52624845654639],[-77.28357648020959,39.530142627952024],[-77.28939765619911,39.530142627952024],[-77.29230824419388,39.52624845654639],[-77.28939765619911,39.52235428514076],[-77.28357648020959,39.52235428514076],[-77.28066589221483,39.52624845654639]]]}},{"type":"Feature","properties":{"land_value":50000},"geometry":{"type":"Polygon","coordinates":[[[-77.28066589221483,39.53403679935765],[-77.28357648020959,39.537930970763284],[-77.28939765619911,39.537930970763284],[-77.29230824419388,39.53403679935765],[-77.28939765619911,39.53014262795202],[-77.28357648020959,39.53014262795202],[-77.28066589221483,39.53403679935765]]]}},{"type":"Feature","properties":{"land_value":50000},"geometry":{"type":"Polygon","coordinates":[[[-77.28066589221483,39.54182514216891],[-77.28357648020959,39.545719313574544],[-77.28939765619911,39.545719313574544],[-77.29230824419388,39.54182514216891],[-77.28939765619911,39.53793097076328],[-77.28357648020959,39.53793097076328],[-77.28066589221483,39.54182514216891]]]}},{"type":"Feature","properties":{"land_value":50000},"geometry":{"type":"Polygon","coordinates":[[[-77.28066589221483,39.54961348498017],[-77.28357648020959,39.553507656385804],[-77.28939765619911,39.553507656385804],[-77.29230824419388,39.54961348498017],[-77.28939765619911,39.54571931357454],[-77.28357648020959,39.54571931357454],[-77.28066589221483,39.54961348498017]]]}},{"type":"Feature","properties":{"land_value":50000},"geometry":{"type":"Polygon","coordinates":[[[-77.28066589221483,39.55740182779143],[-77.28357648020959,39.561295999197064],[-77.28939765619911,39.561295999197064],[-77.29230824419388,39.55740182779143],[-77.28939765619911,39.5535076563858],[-77.28357648020959,39.5535076563858],[-77.28066589221483,39.55740182779143]]]}},{"type":"Feature","properties":{"land_value":50000},"geometry":{"type":"Polygon","coordinates":[[[-77.28066589221483,39.5651901706027],[-77.28357648020959,39.56908434200833],[-77.28939765619911,39.56908434200833],[-77.29230824419388,39.5651901706027],[-77.28939765619911,39.561295999197064],[-77.28357648020959,39.561295999197064],[-77.28066589221483,39.5651901706027]]]}},{"type":"Feature","properties":{"land_value":50000},"geometry":{"type":"Polygon","coordinates":[[[-77.28066589221483,39.57297851341396],[-77.28357648020959,39.57687268481959],[-77.28939765619911,39.57687268481959],[-77.29230824419388,39.57297851341396],[-77.28939765619911,39.569084342008324],[-77.28357648020959,39.569084342008324],[-77.28066589221483,39.57297851341396]]]}},{"type":"Feature","properties":{"land_value":50000},"geometry":{"type":"Polygon","coordinates":[[[-77.28066589221483,39.58076685622522],[-77.28357648020959,39.58466102763085],[-77.28939765619911,39.58466102763085],[-77.29230824419388,39.58076685622522],[-77.28939765619911,39.576872684819584],[-77.28357648020959,39.576872684819584],[-77.28066589221483,39.58076685622522]]]}},{"type":"Feature","properties":{"land_value":50000},"geometry":{"type":"Polygon","coordinates":[[[-77.28066589221483,39.58855519903648],[-77.28357648020959,39.59244937044211],[-77.28939765619911,39.59244937044211],[-77.29230824419388,39.58855519903648],[-77.28939765619911,39.584661027630844],[-77.28357648020959,39.584661027630844],[-77.28066589221483,39.58855519903648]]]}},{"type":"Feature","properties":{"land_value":50000},"geometry":{"type":"Polygon","coordinates":[[[-77.27193412823054,39.25755062955788],[-77.2748447162253,39.26144480096352],[-77.28066589221483,39.26144480096352],[-77.28357648020959,39.25755062955788],[-77.28066589221483,39.25365645815225],[-77.2748447162253,39.25365645815225],[-77.27193412823054,39.25755062955788]]]}},{"type":"Feature","properties":{"land_value":50000},"geometry":{"type":"Polygon","coordinates":[[[-77.27193412823054,39.26533897236914],[-77.2748447162253,39.26923314377478],[-77.28066589221483,39.26923314377478],[-77.28357648020959,39.26533897236914],[-77.28066589221483,39.26144480096351],[-77.2748447162253,39.26144480096351],[-77.27193412823054,39.26533897236914]]]}},{"type":"Feature","properties":{"land_value":50000},"geometry":{"type":"Polygon","coordinates":[[[-77.27193412823054,39.2731273151804],[-77.2748447162253,39.27702148658604],[-77.28066589221483,39.27702148658604],[-77.28357648020959,39.2731273151804],[-77.28066589221483,39.26923314377477],[-77.2748447162253,39.26923314377477],[-77.27193412823054,39.2731273151804]]]}},{"type":"Feature","properties":{"land_value":50000},"geometry":{"type":"Polygon","coordinates":[[[-77.27193412823054,39.28091565799166],[-77.2748447162253,39.2848098293973],[-77.28066589221483,39.2848098293973],[-77.28357648020959,39.28091565799166],[-77.28066589221483,39.27702148658603],[-77.2748447162253,39.27702148658603],[-77.27193412823054,39.28091565799166]]]}},{"type":"Feature","properties":{"land_value":50000},"geometry":{"type":"Polygon","coordinates":[[[-77.27193412823054,39.28870400080293],[-77.2748447162253,39.292598172208564],[-77.28066589221483,39.292598172208564],[-77.28357648020959,39.28870400080293],[-77.28066589221483,39.2848098293973],[-77.2748447162253,39.2848098293973],[-77.27193412823054,39.28870400080293]]]}},{"type":"Feature","properties":{"land_value":56979},"geometry":{"type":"Polygon","coordinates":[[[-77.27193412823054,39.29649234361419],[-77.2748447162253,39.300386515019824],[-77.28066589221483,39.300386515019824],[-77.28357648020959,39.29649234361419],[-77.28066589221483,39.29259817220856],[-77.2748447162253,39.29259817220856],[-77.27193412823054,39.29649234361419]]]}},{"type":"Feature","properties":{"land_value":54150},"geometry":{"type":"Polygon","coordinates":[[[-77.27193412823054,39.30428068642545],[-77.2748447162253,39.308174857831084],[-77.28066589221483,39.308174857831084],[-77.28357648020959,39.30428068642545],[-77.28066589221483,39.30038651501982],[-77.2748447162253,39.30038651501982],[-77.27193412823054,39.30428068642545]]]}},{"type":"Feature","properties":{"land_value":50000},"geometry":{"type":"Polygon","coordinates":[[[-77.27193412823054,39.31206902923671],[-77.2748447162253,39.315963200642344],[-77.28066589221483,39.315963200642344],[-77.28357648020959,39.31206902923671],[-77.28066589221483,39.30817485783108],[-77.2748447162253,39.30817485783108],[-77.27193412823054,39.31206902923671]]]}},{"type":"Feature","properties":{"land_value":50000},"geometry":{"type":"Polygon","coordinates":[[[-77.27193412823054,39.31985737204797],[-77.2748447162253,39.323751543453604],[-77.28066589221483,39.323751543453604],[-77.28357648020959,39.31985737204797],[-77.28066589221483,39.31596320064234],[-77.2748447162253,39.31596320064234],[-77.27193412823054,39.31985737204797]]]}},{"type":"Feature","properties":{"land_value":50000},"geometry":{"type":"Polygon","coordinates":[[[-77.27193412823054,39.32764571485923],[-77.2748447162253,39.33153988626486],[-77.28066589221483,39.33153988626486],[-77.28357648020959,39.32764571485923],[-77.28066589221483,39.3237515434536],[-77.2748447162253,39.3237515434536],[-77.27193412823054,39.32764571485923]]]}},{"type":"Feature","properties":{"land_value":59710},"geometry":{"type":"Polygon","coordinates":[[[-77.27193412823054,39.3354340576705],[-77.2748447162253,39.33932822907613],[-77.28066589221483,39.33932822907613],[-77.28357648020959,39.3354340576705],[-77.28066589221483,39.33153988626486],[-77.2748447162253,39.33153988626486],[-77.27193412823054,39.3354340576705]]]}},{"type":"Feature","properties":{"land_value":50000},"geometry":{"type":"Polygon","coordinates":[[[-77.27193412823054,39.34322240048176],[-77.2748447162253,39.34711657188739],[-77.28066589221483,39.34711657188739],[-77.28357648020959,39.34322240048176],[-77.28066589221483,39.33932822907612],[-77.2748447162253,39.33932822907612],[-77.27193412823054,39.34322240048176]]]}},{"type":"Feature","properties":{"land_value":50000},"geometry":{"type":"Polygon","coordinates":[[[-77.27193412823054,39.35101074329302],[-77.2748447162253,39.35490491469865],[-77.28066589221483,39.35490491469865],[-77.28357648020959,39.35101074329302],[-77.28066589221483,39.34711657188738],[-77.2748447162253,39.34711657188738],[-77.27193412823054,39.35101074329302]]]}},{"type":"Feature","properties":{"land_value":111368},"geometry":{"type":"Polygon","coordinates":[[[-77.27193412823054,39.35879908610428],[-77.2748447162253,39.36269325750991],[-77.28066589221483,39.36269325750991],[-77.28357648020959,39.35879908610428],[-77.28066589221483,39.35490491469864],[-77.2748447162253,39.35490491469864],[-77.27193412823054,39.35879908610428]]]}},{"type":"Feature","properties":{"land_value":70897},"geometry":{"type":"Polygon","coordinates":[[[-77.27193412823054,39.36658742891554],[-77.2748447162253,39.37048160032117],[-77.28066589221483,39.37048160032117],[-77.28357648020959,39.36658742891554],[-77.28066589221483,39.3626932575099],[-77.2748447162253,39.3626932575099],[-77.27193412823054,39.36658742891554]]]}},{"type":"Feature","properties":{"land_value":122705},"geometry":{"type":"Polygon","coordinates":[[[-77.27193412823054,39.3743757717268],[-77.2748447162253,39.37826994313243],[-77.28066589221483,39.37826994313243],[-77.28357648020959,39.3743757717268],[-77.28066589221483,39.37048160032116],[-77.2748447162253,39.37048160032116],[-77.27193412823054,39.3743757717268]]]}},{"type":"Feature","properties":{"land_value":107542},"geometry":{"type":"Polygon","coordinates":[[[-77.27193412823054,39.382164114538064],[-77.2748447162253,39.3860582859437],[-77.28066589221483,39.3860582859437],[-77.28357648020959,39.382164114538064],[-77.28066589221483,39.37826994313243],[-77.2748447162253,39.37826994313243],[-77.27193412823054,39.382164114538064]]]}},{"type":"Feature","properties":{"land_value":77738},"geometry":{"type":"Polygon","coordinates":[[[-77.27193412823054,39.389952457349324],[-77.2748447162253,39.39384662875496],[-77.28066589221483,39.39384662875496],[-77.28357648020959,39.389952457349324],[-77.28066589221483,39.38605828594369],[-77.2748447162253,39.38605828594369],[-77.27193412823054,39.389952457349324]]]}},{"type":"Feature","properties":{"land_value":99178},"geometry":{"type":"Polygon","coordinates":[[[-77.27193412823054,39.397740800160584],[-77.2748447162253,39.40163497156622],[-77.28066589221483,39.40163497156622],[-77.28357648020959,39.397740800160584],[-77.28066589221483,39.39384662875495],[-77.2748447162253,39.39384662875495],[-77.27193412823054,39.397740800160584]]]}},{"type":"Feature","properties":{"land_value":71874},"geometry":{"type":"Polygon","coordinates":[[[-77.27193412823054,39.405529142971844],[-77.2748447162253,39.40942331437748],[-77.28066589221483,39.40942331437748],[-77.28357648020959,39.405529142971844],[-77.28066589221483,39.40163497156621],[-77.2748447162253,39.40163497156621],[-77.27193412823054,39.405529142971844]]]}},{"type":"Feature","properties":{"land_value":77126},"geometry":{"type":"Polygon","coordinates":[[[-77.27193412823054,39.413317485783104],[-77.2748447162253,39.41721165718874],[-77.28066589221483,39.41721165718874],[-77.28357648020959,39.413317485783104],[-77.28066589221483,39.40942331437747],[-77.2748447162253,39.40942331437747],[-77.27193412823054,39.413317485783104]]]}},{"type":"Feature","properties":{"land_value":106533},"geometry":{"type":"Polygon","coordinates":[[[-77.27193412823054,39.421105828594364],[-77.2748447162253,39.425],[-77.28066589221483,39.425],[-77.28357648020959,39.421105828594364],[-77.28066589221483,39.41721165718873],[-77.2748447162253,39.41721165718873],[-77.27193412823054,39.421105828594364]]]}},{"type":"Feature","properties":{"land_value":122445},"geometry":{"type":"Polygon","coordinates":[[[-77.27193412823054,39.42889417140563],[-77.2748447162253,39.432788342811264],[-77.28066589221483,39.432788342811264],[-77.28357648020959,39.42889417140563],[-77.28066589221483,39.425],[-77.2748447162253,39.425],[-77.27193412823054,39.42889417140563]]]}},{"type":"Feature","properties":{"land_value":83761},"geometry":{"type":"Polygon","coordinates":[[[-77.27193412823054,39.43668251421689],[-77.2748447162253,39.440576685622524],[-77.28066589221483,39.440576685622524],[-77.28357648020959,39.43668251421689],[-77.28066589221483,39.43278834281126],[-77.2748447162253,39.43278834281126],[-77.27193412823054,39.43668251421689]]]}},{"type":"Feature","properties":{"land_value":138885},"geometry":{"type":"Polygon","coordinates":[[[-77.27193412823054,39.44447085702815],[-77.2748447162253,39.448365028433784],[-77.28066589221483,39.448365028433784],[-77.28357648020959,39.44447085702815],[-77.28066589221483,39.44057668562252],[-77.2748447162253,39.44057668562252],[-77.27193412823054,39.44447085702815]]]}},{"type":"Feature","properties":{"land_value":105369},"geometry":{"type":"Polygon","coordinates":[[[-77.27193412823054,39.45225919983941],[-77.2748447162253,39.456153371245044],[-77.28066589221483,39.456153371245044],[-77.28357648020959,39.45225919983941],[-77.28066589221483,39.44836502843378],[-77.2748447162253,39.44836502843378],[-77.27193412823054,39.45225919983941]]]}},{"type":"Feature","properties":{"land_value":120708},"geometry":{"type":"Polygon","coordinates":[[[-77.27193412823054,39.46004754265067],[-77.2748447162253,39.463941714056304],[-77.28066589221483,39.463941714056304],[-77.28357648020959,39.46004754265067],[-77.28066589221483,39.45615337124504],[-77.2748447162253,39.45615337124504],[-77.27193412823054,39.46004754265067]]]}},{"type":"Feature","properties":{"land_value":50000},"geometry":{"type":"Polygon","coordinates":[[[-77.27193412823054,39.46783588546193],[-77.2748447162253,39.471730056867564],[-77.28066589221483,39.471730056867564],[-77.28357648020959,39.46783588546193],[-77.28066589221483,39.4639417140563],[-77.2748447162253,39.4639417140563],[-77.27193412823054,39.46783588546193]]]}},{"type":"Feature","properties":{"land_value":50532},"geometry":{"type":"Polygon","coordinates":[[[-77.27193412823054,39.4756242282732],[-77.2748447162253,39.47951839967883],[-77.28066589221483,39.47951839967883],[-77.28357648020959,39.4756242282732],[-77.28066589221483,39.471730056867564],[-77.2748447162253,39.471730056867564],[-77.27193412823054,39.4756242282732]]]}},{"type":"Feature","properties":{"land_value":50000},"geometry":{"type":"Polygon","coordinates":[[[-77.27193412823054,39.48341257108446],[-77.2748447162253,39.48730674249009],[-77.28066589221483,39.48730674249009],[-77.28357648020959,39.48341257108446],[-77.28066589221483,39.479518399678824],[-77.2748447162253,39.479518399678824],[-77.27193412823054,39.48341257108446]]]}},{"type":"Feature","properties":{"land_value":50000},"geometry":{"type":"Polygon","coordinates":[[[-77.27193412823054,39.49120091389572],[-77.2748447162253,39.49509508530135],[-77.28066589221483,39.49509508530135],[-77.28357648020959,39.49120091389572],[-77.28066589221483,39.487306742490084],[-77.2748447162253,39.487306742490084],[-77.27193412823054,39.49120091389572]]]}},{"type":"Feature","properties":{"land_value":51143},"geometry":{"type":"Polygon","coordinates":[[[-77.27193412823054,39.49898925670698],[-77.2748447162253,39.50288342811261],[-77.28066589221483,39.50288342811261],[-77.28357648020959,39.49898925670698],[-77.28066589221483,39.495095085301344],[-77.2748447162253,39.495095085301344],[-77.27193412823054,39.49898925670698]]]}},{"type":"Feature","properties":{"land_value":50000},"geometry":{"type":"Polygon","coordinates":[[[-77.27193412823054,39.50677759951824],[-77.2748447162253,39.51067177092387],[-77.28066589221483,39.51067177092387],[-77.28357648020959,39.50677759951824],[-77.28066589221483,39.502883428112604],[-77.2748447162253,39.502883428112604],[-77.27193412823054,39.50677759951824]]]}},{"type":"Feature","properties":{"land_value":50000},"geometry":{"type":"Polygon","coordinates":[[[-77.27193412823054,39.5145659423295],[-77.2748447162253,39.51846011373513],[-77.28066589221483,39.51846011373513],[-77.28357648020959,39.5145659423295],[-77.28066589221483,39.510671770923864],[-77.2748447162253,39.510671770923864],[-77.27193412823054,39.5145659423295]]]}},{"type":"Feature","properties":{"land_value":50000},"geometry":{"type":"Polygon","coordinates":[[[-77.27193412823054,39.522354285140764],[-77.2748447162253,39.5262484565464],[-77.28066589221483,39.5262484565464],[-77.28357648020959,39.522354285140764],[-77.28066589221483,39.51846011373513],[-77.2748447162253,39.51846011373513],[-77.27193412823054,39.522354285140764]]]}},{"type":"Feature","properties":{"land_value":50000},"geometry":{"type":"Polygon","coordinates":[[[-77.27193412823054,39.530142627952024],[-77.2748447162253,39.53403679935766],[-77.28066589221483,39.53403679935766],[-77.28357648020959,39.530142627952024],[-77.28066589221483,39.52624845654639],[-77.2748447162253,39.52624845654639],[-77.27193412823054,39.530142627952024]]]}},{"type":"Feature","properties":{"land_value":50000},"geometry":{"type":"Polygon","coordinates":[[[-77.27193412823054,39.537930970763284],[-77.2748447162253,39.54182514216892],[-77.28066589221483,39.54182514216892],[-77.28357648020959,39.537930970763284],[-77.28066589221483,39.53403679935765],[-77.2748447162253,39.53403679935765],[-77.27193412823054,39.537930970763284]]]}},{"type":"Feature","properties":{"land_value":50000},"geometry":{"type":"Polygon","coordinates":[[[-77.27193412823054,39.545719313574544],[-77.2748447162253,39.54961348498018],[-77.28066589221483,39.54961348498018],[-77.28357648020959,39.545719313574544],[-77.28066589221483,39.54182514216891],[-77.2748447162253,39.54182514216891],[-77.27193412823054,39.545719313574544]]]}},{"type":"Feature","properties":{"land_value":50000},"geometry":{"type":"Polygon","coordinates":[[[-77.27193412823054,39.553507656385804],[-77.2748447162253,39.55740182779144],[-77.28066589221483,39.55740182779144],[-77.28357648020959,39.553507656385804],[-77.28066589221483,39.54961348498017],[-77.2748447162253,39.54961348498017],[-77.27193412823054,39.553507656385804]]]}},{"type":"Feature","properties":{"land_value":50000},"geometry":{"type":"Polygon","coordinates":[[[-77.27193412823054,39.561295999197064],[-77.2748447162253,39.5651901706027],[-77.28066589221483,39.5651901706027],[-77.28357648020959,39.561295999197064],[-77.28066589221483,39.55740182779143],[-77.2748447162253,39.55740182779143],[-77.27193412823054,39.561295999197064]]]}},{"type":"Feature","properties":{"land_value":50000},"geometry":{"type":"Polygon","coordinates":[[[-77.27193412823054,39.56908434200833],[-77.2748447162253,39.572978513413965],[-77.28066589221483,39.572978513413965],[-77.28357648020959,39.56908434200833],[-77.28066589221483,39.5651901706027],[-77.2748447162253,39.5651901706027],[-77.27193412823054,39.56908434200833]]]}},{"type":"Feature","properties":{"land_value":50000},"geometry":{"type":"Polygon","coordinates":[[[-77.27193412823054,39.57687268481959],[-77.2748447162253,39.580766856225225],[-77.28066589221483,39.580766856225225],[-77.28357648020959,39.57687268481959],[-77.28066589221483,39.57297851341396],[-77.2748447162253,39.57297851341396],[-77.27193412823054,39.57687268481959]]]}},{"type":"Feature","properties":{"land_value":50000},"geometry":{"type":"Polygon","coordinates":[[[-77.27193412823054,39.58466102763085],[-77.2748447162253,39.588555199036485],[-77.28066589221483,39.588555199036485],[-77.28357648020959,39.58466102763085],[-77.28066589221483,39.58076685622522],[-77.2748447162253,39.58076685622522],[-77.27193412823054,39.58466102763085]]]}},{"type":"Feature","properties":{"land_value":50000},"geometry":{"type":"Polygon","coordinates":[[[-77.27193412823054,39.59244937044211],[-77.2748447162253,39.596343541847745],[-77.28066589221483,39.596343541847745],[-77.28357648020959,39.59244937044211],[-77.28066589221483,39.58855519903648],[-77.2748447162253,39.58855519903648],[-77.27193412823054,39.59244937044211]]]}},{"type":"Feature","properties":{"land_value":50000},"geometry":{"type":"Polygon","coordinates":[[[-77.26320236424625,39.26144480096351],[-77.26611295224102,39.26533897236914],[-77.27193412823054,39.26533897236914],[-77.2748447162253,39.26144480096351],[-77.27193412823054,39.257550629557876],[-77.26611295224102,39.257550629557876],[-77.26320236424625,39.26144480096351]]]}},{"type":"Feature","properties":{"land_value":50000},"geometry":{"type":"Polygon","coordinates":[[[-77.26320236424625,39.26923314377477],[-77.26611295224102,39.2731273151804],[-77.27193412823054,39.2731273151804],[-77.2748447162253,39.26923314377477],[-77.27193412823054,39.265338972369136],[-77.26611295224102,39.265338972369136],[-77.26320236424625,39.26923314377477]]]}},{"type":"Feature","properties":{"land_value":50000},"geometry":{"type":"Polygon","coordinates":[[[-77.26320236424625,39.27702148658603],[-77.26611295224102,39.28091565799166],[-77.27193412823054,39.28091565799166],[-77.2748447162253,39.27702148658603],[-77.27193412823054,39.273127315180396],[-77.26611295224102,39.273127315180396],[-77.26320236424625,39.27702148658603]]]}},{"type":"Feature","properties":{"land_value":50000},"geometry":{"type":"Polygon","coordinates":[[[-77.26320236424625,39.2848098293973],[-77.26611295224102,39.28870400080293],[-77.27193412823054,39.28870400080293],[-77.2748447162253,39.2848098293973],[-77.27193412823054,39.28091565799166],[-77.26611295224102,39.28091565799166],[-77.26320236424625,39.2848098293973]]]}},{"type":"Feature","properties":{"land_value":50000},"geometry":{"type":"Polygon","coordinates":[[[-77.26320236424625,39.29259817220856],[-77.26611295224102,39.29649234361419],[-77.27193412823054,39.29649234361419],[-77.2748447162253,39.29259817220856],[-77.27193412823054,39.28870400080292],[-77.26611295224102,39.28870400080292],[-77.26320236424625,39.29259817220856]]]}},{"type":"Feature","properties":{"land_value":50000},"geometry":{"type":"Polygon","coordinates":[[[-77.26320236424625,39.30038651501982],[-77.26611295224102,39.30428068642545],[-77.27193412823054,39.30428068642545],[-77.2748447162253,39.30038651501982],[-77.27193412823054,39.29649234361418],[-77.26611295224102,39.29649234361418],[-77.26320236424625,39.30038651501982]]]}},{"type":"Feature","properties":{"land_value":50000},"geometry":{"type":"Polygon","coordinates":[[[-77.26320236424625,39.30817485783108],[-77.26611295224102,39.31206902923671],[-77.27193412823054,39.31206902923671],[-77.2748447162253,39.30817485783108],[-77.27193412823054,39.30428068642544],[-77.26611295224102,39.30428068642544],[-77.26320236424625,39.30817485783108]]]}},{"type":"Feature","properties":{"land_value":50000},"geometry":{"type":"Polygon","coordinates":[[[-77.26320236424625,39.31596320064234],[-77.26611295224102,39.31985737204797],[-77.27193412823054,39.31985737204797],[-77.2748447162253,39.31596320064234],[-77.27193412823054,39.3120690292367],[-77.26611295224102,39.3120690292367],[-77.26320236424625,39.31596320064234]]]}},{"type":"Feature","properties":{"land_value":50000},"geometry":{"type":"Polygon","coordinates":[[[-77.26320236424625,39.3237515434536],[-77.26611295224102,39.32764571485923],[-77.27193412823054,39.32764571485923],[-77.2748447162253,39.3237515434536],[-77.27193412823054,39.31985737204796],[-77.26611295224102,39.31985737204796],[-77.26320236424625,39.3237515434536]]]}},{"type":"Feature","properties":{"land_value":50000},"geometry":{"type":"Polygon","coordinates":[[[-77.26320236424625,39.33153988626486],[-77.26611295224102,39.3354340576705],[-77.27193412823054,39.3354340576705],[-77.2748447162253,39.33153988626486],[-77.27193412823054,39.32764571485923],[-77.26611295224102,39.32764571485923],[-77.26320236424625,39.33153988626486]]]}},{"type":"Feature","properties":{"land_value":50000},"geometry":{"type":"Polygon","coordinates":[[[-77.26320236424625,39.33932822907612],[-77.26611295224102,39.34322240048176],[-77.27193412823054,39.34322240048176],[-77.2748447162253,39.33932822907612],[-77.27193412823054,39.33543405767049],[-77.26611295224102,39.33543405767049],[-77.26320236424625,39.33932822907612]]]}},{"type":"Feature","properties":{"land_value":70421},"geometry":{"type":"Polygon","coordinates":[[[-77.26320236424625,39.34711657188738],[-77.26611295224102,39.35101074329302],[-77.27193412823054,39.35101074329302],[-77.2748447162253,39.34711657188738],[-77.27193412823054,39.34322240048175],[-77.26611295224102,39.34322240048175],[-77.26320236424625,39.34711657188738]]]}},{"type":"Feature","properties":{"land_value":50000},"geometry":{"type":"Polygon","coordinates":[[[-77.26320236424625,39.35490491469864],[-77.26611295224102,39.35879908610428],[-77.27193412823054,39.35879908610428],[-77.2748447162253,39.35490491469864],[-77.27193412823054,39.35101074329301],[-77.26611295224102,39.35101074329301],[-77.26320236424625,39.35490491469864]]]}},{"type":"Feature","properties":{"land_value":52064},"geometry":{"type":"Polygon","coordinates":[[[-77.26320236424625,39.3626932575099],[-77.26611295224102,39.36658742891554],[-77.27193412823054,39.36658742891554],[-77.2748447162253,39.3626932575099],[-77.27193412823054,39.35879908610427],[-77.26611295224102,39.35879908610427],[-77.26320236424625,39.3626932575099]]]}},{"type":"Feature","properties":{"land_value":61055},"geometry":{"type":"Polygon","coordinates":[[[-77.26320236424625,39.37048160032116],[-77.26611295224102,39.3743757717268],[-77.27193412823054,39.3743757717268],[-77.2748447162253,39.37048160032116],[-77.27193412823054,39.36658742891553],[-77.26611295224102,39.36658742891553],[-77.26320236424625,39.37048160032116]]]}},{"type":"Feature","properties":{"land_value":104340},"geometry":{"type":"Polygon","coordinates":[[[-77.26320236424625,39.37826994313243],[-77.26611295224102,39.382164114538064],[-77.27193412823054,39.382164114538064],[-77.2748447162253,39.37826994313243],[-77.27193412823054,39.3743757717268],[-77.26611295224102,39.3743757717268],[-77.26320236424625,39.37826994313243]]]}},{"type":"Feature","properties":{"land_value":110942},"geometry":{"type":"Polygon","coordinates":[[[-77.26320236424625,39.38605828594369],[-77.26611295224102,39.389952457349324],[-77.27193412823054,39.389952457349324],[-77.2748447162253,39.38605828594369],[-77.27193412823054,39.38216411453806],[-77.26611295224102,39.38216411453806],[-77.26320236424625,39.38605828594369]]]}},{"type":"Feature","properties":{"land_value":72354},"geometry":{"type":"Polygon","coordinates":[[[-77.26320236424625,39.39384662875495],[-77.26611295224102,39.397740800160584],[-77.27193412823054,39.397740800160584],[-77.2748447162253,39.39384662875495],[-77.27193412823054,39.38995245734932],[-77.26611295224102,39.38995245734932],[-77.26320236424625,39.39384662875495]]]}},{"type":"Feature","properties":{"land_value":116492},"geometry":{"type":"Polygon","coordinates":[[[-77.26320236424625,39.40163497156621],[-77.26611295224102,39.405529142971844],[-77.27193412823054,39.405529142971844],[-77.2748447162253,39.40163497156621],[-77.27193412823054,39.39774080016058],[-77.26611295224102,39.39774080016058],[-77.26320236424625,39.40163497156621]]]}},{"type":"Feature","properties":{"land_value":56850},"geometry":{"type":"Polygon","coordinates":[[[-77.26320236424625,39.40942331437747],[-77.26611295224102,39.413317485783104],[-77.27193412823054,39.413317485783104],[-77.2748447162253,39.40942331437747],[-77.27193412823054,39.40552914297184],[-77.26611295224102,39.40552914297184],[-77.26320236424625,39.40942331437747]]]}},{"type":"Feature","properties":{"land_value":107329},"geometry":{"type":"Polygon","coordinates":[[[-77.26320236424625,39.41721165718873],[-77.26611295224102,39.421105828594364],[-77.27193412823054,39.421105828594364],[-77.2748447162253,39.41721165718873],[-77.27193412823054,39.4133174857831],[-77.26611295224102,39.4133174857831],[-77.26320236424625,39.41721165718873]]]}},{"type":"Feature","properties":{"land_value":71049},"geometry":{"type":"Polygon","coordinates":[[[-77.26320236424625,39.425],[-77.26611295224102,39.42889417140563],[-77.27193412823054,39.42889417140563],[-77.2748447162253,39.425],[-77.27193412823054,39.421105828594364],[-77.26611295224102,39.421105828594364],[-77.26320236424625,39.425]]]}},{"type":"Feature","properties":{"land_value":61557},"geometry":{"type":"Polygon","coordinates":[[[-77.26320236424625,39.43278834281126],[-77.26611295224102,39.43668251421689],[-77.27193412823054,39.43668251421689],[-77.2748447162253,39.43278834281126],[-77.27193412823054,39.428894171405624],[-77.26611295224102,39.428894171405624],[-77.26320236424625,39.43278834281126]]]}},{"type":"Feature","properties":{"land_value":88198},"geometry":{"type":"Polygon","coordinates":[[[-77.26320236424625,39.44057668562252],[-77.26611295224102,39.44447085702815],[-77.27193412823054,39.44447085702815],[-77.2748447162253,39.44057668562252],[-77.27193412823054,39.43668251421688],[-77.26611295224102,39.43668251421688],[-77.26320236424625,39.44057668562252]]]}},{"type":"Feature","properties":{"land_value":50000},"geometry":{"type":"Polygon","coordinates":[[[-77.26320236424625,39.44836502843378],[-77.26611295224102,39.45225919983941],[-77.27193412823054,39.45225919983941],[-77.2748447162253,39.44836502843378],[-77.27193412823054,39.44447085702814],[-77.26611295224102,39.44447085702814],[-77.26320236424625,39.44836502843378]]]}},{"type":"Feature","properties":{"land_value":115857},"geometry":{"type":"Polygon","coordinates":[[[-77.26320236424625,39.45615337124504],[-77.26611295224102,39.46004754265067],[-77.27193412823054,39.46004754265067],[-77.2748447162253,39.45615337124504],[-77.27193412823054,39.4522591998394],[-77.26611295224102,39.4522591998394],[-77.26320236424625,39.45615337124504]]]}},{"type":"Feature","properties":{"land_value":97160},"geometry":{"type":"Polygon","coordinates":[[[-77.26320236424625,39.4639417140563],[-77.26611295224102,39.46783588546193],[-77.27193412823054,39.46783588546193],[-77.2748447162253,39.4639417140563],[-77.27193412823054,39.46004754265066],[-77.26611295224102,39.46004754265066],[-77.26320236424625,39.4639417140563]]]}},{"type":"Feature","properties":{"land_value":52071},"geometry":{"type":"Polygon","coordinates":[[[-77.26320236424625,39.471730056867564],[-77.26611295224102,39.4756242282732],[-77.27193412823054,39.4756242282732],[-77.2748447162253,39.471730056867564],[-77.27193412823054,39.46783588546193],[-77.26611295224102,39.46783588546193],[-77.26320236424625,39.471730056867564]]]}},{"type":"Feature","properties":{"land_value":50000},"geometry":{"type":"Polygon","coordinates":[[[-77.26320236424625,39.479518399678824],[-77.26611295224102,39.48341257108446],[-77.27193412823054,39.48341257108446],[-77.2748447162253,39.479518399678824],[-77.27193412823054,39.47562422827319],[-77.26611295224102,39.47562422827319],[-77.26320236424625,39.479518399678824]]]}},{"type":"Feature","properties":{"land_value":51758},"geometry":{"type":"Polygon","coordinates":[[[-77.26320236424625,39.487306742490084],[-77.26611295224102,39.49120091389572],[-77.27193412823054,39.49120091389572],[-77.2748447162253,39.487306742490084],[-77.27193412823054,39.48341257108445],[-77.26611295224102,39.48341257108445],[-77.26320236424625,39.487306742490084]]]}},{"type":"Feature","properties":{"land_value":50000},"geometry":{"type":"Polygon","coordinates":[[[-77.26320236424625,39.495095085301344],[-77.26611295224102,39.49898925670698],[-77.27193412823054,39.49898925670698],[-77.2748447162253,39.495095085301344],[-77.27193412823054,39.49120091389571],[-77.26611295224102,39.49120091389571],[-77.26320236424625,39.495095085301344]]]}},{"type":"Feature","properties":{"land_value":50000},"geometry":{"type":"Polygon","coordinates":[[[-77.26320236424625,39.502883428112604],[-77.26611295224102,39.50677759951824],[-77.27193412823054,39.50677759951824],[-77.2748447162253,39.502883428112604],[-77.27193412823054,39.49898925670697],[-77.26611295224102,39.49898925670697],[-77.26320236424625,39.502883428112604]]]}},{"type":"Feature","properties":{"land_value":50000},"geometry":{"type":"Polygon","coordinates":[[[-77.26320236424625,39.510671770923864],[-77.26611295224102,39.5145659423295],[-77.27193412823054,39.5145659423295],[-77.2748447162253,39.510671770923864],[-77.27193412823054,39.50677759951823],[-77.26611295224102,39.50677759951823],[-77.26320236424625,39.510671770923864]]]}},{"type":"Feature","properties":{"land_value":50000},"geometry":{"type":"Polygon","coordinates":[[[-77.26320236424625,39.51846011373513],[-77.26611295224102,39.522354285140764],[-77.27193412823054,39.522354285140764],[-77.2748447162253,39.51846011373513],[-77.27193412823054,39.5145659423295],[-77.26611295224102,39.5145659423295],[-77.26320236424625,39.51846011373513]]]}},{"type":"Feature","properties":{"land_value":50000},"geometry":{"type":"Polygon","coordinates":[[[-77.26320236424625,39.52624845654639],[-77.26611295224102,39.530142627952024],[-77.27193412823054,39.530142627952024],[-77.2748447162253,39.52624845654639],[-77.27193412823054,39.52235428514076],[-77.26611295224102,39.52235428514076],[-77.26320236424625,39.52624845654639]]]}},{"type":"Feature","properties":{"land_value":50000},"geometry":{"type":"Polygon","coordinates":[[[-77.26320236424625,39.53403679935765],[-77.26611295224102,39.537930970763284],[-77.27193412823054,39.537930970763284],[-77.2748447162253,39.53403679935765],[-77.27193412823054,39.53014262795202],[-77.26611295224102,39.53014262795202],[-77.26320236424625,39.53403679935765]]]}},{"type":"Feature","properties":{"land_value":50000},"geometry":{"type":"Polygon","coordinates":[[[-77.26320236424625,39.54182514216891],[-77.26611295224102,39.545719313574544],[-77.27193412823054,39.545719313574544],[-77.2748447162253,39.54182514216891],[-77.27193412823054,39.53793097076328],[-77.26611295224102,39.53793097076328],[-77.26320236424625,39.54182514216891]]]}},{"type":"Feature","properties":{"land_value":50000},"geometry":{"type":"Polygon","coordinates":[[[-77.26320236424625,39.54961348498017],[-77.26611295224102,39.553507656385804],[-77.27193412823054,39.553507656385804],[-77.2748447162253,39.54961348498017],[-77.27193412823054,39.54571931357454],[-77.26611295224102,39.54571931357454],[-77.26320236424625,39.54961348498017]]]}},{"type":"Feature","properties":{"land_value":50000},"geometry":{"type":"Polygon","coordinates":[[[-77.26320236424625,39.55740182779143],[-77.26611295224102,39.561295999197064],[-77.27193412823054,39.561295999197064],[-77.2748447162253,39.55740182779143],[-77.27193412823054,39.5535076563858],[-77.26611295224102,39.5535076563858],[-77.26320236424625,39.55740182779143]]]}},{"type":"Feature","properties":{"land_value":50000},"geometry":{"type":"Polygon","coordinates":[[[-77.26320236424625,39.5651901706027],[-77.26611295224102,39.56908434200833],[-77.27193412823054,39.56908434200833],[-77.2748447162253,39.5651901706027],[-77.27193412823054,39.561295999197064],[-77.26611295224102,39.561295999197064],[-77.26320236424625,39.5651901706027]]]}},{"type":"Feature","properties":{"land_value":50000},"geometry":{"type":"Polygon","coordinates":[[[-77.26320236424625,39.57297851341396],[-77.26611295224102,39.57687268481959],[-77.27193412823054,39.57687268481959],[-77.2748447162253,39.57297851341396],[-77.27193412823054,39.569084342008324],[-77.26611295224102,39.569084342008324],[-77.26320236424625,39.57297851341396]]]}},{"type":"Feature","properties":{"land_value":50000},"geometry":{"type":"Polygon","coordinates":[[[-77.26320236424625,39.58076685622522],[-77.26611295224102,39.58466102763085],[-77.27193412823054,39.58466102763085],[-77.2748447162253,39.58076685622522],[-77.27193412823054,39.576872684819584],[-77.26611295224102,39.576872684819584],[-77.26320236424625,39.58076685622522]]]}},{"type":"Feature","properties":{"land_value":50000},"geometry":{"type":"Polygon","coordinates":[[[-77.26320236424625,39.58855519903648],[-77.26611295224102,39.59244937044211],[-77.27193412823054,39.59244937044211],[-77.2748447162253,39.58855519903648],[-77.27193412823054,39.584661027630844],[-77.26611295224102,39.584661027630844],[-77.26320236424625,39.58855519903648]]]}},{"type":"Feature","properties":{"land_value":50000},"geometry":{"type":"Polygon","coordinates":[[[-77.25447060026198,39.25755062955788],[-77.25738118825674,39.26144480096352],[-77.26320236424627,39.26144480096352],[-77.26611295224103,39.25755062955788],[-77.26320236424627,39.25365645815225],[-77.25738118825674,39.25365645815225],[-77.25447060026198,39.25755062955788]]]}},{"type":"Feature","properties":{"land_value":50000},"geometry":{"type":"Polygon","coordinates":[[[-77.25447060026198,39.26533897236914],[-77.25738118825674,39.26923314377478],[-77.26320236424627,39.26923314377478],[-77.26611295224103,39.26533897236914],[-77.26320236424627,39.26144480096351],[-77.25738118825674,39.26144480096351],[-77.25447060026198,39.26533897236914]]]}},{"type":"Feature","properties":{"land_value":50000},"geometry":{"type":"Polygon","coordinates":[[[-77.25447060026198,39.2731273151804],[-77.25738118825674,39.27702148658604],[-77.26320236424627,39.27702148658604],[-77.26611295224103,39.2731273151804],[-77.26320236424627,39.26923314377477],[-77.25738118825674,39.26923314377477],[-77.25447060026198,39.2731273151804]]]}},{"type":"Feature","properties":{"land_value":50000},"geometry":{"type":"Polygon","coordinates":[[[-77.25447060026198,39.28091565799166],[-77.25738118825674,39.2848098293973],[-77.26320236424627,39.2848098293973],[-77.26611295224103,39.28091565799166],[-77.26320236424627,39.27702148658603],[-77.25738118825674,39.27702148658603],[-77.25447060026198,39.28091565799166]]]}},{"type":"Feature","properties":{"land_value":50000},"geometry":{"type":"Polygon","coordinates":[[[-77.25447060026198,39.28870400080293],[-77.25738118825674,39.292598172208564],[-77.26320236424627,39.292598172208564],[-77.26611295224103,39.28870400080293],[-77.26320236424627,39.2848098293973],[-77.25738118825674,39.2848098293973],[-77.25447060026198,39.28870400080293]]]}},{"type":"Feature","properties":{"land_value":50000},"geometry":{"type":"Polygon","coordinates":[[[-77.25447060026198,39.29649234361419],[-77.25738118825674,39.300386515019824],[-77.26320236424627,39.300386515019824],[-77.26611295224103,39.29649234361419],[-77.26320236424627,39.29259817220856],[-77.25738118825674,39.29259817220856],[-77.25447060026198,39.29649234361419]]]}},{"type":"Feature","properties":{"land_value":50000},"geometry":{"type":"Polygon","coordinates":[[[-77.25447060026198,39.30428068642545],[-77.25738118825674,39.308174857831084],[-77.26320236424627,39.308174857831084],[-77.26611295224103,39.30428068642545],[-77.26320236424627,39.30038651501982],[-77.25738118825674,39.30038651501982],[-77.25447060026198,39.30428068642545]]]}},{"type":"Feature","properties":{"land_value":50000},"geometry":{"type":"Polygon","coordinates":[[[-77.25447060026198,39.31206902923671],[-77.25738118825674,39.315963200642344],[-77.26320236424627,39.315963200642344],[-77.26611295224103,39.31206902923671],[-77.26320236424627,39.30817485783108],[-77.25738118825674,39.30817485783108],[-77.25447060026198,39.31206902923671]]]}},{"type":"Feature","properties":{"land_value":50000},"geometry":{"type":"Polygon","coordinates":[[[-77.25447060026198,39.31985737204797],[-77.25738118825674,39.323751543453604],[-77.26320236424627,39.323751543453604],[-77.26611295224103,39.31985737204797],[-77.26320236424627,39.31596320064234],[-77.25738118825674,39.31596320064234],[-77.25447060026198,39.31985737204797]]]}},{"type":"Feature","properties":{"land_value":50000},"geometry":{"type":"Polygon","coordinates":[[[-77.25447060026198,39.32764571485923],[-77.25738118825674,39.33153988626486],[-77.26320236424627,39.33153988626486],[-77.26611295224103,39.32764571485923],[-77.26320236424627,39.3237515434536],[-77.25738118825674,39.3237515434536],[-77.25447060026198,39.32764571485923]]]}},{"type":"Feature","properties":{"land_value":50000},"geometry":{"type":"Polygon","coordinates":[[[-77.25447060026198,39.3354340576705],[-77.25738118825674,39.33932822907613],[-77.26320236424627,39.33932822907613],[-77.26611295224103,39.3354340576705],[-77.26320236424627,39.33153988626486],[-77.25738118825674,39.33153988626486],[-77.25447060026198,39.3354340576705]]]}},{"type":"Feature","properties":{"land_value":50000},"geometry":{"type":"Polygon","coordinates":[[[-77.25447060026198,39.34322240048176],[-77.25738118825674,39.34711657188739],[-77.26320236424627,39.34711657188739],[-77.26611295224103,39.34322240048176],[-77.26320236424627,39.33932822907612],[-77.25738118825674,39.33932822907612],[-77.25447060026198,39.34322240048176]]]}},{"type":"Feature","properties":{"land_value":50000},"geometry":{"type":"Polygon","coordinates":[[[-77.25447060026198,39.35101074329302],[-77.25738118825674,39.35490491469865],[-77.26320236424627,39.35490491469865],[-77.26611295224103,39.35101074329302],[-77.26320236424627,39.34711657188738],[-77.25738118825674,39.34711657188738],[-77.25447060026198,39.35101074329302]]]}},{"type":"Feature","properties":{"land_value":50000},"geometry":{"type":"Polygon","coordinates":[[[-77.25447060026198,39.35879908610428],[-77.25738118825674,39.36269325750991],[-77.26320236424627,39.36269325750991],[-77.26611295224103,39.35879908610428],[-77.26320236424627,39.35490491469864],[-77.25738118825674,39.35490491469864],[-77.25447060026198,39.35879908610428]]]}},{"type":"Feature","properties":{"land_value":50000},"geometry":{"type":"Polygon","coordinates":[[[-77.25447060026198,39.36658742891554],[-77.25738118825674,39.37048160032117],[-77.26320236424627,39.37048160032117],[-77.26611295224103,39.36658742891554],[-77.26320236424627,39.3626932575099],[-77.25738118825674,39.3626932575099],[-77.25447060026198,39.36658742891554]]]}},{"type":"Feature","properties":{"land_value":64065},"geometry":{"type":"Polygon","coordinates":[[[-77.25447060026198,39.3743757717268],[-77.25738118825674,39.37826994313243],[-77.26320236424627,39.37826994313243],[-77.26611295224103,39.3743757717268],[-77.26320236424627,39.37048160032116],[-77.25738118825674,39.37048160032116],[-77.25447060026198,39.3743757717268]]]}},{"type":"Feature","properties":{"land_value":50000},"geometry":{"type":"Polygon","coordinates":[[[-77.25447060026198,39.382164114538064],[-77.25738118825674,39.3860582859437],[-77.26320236424627,39.3860582859437],[-77.26611295224103,39.382164114538064],[-77.26320236424627,39.37826994313243],[-77.25738118825674,39.37826994313243],[-77.25447060026198,39.382164114538064]]]}},{"type":"Feature","properties":{"land_value":50000},"geometry":{"type":"Polygon","coordinates":[[[-77.25447060026198,39.389952457349324],[-77.25738118825674,39.39384662875496],[-77.26320236424627,39.39384662875496],[-77.26611295224103,39.389952457349324],[-77.26320236424627,39.38605828594369],[-77.25738118825674,39.38605828594369],[-77.25447060026198,39.389952457349324]]]}},{"type":"Feature","properties":{"land_value":84659},"geometry":{"type":"Polygon","coordinates":[[[-77.25447060026198,39.397740800160584],[-77.25738118825674,39.40163497156622],[-77.26320236424627,39.40163497156622],[-77.26611295224103,39.397740800160584],[-77.26320236424627,39.39384662875495],[-77.25738118825674,39.39384662875495],[-77.25447060026198,39.397740800160584]]]}},{"type":"Feature","properties":{"land_value":75673},"geometry":{"type":"Polygon","coordinates":[[[-77.25447060026198,39.405529142971844],[-77.25738118825674,39.40942331437748],[-77.26320236424627,39.40942331437748],[-77.26611295224103,39.405529142971844],[-77.26320236424627,39.40163497156621],[-77.25738118825674,39.40163497156621],[-77.25447060026198,39.405529142971844]]]}},{"type":"Feature","properties":{"land_value":84812},"geometry":{"type":"Polygon","coordinates":[[[-77.25447060026198,39.413317485783104],[-77.25738118825674,39.41721165718874],[-77.26320236424627,39.41721165718874],[-77.26611295224103,39.413317485783104],[-77.26320236424627,39.40942331437747],[-77.25738118825674,39.40942331437747],[-77.25447060026198,39.413317485783104]]]}},{"type":"Feature","properties":{"land_value":114255},"geometry":{"type":"Polygon","coordinates":[[[-77.25447060026198,39.421105828594364],[-77.25738118825674,39.425],[-77.26320236424627,39.425],[-77.26611295224103,39.421105828594364],[-77.26320236424627,39.41721165718873],[-77.25738118825674,39.41721165718873],[-77.25447060026198,39.421105828594364]]]}},{"type":"Feature","properties":{"land_value":50000},"geometry":{"type":"Polygon","coordinates":[[[-77.25447060026198,39.42889417140563],[-77.25738118825674,39.432788342811264],[-77.26320236424627,39.432788342811264],[-77.26611295224103,39.42889417140563],[-77.26320236424627,39.425],[-77.25738118825674,39.425],[-77.25447060026198,39.42889417140563]]]}},{"type":"Feature","properties":{"land_value":50000},"geometry":{"type":"Polygon","coordinates":[[[-77.25447060026198,39.43668251421689],[-77.25738118825674,39.440576685622524],[-77.26320236424627,39.440576685622524],[-77.26611295224103,39.43668251421689],[-77.26320236424627,39.43278834281126],[-77.25738118825674,39.43278834281126],[-77.25447060026198,39.43668251421689]]]}},{"type":"Feature","properties":{"land_value":92439},"geometry":{"type":"Polygon","coordinates":[[[-77.25447060026198,39.44447085702815],[-77.25738118825674,39.448365028433784],[-77.26320236424627,39.448365028433784],[-77.26611295224103,39.44447085702815],[-77.26320236424627,39.44057668562252],[-77.25738118825674,39.44057668562252],[-77.25447060026198,39.44447085702815]]]}},{"type":"Feature","properties":{"land_value":72214},"geometry":{"type":"Polygon","coordinates":[[[-77.25447060026198,39.45225919983941],[-77.25738118825674,39.456153371245044],[-77.26320236424627,39.456153371245044],[-77.26611295224103,39.45225919983941],[-77.26320236424627,39.44836502843378],[-77.25738118825674,39.44836502843378],[-77.25447060026198,39.45225919983941]]]}},{"type":"Feature","properties":{"land_value":50000},"geometry":{"type":"Polygon","coordinates":[[[-77.25447060026198,39.46004754265067],[-77.25738118825674,39.463941714056304],[-77.26320236424627,39.463941714056304],[-77.26611295224103,39.46004754265067],[-77.26320236424627,39.45615337124504],[-77.25738118825674,39.45615337124504],[-77.25447060026198,39.46004754265067]]]}},{"type":"Feature","properties":{"land_value":71638},"geometry":{"type":"Polygon","coordinates":[[[-77.25447060026198,39.46783588546193],[-77.25738118825674,39.471730056867564],[-77.26320236424627,39.471730056867564],[-77.26611295224103,39.46783588546193],[-77.26320236424627,39.4639417140563],[-77.25738118825674,39.4639417140563],[-77.25447060026198,39.46783588546193]]]}},{"type":"Feature","properties":{"land_value":50000},"geometry":{"type":"Polygon","coordinates":[[[-77.25447060026198,39.4756242282732],[-77.25738118825674,39.47951839967883],[-77.26320236424627,39.47951839967883],[-77.26611295224103,39.4756242282732],[-77.26320236424627,39.471730056867564],[-77.25738118825674,39.471730056867564],[-77.25447060026198,39.4756242282732]]]}},{"type":"Feature","properties":{"land_value":50000},"geometry":{"type":"Polygon","coordinates":[[[-77.25447060026198,39.48341257108446],[-77.25738118825674,39.48730674249009],[-77.26320236424627,39.48730674249009],[-77.26611295224103,39.48341257108446],[-77.26320236424627,39.479518399678824],[-77.25738118825674,39.479518399678824],[-77.25447060026198,39.48341257108446]]]}},{"type":"Feature","properties":{"land_value":50000},"geometry":{"type":"Polygon","coordinates":[[[-77.25447060026198,39.49120091389572],[-77.25738118825674,39.49509508530135],[-77.26320236424627,39.49509508530135],[-77.26611295224103,39.49120091389572],[-77.26320236424627,39.487306742490084],[-77.25738118825674,39.487306742490084],[-77.25447060026198,39.49120091389572]]]}},{"type":"Feature","properties":{"land_value":50000},"geometry":{"type":"Polygon","coordinates":[[[-77.25447060026198,39.49898925670698],[-77.25738118825674,39.50288342811261],[-77.26320236424627,39.50288342811261],[-77.26611295224103,39.49898925670698],[-77.26320236424627,39.495095085301344],[-77.25738118825674,39.495095085301344],[-77.25447060026198,39.49898925670698]]]}},{"type":"Feature","properties":{"land_value":50000},"geometry":{"type":"Polygon","coordinates":[[[-77.25447060026198,39.50677759951824],[-77.25738118825674,39.51067177092387],[-77.26320236424627,39.51067177092387],[-77.26611295224103,39.50677759951824],[-77.26320236424627,39.502883428112604],[-77.25738118825674,39.502883428112604],[-77.25447060026198,39.50677759951824]]]}},{"type":"Feature","properties":{"land_value":50000},"geometry":{"type":"Polygon","coordinates":[[[-77.25447060026198,39.5145659423295],[-77.25738118825674,39.51846011373513],[-77.26320236424627,39.51846011373513],[-77.26611295224103,39.5145659423295],[-77.26320236424627,39.510671770923864],[-77.25738118825674,39.510671770923864],[-77.25447060026198,39.5145659423295]]]}},{"type":"Feature","properties":{"land_value":50000},"geometry":{"type":"Polygon","coordinates":[[[-77.25447060026198,39.522354285140764],[-77.25738118825674,39.5262484565464],[-77.26320236424627,39.5262484565464],[-77.26611295224103,39.522354285140764],[-77.26320236424627,39.51846011373513],[-77.25738118825674,39.51846011373513],[-77.25447060026198,39.522354285140764]]]}},{"type":"Feature","properties":{"land_value":50000},"geometry":{"type":"Polygon","coordinates":[[[-77.25447060026198,39.530142627952024],[-77.25738118825674,39.53403679935766],[-77.26320236424627,39.53403679935766],[-77.26611295224103,39.530142627952024],[-77.26320236424627,39.52624845654639],[-77.25738118825674,39.52624845654639],[-77.25447060026198,39.530142627952024]]]}},{"type":"Feature","properties":{"land_value":50000},"geometry":{"type":"Polygon","coordinates":[[[-77.25447060026198,39.537930970763284],[-77.25738118825674,39.54182514216892],[-77.26320236424627,39.54182514216892],[-77.26611295224103,39.537930970763284],[-77.26320236424627,39.53403679935765],[-77.25738118825674,39.53403679935765],[-77.25447060026198,39.537930970763284]]]}},{"type":"Feature","properties":{"land_value":50000},"geometry":{"type":"Polygon","coordinates":[[[-77.25447060026198,39.545719313574544],[-77.25738118825674,39.54961348498018],[-77.26320236424627,39.54961348498018],[-77.26611295224103,39.545719313574544],[-77.26320236424627,39.54182514216891],[-77.25738118825674,39.54182514216891],[-77.25447060026198,39.545719313574544]]]}},{"type":"Feature","properties":{"land_value":50000},"geometry":{"type":"Polygon","coordinates":[[[-77.25447060026198,39.553507656385804],[-77.25738118825674,39.55740182779144],[-77.26320236424627,39.55740182779144],[-77.26611295224103,39.553507656385804],[-77.26320236424627,39.54961348498017],[-77.25738118825674,39.54961348498017],[-77.25447060026198,39.553507656385804]]]}},{"type":"Feature","properties":{"land_value":50000},"geometry":{"type":"Polygon","coordinates":[[[-77.25447060026198,39.561295999197064],[-77.25738118825674,39.5651901706027],[-77.26320236424627,39.5651901706027],[-77.26611295224103,39.561295999197064],[-77.26320236424627,39.55740182779143],[-77.25738118825674,39.55740182779143],[-77.25447060026198,39.561295999197064]]]}},{"type":"Feature","properties":{"land_value":50000},"geometry":{"type":"Polygon","coordinates":[[[-77.25447060026198,39.56908434200833],[-77.25738118825674,39.572978513413965],[-77.26320236424627,39.572978513413965],[-77.26611295224103,39.56908434200833],[-77.26320236424627,39.5651901706027],[-77.25738118825674,39.5651901706027],[-77.25447060026198,39.56908434200833]]]}},{"type":"Feature","properties":{"land_value":50000},"geometry":{"type":"Polygon","coordinates":[[[-77.25447060026198,39.57687268481959],[-77.25738118825674,39.580766856225225],[-77.26320236424627,39.580766856225225],[-77.26611295224103,39.57687268481959],[-77.26320236424627,39.57297851341396],[-77.25738118825674,39.57297851341396],[-77.25447060026198,39.57687268481959]]]}},{"type":"Feature","properties":{"land_value":50000},"geometry":{"type":"Polygon","coordinates":[[[-77.25447060026198,39.58466102763085],[-77.25738118825674,39.588555199036485],[-77.26320236424627,39.588555199036485],[-77.26611295224103,39.58466102763085],[-77.26320236424627,39.58076685622522],[-77.25738118825674,39.58076685622522],[-77.25447060026198,39.58466102763085]]]}},{"type":"Feature","properties":{"land_value":50000},"geometry":{"type":"Polygon","coordinates":[[[-77.25447060026198,39.59244937044211],[-77.25738118825674,39.596343541847745],[-77.26320236424627,39.596343541847745],[-77.26611295224103,39.59244937044211],[-77.26320236424627,39.58855519903648],[-77.25738118825674,39.58855519903648],[-77.25447060026198,39.59244937044211]]]}},{"type":"Feature","properties":{"land_value":50000},"geometry":{"type":"Polygon","coordinates":[[[-77.2457388362777,39.26144480096351],[-77.24864942427246,39.26533897236914],[-77.25447060026198,39.26533897236914],[-77.25738118825674,39.26144480096351],[-77.25447060026198,39.257550629557876],[-77.24864942427246,39.257550629557876],[-77.2457388362777,39.26144480096351]]]}},{"type":"Feature","properties":{"land_value":50000},"geometry":{"type":"Polygon","coordinates":[[[-77.2457388362777,39.26923314377477],[-77.24864942427246,39.2731273151804],[-77.25447060026198,39.2731273151804],[-77.25738118825674,39.26923314377477],[-77.25447060026198,39.265338972369136],[-77.24864942427246,39.265338972369136],[-77.2457388362777,39.26923314377477]]]}},{"type":"Feature","properties":{"land_value":50000},"geometry":{"type":"Polygon","coordinates":[[[-77.2457388362777,39.27702148658603],[-77.24864942427246,39.28091565799166],[-77.25447060026198,39.28091565799166],[-77.25738118825674,39.27702148658603],[-77.25447060026198,39.273127315180396],[-77.24864942427246,39.273127315180396],[-77.2457388362777,39.27702148658603]]]}},{"type":"Feature","properties":{"land_value":50000},"geometry":{"type":"Polygon","coordinates":[[[-77.2457388362777,39.2848098293973],[-77.24864942427246,39.28870400080293],[-77.25447060026198,39.28870400080293],[-77.25738118825674,39.2848098293973],[-77.25447060026198,39.28091565799166],[-77.24864942427246,39.28091565799166],[-77.2457388362777,39.2848098293973]]]}},{"type":"Feature","properties":{"land_value":50000},"geometry":{"type":"Polygon","coordinates":[[[-77.2457388362777,39.29259817220856],[-77.24864942427246,39.29649234361419],[-77.25447060026198,39.29649234361419],[-77.25738118825674,39.29259817220856],[-77.25447060026198,39.28870400080292],[-77.24864942427246,39.28870400080292],[-77.2457388362777,39.29259817220856]]]}},{"type":"Feature","properties":{"land_value":50000},"geometry":{"type":"Polygon","coordinates":[[[-77.2457388362777,39.30038651501982],[-77.24864942427246,39.30428068642545],[-77.25447060026198,39.30428068642545],[-77.25738118825674,39.30038651501982],[-77.25447060026198,39.29649234361418],[-77.24864942427246,39.29649234361418],[-77.2457388362777,39.30038651501982]]]}},{"type":"Feature","properties":{"land_value":50000},"geometry":{"type":"Polygon","coordinates":[[[-77.2457388362777,39.30817485783108],[-77.24864942427246,39.31206902923671],[-77.25447060026198,39.31206902923671],[-77.25738118825674,39.30817485783108],[-77.25447060026198,39.30428068642544],[-77.24864942427246,39.30428068642544],[-77.2457388362777,39.30817485783108]]]}},{"type":"Feature","properties":{"land_value":50000},"geometry":{"type":"Polygon","coordinates":[[[-77.2457388362777,39.31596320064234],[-77.24864942427246,39.31985737204797],[-77.25447060026198,39.31985737204797],[-77.25738118825674,39.31596320064234],[-77.25447060026198,39.3120690292367],[-77.24864942427246,39.3120690292367],[-77.2457388362777,39.31596320064234]]]}},{"type":"Feature","properties":{"land_value":50000},"geometry":{"type":"Polygon","coordinates":[[[-77.2457388362777,39.3237515434536],[-77.24864942427246,39.32764571485923],[-77.25447060026198,39.32764571485923],[-77.25738118825674,39.3237515434536],[-77.25447060026198,39.31985737204796],[-77.24864942427246,39.31985737204796],[-77.2457388362777,39.3237515434536]]]}},{"type":"Feature","properties":{"land_value":50000},"geometry":{"type":"Polygon","coordinates":[[[-77.2457388362777,39.33153988626486],[-77.24864942427246,39.3354340576705],[-77.25447060026198,39.3354340576705],[-77.25738118825674,39.33153988626486],[-77.25447060026198,39.32764571485923],[-77.24864942427246,39.32764571485923],[-77.2457388362777,39.33153988626486]]]}},{"type":"Feature","properties":{"land_value":50000},"geometry":{"type":"Polygon","coordinates":[[[-77.2457388362777,39.33932822907612],[-77.24864942427246,39.34322240048176],[-77.25447060026198,39.34322240048176],[-77.25738118825674,39.33932822907612],[-77.25447060026198,39.33543405767049],[-77.24864942427246,39.33543405767049],[-77.2457388362777,39.33932822907612]]]}},{"type":"Feature","properties":{"land_value":50000},"geometry":{"type":"Polygon","coordinates":[[[-77.2457388362777,39.34711657188738],[-77.24864942427246,39.35101074329302],[-77.25447060026198,39.35101074329302],[-77.25738118825674,39.34711657188738],[-77.25447060026198,39.34322240048175],[-77.24864942427246,39.34322240048175],[-77.2457388362777,39.34711657188738]]]}},{"type":"Feature","properties":{"land_value":50000},"geometry":{"type":"Polygon","coordinates":[[[-77.2457388362777,39.35490491469864],[-77.24864942427246,39.35879908610428],[-77.25447060026198,39.35879908610428],[-77.25738118825674,39.35490491469864],[-77.25447060026198,39.35101074329301],[-77.24864942427246,39.35101074329301],[-77.2457388362777,39.35490491469864]]]}},{"type":"Feature","properties":{"land_value":50000},"geometry":{"type":"Polygon","coordinates":[[[-77.2457388362777,39.3626932575099],[-77.24864942427246,39.36658742891554],[-77.25447060026198,39.36658742891554],[-77.25738118825674,39.3626932575099],[-77.25447060026198,39.35879908610427],[-77.24864942427246,39.35879908610427],[-77.2457388362777,39.3626932575099]]]}},{"type":"Feature","properties":{"land_value":50000},"geometry":{"type":"Polygon","coordinates":[[[-77.2457388362777,39.37048160032116],[-77.24864942427246,39.3743757717268],[-77.25447060026198,39.3743757717268],[-77.25738118825674,39.37048160032116],[-77.25447060026198,39.36658742891553],[-77.24864942427246,39.36658742891553],[-77.2457388362777,39.37048160032116]]]}},{"type":"Feature","properties":{"land_value":71086},"geometry":{"type":"Polygon","coordinates":[[[-77.2457388362777,39.37826994313243],[-77.24864942427246,39.382164114538064],[-77.25447060026198,39.382164114538064],[-77.25738118825674,39.37826994313243],[-77.25447060026198,39.3743757717268],[-77.24864942427246,39.3743757717268],[-77.2457388362777,39.37826994313243]]]}},{"type":"Feature","properties":{"land_value":50000},"geometry":{"type":"Polygon","coordinates":[[[-77.2457388362777,39.38605828594369],[-77.24864942427246,39.389952457349324],[-77.25447060026198,39.389952457349324],[-77.25738118825674,39.38605828594369],[-77.25447060026198,39.38216411453806],[-77.24864942427246,39.38216411453806],[-77.2457388362777,39.38605828594369]]]}},{"type":"Feature","properties":{"land_value":50000},"geometry":{"type":"Polygon","coordinates":[[[-77.2457388362777,39.39384662875495],[-77.24864942427246,39.397740800160584],[-77.25447060026198,39.397740800160584],[-77.25738118825674,39.39384662875495],[-77.25447060026198,39.38995245734932],[-77.24864942427246,39.38995245734932],[-77.2457388362777,39.39384662875495]]]}},{"type":"Feature","properties":{"land_value":50270},"geometry":{"type":"Polygon","coordinates":[[[-77.2457388362777,39.40163497156621],[-77.24864942427246,39.405529142971844],[-77.25447060026198,39.405529142971844],[-77.25738118825674,39.40163497156621],[-77.25447060026198,39.39774080016058],[-77.24864942427246,39.39774080016058],[-77.2457388362777,39.40163497156621]]]}},{"type":"Feature","properties":{"land_value":86391},"geometry":{"type":"Polygon","coordinates":[[[-77.2457388362777,39.40942331437747],[-77.24864942427246,39.413317485783104],[-77.25447060026198,39.413317485783104],[-77.25738118825674,39.40942331437747],[-77.25447060026198,39.40552914297184],[-77.24864942427246,39.40552914297184],[-77.2457388362777,39.40942331437747]]]}},{"type":"Feature","properties":{"land_value":50000},"geometry":{"type":"Polygon","coordinates":[[[-77.2457388362777,39.41721165718873],[-77.24864942427246,39.421105828594364],[-77.25447060026198,39.421105828594364],[-77.25738118825674,39.41721165718873],[-77.25447060026198,39.4133174857831],[-77.24864942427246,39.4133174857831],[-77.2457388362777,39.41721165718873]]]}},{"type":"Feature","properties":{"land_value":74017},"geometry":{"type":"Polygon","coordinates":[[[-77.2457388362777,39.425],[-77.24864942427246,39.42889417140563],[-77.25447060026198,39.42889417140563],[-77.25738118825674,39.425],[-77.25447060026198,39.421105828594364],[-77.24864942427246,39.421105828594364],[-77.2457388362777,39.425]]]}},{"type":"Feature","properties":{"land_value":50000},"geometry":{"type":"Polygon","coordinates":[[[-77.2457388362777,39.43278834281126],[-77.24864942427246,39.43668251421689],[-77.25447060026198,39.43668251421689],[-77.25738118825674,39.43278834281126],[-77.25447060026198,39.428894171405624],[-77.24864942427246,39.428894171405624],[-77.2457388362777,39.43278834281126]]]}},{"type":"Feature","properties":{"land_value":50000},"geometry":{"type":"Polygon","coordinates":[[[-77.2457388362777,39.44057668562252],[-77.24864942427246,39.44447085702815],[-77.25447060026198,39.44447085702815],[-77.25738118825674,39.44057668562252],[-77.25447060026198,39.43668251421688],[-77.24864942427246,39.43668251421688],[-77.2457388362777,39.44057668562252]]]}},{"type":"Feature","properties":{"land_value":50000},"geometry":{"type":"Polygon","coordinates":[[[-77.2457388362777,39.44836502843378],[-77.24864942427246,39.45225919983941],[-77.25447060026198,39.45225919983941],[-77.25738118825674,39.44836502843378],[-77.25447060026198,39.44447085702814],[-77.24864942427246,39.44447085702814],[-77.2457388362777,39.44836502843378]]]}},{"type":"Feature","properties":{"land_value":50000},"geometry":{"type":"Polygon","coordinates":[[[-77.2457388362777,39.45615337124504],[-77.24864942427246,39.46004754265067],[-77.25447060026198,39.46004754265067],[-77.25738118825674,39.45615337124504],[-77.25447060026198,39.4522591998394],[-77.24864942427246,39.4522591998394],[-77.2457388362777,39.45615337124504]]]}},{"type":"Feature","properties":{"land_value":50000},"geometry":{"type":"Polygon","coordinates":[[[-77.2457388362777,39.4639417140563],[-77.24864942427246,39.46783588546193],[-77.25447060026198,39.46783588546193],[-77.25738118825674,39.4639417140563],[-77.25447060026198,39.46004754265066],[-77.24864942427246,39.46004754265066],[-77.2457388362777,39.4639417140563]]]}},{"type":"Feature","properties":{"land_value":50000},"geometry":{"type":"Polygon","coordinates":[[[-77.2457388362777,39.471730056867564],[-77.24864942427246,39.4756242282732],[-77.25447060026198,39.4756242282732],[-77.25738118825674,39.471730056867564],[-77.25447060026198,39.46783588546193],[-77.24864942427246,39.46783588546193],[-77.2457388362777,39.471730056867564]]]}},{"type":"Feature","properties":{"land_value":50000},"geometry":{"type":"Polygon","coordinates":[[[-77.2457388362777,39.479518399678824],[-77.24864942427246,39.48341257108446],[-77.25447060026198,39.48341257108446],[-77.25738118825674,39.479518399678824],[-77.25447060026198,39.47562422827319],[-77.24864942427246,39.47562422827319],[-77.2457388362777,39.479518399678824]]]}},{"type":"Feature","properties":{"land_value":50000},"geometry":{"type":"Polygon","coordinates":[[[-77.2457388362777,39.487306742490084],[-77.24864942427246,39.49120091389572],[-77.25447060026198,39.49120091389572],[-77.25738118825674,39.487306742490084],[-77.25447060026198,39.48341257108445],[-77.24864942427246,39.48341257108445],[-77.2457388362777,39.487306742490084]]]}},{"type":"Feature","properties":{"land_value":50000},"geometry":{"type":"Polygon","coordinates":[[[-77.2457388362777,39.495095085301344],[-77.24864942427246,39.49898925670698],[-77.25447060026198,39.49898925670698],[-77.25738118825674,39.495095085301344],[-77.25447060026198,39.49120091389571],[-77.24864942427246,39.49120091389571],[-77.2457388362777,39.495095085301344]]]}},{"type":"Feature","properties":{"land_value":50000},"geometry":{"type":"Polygon","coordinates":[[[-77.2457388362777,39.502883428112604],[-77.24864942427246,39.50677759951824],[-77.25447060026198,39.50677759951824],[-77.25738118825674,39.502883428112604],[-77.25447060026198,39.49898925670697],[-77.24864942427246,39.49898925670697],[-77.2457388362777,39.502883428112604]]]}},{"type":"Feature","properties":{"land_value":50000},"geometry":{"type":"Polygon","coordinates":[[[-77.2457388362777,39.510671770923864],[-77.24864942427246,39.5145659423295],[-77.25447060026198,39.5145659423295],[-77.25738118825674,39.510671770923864],[-77.25447060026198,39.50677759951823],[-77.24864942427246,39.50677759951823],[-77.2457388362777,39.510671770923864]]]}},{"type":"Feature","properties":{"land_value":50000},"geometry":{"type":"Polygon","coordinates":[[[-77.2457388362777,39.51846011373513],[-77.24864942427246,39.522354285140764],[-77.25447060026198,39.522354285140764],[-77.25738118825674,39.51846011373513],[-77.25447060026198,39.5145659423295],[-77.24864942427246,39.5145659423295],[-77.2457388362777,39.51846011373513]]]}},{"type":"Feature","properties":{"land_value":50000},"geometry":{"type":"Polygon","coordinates":[[[-77.2457388362777,39.52624845654639],[-77.24864942427246,39.530142627952024],[-77.25447060026198,39.530142627952024],[-77.25738118825674,39.52624845654639],[-77.25447060026198,39.52235428514076],[-77.24864942427246,39.52235428514076],[-77.2457388362777,39.52624845654639]]]}},{"type":"Feature","properties":{"land_value":50000},"geometry":{"type":"Polygon","coordinates":[[[-77.2457388362777,39.53403679935765],[-77.24864942427246,39.537930970763284],[-77.25447060026198,39.537930970763284],[-77.25738118825674,39.53403679935765],[-77.25447060026198,39.53014262795202],[-77.24864942427246,39.53014262795202],[-77.2457388362777,39.53403679935765]]]}},{"type":"Feature","properties":{"land_value":50000},"geometry":{"type":"Polygon","coordinates":[[[-77.2457388362777,39.54182514216891],[-77.24864942427246,39.545719313574544],[-77.25447060026198,39.545719313574544],[-77.25738118825674,39.54182514216891],[-77.25447060026198,39.53793097076328],[-77.24864942427246,39.53793097076328],[-77.2457388362777,39.54182514216891]]]}},{"type":"Feature","properties":{"land_value":50000},"geometry":{"type":"Polygon","coordinates":[[[-77.2457388362777,39.54961348498017],[-77.24864942427246,39.553507656385804],[-77.25447060026198,39.553507656385804],[-77.25738118825674,39.54961348498017],[-77.25447060026198,39.54571931357454],[-77.24864942427246,39.54571931357454],[-77.2457388362777,39.54961348498017]]]}},{"type":"Feature","properties":{"land_value":50000},"geometry":{"type":"Polygon","coordinates":[[[-77.2457388362777,39.55740182779143],[-77.24864942427246,39.561295999197064],[-77.25447060026198,39.561295999197064],[-77.25738118825674,39.55740182779143],[-77.25447060026198,39.5535076563858],[-77.24864942427246,39.5535076563858],[-77.2457388362777,39.55740182779143]]]}},{"type":"Feature","properties":{"land_value":50000},"geometry":{"type":"Polygon","coordinates":[[[-77.2457388362777,39.5651901706027],[-77.24864942427246,39.56908434200833],[-77.25447060026198,39.56908434200833],[-77.25738118825674,39.5651901706027],[-77.25447060026198,39.561295999197064],[-77.24864942427246,39.561295999197064],[-77.2457388362777,39.5651901706027]]]}},{"type":"Feature","properties":{"land_value":50000},"geometry":{"type":"Polygon","coordinates":[[[-77.2457388362777,39.57297851341396],[-77.24864942427246,39.57687268481959],[-77.25447060026198,39.57687268481959],[-77.25738118825674,39.57297851341396],[-77.25447060026198,39.569084342008324],[-77.24864942427246,39.569084342008324],[-77.2457388362777,39.57297851341396]]]}},{"type":"Feature","properties":{"land_value":50000},"geometry":{"type":"Polygon","coordinates":[[[-77.2457388362777,39.58076685622522],[-77.24864942427246,39.58466102763085],[-77.25447060026198,39.58466102763085],[-77.25738118825674,39.58076685622522],[-77.25447060026198,39.576872684819584],[-77.24864942427246,39.576872684819584],[-77.2457388362777,39.58076685622522]]]}},{"type":"Feature","properties":{"land_value":50000},"geometry":{"type":"Polygon","coordinates":[[[-77.2457388362777,39.58855519903648],[-77.24864942427246,39.59244937044211],[-77.25447060026198,39.59244937044211],[-77.25738118825674,39.58855519903648],[-77.25447060026198,39.584661027630844],[-77.24864942427246,39.584661027630844],[-77.2457388362777,39.58855519903648]]]}},{"type":"Feature","properties":{"land_value":50000},"geometry":{"type":"Polygon","coordinates":[[[-77.23700707229341,39.25755062955788],[-77.23991766028817,39.26144480096352],[-77.2457388362777,39.26144480096352],[-77.24864942427246,39.25755062955788],[-77.2457388362777,39.25365645815225],[-77.23991766028817,39.25365645815225],[-77.23700707229341,39.25755062955788]]]}},{"type":"Feature","properties":{"land_value":50000},"geometry":{"type":"Polygon","coordinates":[[[-77.23700707229341,39.26533897236914],[-77.23991766028817,39.26923314377478],[-77.2457388362777,39.26923314377478],[-77.24864942427246,39.26533897236914],[-77.2457388362777,39.26144480096351],[-77.23991766028817,39.26144480096351],[-77.23700707229341,39.26533897236914]]]}},{"type":"Feature","properties":{"land_value":50000},"geometry":{"type":"Polygon","coordinates":[[[-77.23700707229341,39.2731273151804],[-77.23991766028817,39.27702148658604],[-77.2457388362777,39.27702148658604],[-77.24864942427246,39.2731273151804],[-77.2457388362777,39.26923314377477],[-77.23991766028817,39.26923314377477],[-77.23700707229341,39.2731273151804]]]}},{"type":"Feature","properties":{"land_value":50000},"geometry":{"type":"Polygon","coordinates":[[[-77.23700707229341,39.28091565799166],[-77.23991766028817,39.2848098293973],[-77.2457388362777,39.2848098293973],[-77.24864942427246,39.28091565799166],[-77.2457388362777,39.27702148658603],[-77.23991766028817,39.27702148658603],[-77.23700707229341,39.28091565799166]]]}},{"type":"Feature","properties":{"land_value":50000},"geometry":{"type":"Polygon","coordinates":[[[-77.23700707229341,39.28870400080293],[-77.23991766028817,39.292598172208564],[-77.2457388362777,39.292598172208564],[-77.24864942427246,39.28870400080293],[-77.2457388362777,39.2848098293973],[-77.23991766028817,39.2848098293973],[-77.23700707229341,39.28870400080293]]]}},{"type":"Feature","properties":{"land_value":50000},"geometry":{"type":"Polygon","coordinates":[[[-77.23700707229341,39.29649234361419],[-77.23991766028817,39.300386515019824],[-77.2457388362777,39.300386515019824],[-77.24864942427246,39.29649234361419],[-77.2457388362777,39.29259817220856],[-77.23991766028817,39.29259817220856],[-77.23700707229341,39.29649234361419]]]}},{"type":"Feature","properties":{"land_value":50000},"geometry":{"type":"Polygon","coordinates":[[[-77.23700707229341,39.30428068642545],[-77.23991766028817,39.308174857831084],[-77.2457388362777,39.308174857831084],[-77.24864942427246,39.30428068642545],[-77.2457388362777,39.30038651501982],[-77.23991766028817,39.30038651501982],[-77.23700707229341,39.30428068642545]]]}},{"type":"Feature","properties":{"land_value":50000},"geometry":{"type":"Polygon","coordinates":[[[-77.23700707229341,39.31206902923671],[-77.23991766028817,39.315963200642344],[-77.2457388362777,39.315963200642344],[-77.24864942427246,39.31206902923671],[-77.2457388362777,39.30817485783108],[-77.23991766028817,39.30817485783108],[-77.23700707229341,39.31206902923671]]]}},{"type":"Feature","properties":{"land_value":50000},"geometry":{"type":"Polygon","coordinates":[[[-77.23700707229341,39.31985737204797],[-77.23991766028817,39.323751543453604],[-77.2457388362777,39.323751543453604],[-77.24864942427246,39.31985737204797],[-77.2457388362777,39.31596320064234],[-77.23991766028817,39.31596320064234],[-77.23700707229341,39.31985737204797]]]}},{"type":"Feature","properties":{"land_value":50000},"geometry":{"type":"Polygon","coordinates":[[[-77.23700707229341,39.32764571485923],[-77.23991766028817,39.33153988626486],[-77.2457388362777,39.33153988626486],[-77.24864942427246,39.32764571485923],[-77.2457388362777,39.3237515434536],[-77.23991766028817,39.3237515434536],[-77.23700707229341,39.32764571485923]]]}},{"type":"Feature","properties":{"land_value":50000},"geometry":{"type":"Polygon","coordinates":[[[-77.23700707229341,39.3354340576705],[-77.23991766028817,39.33932822907613],[-77.2457388362777,39.33932822907613],[-77.24864942427246,39.3354340576705],[-77.2457388362777,39.33153988626486],[-77.23991766028817,39.33153988626486],[-77.23700707229341,39.3354340576705]]]}},{"type":"Feature","properties":{"land_value":50000},"geometry":{"type":"Polygon","coordinates":[[[-77.23700707229341,39.34322240048176],[-77.23991766028817,39.34711657188739],[-77.2457388362777,39.34711657188739],[-77.24864942427246,39.34322240048176],[-77.2457388362777,39.33932822907612],[-77.23991766028817,39.33932822907612],[-77.23700707229341,39.34322240048176]]]}},{"type":"Feature","properties":{"land_value":50000},"geometry":{"type":"Polygon","coordinates":[[[-77.23700707229341,39.35101074329302],[-77.23991766028817,39.35490491469865],[-77.2457388362777,39.35490491469865],[-77.24864942427246,39.35101074329302],[-77.2457388362777,39.34711657188738],[-77.23991766028817,39.34711657188738],[-77.23700707229341,39.35101074329302]]]}},{"type":"Feature","properties":{"land_value":50000},"geometry":{"type":"Polygon","coordinates":[[[-77.23700707229341,39.35879908610428],[-77.23991766028817,39.36269325750991],[-77.2457388362777,39.36269325750991],[-77.24864942427246,39.35879908610428],[-77.2457388362777,39.35490491469864],[-77.23991766028817,39.35490491469864],[-77.23700707229341,39.35879908610428]]]}},{"type":"Feature","properties":{"land_value":50000},"geometry":{"type":"Polygon","coordinates":[[[-77.23700707229341,39.36658742891554],[-77.23991766028817,39.37048160032117],[-77.2457388362777,39.37048160032117],[-77.24864942427246,39.36658742891554],[-77.2457388362777,39.3626932575099],[-77.23991766028817,39.3626932575099],[-77.23700707229341,39.36658742891554]]]}},{"type":"Feature","properties":{"land_value":50000},"geometry":{"type":"Polygon","coordinates":[[[-77.23700707229341,39.3743757717268],[-77.23991766028817,39.37826994313243],[-77.2457388362777,39.37826994313243],[-77.24864942427246,39.3743757717268],[-77.2457388362777,39.37048160032116],[-77.23991766028817,39.37048160032116],[-77.23700707229341,39.3743757717268]]]}},{"type":"Feature","properties":{"land_value":50000},"geometry":{"type":"Polygon","coordinates":[[[-77.23700707229341,39.382164114538064],[-77.23991766028817,39.3860582859437],[-77.2457388362777,39.3860582859437],[-77.24864942427246,39.382164114538064],[-77.2457388362777,39.37826994313243],[-77.23991766028817,39.37826994313243],[-77.23700707229341,39.382164114538064]]]}},{"type":"Feature","properties":{"land_value":50000},"geometry":{"type":"Polygon","coordinates":[[[-77.23700707229341,39.389952457349324],[-77.23991766028817,39.39384662875496],[-77.2457388362777,39.39384662875496],[-77.24864942427246,39.389952457349324],[-77.2457388362777,39.38605828594369],[-77.23991766028817,39.38605828594369],[-77.23700707229341,39.389952457349324]]]}},{"type":"Feature","properties":{"land_value":50000},"geometry":{"type":"Polygon","coordinates":[[[-77.23700707229341,39.397740800160584],[-77.23991766028817,39.40163497156622],[-77.2457388362777,39.40163497156622],[-77.24864942427246,39.397740800160584],[-77.2457388362777,39.39384662875495],[-77.23991766028817,39.39384662875495],[-77.23700707229341,39.397740800160584]]]}},{"type":"Feature","properties":{"land_value":50000},"geometry":{"type":"Polygon","coordinates":[[[-77.23700707229341,39.405529142971844],[-77.23991766028817,39.40942331437748],[-77.2457388362777,39.40942331437748],[-77.24864942427246,39.405529142971844],[-77.2457388362777,39.40163497156621],[-77.23991766028817,39.40163497156621],[-77.23700707229341,39.405529142971844]]]}},{"type":"Feature","properties":{"land_value":50000},"geometry":{"type":"Polygon","coordinates":[[[-77.23700707229341,39.413317485783104],[-77.23991766028817,39.41721165718874],[-77.2457388362777,39.41721165718874],[-77.24864942427246,39.413317485783104],[-77.2457388362777,39.40942331437747],[-77.23991766028817,39.40942331437747],[-77.23700707229341,39.413317485783104]]]}},{"type":"Feature","properties":{"land_value":50000},"geometry":{"type":"Polygon","coordinates":[[[-77.23700707229341,39.421105828594364],[-77.23991766028817,39.425],[-77.2457388362777,39.425],[-77.24864942427246,39.421105828594364],[-77.2457388362777,39.41721165718873],[-77.23991766028817,39.41721165718873],[-77.23700707229341,39.421105828594364]]]}},{"type":"Feature","properties":{"land_value":50000},"geometry":{"type":"Polygon","coordinates":[[[-77.23700707229341,39.42889417140563],[-77.23991766028817,39.432788342811264],[-77.2457388362777,39.432788342811264],[-77.24864942427246,39.42889417140563],[-77.2457388362777,39.425],[-77.23991766028817,39.425],[-77.23700707229341,39.42889417140563]]]}},{"type":"Feature","properties":{"land_value":50000},"geometry":{"type":"Polygon","coordinates":[[[-77.23700707229341,39.43668251421689],[-77.23991766028817,39.440576685622524],[-77.2457388362777,39.440576685622524],[-77.24864942427246,39.43668251421689],[-77.2457388362777,39.43278834281126],[-77.23991766028817,39.43278834281126],[-77.23700707229341,39.43668251421689]]]}},{"type":"Feature","properties":{"land_value":50000},"geometry":{"type":"Polygon","coordinates":[[[-77.23700707229341,39.44447085702815],[-77.23991766028817,39.448365028433784],[-77.2457388362777,39.448365028433784],[-77.24864942427246,39.44447085702815],[-77.2457388362777,39.44057668562252],[-77.23991766028817,39.44057668562252],[-77.23700707229341,39.44447085702815]]]}},{"type":"Feature","properties":{"land_value":50000},"geometry":{"type":"Polygon","coordinates":[[[-77.23700707229341,39.45225919983941],[-77.23991766028817,39.456153371245044],[-77.2457388362777,39.456153371245044],[-77.24864942427246,39.45225919983941],[-77.2457388362777,39.44836502843378],[-77.23991766028817,39.44836502843378],[-77.23700707229341,39.45225919983941]]]}},{"type":"Feature","properties":{"land_value":50000},"geometry":{"type":"Polygon","coordinates":[[[-77.23700707229341,39.46004754265067],[-77.23991766028817,39.463941714056304],[-77.2457388362777,39.463941714056304],[-77.24864942427246,39.46004754265067],[-77.2457388362777,39.45615337124504],[-77.23991766028817,39.45615337124504],[-77.23700707229341,39.46004754265067]]]}},{"type":"Feature","properties":{"land_value":50000},"geometry":{"type":"Polygon","coordinates":[[[-77.23700707229341,39.46783588546193],[-77.23991766028817,39.471730056867564],[-77.2457388362777,39.471730056867564],[-77.24864942427246,39.46783588546193],[-77.2457388362777,39.4639417140563],[-77.23991766028817,39.4639417140563],[-77.23700707229341,39.46783588546193]]]}},{"type":"Feature","properties":{"land_value":50000},"geometry":{"type":"Polygon","coordinates":[[[-77.23700707229341,39.4756242282732],[-77.23991766028817,39.47951839967883],[-77.2457388362777,39.47951839967883],[-77.24864942427246,39.4756242282732],[-77.2457388362777,39.471730056867564],[-77.23991766028817,39.471730056867564],[-77.23700707229341,39.4756242282732]]]}},{"type":"Feature","properties":{"land_value":50000},"geometry":{"type":"Polygon","coordinates":[[[-77.23700707229341,39.48341257108446],[-77.23991766028817,39.48730674249009],[-77.2457388362777,39.48730674249009],[-77.24864942427246,39.48341257108446],[-77.2457388362777,39.479518399678824],[-77.23991766028817,39.479518399678824],[-77.23700707229341,39.48341257108446]]]}},{"type":"Feature","properties":{"land_value":50000},"geometry":{"type":"Polygon","coordinates":[[[-77.23700707229341,39.49120091389572],[-77.23991766028817,39.49509508530135],[-77.2457388362777,39.49509508530135],[-77.24864942427246,39.49120091389572],[-77.2457388362777,39.487306742490084],[-77.23991766028817,39.487306742490084],[-77.23700707229341,39.49120091389572]]]}},{"type":"Feature","properties":{"land_value":50000},"geometry":{"type":"Polygon","coordinates":[[[-77.23700707229341,39.49898925670698],[-77.23991766028817,39.50288342811261],[-77.2457388362777,39.50288342811261],[-77.24864942427246,39.49898925670698],[-77.2457388362777,39.495095085301344],[-77.23991766028817,39.495095085301344],[-77.23700707229341,39.49898925670698]]]}},{"type":"Feature","properties":{"land_value":50000},"geometry":{"type":"Polygon","coordinates":[[[-77.23700707229341,39.50677759951824],[-77.23991766028817,39.51067177092387],[-77.2457388362777,39.51067177092387],[-77.24864942427246,39.50677759951824],[-77.2457388362777,39.502883428112604],[-77.23991766028817,39.502883428112604],[-77.23700707229341,39.50677759951824]]]}},{"type":"Feature","properties":{"land_value":50000},"geometry":{"type":"Polygon","coordinates":[[[-77.23700707229341,39.5145659423295],[-77.23991766028817,39.51846011373513],[-77.2457388362777,39.51846011373513],[-77.24864942427246,39.5145659423295],[-77.2457388362777,39.510671770923864],[-77.23991766028817,39.510671770923864],[-77.23700707229341,39.5145659423295]]]}},{"type":"Feature","properties":{"land_value":50000},"geometry":{"type":"Polygon","coordinates":[[[-77.23700707229341,39.522354285140764],[-77.23991766028817,39.5262484565464],[-77.2457388362777,39.5262484565464],[-77.24864942427246,39.522354285140764],[-77.2457388362777,39.51846011373513],[-77.23991766028817,39.51846011373513],[-77.23700707229341,39.522354285140764]]]}},{"type":"Feature","properties":{"land_value":50000},"geometry":{"type":"Polygon","coordinates":[[[-77.23700707229341,39.530142627952024],[-77.23991766028817,39.53403679935766],[-77.2457388362777,39.53403679935766],[-77.24864942427246,39.530142627952024],[-77.2457388362777,39.52624845654639],[-77.23991766028817,39.52624845654639],[-77.23700707229341,39.530142627952024]]]}},{"type":"Feature","properties":{"land_value":50000},"geometry":{"type":"Polygon","coordinates":[[[-77.23700707229341,39.537930970763284],[-77.23991766028817,39.54182514216892],[-77.2457388362777,39.54182514216892],[-77.24864942427246,39.537930970763284],[-77.2457388362777,39.53403679935765],[-77.23991766028817,39.53403679935765],[-77.23700707229341,39.537930970763284]]]}},{"type":"Feature","properties":{"land_value":50000},"geometry":{"type":"Polygon","coordinates":[[[-77.23700707229341,39.545719313574544],[-77.23991766028817,39.54961348498018],[-77.2457388362777,39.54961348498018],[-77.24864942427246,39.545719313574544],[-77.2457388362777,39.54182514216891],[-77.23991766028817,39.54182514216891],[-77.23700707229341,39.545719313574544]]]}},{"type":"Feature","properties":{"land_value":50000},"geometry":{"type":"Polygon","coordinates":[[[-77.23700707229341,39.553507656385804],[-77.23991766028817,39.55740182779144],[-77.2457388362777,39.55740182779144],[-77.24864942427246,39.553507656385804],[-77.2457388362777,39.54961348498017],[-77.23991766028817,39.54961348498017],[-77.23700707229341,39.553507656385804]]]}},{"type":"Feature","properties":{"land_value":50000},"geometry":{"type":"Polygon","coordinates":[[[-77.23700707229341,39.561295999197064],[-77.23991766028817,39.5651901706027],[-77.2457388362777,39.5651901706027],[-77.24864942427246,39.561295999197064],[-77.2457388362777,39.55740182779143],[-77.23991766028817,39.55740182779143],[-77.23700707229341,39.561295999197064]]]}},{"type":"Feature","properties":{"land_value":50000},"geometry":{"type":"Polygon","coordinates":[[[-77.23700707229341,39.56908434200833],[-77.23991766028817,39.572978513413965],[-77.2457388362777,39.572978513413965],[-77.24864942427246,39.56908434200833],[-77.2457388362777,39.5651901706027],[-77.23991766028817,39.5651901706027],[-77.23700707229341,39.56908434200833]]]}},{"type":"Feature","properties":{"land_value":50000},"geometry":{"type":"Polygon","coordinates":[[[-77.23700707229341,39.57687268481959],[-77.23991766028817,39.580766856225225],[-77.2457388362777,39.580766856225225],[-77.24864942427246,39.57687268481959],[-77.2457388362777,39.57297851341396],[-77.23991766028817,39.57297851341396],[-77.23700707229341,39.57687268481959]]]}},{"type":"Feature","properties":{"land_value":50000},"geometry":{"type":"Polygon","coordinates":[[[-77.23700707229341,39.58466102763085],[-77.23991766028817,39.588555199036485],[-77.2457388362777,39.588555199036485],[-77.24864942427246,39.58466102763085],[-77.2457388362777,39.58076685622522],[-77.23991766028817,39.58076685622522],[-77.23700707229341,39.58466102763085]]]}},{"type":"Feature","properties":{"land_value":50000},"geometry":{"type":"Polygon","coordinates":[[[-77.23700707229341,39.59244937044211],[-77.23991766028817,39.596343541847745],[-77.2457388362777,39.596343541847745],[-77.24864942427246,39.59244937044211],[-77.2457388362777,39.58855519903648],[-77.23991766028817,39.58855519903648],[-77.23700707229341,39.59244937044211]]]}},{"type":"Feature","properties":{"land_value":50000},"geometry":{"type":"Polygon","coordinates":[[[-77.22827530830914,39.26144480096351],[-77.2311858963039,39.26533897236914],[-77.23700707229342,39.26533897236914],[-77.23991766028819,39.26144480096351],[-77.23700707229342,39.257550629557876],[-77.2311858963039,39.257550629557876],[-77.22827530830914,39.26144480096351]]]}},{"type":"Feature","properties":{"land_value":50000},"geometry":{"type":"Polygon","coordinates":[[[-77.22827530830914,39.26923314377477],[-77.2311858963039,39.2731273151804],[-77.23700707229342,39.2731273151804],[-77.23991766028819,39.26923314377477],[-77.23700707229342,39.265338972369136],[-77.2311858963039,39.265338972369136],[-77.22827530830914,39.26923314377477]]]}},{"type":"Feature","properties":{"land_value":50000},"geometry":{"type":"Polygon","coordinates":[[[-77.22827530830914,39.27702148658603],[-77.2311858963039,39.28091565799166],[-77.23700707229342,39.28091565799166],[-77.23991766028819,39.27702148658603],[-77.23700707229342,39.273127315180396],[-77.2311858963039,39.273127315180396],[-77.22827530830914,39.27702148658603]]]}},{"type":"Feature","properties":{"land_value":50000},"geometry":{"type":"Polygon","coordinates":[[[-77.22827530830914,39.2848098293973],[-77.2311858963039,39.28870400080293],[-77.23700707229342,39.28870400080293],[-77.23991766028819,39.2848098293973],[-77.23700707229342,39.28091565799166],[-77.2311858963039,39.28091565799166],[-77.22827530830914,39.2848098293973]]]}},{"type":"Feature","properties":{"land_value":50000},"geometry":{"type":"Polygon","coordinates":[[[-77.22827530830914,39.29259817220856],[-77.2311858963039,39.29649234361419],[-77.23700707229342,39.29649234361419],[-77.23991766028819,39.29259817220856],[-77.23700707229342,39.28870400080292],[-77.2311858963039,39.28870400080292],[-77.22827530830914,39.29259817220856]]]}},{"type":"Feature","properties":{"land_value":50000},"geometry":{"type":"Polygon","coordinates":[[[-77.22827530830914,39.30038651501982],[-77.2311858963039,39.30428068642545],[-77.23700707229342,39.30428068642545],[-77.23991766028819,39.30038651501982],[-77.23700707229342,39.29649234361418],[-77.2311858963039,39.29649234361418],[-77.22827530830914,39.30038651501982]]]}},{"type":"Feature","properties":{"land_value":50000},"geometry":{"type":"Polygon","coordinates":[[[-77.22827530830914,39.30817485783108],[-77.2311858963039,39.31206902923671],[-77.23700707229342,39.31206902923671],[-77.23991766028819,39.30817485783108],[-77.23700707229342,39.30428068642544],[-77.2311858963039,39.30428068642544],[-77.22827530830914,39.30817485783108]]]}},{"type":"Feature","properties":{"land_value":50000},"geometry":{"type":"Polygon","coordinates":[[[-77.22827530830914,39.31596320064234],[-77.2311858963039,39.31985737204797],[-77.23700707229342,39.31985737204797],[-77.23991766028819,39.31596320064234],[-77.23700707229342,39.3120690292367],[-77.2311858963039,39.3120690292367],[-77.22827530830914,39.31596320064234]]]}},{"type":"Feature","properties":{"land_value":50000},"geometry":{"type":"Polygon","coordinates":[[[-77.22827530830914,39.3237515434536],[-77.2311858963039,39.32764571485923],[-77.23700707229342,39.32764571485923],[-77.23991766028819,39.3237515434536],[-77.23700707229342,39.31985737204796],[-77.2311858963039,39.31985737204796],[-77.22827530830914,39.3237515434536]]]}},{"type":"Feature","properties":{"land_value":50000},"geometry":{"type":"Polygon","coordinates":[[[-77.22827530830914,39.33153988626486],[-77.2311858963039,39.3354340576705],[-77.23700707229342,39.3354340576705],[-77.23991766028819,39.33153988626486],[-77.23700707229342,39.32764571485923],[-77.2311858963039,39.32764571485923],[-77.22827530830914,39.33153988626486]]]}},{"type":"Feature","properties":{"land_value":50000},"geometry":{"type":"Polygon","coordinates":[[[-77.22827530830914,39.33932822907612],[-77.2311858963039,39.34322240048176],[-77.23700707229342,39.34322240048176],[-77.23991766028819,39.33932822907612],[-77.23700707229342,39.33543405767049],[-77.2311858963039,39.33543405767049],[-77.22827530830914,39.33932822907612]]]}},{"type":"Feature","properties":{"land_value":50000},"geometry":{"type":"Polygon","coordinates":[[[-77.22827530830914,39.34711657188738],[-77.2311858963039,39.35101074329302],[-77.23700707229342,39.35101074329302],[-77.23991766028819,39.34711657188738],[-77.23700707229342,39.34322240048175],[-77.2311858963039,39.34322240048175],[-77.22827530830914,39.34711657188738]]]}},{"type":"Feature","properties":{"land_value":50000},"geometry":{"type":"Polygon","coordinates":[[[-77.22827530830914,39.35490491469864],[-77.2311858963039,39.35879908610428],[-77.23700707229342,39.35879908610428],[-77.23991766028819,39.35490491469864],[-77.23700707229342,39.35101074329301],[-77.2311858963039,39.35101074329301],[-77.22827530830914,39.35490491469864]]]}},{"type":"Feature","properties":{"land_value":50000},"geometry":{"type":"Polygon","coordinates":[[[-77.22827530830914,39.3626932575099],[-77.2311858963039,39.36658742891554],[-77.23700707229342,39.36658742891554],[-77.23991766028819,39.3626932575099],[-77.23700707229342,39.35879908610427],[-77.2311858963039,39.35879908610427],[-77.22827530830914,39.3626932575099]]]}},{"type":"Feature","properties":{"land_value":50000},"geometry":{"type":"Polygon","coordinates":[[[-77.22827530830914,39.37048160032116],[-77.2311858963039,39.3743757717268],[-77.23700707229342,39.3743757717268],[-77.23991766028819,39.37048160032116],[-77.23700707229342,39.36658742891553],[-77.2311858963039,39.36658742891553],[-77.22827530830914,39.37048160032116]]]}},{"type":"Feature","properties":{"land_value":50000},"geometry":{"type":"Polygon","coordinates":[[[-77.22827530830914,39.37826994313243],[-77.2311858963039,39.382164114538064],[-77.23700707229342,39.382164114538064],[-77.23991766028819,39.37826994313243],[-77.23700707229342,39.3743757717268],[-77.2311858963039,39.3743757717268],[-77.22827530830914,39.37826994313243]]]}},{"type":"Feature","properties":{"land_value":50000},"geometry":{"type":"Polygon","coordinates":[[[-77.22827530830914,39.38605828594369],[-77.2311858963039,39.389952457349324],[-77.23700707229342,39.389952457349324],[-77.23991766028819,39.38605828594369],[-77.23700707229342,39.38216411453806],[-77.2311858963039,39.38216411453806],[-77.22827530830914,39.38605828594369]]]}},{"type":"Feature","properties":{"land_value":50000},"geometry":{"type":"Polygon","coordinates":[[[-77.22827530830914,39.39384662875495],[-77.2311858963039,39.397740800160584],[-77.23700707229342,39.397740800160584],[-77.23991766028819,39.39384662875495],[-77.23700707229342,39.38995245734932],[-77.2311858963039,39.38995245734932],[-77.22827530830914,39.39384662875495]]]}},{"type":"Feature","properties":{"land_value":50000},"geometry":{"type":"Polygon","coordinates":[[[-77.22827530830914,39.40163497156621],[-77.2311858963039,39.405529142971844],[-77.23700707229342,39.405529142971844],[-77.23991766028819,39.40163497156621],[-77.23700707229342,39.39774080016058],[-77.2311858963039,39.39774080016058],[-77.22827530830914,39.40163497156621]]]}},{"type":"Feature","properties":{"land_value":50000},"geometry":{"type":"Polygon","coordinates":[[[-77.22827530830914,39.40942331437747],[-77.2311858963039,39.413317485783104],[-77.23700707229342,39.413317485783104],[-77.23991766028819,39.40942331437747],[-77.23700707229342,39.40552914297184],[-77.2311858963039,39.40552914297184],[-77.22827530830914,39.40942331437747]]]}},{"type":"Feature","properties":{"land_value":50000},"geometry":{"type":"Polygon","coordinates":[[[-77.22827530830914,39.41721165718873],[-77.2311858963039,39.421105828594364],[-77.23700707229342,39.421105828594364],[-77.23991766028819,39.41721165718873],[-77.23700707229342,39.4133174857831],[-77.2311858963039,39.4133174857831],[-77.22827530830914,39.41721165718873]]]}},{"type":"Feature","properties":{"land_value":50000},"geometry":{"type":"Polygon","coordinates":[[[-77.22827530830914,39.425],[-77.2311858963039,39.42889417140563],[-77.23700707229342,39.42889417140563],[-77.23991766028819,39.425],[-77.23700707229342,39.421105828594364],[-77.2311858963039,39.421105828594364],[-77.22827530830914,39.425]]]}},{"type":"Feature","properties":{"land_value":50000},"geometry":{"type":"Polygon","coordinates":[[[-77.22827530830914,39.43278834281126],[-77.2311858963039,39.43668251421689],[-77.23700707229342,39.43668251421689],[-77.23991766028819,39.43278834281126],[-77.23700707229342,39.428894171405624],[-77.2311858963039,39.428894171405624],[-77.22827530830914,39.43278834281126]]]}},{"type":"Feature","properties":{"land_value":50000},"geometry":{"type":"Polygon","coordinates":[[[-77.22827530830914,39.44057668562252],[-77.2311858963039,39.44447085702815],[-77.23700707229342,39.44447085702815],[-77.23991766028819,39.44057668562252],[-77.23700707229342,39.43668251421688],[-77.2311858963039,39.43668251421688],[-77.22827530830914,39.44057668562252]]]}},{"type":"Feature","properties":{"land_value":50000},"geometry":{"type":"Polygon","coordinates":[[[-77.22827530830914,39.44836502843378],[-77.2311858963039,39.45225919983941],[-77.23700707229342,39.45225919983941],[-77.23991766028819,39.44836502843378],[-77.23700707229342,39.44447085702814],[-77.2311858963039,39.44447085702814],[-77.22827530830914,39.44836502843378]]]}},{"type":"Feature","properties":{"land_value":50000},"geometry":{"type":"Polygon","coordinates":[[[-77.22827530830914,39.45615337124504],[-77.2311858963039,39.46004754265067],[-77.23700707229342,39.46004754265067],[-77.23991766028819,39.45615337124504],[-77.23700707229342,39.4522591998394],[-77.2311858963039,39.4522591998394],[-77.22827530830914,39.45615337124504]]]}},{"type":"Feature","properties":{"land_value":50000},"geometry":{"type":"Polygon","coordinates":[[[-77.22827530830914,39.4639417140563],[-77.2311858963039,39.46783588546193],[-77.23700707229342,39.46783588546193],[-77.23991766028819,39.4639417140563],[-77.23700707229342,39.46004754265066],[-77.2311858963039,39.46004754265066],[-77.22827530830914,39.4639417140563]]]}},{"type":"Feature","properties":{"land_value":50000},"geometry":{"type":"Polygon","coordinates":[[[-77.22827530830914,39.471730056867564],[-77.2311858963039,39.4756242282732],[-77.23700707229342,39.4756242282732],[-77.23991766028819,39.471730056867564],[-77.23700707229342,39.46783588546193],[-77.2311858963039,39.46783588546193],[-77.22827530830914,39.471730056867564]]]}},{"type":"Feature","properties":{"land_value":50000},"geometry":{"type":"Polygon","coordinates":[[[-77.22827530830914,39.479518399678824],[-77.2311858963039,39.48341257108446],[-77.23700707229342,39.48341257108446],[-77.23991766028819,39.479518399678824],[-77.23700707229342,39.47562422827319],[-77.2311858963039,39.47562422827319],[-77.22827530830914,39.479518399678824]]]}},{"type":"Feature","properties":{"land_value":50000},"geometry":{"type":"Polygon","coordinates":[[[-77.22827530830914,39.487306742490084],[-77.2311858963039,39.49120091389572],[-77.23700707229342,39.49120091389572],[-77.23991766028819,39.487306742490084],[-77.23700707229342,39.48341257108445],[-77.2311858963039,39.48341257108445],[-77.22827530830914,39.487306742490084]]]}},{"type":"Feature","properties":{"land_value":50000},"geometry":{"type":"Polygon","coordinates":[[[-77.22827530830914,39.495095085301344],[-77.2311858963039,39.49898925670698],[-77.23700707229342,39.49898925670698],[-77.23991766028819,39.495095085301344],[-77.23700707229342,39.49120091389571],[-77.2311858963039,39.49120091389571],[-77.22827530830914,39.495095085301344]]]}},{"type":"Feature","properties":{"land_value":50000},"geometry":{"type":"Polygon","coordinates":[[[-77.22827530830914,39.502883428112604],[-77.2311858963039,39.50677759951824],[-77.23700707229342,39.50677759951824],[-77.23991766028819,39.502883428112604],[-77.23700707229342,39.49898925670697],[-77.2311858963039,39.49898925670697],[-77.22827530830914,39.502883428112604]]]}},{"type":"Feature","properties":{"land_value":50000},"geometry":{"type":"Polygon","coordinates":[[[-77.22827530830914,39.510671770923864],[-77.2311858963039,39.5145659423295],[-77.23700707229342,39.5145659423295],[-77.23991766028819,39.510671770923864],[-77.23700707229342,39.50677759951823],[-77.2311858963039,39.50677759951823],[-77.22827530830914,39.510671770923864]]]}},{"type":"Feature","properties":{"land_value":50000},"geometry":{"type":"Polygon","coordinates":[[[-77.22827530830914,39.51846011373513],[-77.2311858963039,39.522354285140764],[-77.23700707229342,39.522354285140764],[-77.23991766028819,39.51846011373513],[-77.23700707229342,39.5145659423295],[-77.2311858963039,39.5145659423295],[-77.22827530830914,39.51846011373513]]]}},{"type":"Feature","properties":{"land_value":50000},"geometry":{"type":"Polygon","coordinates":[[[-77.22827530830914,39.52624845654639],[-77.2311858963039,39.530142627952024],[-77.23700707229342,39.530142627952024],[-77.23991766028819,39.52624845654639],[-77.23700707229342,39.52235428514076],[-77.2311858963039,39.52235428514076],[-77.22827530830914,39.52624845654639]]]}},{"type":"Feature","properties":{"land_value":50000},"geometry":{"type":"Polygon","coordinates":[[[-77.22827530830914,39.53403679935765],[-77.2311858963039,39.537930970763284],[-77.23700707229342,39.537930970763284],[-77.23991766028819,39.53403679935765],[-77.23700707229342,39.53014262795202],[-77.2311858963039,39.53014262795202],[-77.22827530830914,39.53403679935765]]]}},{"type":"Feature","properties":{"land_value":50000},"geometry":{"type":"Polygon","coordinates":[[[-77.22827530830914,39.54182514216891],[-77.2311858963039,39.545719313574544],[-77.23700707229342,39.545719313574544],[-77.23991766028819,39.54182514216891],[-77.23700707229342,39.53793097076328],[-77.2311858963039,39.53793097076328],[-77.22827530830914,39.54182514216891]]]}},{"type":"Feature","properties":{"land_value":50000},"geometry":{"type":"Polygon","coordinates":[[[-77.22827530830914,39.54961348498017],[-77.2311858963039,39.553507656385804],[-77.23700707229342,39.553507656385804],[-77.23991766028819,39.54961348498017],[-77.23700707229342,39.54571931357454],[-77.2311858963039,39.54571931357454],[-77.22827530830914,39.54961348498017]]]}},{"type":"Feature","properties":{"land_value":50000},"geometry":{"type":"Polygon","coordinates":[[[-77.22827530830914,39.55740182779143],[-77.2311858963039,39.561295999197064],[-77.23700707229342,39.561295999197064],[-77.23991766028819,39.55740182779143],[-77.23700707229342,39.5535076563858],[-77.2311858963039,39.5535076563858],[-77.22827530830914,39.55740182779143]]]}},{"type":"Feature","properties":{"land_value":50000},"geometry":{"type":"Polygon","coordinates":[[[-77.22827530830914,39.5651901706027],[-77.2311858963039,39.56908434200833],[-77.23700707229342,39.56908434200833],[-77.23991766028819,39.5651901706027],[-77.23700707229342,39.561295999197064],[-77.2311858963039,39.561295999197064],[-77.22827530830914,39.5651901706027]]]}},{"type":"Feature","properties":{"land_value":50000},"geometry":{"type":"Polygon","coordinates":[[[-77.22827530830914,39.57297851341396],[-77.2311858963039,39.57687268481959],[-77.23700707229342,39.57687268481959],[-77.23991766028819,39.57297851341396],[-77.23700707229342,39.569084342008324],[-77.2311858963039,39.569084342008324],[-77.22827530830914,39.57297851341396]]]}},{"type":"Feature","properties":{"land_value":50000},"geometry":{"type":"Polygon","coordinates":[[[-77.22827530830914,39.58076685622522],[-77.2311858963039,39.58466102763085],[-77.23700707229342,39.58466102763085],[-77.23991766028819,39.58076685622522],[-77.23700707229342,39.576872684819584],[-77.2311858963039,39.576872684819584],[-77.22827530830914,39.58076685622522]]]}},{"type":"Feature","properties":{"land_value":50000},"geometry":{"type":"Polygon","coordinates":[[[-77.22827530830914,39.58855519903648],[-77.2311858963039,39.59244937044211],[-77.23700707229342,39.59244937044211],[-77.23991766028819,39.58855519903648],[-77.23700707229342,39.584661027630844],[-77.2311858963039,39.584661027630844],[-77.22827530830914,39.58855519903648]]]}},{"type":"Feature","properties":{"land_value":50000},"geometry":{"type":"Polygon","coordinates":[[[-77.21954354432485,39.25755062955788],[-77.22245413231961,39.26144480096352],[-77.22827530830914,39.26144480096352],[-77.2311858963039,39.25755062955788],[-77.22827530830914,39.25365645815225],[-77.22245413231961,39.25365645815225],[-77.21954354432485,39.25755062955788]]]}},{"type":"Feature","properties":{"land_value":50000},"geometry":{"type":"Polygon","coordinates":[[[-77.21954354432485,39.26533897236914],[-77.22245413231961,39.26923314377478],[-77.22827530830914,39.26923314377478],[-77.2311858963039,39.26533897236914],[-77.22827530830914,39.26144480096351],[-77.22245413231961,39.26144480096351],[-77.21954354432485,39.26533897236914]]]}},{"type":"Feature","properties":{"land_value":50000},"geometry":{"type":"Polygon","coordinates":[[[-77.21954354432485,39.2731273151804],[-77.22245413231961,39.27702148658604],[-77.22827530830914,39.27702148658604],[-77.2311858963039,39.2731273151804],[-77.22827530830914,39.26923314377477],[-77.22245413231961,39.26923314377477],[-77.21954354432485,39.2731273151804]]]}},{"type":"Feature","properties":{"land_value":50000},"geometry":{"type":"Polygon","coordinates":[[[-77.21954354432485,39.28091565799166],[-77.22245413231961,39.2848098293973],[-77.22827530830914,39.2848098293973],[-77.2311858963039,39.28091565799166],[-77.22827530830914,39.27702148658603],[-77.22245413231961,39.27702148658603],[-77.21954354432485,39.28091565799166]]]}},{"type":"Feature","properties":{"land_value":50000},"geometry":{"type":"Polygon","coordinates":[[[-77.21954354432485,39.28870400080293],[-77.22245413231961,39.292598172208564],[-77.22827530830914,39.292598172208564],[-77.2311858963039,39.28870400080293],[-77.22827530830914,39.2848098293973],[-77.22245413231961,39.2848098293973],[-77.21954354432485,39.28870400080293]]]}},{"type":"Feature","properties":{"land_value":50000},"geometry":{"type":"Polygon","coordinates":[[[-77.21954354432485,39.29649234361419],[-77.22245413231961,39.300386515019824],[-77.22827530830914,39.300386515019824],[-77.2311858963039,39.29649234361419],[-77.22827530830914,39.29259817220856],[-77.22245413231961,39.29259817220856],[-77.21954354432485,39.29649234361419]]]}},{"type":"Feature","properties":{"land_value":50000},"geometry":{"type":"Polygon","coordinates":[[[-77.21954354432485,39.30428068642545],[-77.22245413231961,39.308174857831084],[-77.22827530830914,39.308174857831084],[-77.2311858963039,39.30428068642545],[-77.22827530830914,39.30038651501982],[-77.22245413231961,39.30038651501982],[-77.21954354432485,39.30428068642545]]]}},{"type":"Feature","properties":{"land_value":50000},"geometry":{"type":"Polygon","coordinates":[[[-77.21954354432485,39.31206902923671],[-77.22245413231961,39.315963200642344],[-77.22827530830914,39.315963200642344],[-77.2311858963039,39.31206902923671],[-77.22827530830914,39.30817485783108],[-77.22245413231961,39.30817485783108],[-77.21954354432485,39.31206902923671]]]}},{"type":"Feature","properties":{"land_value":50000},"geometry":{"type":"Polygon","coordinates":[[[-77.21954354432485,39.31985737204797],[-77.22245413231961,39.323751543453604],[-77.22827530830914,39.323751543453604],[-77.2311858963039,39.31985737204797],[-77.22827530830914,39.31596320064234],[-77.22245413231961,39.31596320064234],[-77.21954354432485,39.31985737204797]]]}},{"type":"Feature","properties":{"land_value":50000},"geometry":{"type":"Polygon","coordinates":[[[-77.21954354432485,39.32764571485923],[-77.22245413231961,39.33153988626486],[-77.22827530830914,39.33153988626486],[-77.2311858963039,39.32764571485923],[-77.22827530830914,39.3237515434536],[-77.22245413231961,39.3237515434536],[-77.21954354432485,39.32764571485923]]]}},{"type":"Feature","properties":{"land_value":50000},"geometry":{"type":"Polygon","coordinates":[[[-77.21954354432485,39.3354340576705],[-77.22245413231961,39.33932822907613],[-77.22827530830914,39.33932822907613],[-77.2311858963039,39.3354340576705],[-77.22827530830914,39.33153988626486],[-77.22245413231961,39.33153988626486],[-77.21954354432485,39.3354340576705]]]}},{"type":"Feature","properties":{"land_value":50000},"geometry":{"type":"Polygon","coordinates":[[[-77.21954354432485,39.34322240048176],[-77.22245413231961,39.34711657188739],[-77.22827530830914,39.34711657188739],[-77.2311858963039,39.34322240048176],[-77.22827530830914,39.33932822907612],[-77.22245413231961,39.33932822907612],[-77.21954354432485,39.34322240048176]]]}},{"type":"Feature","properties":{"land_value":50000},"geometry":{"type":"Polygon","coordinates":[[[-77.21954354432485,39.35101074329302],[-77.22245413231961,39.35490491469865],[-77.22827530830914,39.35490491469865],[-77.2311858963039,39.35101074329302],[-77.22827530830914,39.34711657188738],[-77.22245413231961,39.34711657188738],[-77.21954354432485,39.35101074329302]]]}},{"type":"Feature","properties":{"land_value":50000},"geometry":{"type":"Polygon","coordinates":[[[-77.21954354432485,39.35879908610428],[-77.22245413231961,39.36269325750991],[-77.22827530830914,39.36269325750991],[-77.2311858963039,39.35879908610428],[-77.22827530830914,39.35490491469864],[-77.22245413231961,39.35490491469864],[-77.21954354432485,39.35879908610428]]]}},{"type":"Feature","properties":{"land_value":50000},"geometry":{"type":"Polygon","coordinates":[[[-77.21954354432485,39.36658742891554],[-77.22245413231961,39.37048160032117],[-77.22827530830914,39.37048160032117],[-77.2311858963039,39.36658742891554],[-77.22827530830914,39.3626932575099],[-77.22245413231961,39.3626932575099],[-77.21954354432485,39.36658742891554]]]}},{"type":"Feature","properties":{"land_value":50000},"geometry":{"type":"Polygon","coordinates":[[[-77.21954354432485,39.3743757717268],[-77.22245413231961,39.37826994313243],[-77.22827530830914,39.37826994313243],[-77.2311858963039,39.3743757717268],[-77.22827530830914,39.37048160032116],[-77.22245413231961,39.37048160032116],[-77.21954354432485,39.3743757717268]]]}},{"type":"Feature","properties":{"land_value":50000},"geometry":{"type":"Polygon","coordinates":[[[-77.21954354432485,39.382164114538064],[-77.22245413231961,39.3860582859437],[-77.22827530830914,39.3860582859437],[-77.2311858963039,39.382164114538064],[-77.22827530830914,39.37826994313243],[-77.22245413231961,39.37826994313243],[-77.21954354432485,39.382164114538064]]]}},{"type":"Feature","properties":{"land_value":50000},"geometry":{"type":"Polygon","coordinates":[[[-77.21954354432485,39.389952457349324],[-77.22245413231961,39.39384662875496],[-77.22827530830914,39.39384662875496],[-77.2311858963039,39.389952457349324],[-77.22827530830914,39.38605828594369],[-77.22245413231961,39.38605828594369],[-77.21954354432485,39.389952457349324]]]}},{"type":"Feature","properties":{"land_value":50000},"geometry":{"type":"Polygon","coordinates":[[[-77.21954354432485,39.397740800160584],[-77.22245413231961,39.40163497156622],[-77.22827530830914,39.40163497156622],[-77.2311858963039,39.397740800160584],[-77.22827530830914,39.39384662875495],[-77.22245413231961,39.39384662875495],[-77.21954354432485,39.397740800160584]]]}},{"type":"Feature","properties":{"land_value":50000},"geometry":{"type":"Polygon","coordinates":[[[-77.21954354432485,39.405529142971844],[-77.22245413231961,39.40942331437748],[-77.22827530830914,39.40942331437748],[-77.2311858963039,39.405529142971844],[-77.22827530830914,39.40163497156621],[-77.22245413231961,39.40163497156621],[-77.21954354432485,39.405529142971844]]]}},{"type":"Feature","properties":{"land_value":50000},"geometry":{"type":"Polygon","coordinates":[[[-77.21954354432485,39.413317485783104],[-77.22245413231961,39.41721165718874],[-77.22827530830914,39.41721165718874],[-77.2311858963039,39.413317485783104],[-77.22827530830914,39.40942331437747],[-77.22245413231961,39.40942331437747],[-77.21954354432485,39.413317485783104]]]}},{"type":"Feature","properties":{"land_value":50000},"geometry":{"type":"Polygon","coordinates":[[[-77.21954354432485,39.421105828594364],[-77.22245413231961,39.425],[-77.22827530830914,39.425],[-77.2311858963039,39.421105828594364],[-77.22827530830914,39.41721165718873],[-77.22245413231961,39.41721165718873],[-77.21954354432485,39.421105828594364]]]}},{"type":"Feature","properties":{"land_value":50000},"geometry":{"type":"Polygon","coordinates":[[[-77.21954354432485,39.42889417140563],[-77.22245413231961,39.432788342811264],[-77.22827530830914,39.432788342811264],[-77.2311858963039,39.42889417140563],[-77.22827530830914,39.425],[-77.22245413231961,39.425],[-77.21954354432485,39.42889417140563]]]}},{"type":"Feature","properties":{"land_value":50000},"geometry":{"type":"Polygon","coordinates":[[[-77.21954354432485,39.43668251421689],[-77.22245413231961,39.440576685622524],[-77.22827530830914,39.440576685622524],[-77.2311858963039,39.43668251421689],[-77.22827530830914,39.43278834281126],[-77.22245413231961,39.43278834281126],[-77.21954354432485,39.43668251421689]]]}},{"type":"Feature","properties":{"land_value":50000},"geometry":{"type":"Polygon","coordinates":[[[-77.21954354432485,39.44447085702815],[-77.22245413231961,39.448365028433784],[-77.22827530830914,39.448365028433784],[-77.2311858963039,39.44447085702815],[-77.22827530830914,39.44057668562252],[-77.22245413231961,39.44057668562252],[-77.21954354432485,39.44447085702815]]]}},{"type":"Feature","properties":{"land_value":50000},"geometry":{"type":"Polygon","coordinates":[[[-77.21954354432485,39.45225919983941],[-77.22245413231961,39.456153371245044],[-77.22827530830914,39.456153371245044],[-77.2311858963039,39.45225919983941],[-77.22827530830914,39.44836502843378],[-77.22245413231961,39.44836502843378],[-77.21954354432485,39.45225919983941]]]}},{"type":"Feature","properties":{"land_value":50000},"geometry":{"type":"Polygon","coordinates":[[[-77.21954354432485,39.46004754265067],[-77.22245413231961,39.463941714056304],[-77.22827530830914,39.463941714056304],[-77.2311858963039,39.46004754265067],[-77.22827530830914,39.45615337124504],[-77.22245413231961,39.45615337124504],[-77.21954354432485,39.46004754265067]]]}},{"type":"Feature","properties":{"land_value":50000},"geometry":{"type":"Polygon","coordinates":[[[-77.21954354432485,39.46783588546193],[-77.22245413231961,39.471730056867564],[-77.22827530830914,39.471730056867564],[-77.2311858963039,39.46783588546193],[-77.22827530830914,39.4639417140563],[-77.22245413231961,39.4639417140563],[-77.21954354432485,39.46783588546193]]]}},{"type":"Feature","properties":{"land_value":50000},"geometry":{"type":"Polygon","coordinates":[[[-77.21954354432485,39.4756242282732],[-77.22245413231961,39.47951839967883],[-77.22827530830914,39.47951839967883],[-77.2311858963039,39.4756242282732],[-77.22827530830914,39.471730056867564],[-77.22245413231961,39.471730056867564],[-77.21954354432485,39.4756242282732]]]}},{"type":"Feature","properties":{"land_value":50000},"geometry":{"type":"Polygon","coordinates":[[[-77.21954354432485,39.48341257108446],[-77.22245413231961,39.48730674249009],[-77.22827530830914,39.48730674249009],[-77.2311858963039,39.48341257108446],[-77.22827530830914,39.479518399678824],[-77.22245413231961,39.479518399678824],[-77.21954354432485,39.48341257108446]]]}},{"type":"Feature","properties":{"land_value":50000},"geometry":{"type":"Polygon","coordinates":[[[-77.21954354432485,39.49120091389572],[-77.22245413231961,39.49509508530135],[-77.22827530830914,39.49509508530135],[-77.2311858963039,39.49120091389572],[-77.22827530830914,39.487306742490084],[-77.22245413231961,39.487306742490084],[-77.21954354432485,39.49120091389572]]]}},{"type":"Feature","properties":{"land_value":50000},"geometry":{"type":"Polygon","coordinates":[[[-77.21954354432485,39.49898925670698],[-77.22245413231961,39.50288342811261],[-77.22827530830914,39.50288342811261],[-77.2311858963039,39.49898925670698],[-77.22827530830914,39.495095085301344],[-77.22245413231961,39.495095085301344],[-77.21954354432485,39.49898925670698]]]}},{"type":"Feature","properties":{"land_value":50000},"geometry":{"type":"Polygon","coordinates":[[[-77.21954354432485,39.50677759951824],[-77.22245413231961,39.51067177092387],[-77.22827530830914,39.51067177092387],[-77.2311858963039,39.50677759951824],[-77.22827530830914,39.502883428112604],[-77.22245413231961,39.502883428112604],[-77.21954354432485,39.50677759951824]]]}},{"type":"Feature","properties":{"land_value":50000},"geometry":{"type":"Polygon","coordinates":[[[-77.21954354432485,39.5145659423295],[-77.22245413231961,39.51846011373513],[-77.22827530830914,39.51846011373513],[-77.2311858963039,39.5145659423295],[-77.22827530830914,39.510671770923864],[-77.22245413231961,39.510671770923864],[-77.21954354432485,39.5145659423295]]]}},{"type":"Feature","properties":{"land_value":50000},"geometry":{"type":"Polygon","coordinates":[[[-77.21954354432485,39.522354285140764],[-77.22245413231961,39.5262484565464],[-77.22827530830914,39.5262484565464],[-77.2311858963039,39.522354285140764],[-77.22827530830914,39.51846011373513],[-77.22245413231961,39.51846011373513],[-77.21954354432485,39.522354285140764]]]}},{"type":"Feature","properties":{"land_value":50000},"geometry":{"type":"Polygon","coordinates":[[[-77.21954354432485,39.530142627952024],[-77.22245413231961,39.53403679935766],[-77.22827530830914,39.53403679935766],[-77.2311858963039,39.530142627952024],[-77.22827530830914,39.52624845654639],[-77.22245413231961,39.52624845654639],[-77.21954354432485,39.530142627952024]]]}},{"type":"Feature","properties":{"land_value":50000},"geometry":{"type":"Polygon","coordinates":[[[-77.21954354432485,39.537930970763284],[-77.22245413231961,39.54182514216892],[-77.22827530830914,39.54182514216892],[-77.2311858963039,39.537930970763284],[-77.22827530830914,39.53403679935765],[-77.22245413231961,39.53403679935765],[-77.21954354432485,39.537930970763284]]]}},{"type":"Feature","properties":{"land_value":50000},"geometry":{"type":"Polygon","coordinates":[[[-77.21954354432485,39.545719313574544],[-77.22245413231961,39.54961348498018],[-77.22827530830914,39.54961348498018],[-77.2311858963039,39.545719313574544],[-77.22827530830914,39.54182514216891],[-77.22245413231961,39.54182514216891],[-77.21954354432485,39.545719313574544]]]}},{"type":"Feature","properties":{"land_value":50000},"geometry":{"type":"Polygon","coordinates":[[[-77.21954354432485,39.553507656385804],[-77.22245413231961,39.55740182779144],[-77.22827530830914,39.55740182779144],[-77.2311858963039,39.553507656385804],[-77.22827530830914,39.54961348498017],[-77.22245413231961,39.54961348498017],[-77.21954354432485,39.553507656385804]]]}},{"type":"Feature","properties":{"land_value":50000},"geometry":{"type":"Polygon","coordinates":[[[-77.21954354432485,39.561295999197064],[-77.22245413231961,39.5651901706027],[-77.22827530830914,39.5651901706027],[-77.2311858963039,39.561295999197064],[-77.22827530830914,39.55740182779143],[-77.22245413231961,39.55740182779143],[-77.21954354432485,39.561295999197064]]]}},{"type":"Feature","properties":{"land_value":50000},"geometry":{"type":"Polygon","coordinates":[[[-77.21954354432485,39.56908434200833],[-77.22245413231961,39.572978513413965],[-77.22827530830914,39.572978513413965],[-77.2311858963039,39.56908434200833],[-77.22827530830914,39.5651901706027],[-77.22245413231961,39.5651901706027],[-77.21954354432485,39.56908434200833]]]}},{"type":"Feature","properties":{"land_value":50000},"geometry":{"type":"Polygon","coordinates":[[[-77.21954354432485,39.57687268481959],[-77.22245413231961,39.580766856225225],[-77.22827530830914,39.580766856225225],[-77.2311858963039,39.57687268481959],[-77.22827530830914,39.57297851341396],[-77.22245413231961,39.57297851341396],[-77.21954354432485,39.57687268481959]]]}},{"type":"Feature","properties":{"land_value":50000},"geometry":{"type":"Polygon","coordinates":[[[-77.21954354432485,39.58466102763085],[-77.22245413231961,39.588555199036485],[-77.22827530830914,39.588555199036485],[-77.2311858963039,39.58466102763085],[-77.22827530830914,39.58076685622522],[-77.22245413231961,39.58076685622522],[-77.21954354432485,39.58466102763085]]]}},{"type":"Feature","properties":{"land_value":50000},"geometry":{"type":"Polygon","coordinates":[[[-77.21954354432485,39.59244937044211],[-77.22245413231961,39.596343541847745],[-77.22827530830914,39.596343541847745],[-77.2311858963039,39.59244937044211],[-77.22827530830914,39.58855519903648],[-77.22245413231961,39.58855519903648],[-77.21954354432485,39.59244937044211]]]}},{"type":"Feature","properties":{"land_value":50000},"geometry":{"type":"Polygon","coordinates":[[[-77.21081178034058,39.26144480096351],[-77.21372236833534,39.26533897236914],[-77.21954354432486,39.26533897236914],[-77.22245413231963,39.26144480096351],[-77.21954354432486,39.257550629557876],[-77.21372236833534,39.257550629557876],[-77.21081178034058,39.26144480096351]]]}},{"type":"Feature","properties":{"land_value":50000},"geometry":{"type":"Polygon","coordinates":[[[-77.21081178034058,39.26923314377477],[-77.21372236833534,39.2731273151804],[-77.21954354432486,39.2731273151804],[-77.22245413231963,39.26923314377477],[-77.21954354432486,39.265338972369136],[-77.21372236833534,39.265338972369136],[-77.21081178034058,39.26923314377477]]]}},{"type":"Feature","properties":{"land_value":50000},"geometry":{"type":"Polygon","coordinates":[[[-77.21081178034058,39.27702148658603],[-77.21372236833534,39.28091565799166],[-77.21954354432486,39.28091565799166],[-77.22245413231963,39.27702148658603],[-77.21954354432486,39.273127315180396],[-77.21372236833534,39.273127315180396],[-77.21081178034058,39.27702148658603]]]}},{"type":"Feature","properties":{"land_value":50000},"geometry":{"type":"Polygon","coordinates":[[[-77.21081178034058,39.2848098293973],[-77.21372236833534,39.28870400080293],[-77.21954354432486,39.28870400080293],[-77.22245413231963,39.2848098293973],[-77.21954354432486,39.28091565799166],[-77.21372236833534,39.28091565799166],[-77.21081178034058,39.2848098293973]]]}},{"type":"Feature","properties":{"land_value":50000},"geometry":{"type":"Polygon","coordinates":[[[-77.21081178034058,39.29259817220856],[-77.21372236833534,39.29649234361419],[-77.21954354432486,39.29649234361419],[-77.22245413231963,39.29259817220856],[-77.21954354432486,39.28870400080292],[-77.21372236833534,39.28870400080292],[-77.21081178034058,39.29259817220856]]]}},{"type":"Feature","properties":{"land_value":50000},"geometry":{"type":"Polygon","coordinates":[[[-77.21081178034058,39.30038651501982],[-77.21372236833534,39.30428068642545],[-77.21954354432486,39.30428068642545],[-77.22245413231963,39.30038651501982],[-77.21954354432486,39.29649234361418],[-77.21372236833534,39.29649234361418],[-77.21081178034058,39.30038651501982]]]}},{"type":"Feature","properties":{"land_value":50000},"geometry":{"type":"Polygon","coordinates":[[[-77.21081178034058,39.30817485783108],[-77.21372236833534,39.31206902923671],[-77.21954354432486,39.31206902923671],[-77.22245413231963,39.30817485783108],[-77.21954354432486,39.30428068642544],[-77.21372236833534,39.30428068642544],[-77.21081178034058,39.30817485783108]]]}},{"type":"Feature","properties":{"land_value":50000},"geometry":{"type":"Polygon","coordinates":[[[-77.21081178034058,39.31596320064234],[-77.21372236833534,39.31985737204797],[-77.21954354432486,39.31985737204797],[-77.22245413231963,39.31596320064234],[-77.21954354432486,39.3120690292367],[-77.21372236833534,39.3120690292367],[-77.21081178034058,39.31596320064234]]]}},{"type":"Feature","properties":{"land_value":50000},"geometry":{"type":"Polygon","coordinates":[[[-77.21081178034058,39.3237515434536],[-77.21372236833534,39.32764571485923],[-77.21954354432486,39.32764571485923],[-77.22245413231963,39.3237515434536],[-77.21954354432486,39.31985737204796],[-77.21372236833534,39.31985737204796],[-77.21081178034058,39.3237515434536]]]}},{"type":"Feature","properties":{"land_value":50000},"geometry":{"type":"Polygon","coordinates":[[[-77.21081178034058,39.33153988626486],[-77.21372236833534,39.3354340576705],[-77.21954354432486,39.3354340576705],[-77.22245413231963,39.33153988626486],[-77.21954354432486,39.32764571485923],[-77.21372236833534,39.32764571485923],[-77.21081178034058,39.33153988626486]]]}},{"type":"Feature","properties":{"land_value":50000},"geometry":{"type":"Polygon","coordinates":[[[-77.21081178034058,39.33932822907612],[-77.21372236833534,39.34322240048176],[-77.21954354432486,39.34322240048176],[-77.22245413231963,39.33932822907612],[-77.21954354432486,39.33543405767049],[-77.21372236833534,39.33543405767049],[-77.21081178034058,39.33932822907612]]]}},{"type":"Feature","properties":{"land_value":50000},"geometry":{"type":"Polygon","coordinates":[[[-77.21081178034058,39.34711657188738],[-77.21372236833534,39.35101074329302],[-77.21954354432486,39.35101074329302],[-77.22245413231963,39.34711657188738],[-77.21954354432486,39.34322240048175],[-77.21372236833534,39.34322240048175],[-77.21081178034058,39.34711657188738]]]}},{"type":"Feature","properties":{"land_value":50000},"geometry":{"type":"Polygon","coordinates":[[[-77.21081178034058,39.35490491469864],[-77.21372236833534,39.35879908610428],[-77.21954354432486,39.35879908610428],[-77.22245413231963,39.35490491469864],[-77.21954354432486,39.35101074329301],[-77.21372236833534,39.35101074329301],[-77.21081178034058,39.35490491469864]]]}},{"type":"Feature","properties":{"land_value":50000},"geometry":{"type":"Polygon","coordinates":[[[-77.21081178034058,39.3626932575099],[-77.21372236833534,39.36658742891554],[-77.21954354432486,39.36658742891554],[-77.22245413231963,39.3626932575099],[-77.21954354432486,39.35879908610427],[-77.21372236833534,39.35879908610427],[-77.21081178034058,39.3626932575099]]]}},{"type":"Feature","properties":{"land_value":50000},"geometry":{"type":"Polygon","coordinates":[[[-77.21081178034058,39.37048160032116],[-77.21372236833534,39.3743757717268],[-77.21954354432486,39.3743757717268],[-77.22245413231963,39.37048160032116],[-77.21954354432486,39.36658742891553],[-77.21372236833534,39.36658742891553],[-77.21081178034058,39.37048160032116]]]}},{"type":"Feature","properties":{"land_value":50000},"geometry":{"type":"Polygon","coordinates":[[[-77.21081178034058,39.37826994313243],[-77.21372236833534,39.382164114538064],[-77.21954354432486,39.382164114538064],[-77.22245413231963,39.37826994313243],[-77.21954354432486,39.3743757717268],[-77.21372236833534,39.3743757717268],[-77.21081178034058,39.37826994313243]]]}},{"type":"Feature","properties":{"land_value":50000},"geometry":{"type":"Polygon","coordinates":[[[-77.21081178034058,39.38605828594369],[-77.21372236833534,39.389952457349324],[-77.21954354432486,39.389952457349324],[-77.22245413231963,39.38605828594369],[-77.21954354432486,39.38216411453806],[-77.21372236833534,39.38216411453806],[-77.21081178034058,39.38605828594369]]]}},{"type":"Feature","properties":{"land_value":50000},"geometry":{"type":"Polygon","coordinates":[[[-77.21081178034058,39.39384662875495],[-77.21372236833534,39.397740800160584],[-77.21954354432486,39.397740800160584],[-77.22245413231963,39.39384662875495],[-77.21954354432486,39.38995245734932],[-77.21372236833534,39.38995245734932],[-77.21081178034058,39.39384662875495]]]}},{"type":"Feature","properties":{"land_value":50000},"geometry":{"type":"Polygon","coordinates":[[[-77.21081178034058,39.40163497156621],[-77.21372236833534,39.405529142971844],[-77.21954354432486,39.405529142971844],[-77.22245413231963,39.40163497156621],[-77.21954354432486,39.39774080016058],[-77.21372236833534,39.39774080016058],[-77.21081178034058,39.40163497156621]]]}},{"type":"Feature","properties":{"land_value":50000},"geometry":{"type":"Polygon","coordinates":[[[-77.21081178034058,39.40942331437747],[-77.21372236833534,39.413317485783104],[-77.21954354432486,39.413317485783104],[-77.22245413231963,39.40942331437747],[-77.21954354432486,39.40552914297184],[-77.21372236833534,39.40552914297184],[-77.21081178034058,39.40942331437747]]]}},{"type":"Feature","properties":{"land_value":50000},"geometry":{"type":"Polygon","coordinates":[[[-77.21081178034058,39.41721165718873],[-77.21372236833534,39.421105828594364],[-77.21954354432486,39.421105828594364],[-77.22245413231963,39.41721165718873],[-77.21954354432486,39.4133174857831],[-77.21372236833534,39.4133174857831],[-77.21081178034058,39.41721165718873]]]}},{"type":"Feature","properties":{"land_value":50000},"geometry":{"type":"Polygon","coordinates":[[[-77.21081178034058,39.425],[-77.21372236833534,39.42889417140563],[-77.21954354432486,39.42889417140563],[-77.22245413231963,39.425],[-77.21954354432486,39.421105828594364],[-77.21372236833534,39.421105828594364],[-77.21081178034058,39.425]]]}},{"type":"Feature","properties":{"land_value":50000},"geometry":{"type":"Polygon","coordinates":[[[-77.21081178034058,39.43278834281126],[-77.21372236833534,39.43668251421689],[-77.21954354432486,39.43668251421689],[-77.22245413231963,39.43278834281126],[-77.21954354432486,39.428894171405624],[-77.21372236833534,39.428894171405624],[-77.21081178034058,39.43278834281126]]]}},{"type":"Feature","properties":{"land_value":50000},"geometry":{"type":"Polygon","coordinates":[[[-77.21081178034058,39.44057668562252],[-77.21372236833534,39.44447085702815],[-77.21954354432486,39.44447085702815],[-77.22245413231963,39.44057668562252],[-77.21954354432486,39.43668251421688],[-77.21372236833534,39.43668251421688],[-77.21081178034058,39.44057668562252]]]}},{"type":"Feature","properties":{"land_value":50000},"geometry":{"type":"Polygon","coordinates":[[[-77.21081178034058,39.44836502843378],[-77.21372236833534,39.45225919983941],[-77.21954354432486,39.45225919983941],[-77.22245413231963,39.44836502843378],[-77.21954354432486,39.44447085702814],[-77.21372236833534,39.44447085702814],[-77.21081178034058,39.44836502843378]]]}},{"type":"Feature","properties":{"land_value":50000},"geometry":{"type":"Polygon","coordinates":[[[-77.21081178034058,39.45615337124504],[-77.21372236833534,39.46004754265067],[-77.21954354432486,39.46004754265067],[-77.22245413231963,39.45615337124504],[-77.21954354432486,39.4522591998394],[-77.21372236833534,39.4522591998394],[-77.21081178034058,39.45615337124504]]]}},{"type":"Feature","properties":{"land_value":50000},"geometry":{"type":"Polygon","coordinates":[[[-77.21081178034058,39.4639417140563],[-77.21372236833534,39.46783588546193],[-77.21954354432486,39.46783588546193],[-77.22245413231963,39.4639417140563],[-77.21954354432486,39.46004754265066],[-77.21372236833534,39.46004754265066],[-77.21081178034058,39.4639417140563]]]}},{"type":"Feature","properties":{"land_value":50000},"geometry":{"type":"Polygon","coordinates":[[[-77.21081178034058,39.471730056867564],[-77.21372236833534,39.4756242282732],[-77.21954354432486,39.4756242282732],[-77.22245413231963,39.471730056867564],[-77.21954354432486,39.46783588546193],[-77.21372236833534,39.46783588546193],[-77.21081178034058,39.471730056867564]]]}},{"type":"Feature","properties":{"land_value":50000},"geometry":{"type":"Polygon","coordinates":[[[-77.21081178034058,39.479518399678824],[-77.21372236833534,39.48341257108446],[-77.21954354432486,39.48341257108446],[-77.22245413231963,39.479518399678824],[-77.21954354432486,39.47562422827319],[-77.21372236833534,39.47562422827319],[-77.21081178034058,39.479518399678824]]]}},{"type":"Feature","properties":{"land_value":50000},"geometry":{"type":"Polygon","coordinates":[[[-77.21081178034058,39.487306742490084],[-77.21372236833534,39.49120091389572],[-77.21954354432486,39.49120091389572],[-77.22245413231963,39.487306742490084],[-77.21954354432486,39.48341257108445],[-77.21372236833534,39.48341257108445],[-77.21081178034058,39.487306742490084]]]}},{"type":"Feature","properties":{"land_value":50000},"geometry":{"type":"Polygon","coordinates":[[[-77.21081178034058,39.495095085301344],[-77.21372236833534,39.49898925670698],[-77.21954354432486,39.49898925670698],[-77.22245413231963,39.495095085301344],[-77.21954354432486,39.49120091389571],[-77.21372236833534,39.49120091389571],[-77.21081178034058,39.495095085301344]]]}},{"type":"Feature","properties":{"land_value":50000},"geometry":{"type":"Polygon","coordinates":[[[-77.21081178034058,39.502883428112604],[-77.21372236833534,39.50677759951824],[-77.21954354432486,39.50677759951824],[-77.22245413231963,39.502883428112604],[-77.21954354432486,39.49898925670697],[-77.21372236833534,39.49898925670697],[-77.21081178034058,39.502883428112604]]]}},{"type":"Feature","properties":{"land_value":50000},"geometry":{"type":"Polygon","coordinates":[[[-77.21081178034058,39.510671770923864],[-77.21372236833534,39.5145659423295],[-77.21954354432486,39.5145659423295],[-77.22245413231963,39.510671770923864],[-77.21954354432486,39.50677759951823],[-77.21372236833534,39.50677759951823],[-77.21081178034058,39.510671770923864]]]}},{"type":"Feature","properties":{"land_value":50000},"geometry":{"type":"Polygon","coordinates":[[[-77.21081178034058,39.51846011373513],[-77.21372236833534,39.522354285140764],[-77.21954354432486,39.522354285140764],[-77.22245413231963,39.51846011373513],[-77.21954354432486,39.5145659423295],[-77.21372236833534,39.5145659423295],[-77.21081178034058,39.51846011373513]]]}},{"type":"Feature","properties":{"land_value":50000},"geometry":{"type":"Polygon","coordinates":[[[-77.21081178034058,39.52624845654639],[-77.21372236833534,39.530142627952024],[-77.21954354432486,39.530142627952024],[-77.22245413231963,39.52624845654639],[-77.21954354432486,39.52235428514076],[-77.21372236833534,39.52235428514076],[-77.21081178034058,39.52624845654639]]]}},{"type":"Feature","properties":{"land_value":50000},"geometry":{"type":"Polygon","coordinates":[[[-77.21081178034058,39.53403679935765],[-77.21372236833534,39.537930970763284],[-77.21954354432486,39.537930970763284],[-77.22245413231963,39.53403679935765],[-77.21954354432486,39.53014262795202],[-77.21372236833534,39.53014262795202],[-77.21081178034058,39.53403679935765]]]}},{"type":"Feature","properties":{"land_value":50000},"geometry":{"type":"Polygon","coordinates":[[[-77.21081178034058,39.54182514216891],[-77.21372236833534,39.545719313574544],[-77.21954354432486,39.545719313574544],[-77.22245413231963,39.54182514216891],[-77.21954354432486,39.53793097076328],[-77.21372236833534,39.53793097076328],[-77.21081178034058,39.54182514216891]]]}},{"type":"Feature","properties":{"land_value":50000},"geometry":{"type":"Polygon","coordinates":[[[-77.21081178034058,39.54961348498017],[-77.21372236833534,39.553507656385804],[-77.21954354432486,39.553507656385804],[-77.22245413231963,39.54961348498017],[-77.21954354432486,39.54571931357454],[-77.21372236833534,39.54571931357454],[-77.21081178034058,39.54961348498017]]]}},{"type":"Feature","properties":{"land_value":50000},"geometry":{"type":"Polygon","coordinates":[[[-77.21081178034058,39.55740182779143],[-77.21372236833534,39.561295999197064],[-77.21954354432486,39.561295999197064],[-77.22245413231963,39.55740182779143],[-77.21954354432486,39.5535076563858],[-77.21372236833534,39.5535076563858],[-77.21081178034058,39.55740182779143]]]}},{"type":"Feature","properties":{"land_value":50000},"geometry":{"type":"Polygon","coordinates":[[[-77.21081178034058,39.5651901706027],[-77.21372236833534,39.56908434200833],[-77.21954354432486,39.56908434200833],[-77.22245413231963,39.5651901706027],[-77.21954354432486,39.561295999197064],[-77.21372236833534,39.561295999197064],[-77.21081178034058,39.5651901706027]]]}},{"type":"Feature","properties":{"land_value":50000},"geometry":{"type":"Polygon","coordinates":[[[-77.21081178034058,39.57297851341396],[-77.21372236833534,39.57687268481959],[-77.21954354432486,39.57687268481959],[-77.22245413231963,39.57297851341396],[-77.21954354432486,39.569084342008324],[-77.21372236833534,39.569084342008324],[-77.21081178034058,39.57297851341396]]]}},{"type":"Feature","properties":{"land_value":50000},"geometry":{"type":"Polygon","coordinates":[[[-77.21081178034058,39.58076685622522],[-77.21372236833534,39.58466102763085],[-77.21954354432486,39.58466102763085],[-77.22245413231963,39.58076685622522],[-77.21954354432486,39.576872684819584],[-77.21372236833534,39.576872684819584],[-77.21081178034058,39.58076685622522]]]}},{"type":"Feature","properties":{"land_value":50000},"geometry":{"type":"Polygon","coordinates":[[[-77.21081178034058,39.58855519903648],[-77.21372236833534,39.59244937044211],[-77.21954354432486,39.59244937044211],[-77.22245413231963,39.58855519903648],[-77.21954354432486,39.584661027630844],[-77.21372236833534,39.584661027630844],[-77.21081178034058,39.58855519903648]]]}},{"type":"Feature","properties":{"land_value":50000},"geometry":{"type":"Polygon","coordinates":[[[-77.20208001635629,39.25755062955788],[-77.20499060435105,39.26144480096352],[-77.21081178034058,39.26144480096352],[-77.21372236833534,39.25755062955788],[-77.21081178034058,39.25365645815225],[-77.20499060435105,39.25365645815225],[-77.20208001635629,39.25755062955788]]]}},{"type":"Feature","properties":{"land_value":50000},"geometry":{"type":"Polygon","coordinates":[[[-77.20208001635629,39.26533897236914],[-77.20499060435105,39.26923314377478],[-77.21081178034058,39.26923314377478],[-77.21372236833534,39.26533897236914],[-77.21081178034058,39.26144480096351],[-77.20499060435105,39.26144480096351],[-77.20208001635629,39.26533897236914]]]}},{"type":"Feature","properties":{"land_value":50000},"geometry":{"type":"Polygon","coordinates":[[[-77.20208001635629,39.2731273151804],[-77.20499060435105,39.27702148658604],[-77.21081178034058,39.27702148658604],[-77.21372236833534,39.2731273151804],[-77.21081178034058,39.26923314377477],[-77.20499060435105,39.26923314377477],[-77.20208001635629,39.2731273151804]]]}},{"type":"Feature","properties":{"land_value":50000},"geometry":{"type":"Polygon","coordinates":[[[-77.20208001635629,39.28091565799166],[-77.20499060435105,39.2848098293973],[-77.21081178034058,39.2848098293973],[-77.21372236833534,39.28091565799166],[-77.21081178034058,39.27702148658603],[-77.20499060435105,39.27702148658603],[-77.20208001635629,39.28091565799166]]]}},{"type":"Feature","properties":{"land_value":50000},"geometry":{"type":"Polygon","coordinates":[[[-77.20208001635629,39.28870400080293],[-77.20499060435105,39.292598172208564],[-77.21081178034058,39.292598172208564],[-77.21372236833534,39.28870400080293],[-77.21081178034058,39.2848098293973],[-77.20499060435105,39.2848098293973],[-77.20208001635629,39.28870400080293]]]}},{"type":"Feature","properties":{"land_value":50000},"geometry":{"type":"Polygon","coordinates":[[[-77.20208001635629,39.29649234361419],[-77.20499060435105,39.300386515019824],[-77.21081178034058,39.300386515019824],[-77.21372236833534,39.29649234361419],[-77.21081178034058,39.29259817220856],[-77.20499060435105,39.29259817220856],[-77.20208001635629,39.29649234361419]]]}},{"type":"Feature","properties":{"land_value":50000},"geometry":{"type":"Polygon","coordinates":[[[-77.20208001635629,39.30428068642545],[-77.20499060435105,39.308174857831084],[-77.21081178034058,39.308174857831084],[-77.21372236833534,39.30428068642545],[-77.21081178034058,39.30038651501982],[-77.20499060435105,39.30038651501982],[-77.20208001635629,39.30428068642545]]]}},{"type":"Feature","properties":{"land_value":50000},"geometry":{"type":"Polygon","coordinates":[[[-77.20208001635629,39.31206902923671],[-77.20499060435105,39.315963200642344],[-77.21081178034058,39.315963200642344],[-77.21372236833534,39.31206902923671],[-77.21081178034058,39.30817485783108],[-77.20499060435105,39.30817485783108],[-77.20208001635629,39.31206902923671]]]}},{"type":"Feature","properties":{"land_value":50000},"geometry":{"type":"Polygon","coordinates":[[[-77.20208001635629,39.31985737204797],[-77.20499060435105,39.323751543453604],[-77.21081178034058,39.323751543453604],[-77.21372236833534,39.31985737204797],[-77.21081178034058,39.31596320064234],[-77.20499060435105,39.31596320064234],[-77.20208001635629,39.31985737204797]]]}},{"type":"Feature","properties":{"land_value":50000},"geometry":{"type":"Polygon","coordinates":[[[-77.20208001635629,39.32764571485923],[-77.20499060435105,39.33153988626486],[-77.21081178034058,39.33153988626486],[-77.21372236833534,39.32764571485923],[-77.21081178034058,39.3237515434536],[-77.20499060435105,39.3237515434536],[-77.20208001635629,39.32764571485923]]]}},{"type":"Feature","properties":{"land_value":50000},"geometry":{"type":"Polygon","coordinates":[[[-77.20208001635629,39.3354340576705],[-77.20499060435105,39.33932822907613],[-77.21081178034058,39.33932822907613],[-77.21372236833534,39.3354340576705],[-77.21081178034058,39.33153988626486],[-77.20499060435105,39.33153988626486],[-77.20208001635629,39.3354340576705]]]}},{"type":"Feature","properties":{"land_value":50000},"geometry":{"type":"Polygon","coordinates":[[[-77.20208001635629,39.34322240048176],[-77.20499060435105,39.34711657188739],[-77.21081178034058,39.34711657188739],[-77.21372236833534,39.34322240048176],[-77.21081178034058,39.33932822907612],[-77.20499060435105,39.33932822907612],[-77.20208001635629,39.34322240048176]]]}},{"type":"Feature","properties":{"land_value":50000},"geometry":{"type":"Polygon","coordinates":[[[-77.20208001635629,39.35101074329302],[-77.20499060435105,39.35490491469865],[-77.21081178034058,39.35490491469865],[-77.21372236833534,39.35101074329302],[-77.21081178034058,39.34711657188738],[-77.20499060435105,39.34711657188738],[-77.20208001635629,39.35101074329302]]]}},{"type":"Feature","properties":{"land_value":50000},"geometry":{"type":"Polygon","coordinates":[[[-77.20208001635629,39.35879908610428],[-77.20499060435105,39.36269325750991],[-77.21081178034058,39.36269325750991],[-77.21372236833534,39.35879908610428],[-77.21081178034058,39.35490491469864],[-77.20499060435105,39.35490491469864],[-77.20208001635629,39.35879908610428]]]}},{"type":"Feature","properties":{"land_value":50000},"geometry":{"type":"Polygon","coordinates":[[[-77.20208001635629,39.36658742891554],[-77.20499060435105,39.37048160032117],[-77.21081178034058,39.37048160032117],[-77.21372236833534,39.36658742891554],[-77.21081178034058,39.3626932575099],[-77.20499060435105,39.3626932575099],[-77.20208001635629,39.36658742891554]]]}},{"type":"Feature","properties":{"land_value":50000},"geometry":{"type":"Polygon","coordinates":[[[-77.20208001635629,39.3743757717268],[-77.20499060435105,39.37826994313243],[-77.21081178034058,39.37826994313243],[-77.21372236833534,39.3743757717268],[-77.21081178034058,39.37048160032116],[-77.20499060435105,39.37048160032116],[-77.20208001635629,39.3743757717268]]]}},{"type":"Feature","properties":{"land_value":50000},"geometry":{"type":"Polygon","coordinates":[[[-77.20208001635629,39.382164114538064],[-77.20499060435105,39.3860582859437],[-77.21081178034058,39.3860582859437],[-77.21372236833534,39.382164114538064],[-77.21081178034058,39.37826994313243],[-77.20499060435105,39.37826994313243],[-77.20208001635629,39.382164114538064]]]}},{"type":"Feature","properties":{"land_value":50000},"geometry":{"type":"Polygon","coordinates":[[[-77.20208001635629,39.389952457349324],[-77.20499060435105,39.39384662875496],[-77.21081178034058,39.39384662875496],[-77.21372236833534,39.389952457349324],[-77.21081178034058,39.38605828594369],[-77.20499060435105,39.38605828594369],[-77.20208001635629,39.389952457349324]]]}},{"type":"Feature","properties":{"land_value":50000},"geometry":{"type":"Polygon","coordinates":[[[-77.20208001635629,39.397740800160584],[-77.20499060435105,39.40163497156622],[-77.21081178034058,39.40163497156622],[-77.21372236833534,39.397740800160584],[-77.21081178034058,39.39384662875495],[-77.20499060435105,39.39384662875495],[-77.20208001635629,39.397740800160584]]]}},{"type":"Feature","properties":{"land_value":50000},"geometry":{"type":"Polygon","coordinates":[[[-77.20208001635629,39.405529142971844],[-77.20499060435105,39.40942331437748],[-77.21081178034058,39.40942331437748],[-77.21372236833534,39.405529142971844],[-77.21081178034058,39.40163497156621],[-77.20499060435105,39.40163497156621],[-77.20208001635629,39.405529142971844]]]}},{"type":"Feature","properties":{"land_value":50000},"geometry":{"type":"Polygon","coordinates":[[[-77.20208001635629,39.413317485783104],[-77.20499060435105,39.41721165718874],[-77.21081178034058,39.41721165718874],[-77.21372236833534,39.413317485783104],[-77.21081178034058,39.40942331437747],[-77.20499060435105,39.40942331437747],[-77.20208001635629,39.413317485783104]]]}},{"type":"Feature","properties":{"land_value":50000},"geometry":{"type":"Polygon","coordinates":[[[-77.20208001635629,39.421105828594364],[-77.20499060435105,39.425],[-77.21081178034058,39.425],[-77.21372236833534,39.421105828594364],[-77.21081178034058,39.41721165718873],[-77.20499060435105,39.41721165718873],[-77.20208001635629,39.421105828594364]]]}},{"type":"Feature","properties":{"land_value":50000},"geometry":{"type":"Polygon","coordinates":[[[-77.20208001635629,39.42889417140563],[-77.20499060435105,39.432788342811264],[-77.21081178034058,39.432788342811264],[-77.21372236833534,39.42889417140563],[-77.21081178034058,39.425],[-77.20499060435105,39.425],[-77.20208001635629,39.42889417140563]]]}},{"type":"Feature","properties":{"land_value":50000},"geometry":{"type":"Polygon","coordinates":[[[-77.20208001635629,39.43668251421689],[-77.20499060435105,39.440576685622524],[-77.21081178034058,39.440576685622524],[-77.21372236833534,39.43668251421689],[-77.21081178034058,39.43278834281126],[-77.20499060435105,39.43278834281126],[-77.20208001635629,39.43668251421689]]]}},{"type":"Feature","properties":{"land_value":50000},"geometry":{"type":"Polygon","coordinates":[[[-77.20208001635629,39.44447085702815],[-77.20499060435105,39.448365028433784],[-77.21081178034058,39.448365028433784],[-77.21372236833534,39.44447085702815],[-77.21081178034058,39.44057668562252],[-77.20499060435105,39.44057668562252],[-77.20208001635629,39.44447085702815]]]}},{"type":"Feature","properties":{"land_value":50000},"geometry":{"type":"Polygon","coordinates":[[[-77.20208001635629,39.45225919983941],[-77.20499060435105,39.456153371245044],[-77.21081178034058,39.456153371245044],[-77.21372236833534,39.45225919983941],[-77.21081178034058,39.44836502843378],[-77.20499060435105,39.44836502843378],[-77.20208001635629,39.45225919983941]]]}},{"type":"Feature","properties":{"land_value":50000},"geometry":{"type":"Polygon","coordinates":[[[-77.20208001635629,39.46004754265067],[-77.20499060435105,39.463941714056304],[-77.21081178034058,39.463941714056304],[-77.21372236833534,39.46004754265067],[-77.21081178034058,39.45615337124504],[-77.20499060435105,39.45615337124504],[-77.20208001635629,39.46004754265067]]]}},{"type":"Feature","properties":{"land_value":50000},"geometry":{"type":"Polygon","coordinates":[[[-77.20208001635629,39.46783588546193],[-77.20499060435105,39.471730056867564],[-77.21081178034058,39.471730056867564],[-77.21372236833534,39.46783588546193],[-77.21081178034058,39.4639417140563],[-77.20499060435105,39.4639417140563],[-77.20208001635629,39.46783588546193]]]}},{"type":"Feature","properties":{"land_value":50000},"geometry":{"type":"Polygon","coordinates":[[[-77.20208001635629,39.4756242282732],[-77.20499060435105,39.47951839967883],[-77.21081178034058,39.47951839967883],[-77.21372236833534,39.4756242282732],[-77.21081178034058,39.471730056867564],[-77.20499060435105,39.471730056867564],[-77.20208001635629,39.4756242282732]]]}},{"type":"Feature","properties":{"land_value":50000},"geometry":{"type":"Polygon","coordinates":[[[-77.20208001635629,39.48341257108446],[-77.20499060435105,39.48730674249009],[-77.21081178034058,39.48730674249009],[-77.21372236833534,39.48341257108446],[-77.21081178034058,39.479518399678824],[-77.20499060435105,39.479518399678824],[-77.20208001635629,39.48341257108446]]]}},{"type":"Feature","properties":{"land_value":50000},"geometry":{"type":"Polygon","coordinates":[[[-77.20208001635629,39.49120091389572],[-77.20499060435105,39.49509508530135],[-77.21081178034058,39.49509508530135],[-77.21372236833534,39.49120091389572],[-77.21081178034058,39.487306742490084],[-77.20499060435105,39.487306742490084],[-77.20208001635629,39.49120091389572]]]}},{"type":"Feature","properties":{"land_value":50000},"geometry":{"type":"Polygon","coordinates":[[[-77.20208001635629,39.49898925670698],[-77.20499060435105,39.50288342811261],[-77.21081178034058,39.50288342811261],[-77.21372236833534,39.49898925670698],[-77.21081178034058,39.495095085301344],[-77.20499060435105,39.495095085301344],[-77.20208001635629,39.49898925670698]]]}},{"type":"Feature","properties":{"land_value":50000},"geometry":{"type":"Polygon","coordinates":[[[-77.20208001635629,39.50677759951824],[-77.20499060435105,39.51067177092387],[-77.21081178034058,39.51067177092387],[-77.21372236833534,39.50677759951824],[-77.21081178034058,39.502883428112604],[-77.20499060435105,39.502883428112604],[-77.20208001635629,39.50677759951824]]]}},{"type":"Feature","properties":{"land_value":50000},"geometry":{"type":"Polygon","coordinates":[[[-77.20208001635629,39.5145659423295],[-77.20499060435105,39.51846011373513],[-77.21081178034058,39.51846011373513],[-77.21372236833534,39.5145659423295],[-77.21081178034058,39.510671770923864],[-77.20499060435105,39.510671770923864],[-77.20208001635629,39.5145659423295]]]}},{"type":"Feature","properties":{"land_value":50000},"geometry":{"type":"Polygon","coordinates":[[[-77.20208001635629,39.522354285140764],[-77.20499060435105,39.5262484565464],[-77.21081178034058,39.5262484565464],[-77.21372236833534,39.522354285140764],[-77.21081178034058,39.51846011373513],[-77.20499060435105,39.51846011373513],[-77.20208001635629,39.522354285140764]]]}},{"type":"Feature","properties":{"land_value":50000},"geometry":{"type":"Polygon","coordinates":[[[-77.20208001635629,39.530142627952024],[-77.20499060435105,39.53403679935766],[-77.21081178034058,39.53403679935766],[-77.21372236833534,39.530142627952024],[-77.21081178034058,39.52624845654639],[-77.20499060435105,39.52624845654639],[-77.20208001635629,39.530142627952024]]]}},{"type":"Feature","properties":{"land_value":50000},"geometry":{"type":"Polygon","coordinates":[[[-77.20208001635629,39.537930970763284],[-77.20499060435105,39.54182514216892],[-77.21081178034058,39.54182514216892],[-77.21372236833534,39.537930970763284],[-77.21081178034058,39.53403679935765],[-77.20499060435105,39.53403679935765],[-77.20208001635629,39.537930970763284]]]}},{"type":"Feature","properties":{"land_value":50000},"geometry":{"type":"Polygon","coordinates":[[[-77.20208001635629,39.545719313574544],[-77.20499060435105,39.54961348498018],[-77.21081178034058,39.54961348498018],[-77.21372236833534,39.545719313574544],[-77.21081178034058,39.54182514216891],[-77.20499060435105,39.54182514216891],[-77.20208001635629,39.545719313574544]]]}},{"type":"Feature","properties":{"land_value":50000},"geometry":{"type":"Polygon","coordinates":[[[-77.20208001635629,39.553507656385804],[-77.20499060435105,39.55740182779144],[-77.21081178034058,39.55740182779144],[-77.21372236833534,39.553507656385804],[-77.21081178034058,39.54961348498017],[-77.20499060435105,39.54961348498017],[-77.20208001635629,39.553507656385804]]]}},{"type":"Feature","properties":{"land_value":50000},"geometry":{"type":"Polygon","coordinates":[[[-77.20208001635629,39.561295999197064],[-77.20499060435105,39.5651901706027],[-77.21081178034058,39.5651901706027],[-77.21372236833534,39.561295999197064],[-77.21081178034058,39.55740182779143],[-77.20499060435105,39.55740182779143],[-77.20208001635629,39.561295999197064]]]}},{"type":"Feature","properties":{"land_value":50000},"geometry":{"type":"Polygon","coordinates":[[[-77.20208001635629,39.56908434200833],[-77.20499060435105,39.572978513413965],[-77.21081178034058,39.572978513413965],[-77.21372236833534,39.56908434200833],[-77.21081178034058,39.5651901706027],[-77.20499060435105,39.5651901706027],[-77.20208001635629,39.56908434200833]]]}},{"type":"Feature","properties":{"land_value":50000},"geometry":{"type":"Polygon","coordinates":[[[-77.20208001635629,39.57687268481959],[-77.20499060435105,39.580766856225225],[-77.21081178034058,39.580766856225225],[-77.21372236833534,39.57687268481959],[-77.21081178034058,39.57297851341396],[-77.20499060435105,39.57297851341396],[-77.20208001635629,39.57687268481959]]]}},{"type":"Feature","properties":{"land_value":50000},"geometry":{"type":"Polygon","coordinates":[[[-77.20208001635629,39.58466102763085],[-77.20499060435105,39.588555199036485],[-77.21081178034058,39.588555199036485],[-77.21372236833534,39.58466102763085],[-77.21081178034058,39.58076685622522],[-77.20499060435105,39.58076685622522],[-77.20208001635629,39.58466102763085]]]}},{"type":"Feature","properties":{"land_value":50000},"geometry":{"type":"Polygon","coordinates":[[[-77.20208001635629,39.59244937044211],[-77.20499060435105,39.596343541847745],[-77.21081178034058,39.596343541847745],[-77.21372236833534,39.59244937044211],[-77.21081178034058,39.58855519903648],[-77.20499060435105,39.58855519903648],[-77.20208001635629,39.59244937044211]]]}}]}